project_id,approval_type,required_flag,applied_date,approved_date,status,approving_authority,days_taken,is_critical_path_approval
SIH26017-PRJ-000001,SIA Approval,True,2022-04-25,2022-07-19,Approved,District Collector,85.0,True
SIH26017-PRJ-000001,State Govt Approval,True,2022-05-06,2022-06-28,Approved,State Government,53.0,True
SIH26017-PRJ-000001,District Collector Approval,True,2022-04-20,2022-06-05,Approved,District Collector,46.0,False
SIH26017-PRJ-000001,Forest Clearance,True,2022-09-01,2023-08-28,Approved,State Forest Dept,361.0,True
SIH26017-PRJ-000001,Environmental Clearance,True,2022-09-05,,Rejected,State Environment Dept / MoEFCC,,True
SIH26017-PRJ-000002,SIA Approval,True,2015-11-26,2016-03-18,Approved,District Collector,113.0,True
SIH26017-PRJ-000002,State Govt Approval,True,2015-12-23,2016-02-25,Approved,State Government,64.0,True
SIH26017-PRJ-000002,District Collector Approval,True,2015-11-13,2015-12-11,Approved,District Collector,28.0,False
SIH26017-PRJ-000003,SIA Approval,True,2022-05-31,2022-09-26,Approved,District Collector,118.0,True
SIH26017-PRJ-000003,State Govt Approval,True,2022-05-31,2022-08-07,Approved,State Government,68.0,True
SIH26017-PRJ-000003,District Collector Approval,True,2022-05-29,2022-07-05,Approved,District Collector,37.0,False
SIH26017-PRJ-000003,Environmental Clearance,True,2022-07-16,2023-11-12,Approved,State Environment Dept / MoEFCC,484.0,True
SIH26017-PRJ-000004,SIA Approval,True,2022-12-30,2023-03-01,Approved,District Collector,61.0,True
SIH26017-PRJ-000004,State Govt Approval,True,2023-01-13,2023-03-09,Approved,State Government,55.0,True
SIH26017-PRJ-000004,District Collector Approval,True,2022-12-10,2023-01-27,Approved,District Collector,48.0,False
SIH26017-PRJ-000004,Environmental Clearance,True,2023-04-30,2024-03-30,Approved,State Environment Dept / MoEFCC,335.0,True
SIH26017-PRJ-000004,Ministry Approval,True,2023-02-14,2024-03-20,Approved,Concerned Central Ministry,400.0,False
SIH26017-PRJ-000005,SIA Approval,True,2020-06-24,2020-09-21,Approved,District Collector,89.0,True
SIH26017-PRJ-000005,State Govt Approval,True,2020-06-04,2020-10-03,Approved,State Government,121.0,True
SIH26017-PRJ-000005,District Collector Approval,True,2020-06-04,2020-07-29,Approved,District Collector,55.0,False
SIH26017-PRJ-000005,Environmental Clearance,True,2020-10-25,2021-08-26,Approved,State Environment Dept / MoEFCC,305.0,True
SIH26017-PRJ-000005,Ministry Approval,True,2020-09-16,2021-09-28,Approved,Concerned Central Ministry,377.0,False
SIH26017-PRJ-000006,SIA Approval,True,2019-11-16,2020-03-05,Approved,District Collector,110.0,True
SIH26017-PRJ-000006,State Govt Approval,True,2019-11-21,2020-01-17,Approved,State Government,57.0,True
SIH26017-PRJ-000006,District Collector Approval,True,2019-11-21,2019-12-15,Approved,District Collector,24.0,False
SIH26017-PRJ-000006,Environmental Clearance,True,2020-04-12,2020-11-19,Approved,State Environment Dept / MoEFCC,221.0,True
SIH26017-PRJ-000007,SIA Approval,True,2024-07-02,2024-10-27,Approved,District Collector,117.0,True
SIH26017-PRJ-000007,State Govt Approval,True,2024-06-26,2024-08-30,Approved,State Government,65.0,True
SIH26017-PRJ-000007,District Collector Approval,True,2024-06-15,2024-07-05,Approved,District Collector,20.0,False
SIH26017-PRJ-000007,Environmental Clearance,True,2024-11-02,2026-03-05,Approved,State Environment Dept / MoEFCC,488.0,True
SIH26017-PRJ-000007,Ministry Approval,True,2024-09-23,2025-01-25,Approved,Concerned Central Ministry,124.0,False
SIH26017-PRJ-000008,SIA Approval,True,2020-01-15,2020-05-01,Approved,District Collector,107.0,True
SIH26017-PRJ-000008,State Govt Approval,True,2020-01-28,2020-02-27,Approved,State Government,30.0,True
SIH26017-PRJ-000008,District Collector Approval,True,2020-01-30,2020-02-22,Approved,District Collector,23.0,False
SIH26017-PRJ-000009,SIA Approval,True,2024-04-11,2024-05-29,Approved,District Collector,48.0,True
SIH26017-PRJ-000009,State Govt Approval,True,2024-04-05,2024-06-13,Approved,State Government,69.0,True
SIH26017-PRJ-000009,District Collector Approval,True,2024-04-08,2024-05-19,Approved,District Collector,41.0,False
SIH26017-PRJ-000009,Environmental Clearance,True,2024-08-23,2025-02-13,Approved,State Environment Dept / MoEFCC,174.0,True
SIH26017-PRJ-000010,SIA Approval,True,2016-08-18,2016-11-05,Approved,District Collector,79.0,True
SIH26017-PRJ-000010,State Govt Approval,True,2016-09-14,2016-12-10,Approved,State Government,87.0,True
SIH26017-PRJ-000010,District Collector Approval,True,2016-09-01,2016-10-23,Approved,District Collector,52.0,False
SIH26017-PRJ-000010,Forest Clearance,True,2016-12-07,2017-10-30,Approved,State Forest Dept,327.0,True
SIH26017-PRJ-000010,Wildlife Clearance,True,2016-12-06,2017-12-20,Approved,State Forest Dept,379.0,False
SIH26017-PRJ-000010,Environmental Clearance,True,2017-01-06,2017-11-08,Approved,State Environment Dept / MoEFCC,306.0,True
SIH26017-PRJ-000010,Ministry Approval,True,2017-02-01,2017-07-08,Approved,Concerned Central Ministry,157.0,False
SIH26017-PRJ-000011,SIA Approval,True,2018-08-21,2018-12-19,Approved,District Collector,120.0,True
SIH26017-PRJ-000011,State Govt Approval,True,2018-10-11,2019-01-31,Approved,State Government,112.0,True
SIH26017-PRJ-000011,District Collector Approval,True,2018-08-18,2018-10-08,Approved,District Collector,51.0,False
SIH26017-PRJ-000011,Environmental Clearance,True,2018-11-06,2019-09-18,Approved,State Environment Dept / MoEFCC,316.0,True
SIH26017-PRJ-000012,SIA Approval,True,2016-10-20,2017-01-25,Approved,District Collector,97.0,True
SIH26017-PRJ-000012,State Govt Approval,True,2016-12-05,2017-01-27,Approved,State Government,53.0,True
SIH26017-PRJ-000012,District Collector Approval,True,2016-09-28,2016-12-11,Approved,District Collector,74.0,False
SIH26017-PRJ-000012,Forest Clearance,True,2017-01-27,2017-09-09,Approved,State Forest Dept,225.0,True
SIH26017-PRJ-000012,Wildlife Clearance,True,2017-04-06,2017-08-16,Approved,State Forest Dept,132.0,False
SIH26017-PRJ-000012,Environmental Clearance,True,2016-11-29,2017-03-15,Approved,State Environment Dept / MoEFCC,106.0,True
SIH26017-PRJ-000013,SIA Approval,True,2022-09-01,2022-11-10,Approved,District Collector,70.0,True
SIH26017-PRJ-000013,State Govt Approval,True,2022-10-07,2023-01-02,Approved,State Government,87.0,True
SIH26017-PRJ-000013,District Collector Approval,True,2022-09-19,2022-10-10,Approved,District Collector,21.0,False
SIH26017-PRJ-000013,Environmental Clearance,True,2023-01-22,2023-05-11,Approved,State Environment Dept / MoEFCC,109.0,True
SIH26017-PRJ-000014,SIA Approval,True,2021-05-02,2021-08-15,Approved,District Collector,105.0,True
SIH26017-PRJ-000014,State Govt Approval,True,2021-04-10,2021-06-07,Approved,State Government,58.0,True
SIH26017-PRJ-000014,District Collector Approval,True,2021-04-16,2021-06-07,Approved,District Collector,52.0,False
SIH26017-PRJ-000014,Environmental Clearance,True,2021-05-17,2022-10-10,Approved,State Environment Dept / MoEFCC,511.0,True
SIH26017-PRJ-000014,Ministry Approval,True,2021-09-17,2022-03-05,Approved,Concerned Central Ministry,169.0,False
SIH26017-PRJ-000015,SIA Approval,True,2020-12-05,2021-03-29,Approved,District Collector,114.0,True
SIH26017-PRJ-000015,State Govt Approval,True,2020-12-27,2021-02-15,Approved,State Government,50.0,True
SIH26017-PRJ-000015,District Collector Approval,True,2020-11-16,2021-01-04,Approved,District Collector,49.0,False
SIH26017-PRJ-000015,Forest Clearance,True,2021-04-26,2022-09-17,Approved,State Forest Dept,509.0,True
SIH26017-PRJ-000015,Environmental Clearance,True,2021-02-04,2021-11-15,Approved,State Environment Dept / MoEFCC,284.0,True
SIH26017-PRJ-000016,SIA Approval,True,2024-10-07,2024-12-09,Approved,District Collector,63.0,True
SIH26017-PRJ-000016,State Govt Approval,True,2024-10-07,2024-12-21,Approved,State Government,75.0,True
SIH26017-PRJ-000016,District Collector Approval,True,2024-10-13,2024-11-30,Approved,District Collector,48.0,False
SIH26017-PRJ-000016,Forest Clearance,True,2025-01-09,2025-06-20,Approved,State Forest Dept,162.0,True
SIH26017-PRJ-000016,Environmental Clearance,True,2025-02-05,2025-08-26,Approved,State Environment Dept / MoEFCC,202.0,True
SIH26017-PRJ-000017,SIA Approval,True,2022-11-28,2023-02-09,Approved,District Collector,73.0,True
SIH26017-PRJ-000017,State Govt Approval,True,2022-11-12,2023-02-12,Approved,State Government,92.0,True
SIH26017-PRJ-000017,District Collector Approval,True,2022-11-03,2022-11-29,Approved,District Collector,26.0,False
SIH26017-PRJ-000017,Environmental Clearance,True,2023-02-23,2023-09-07,Approved,State Environment Dept / MoEFCC,196.0,True
SIH26017-PRJ-000018,SIA Approval,True,2021-05-07,2021-10-04,Approved,District Collector,150.0,True
SIH26017-PRJ-000018,State Govt Approval,True,2021-06-24,2021-09-09,Approved,State Government,77.0,True
SIH26017-PRJ-000018,District Collector Approval,True,2021-05-14,2021-06-15,Approved,District Collector,32.0,False
SIH26017-PRJ-000018,Environmental Clearance,True,2021-06-25,2022-01-22,Approved,State Environment Dept / MoEFCC,211.0,True
SIH26017-PRJ-000019,SIA Approval,True,2016-11-15,2017-03-15,Approved,District Collector,120.0,True
SIH26017-PRJ-000019,State Govt Approval,True,2016-11-04,2017-03-11,Approved,State Government,127.0,True
SIH26017-PRJ-000019,District Collector Approval,True,2016-11-07,2016-12-07,Approved,District Collector,30.0,False
SIH26017-PRJ-000019,Forest Clearance,True,2017-02-15,,Rejected,State Forest Dept,,True
SIH26017-PRJ-000020,SIA Approval,True,2017-07-26,2017-10-02,Approved,District Collector,68.0,True
SIH26017-PRJ-000020,State Govt Approval,True,2017-08-26,2017-11-02,Approved,State Government,68.0,True
SIH26017-PRJ-000020,District Collector Approval,True,2017-07-31,2017-09-08,Approved,District Collector,39.0,False
SIH26017-PRJ-000020,Environmental Clearance,True,2017-10-02,2018-06-07,Approved,State Environment Dept / MoEFCC,248.0,True
SIH26017-PRJ-000021,SIA Approval,True,2018-02-26,2018-05-31,Approved,District Collector,94.0,True
SIH26017-PRJ-000021,State Govt Approval,True,2018-03-10,2018-05-20,Approved,State Government,71.0,True
SIH26017-PRJ-000021,District Collector Approval,True,2018-02-22,2018-03-23,Approved,District Collector,29.0,False
SIH26017-PRJ-000021,Environmental Clearance,True,2018-05-16,2019-03-18,Approved,State Environment Dept / MoEFCC,306.0,True
SIH26017-PRJ-000022,SIA Approval,True,2015-02-23,2015-05-31,Approved,District Collector,97.0,True
SIH26017-PRJ-000022,State Govt Approval,True,2015-03-27,2015-06-04,Approved,State Government,69.0,True
SIH26017-PRJ-000022,District Collector Approval,True,2015-02-10,2015-03-17,Approved,District Collector,35.0,False
SIH26017-PRJ-000022,Environmental Clearance,True,2015-04-27,2016-05-28,Approved,State Environment Dept / MoEFCC,397.0,True
SIH26017-PRJ-000022,Ministry Approval,True,2015-05-28,2016-01-11,Approved,Concerned Central Ministry,228.0,False
SIH26017-PRJ-000023,SIA Approval,True,2024-02-13,2024-08-17,Approved,District Collector,186.0,True
SIH26017-PRJ-000023,State Govt Approval,True,2024-03-15,2024-07-28,Approved,State Government,135.0,True
SIH26017-PRJ-000023,District Collector Approval,True,2024-02-11,2024-03-07,Approved,District Collector,25.0,False
SIH26017-PRJ-000023,Forest Clearance,True,2024-06-21,2025-01-11,Approved,State Forest Dept,204.0,True
SIH26017-PRJ-000023,Environmental Clearance,True,2024-06-01,2024-11-25,Approved,State Environment Dept / MoEFCC,177.0,True
SIH26017-PRJ-000024,SIA Approval,True,2017-07-03,2017-10-19,Approved,District Collector,108.0,True
SIH26017-PRJ-000024,State Govt Approval,True,2017-08-29,2017-10-30,Approved,State Government,62.0,True
SIH26017-PRJ-000024,District Collector Approval,True,2017-07-15,2017-08-16,Approved,District Collector,32.0,False
SIH26017-PRJ-000024,Environmental Clearance,True,2017-08-31,2018-10-25,Approved,State Environment Dept / MoEFCC,420.0,True
SIH26017-PRJ-000025,SIA Approval,True,2022-05-15,2022-09-22,Approved,District Collector,130.0,True
SIH26017-PRJ-000025,State Govt Approval,True,2022-04-30,2022-07-16,Approved,State Government,77.0,True
SIH26017-PRJ-000025,District Collector Approval,True,2022-04-07,2022-06-04,Approved,District Collector,58.0,False
SIH26017-PRJ-000025,Environmental Clearance,True,2022-09-03,2023-03-01,Approved,State Environment Dept / MoEFCC,179.0,True
SIH26017-PRJ-000025,Ministry Approval,True,2022-09-21,2023-07-18,Approved,Concerned Central Ministry,300.0,False
SIH26017-PRJ-000026,SIA Approval,True,2018-07-29,2018-12-01,Approved,District Collector,125.0,True
SIH26017-PRJ-000026,State Govt Approval,True,2018-08-27,2018-10-05,Approved,State Government,39.0,True
SIH26017-PRJ-000026,District Collector Approval,True,2018-07-07,2018-08-24,Approved,District Collector,48.0,False
SIH26017-PRJ-000027,SIA Approval,True,2018-02-27,2018-06-08,Approved,District Collector,101.0,True
SIH26017-PRJ-000027,State Govt Approval,True,2018-02-03,2018-04-07,Approved,State Government,63.0,True
SIH26017-PRJ-000027,District Collector Approval,True,2018-01-26,,Rejected,District Collector,,False
SIH26017-PRJ-000027,Environmental Clearance,True,2018-04-04,2018-10-23,Approved,State Environment Dept / MoEFCC,202.0,True
SIH26017-PRJ-000027,Ministry Approval,True,2018-07-20,2018-11-15,Approved,Concerned Central Ministry,118.0,False
SIH26017-PRJ-000028,SIA Approval,True,2015-11-22,2016-03-03,Approved,District Collector,102.0,True
SIH26017-PRJ-000028,State Govt Approval,True,2016-01-01,2016-05-31,Approved,State Government,151.0,True
SIH26017-PRJ-000028,District Collector Approval,True,2015-11-04,2015-11-25,Approved,District Collector,21.0,False
SIH26017-PRJ-000028,Environmental Clearance,True,2016-02-02,2016-08-24,Approved,State Environment Dept / MoEFCC,204.0,True
SIH26017-PRJ-000029,SIA Approval,True,2022-11-13,2023-02-24,Approved,District Collector,103.0,True
SIH26017-PRJ-000029,State Govt Approval,True,2022-11-16,2023-01-19,Approved,State Government,64.0,True
SIH26017-PRJ-000029,District Collector Approval,True,2022-11-15,2022-12-05,Approved,District Collector,20.0,False
SIH26017-PRJ-000029,Environmental Clearance,True,2023-01-02,2023-12-05,Approved,State Environment Dept / MoEFCC,337.0,True
SIH26017-PRJ-000030,SIA Approval,True,2022-12-12,2023-03-23,Approved,District Collector,101.0,True
SIH26017-PRJ-000030,State Govt Approval,True,2022-12-07,2023-03-27,Approved,State Government,110.0,True
SIH26017-PRJ-000030,District Collector Approval,True,2022-12-28,2023-01-24,Approved,District Collector,27.0,False
SIH26017-PRJ-000030,Environmental Clearance,True,2023-03-29,2024-01-17,Approved,State Environment Dept / MoEFCC,294.0,True
SIH26017-PRJ-000031,SIA Approval,True,2019-01-01,2019-04-27,Approved,District Collector,116.0,True
SIH26017-PRJ-000031,State Govt Approval,True,2019-01-14,2019-04-10,Approved,State Government,86.0,True
SIH26017-PRJ-000031,District Collector Approval,True,2018-12-26,2019-01-27,Approved,District Collector,32.0,False
SIH26017-PRJ-000031,Forest Clearance,True,2019-03-19,2019-08-12,Approved,State Forest Dept,146.0,True
SIH26017-PRJ-000031,Wildlife Clearance,True,2019-03-04,2020-01-17,Approved,State Forest Dept,319.0,False
SIH26017-PRJ-000031,Environmental Clearance,True,2019-02-22,2019-08-10,Approved,State Environment Dept / MoEFCC,169.0,True
SIH26017-PRJ-000032,SIA Approval,True,2015-06-21,2015-10-09,Approved,District Collector,110.0,True
SIH26017-PRJ-000032,State Govt Approval,True,2015-07-05,2015-09-17,Approved,State Government,74.0,True
SIH26017-PRJ-000032,District Collector Approval,True,2015-06-15,2015-07-30,Approved,District Collector,45.0,False
SIH26017-PRJ-000033,SIA Approval,True,2022-07-29,2022-10-22,Approved,District Collector,85.0,True
SIH26017-PRJ-000033,State Govt Approval,True,2022-08-28,2022-12-12,Approved,State Government,106.0,True
SIH26017-PRJ-000033,District Collector Approval,True,2022-08-01,2022-08-23,Approved,District Collector,22.0,False
SIH26017-PRJ-000033,Forest Clearance,True,2022-10-04,2023-09-07,Approved,State Forest Dept,338.0,True
SIH26017-PRJ-000033,Environmental Clearance,True,2022-09-29,2023-05-10,Approved,State Environment Dept / MoEFCC,223.0,True
SIH26017-PRJ-000033,Ministry Approval,True,2022-11-02,2023-05-05,Approved,Concerned Central Ministry,184.0,False
SIH26017-PRJ-000034,SIA Approval,True,2021-10-07,2022-01-06,Approved,District Collector,91.0,True
SIH26017-PRJ-000034,State Govt Approval,True,2021-10-16,2021-12-31,Approved,State Government,76.0,True
SIH26017-PRJ-000034,District Collector Approval,True,2021-10-14,2021-11-27,Approved,District Collector,44.0,False
SIH26017-PRJ-000034,Environmental Clearance,True,2021-12-10,2023-04-29,Approved,State Environment Dept / MoEFCC,505.0,True
SIH26017-PRJ-000035,SIA Approval,True,2018-02-28,2018-06-15,Approved,District Collector,107.0,True
SIH26017-PRJ-000035,State Govt Approval,True,2018-02-03,2018-03-14,Approved,State Government,39.0,True
SIH26017-PRJ-000035,District Collector Approval,True,2018-02-11,2018-03-28,Approved,District Collector,45.0,False
SIH26017-PRJ-000035,Environmental Clearance,True,2018-04-17,2018-12-28,Approved,State Environment Dept / MoEFCC,255.0,True
SIH26017-PRJ-000036,SIA Approval,True,2017-03-09,2017-08-24,Approved,District Collector,168.0,True
SIH26017-PRJ-000036,State Govt Approval,True,2017-02-27,2017-05-28,Approved,State Government,90.0,True
SIH26017-PRJ-000036,District Collector Approval,True,2017-01-26,2017-02-28,Approved,District Collector,33.0,False
SIH26017-PRJ-000036,Forest Clearance,True,2017-05-02,2017-10-14,Approved,State Forest Dept,165.0,True
SIH26017-PRJ-000036,Wildlife Clearance,True,2017-07-03,2018-02-01,Approved,State Forest Dept,213.0,False
SIH26017-PRJ-000036,Environmental Clearance,True,2017-04-07,2017-11-06,Approved,State Environment Dept / MoEFCC,213.0,True
SIH26017-PRJ-000037,SIA Approval,True,2023-02-05,2023-05-04,Approved,District Collector,88.0,True
SIH26017-PRJ-000037,State Govt Approval,True,2023-03-16,2023-05-18,Approved,State Government,63.0,True
SIH26017-PRJ-000037,District Collector Approval,True,2023-01-12,2023-02-10,Approved,District Collector,29.0,False
SIH26017-PRJ-000037,Environmental Clearance,True,2023-05-13,2024-01-27,Approved,State Environment Dept / MoEFCC,259.0,True
SIH26017-PRJ-000037,Ministry Approval,True,2023-05-11,2023-11-20,Approved,Concerned Central Ministry,193.0,False
SIH26017-PRJ-000038,SIA Approval,True,2021-12-09,2022-03-20,Approved,District Collector,101.0,True
SIH26017-PRJ-000038,State Govt Approval,True,2022-02-10,2022-04-18,Approved,State Government,67.0,True
SIH26017-PRJ-000038,District Collector Approval,True,2021-12-28,2022-02-26,Approved,District Collector,60.0,False
SIH26017-PRJ-000038,Environmental Clearance,True,2022-03-22,2023-08-15,Approved,State Environment Dept / MoEFCC,511.0,True
SIH26017-PRJ-000038,Ministry Approval,True,2022-05-24,2022-10-29,Approved,Concerned Central Ministry,158.0,False
SIH26017-PRJ-000039,SIA Approval,True,2024-10-28,2025-02-14,Approved,District Collector,109.0,True
SIH26017-PRJ-000039,State Govt Approval,True,2024-10-19,2024-12-05,Approved,State Government,47.0,True
SIH26017-PRJ-000039,District Collector Approval,True,2024-10-26,2024-11-22,Approved,District Collector,27.0,False
SIH26017-PRJ-000039,Forest Clearance,True,2025-03-04,2025-12-29,Approved,State Forest Dept,300.0,True
SIH26017-PRJ-000039,Environmental Clearance,True,2024-12-11,2026-01-22,Approved,State Environment Dept / MoEFCC,407.0,True
SIH26017-PRJ-000039,Defence NOC,True,2024-11-24,2025-05-08,Approved,Ministry of Defence,165.0,False
SIH26017-PRJ-000040,SIA Approval,True,2018-08-01,2018-10-31,Approved,District Collector,91.0,True
SIH26017-PRJ-000040,State Govt Approval,True,2018-07-31,2018-11-15,Approved,State Government,107.0,True
SIH26017-PRJ-000040,District Collector Approval,True,2018-07-30,2018-08-29,Approved,District Collector,30.0,False
SIH26017-PRJ-000040,Environmental Clearance,True,2018-12-11,2019-04-05,Approved,State Environment Dept / MoEFCC,115.0,True
SIH26017-PRJ-000040,Ministry Approval,True,2018-12-13,2019-05-30,Approved,Concerned Central Ministry,168.0,False
SIH26017-PRJ-000041,SIA Approval,True,2019-07-16,2019-09-21,Approved,District Collector,67.0,True
SIH26017-PRJ-000041,State Govt Approval,True,2019-08-15,2019-10-09,Approved,State Government,55.0,True
SIH26017-PRJ-000041,District Collector Approval,True,2019-07-30,2019-08-28,Approved,District Collector,29.0,False
SIH26017-PRJ-000041,Environmental Clearance,True,2019-11-10,2020-07-31,Approved,State Environment Dept / MoEFCC,264.0,True
SIH26017-PRJ-000042,SIA Approval,True,2018-05-31,2018-08-13,Approved,District Collector,74.0,True
SIH26017-PRJ-000042,State Govt Approval,True,2018-06-28,2018-10-04,Approved,State Government,98.0,True
SIH26017-PRJ-000042,District Collector Approval,True,2018-06-03,2018-07-05,Approved,District Collector,32.0,False
SIH26017-PRJ-000043,SIA Approval,True,2019-06-20,2019-07-24,Approved,District Collector,34.0,True
SIH26017-PRJ-000043,State Govt Approval,True,2019-08-26,2019-10-27,Approved,State Government,62.0,True
SIH26017-PRJ-000043,District Collector Approval,True,2019-06-30,2019-07-31,Approved,District Collector,31.0,False
SIH26017-PRJ-000043,Environmental Clearance,True,2019-08-21,2020-03-27,Approved,State Environment Dept / MoEFCC,219.0,True
SIH26017-PRJ-000043,Ministry Approval,True,2019-11-27,2020-12-15,Approved,Concerned Central Ministry,384.0,False
SIH26017-PRJ-000044,SIA Approval,True,2018-12-24,2019-02-16,Approved,District Collector,54.0,True
SIH26017-PRJ-000044,State Govt Approval,True,2019-01-08,2019-04-04,Approved,State Government,86.0,True
SIH26017-PRJ-000044,District Collector Approval,True,2018-12-09,2018-12-23,Approved,District Collector,14.0,False
SIH26017-PRJ-000044,Environmental Clearance,True,2019-01-29,2019-05-18,Approved,State Environment Dept / MoEFCC,109.0,True
SIH26017-PRJ-000045,SIA Approval,True,2017-02-20,2017-06-26,Approved,District Collector,126.0,True
SIH26017-PRJ-000045,State Govt Approval,True,2017-02-20,2017-06-28,Approved,State Government,128.0,True
SIH26017-PRJ-000045,District Collector Approval,True,2017-01-12,2017-02-09,Approved,District Collector,28.0,False
SIH26017-PRJ-000045,Environmental Clearance,True,2017-05-04,2018-03-12,Approved,State Environment Dept / MoEFCC,312.0,True
SIH26017-PRJ-000045,Ministry Approval,True,2017-04-10,2017-09-02,Approved,Concerned Central Ministry,145.0,False
SIH26017-PRJ-000046,SIA Approval,True,2023-06-26,2023-08-18,Approved,District Collector,53.0,True
SIH26017-PRJ-000046,State Govt Approval,True,2023-07-07,2023-08-16,Approved,State Government,40.0,True
SIH26017-PRJ-000046,District Collector Approval,True,2023-06-10,2023-07-07,Approved,District Collector,27.0,False
SIH26017-PRJ-000046,Environmental Clearance,True,2023-10-22,2024-02-17,Approved,State Environment Dept / MoEFCC,118.0,True
SIH26017-PRJ-000046,Ministry Approval,True,2023-09-08,2024-01-11,Approved,Concerned Central Ministry,125.0,False
SIH26017-PRJ-000046,Defence NOC,True,2023-09-20,2024-04-10,Approved,Ministry of Defence,203.0,False
SIH26017-PRJ-000047,SIA Approval,True,2018-06-29,2018-10-19,Approved,District Collector,112.0,True
SIH26017-PRJ-000047,State Govt Approval,True,2018-08-09,2018-10-22,Approved,State Government,74.0,True
SIH26017-PRJ-000047,District Collector Approval,True,2018-05-26,2018-07-05,Approved,District Collector,40.0,False
SIH26017-PRJ-000047,Environmental Clearance,True,2018-08-17,2018-12-31,Approved,State Environment Dept / MoEFCC,136.0,True
SIH26017-PRJ-000048,SIA Approval,True,2022-05-13,2022-08-23,Approved,District Collector,102.0,True
SIH26017-PRJ-000048,State Govt Approval,True,2022-05-04,2022-07-18,Approved,State Government,75.0,True
SIH26017-PRJ-000048,District Collector Approval,True,2022-04-14,2022-05-25,Approved,District Collector,41.0,False
SIH26017-PRJ-000048,Environmental Clearance,True,2022-08-02,2023-03-22,Approved,State Environment Dept / MoEFCC,232.0,True
SIH26017-PRJ-000049,SIA Approval,True,2015-01-30,2015-04-18,Approved,District Collector,78.0,True
SIH26017-PRJ-000049,State Govt Approval,True,2015-03-12,2015-05-06,Approved,State Government,55.0,True
SIH26017-PRJ-000049,District Collector Approval,True,2015-02-14,2015-04-02,Approved,District Collector,47.0,False
SIH26017-PRJ-000049,Forest Clearance,True,2015-05-11,2016-02-14,Approved,State Forest Dept,279.0,True
SIH26017-PRJ-000049,Environmental Clearance,True,2015-03-21,2015-08-06,Approved,State Environment Dept / MoEFCC,138.0,True
SIH26017-PRJ-000050,SIA Approval,True,2016-12-26,2017-04-04,Approved,District Collector,99.0,True
SIH26017-PRJ-000050,State Govt Approval,True,2016-12-21,2017-02-16,Approved,State Government,57.0,True
SIH26017-PRJ-000050,District Collector Approval,True,2016-12-11,2017-01-19,Approved,District Collector,39.0,False
SIH26017-PRJ-000050,Forest Clearance,True,2017-05-01,2017-12-02,Approved,State Forest Dept,215.0,True
SIH26017-PRJ-000050,Wildlife Clearance,True,2017-04-04,2017-11-30,Approved,State Forest Dept,240.0,False
SIH26017-PRJ-000050,Environmental Clearance,True,2017-05-09,2018-03-22,Approved,State Environment Dept / MoEFCC,317.0,True
SIH26017-PRJ-000050,Ministry Approval,True,2017-05-14,2018-04-08,Approved,Concerned Central Ministry,329.0,False
SIH26017-PRJ-000051,SIA Approval,True,2022-08-15,2022-11-10,Approved,District Collector,87.0,True
SIH26017-PRJ-000051,State Govt Approval,True,2022-09-07,2022-11-06,Approved,State Government,60.0,True
SIH26017-PRJ-000051,District Collector Approval,True,2022-08-03,2022-09-04,Approved,District Collector,32.0,False
SIH26017-PRJ-000051,Environmental Clearance,True,2022-11-01,2023-05-03,Approved,State Environment Dept / MoEFCC,183.0,True
SIH26017-PRJ-000051,Ministry Approval,True,2022-12-31,2023-07-07,Approved,Concerned Central Ministry,188.0,False
SIH26017-PRJ-000052,SIA Approval,True,2023-01-18,2023-06-29,Approved,District Collector,162.0,True
SIH26017-PRJ-000052,State Govt Approval,True,2023-01-30,2023-03-27,Approved,State Government,56.0,True
SIH26017-PRJ-000052,District Collector Approval,True,2023-02-10,2023-03-17,Approved,District Collector,35.0,False
SIH26017-PRJ-000052,Environmental Clearance,True,2023-04-05,2023-11-18,Approved,State Environment Dept / MoEFCC,227.0,True
SIH26017-PRJ-000053,SIA Approval,True,2018-01-13,2018-03-30,Approved,District Collector,76.0,True
SIH26017-PRJ-000053,State Govt Approval,True,2017-12-21,2018-02-18,Approved,State Government,59.0,True
SIH26017-PRJ-000053,District Collector Approval,True,2017-12-19,2018-01-29,Approved,District Collector,41.0,False
SIH26017-PRJ-000053,Environmental Clearance,True,2018-02-19,,Rejected,State Environment Dept / MoEFCC,,True
SIH26017-PRJ-000053,Ministry Approval,True,2018-03-09,2018-09-17,Approved,Concerned Central Ministry,192.0,False
SIH26017-PRJ-000053,Defence NOC,True,2018-04-13,2018-08-25,Approved,Ministry of Defence,134.0,False
SIH26017-PRJ-000054,SIA Approval,True,2016-06-14,2016-08-21,Approved,District Collector,68.0,True
SIH26017-PRJ-000054,State Govt Approval,True,2016-07-02,2016-11-19,Approved,State Government,140.0,True
SIH26017-PRJ-000054,District Collector Approval,True,2016-06-07,2016-07-20,Approved,District Collector,43.0,False
SIH26017-PRJ-000054,Environmental Clearance,True,2016-07-28,2017-01-13,Approved,State Environment Dept / MoEFCC,169.0,True
SIH26017-PRJ-000055,SIA Approval,True,2022-01-27,2022-04-08,Approved,District Collector,71.0,True
SIH26017-PRJ-000055,State Govt Approval,True,2022-01-17,2022-03-16,Approved,State Government,58.0,True
SIH26017-PRJ-000055,District Collector Approval,True,2021-12-27,2022-01-30,Approved,District Collector,34.0,False
SIH26017-PRJ-000055,Environmental Clearance,True,2022-03-26,2022-08-15,Approved,State Environment Dept / MoEFCC,142.0,True
SIH26017-PRJ-000056,SIA Approval,True,2019-12-06,2020-04-20,Approved,District Collector,136.0,True
SIH26017-PRJ-000056,State Govt Approval,True,2020-01-23,2020-03-15,Approved,State Government,52.0,True
SIH26017-PRJ-000056,District Collector Approval,True,2019-11-14,2019-12-22,Approved,District Collector,38.0,False
SIH26017-PRJ-000056,Environmental Clearance,True,2020-02-17,2021-02-03,Approved,State Environment Dept / MoEFCC,352.0,True
SIH26017-PRJ-000056,Defence NOC,True,2020-01-10,2020-07-23,Approved,Ministry of Defence,195.0,False
SIH26017-PRJ-000057,SIA Approval,True,2020-09-21,2021-02-06,Approved,District Collector,138.0,True
SIH26017-PRJ-000057,State Govt Approval,True,2020-09-10,2020-12-10,Approved,State Government,91.0,True
SIH26017-PRJ-000057,District Collector Approval,True,2020-08-26,2020-09-22,Approved,District Collector,27.0,False
SIH26017-PRJ-000057,Environmental Clearance,True,2020-12-27,2022-03-10,Approved,State Environment Dept / MoEFCC,438.0,True
SIH26017-PRJ-000058,SIA Approval,True,2023-06-24,2023-08-24,Approved,District Collector,61.0,True
SIH26017-PRJ-000058,State Govt Approval,True,2023-06-02,2023-08-19,Approved,State Government,78.0,True
SIH26017-PRJ-000058,District Collector Approval,True,2023-05-11,2023-06-09,Approved,District Collector,29.0,False
SIH26017-PRJ-000058,Forest Clearance,True,2023-10-01,2024-05-23,Approved,State Forest Dept,235.0,True
SIH26017-PRJ-000058,Environmental Clearance,True,2023-09-20,2024-05-27,Approved,State Environment Dept / MoEFCC,250.0,True
SIH26017-PRJ-000058,Defence NOC,True,2023-06-30,2023-09-16,Approved,Ministry of Defence,78.0,False
SIH26017-PRJ-000059,SIA Approval,True,2018-10-10,2018-12-29,Approved,District Collector,80.0,True
SIH26017-PRJ-000059,State Govt Approval,True,2018-11-27,2019-01-28,Approved,State Government,62.0,True
SIH26017-PRJ-000059,District Collector Approval,True,2018-10-29,2018-11-25,Approved,District Collector,27.0,False
SIH26017-PRJ-000060,SIA Approval,True,2024-04-25,2024-07-12,Approved,District Collector,78.0,True
SIH26017-PRJ-000060,State Govt Approval,True,2024-05-01,2024-07-24,Approved,State Government,84.0,True
SIH26017-PRJ-000060,District Collector Approval,True,2024-04-27,2024-05-28,Approved,District Collector,31.0,False
SIH26017-PRJ-000060,Environmental Clearance,True,2024-08-21,2025-07-18,Approved,State Environment Dept / MoEFCC,331.0,True
SIH26017-PRJ-000061,SIA Approval,True,2022-08-23,2022-11-25,Approved,District Collector,94.0,True
SIH26017-PRJ-000061,State Govt Approval,True,2022-09-30,,Rejected,State Government,,True
SIH26017-PRJ-000061,District Collector Approval,True,2022-08-12,2022-09-10,Approved,District Collector,29.0,False
SIH26017-PRJ-000061,Forest Clearance,True,2022-09-14,2024-02-15,Approved,State Forest Dept,519.0,True
SIH26017-PRJ-000061,Environmental Clearance,True,2023-01-07,,Rejected,State Environment Dept / MoEFCC,,True
SIH26017-PRJ-000062,SIA Approval,True,2020-10-15,2020-12-28,Approved,District Collector,74.0,True
SIH26017-PRJ-000062,State Govt Approval,True,2020-10-30,2021-01-17,Approved,State Government,79.0,True
SIH26017-PRJ-000062,District Collector Approval,True,2020-09-25,2020-10-09,Approved,District Collector,14.0,False
SIH26017-PRJ-000062,Environmental Clearance,True,2020-11-28,2021-08-16,Approved,State Environment Dept / MoEFCC,261.0,True
SIH26017-PRJ-000062,Ministry Approval,True,2021-03-03,2021-11-22,Approved,Concerned Central Ministry,264.0,False
SIH26017-PRJ-000063,SIA Approval,True,2021-02-03,2021-04-28,Approved,District Collector,84.0,True
SIH26017-PRJ-000063,State Govt Approval,True,2021-02-17,2021-04-03,Approved,State Government,45.0,True
SIH26017-PRJ-000063,District Collector Approval,True,2020-12-29,2021-01-31,Approved,District Collector,33.0,False
SIH26017-PRJ-000063,Environmental Clearance,True,2021-06-06,2022-03-15,Approved,State Environment Dept / MoEFCC,282.0,True
SIH26017-PRJ-000064,SIA Approval,True,2019-04-01,2019-07-29,Approved,District Collector,119.0,True
SIH26017-PRJ-000064,State Govt Approval,True,2019-04-14,2019-06-14,Approved,State Government,61.0,True
SIH26017-PRJ-000064,District Collector Approval,True,2019-03-12,2019-04-29,Approved,District Collector,48.0,False
SIH26017-PRJ-000064,Forest Clearance,True,2019-05-12,2020-01-31,Approved,State Forest Dept,264.0,True
SIH26017-PRJ-000064,Wildlife Clearance,True,2019-06-27,2020-05-09,Approved,State Forest Dept,317.0,False
SIH26017-PRJ-000064,Environmental Clearance,True,2019-07-25,2019-12-21,Approved,State Environment Dept / MoEFCC,149.0,True
SIH26017-PRJ-000065,SIA Approval,True,2021-05-21,2021-08-21,Approved,District Collector,92.0,True
SIH26017-PRJ-000065,State Govt Approval,True,2021-06-13,2021-08-04,Approved,State Government,52.0,True
SIH26017-PRJ-000065,District Collector Approval,True,2021-04-19,2021-05-26,Approved,District Collector,37.0,False
SIH26017-PRJ-000065,Forest Clearance,True,2021-07-20,2022-01-19,Approved,State Forest Dept,183.0,True
SIH26017-PRJ-000065,Wildlife Clearance,True,2021-08-12,2022-06-26,Approved,State Forest Dept,318.0,False
SIH26017-PRJ-000065,Environmental Clearance,True,2021-09-14,2022-10-28,Approved,State Environment Dept / MoEFCC,409.0,True
SIH26017-PRJ-000065,Ministry Approval,True,2021-08-23,2022-06-04,Approved,Concerned Central Ministry,285.0,False
SIH26017-PRJ-000066,SIA Approval,True,2023-10-03,2023-12-02,Approved,District Collector,60.0,True
SIH26017-PRJ-000066,State Govt Approval,True,2023-11-05,2023-12-29,Approved,State Government,54.0,True
SIH26017-PRJ-000066,District Collector Approval,True,2023-09-16,2023-10-09,Approved,District Collector,23.0,False
SIH26017-PRJ-000066,Environmental Clearance,True,2024-01-18,2024-06-04,Approved,State Environment Dept / MoEFCC,138.0,True
SIH26017-PRJ-000067,SIA Approval,True,2017-02-21,2017-04-28,Approved,District Collector,66.0,True
SIH26017-PRJ-000067,State Govt Approval,True,2017-03-23,2017-06-08,Approved,State Government,77.0,True
SIH26017-PRJ-000067,District Collector Approval,True,2017-02-11,2017-03-20,Approved,District Collector,37.0,False
SIH26017-PRJ-000067,Forest Clearance,True,2017-04-04,2017-10-10,Approved,State Forest Dept,189.0,True
SIH26017-PRJ-000067,Environmental Clearance,True,2017-05-21,2017-11-27,Approved,State Environment Dept / MoEFCC,190.0,True
SIH26017-PRJ-000068,SIA Approval,True,2018-01-12,2018-03-23,Approved,District Collector,70.0,True
SIH26017-PRJ-000068,State Govt Approval,True,2018-01-22,2018-02-26,Approved,State Government,35.0,True
SIH26017-PRJ-000068,District Collector Approval,True,2017-12-03,2017-12-22,Approved,District Collector,19.0,False
SIH26017-PRJ-000068,Environmental Clearance,True,2018-02-21,2018-11-09,Approved,State Environment Dept / MoEFCC,261.0,True
SIH26017-PRJ-000069,SIA Approval,True,2016-11-06,2017-02-26,Approved,District Collector,112.0,True
SIH26017-PRJ-000069,State Govt Approval,True,2016-12-15,2017-02-09,Approved,State Government,56.0,True
SIH26017-PRJ-000069,District Collector Approval,True,2016-11-15,2016-12-23,Approved,District Collector,38.0,False
SIH26017-PRJ-000069,Environmental Clearance,True,2017-01-10,2017-10-17,Approved,State Environment Dept / MoEFCC,280.0,True
SIH26017-PRJ-000069,Ministry Approval,True,2017-02-11,2017-08-24,Approved,Concerned Central Ministry,194.0,False
SIH26017-PRJ-000070,SIA Approval,True,2023-07-20,2023-09-09,Approved,District Collector,51.0,True
SIH26017-PRJ-000070,State Govt Approval,True,2023-08-02,2023-09-24,Approved,State Government,53.0,True
SIH26017-PRJ-000070,District Collector Approval,True,2023-07-14,2023-08-12,Approved,District Collector,29.0,False
SIH26017-PRJ-000070,Environmental Clearance,True,2023-10-06,2024-04-30,Approved,State Environment Dept / MoEFCC,207.0,True
SIH26017-PRJ-000070,Ministry Approval,True,2023-09-18,2024-02-15,Approved,Concerned Central Ministry,150.0,False
SIH26017-PRJ-000071,SIA Approval,True,2018-05-10,2018-08-18,Approved,District Collector,100.0,True
SIH26017-PRJ-000071,State Govt Approval,True,2018-06-23,2018-08-22,Approved,State Government,60.0,True
SIH26017-PRJ-000071,District Collector Approval,True,2018-04-22,2018-06-03,Approved,District Collector,42.0,False
SIH26017-PRJ-000071,Environmental Clearance,True,2018-08-08,2019-08-31,Approved,State Environment Dept / MoEFCC,388.0,True
SIH26017-PRJ-000071,Ministry Approval,True,2018-07-29,2019-02-06,Approved,Concerned Central Ministry,192.0,False
SIH26017-PRJ-000072,SIA Approval,True,2024-10-25,,Rejected,District Collector,,True
SIH26017-PRJ-000072,State Govt Approval,True,2024-10-24,2025-02-14,Approved,State Government,113.0,True
SIH26017-PRJ-000072,District Collector Approval,True,2024-09-28,2024-11-25,Approved,District Collector,58.0,False
SIH26017-PRJ-000073,SIA Approval,True,2023-04-03,2023-05-31,Approved,District Collector,58.0,True
SIH26017-PRJ-000073,State Govt Approval,True,2023-04-09,2023-06-30,Approved,State Government,82.0,True
SIH26017-PRJ-000073,District Collector Approval,True,2023-03-24,2023-04-20,Approved,District Collector,27.0,False
SIH26017-PRJ-000073,Environmental Clearance,True,2023-05-07,2023-10-25,Approved,State Environment Dept / MoEFCC,171.0,True
SIH26017-PRJ-000074,SIA Approval,True,2016-01-17,2016-03-08,Approved,District Collector,51.0,True
SIH26017-PRJ-000074,State Govt Approval,True,2016-01-16,2016-03-23,Approved,State Government,67.0,True
SIH26017-PRJ-000074,District Collector Approval,True,2015-12-14,2016-01-29,Approved,District Collector,46.0,False
SIH26017-PRJ-000074,Forest Clearance,True,2016-02-08,2016-12-15,Approved,State Forest Dept,311.0,True
SIH26017-PRJ-000074,Environmental Clearance,True,2016-04-02,2017-07-16,Approved,State Environment Dept / MoEFCC,470.0,True
SIH26017-PRJ-000075,SIA Approval,True,2019-07-22,2019-12-14,Approved,District Collector,145.0,True
SIH26017-PRJ-000075,State Govt Approval,True,2019-07-16,2019-09-23,Approved,State Government,69.0,True
SIH26017-PRJ-000075,District Collector Approval,True,2019-06-19,2019-07-24,Approved,District Collector,35.0,False
SIH26017-PRJ-000075,Environmental Clearance,True,2019-08-14,2020-01-12,Approved,State Environment Dept / MoEFCC,151.0,True
SIH26017-PRJ-000075,Defence NOC,True,2019-09-10,2019-12-09,Approved,Ministry of Defence,90.0,False
SIH26017-PRJ-000076,SIA Approval,True,2019-12-29,2020-03-09,Approved,District Collector,71.0,True
SIH26017-PRJ-000076,State Govt Approval,True,2020-02-07,2020-03-22,Approved,State Government,44.0,True
SIH26017-PRJ-000076,District Collector Approval,True,2020-01-09,2020-02-08,Approved,District Collector,30.0,False
SIH26017-PRJ-000076,Environmental Clearance,True,2020-05-11,2021-04-02,Approved,State Environment Dept / MoEFCC,326.0,True
SIH26017-PRJ-000076,Ministry Approval,True,2020-03-15,2020-06-27,Approved,Concerned Central Ministry,104.0,False
SIH26017-PRJ-000077,SIA Approval,True,2015-08-08,2016-02-18,Approved,District Collector,194.0,True
SIH26017-PRJ-000077,State Govt Approval,True,2015-07-18,2015-09-13,Approved,State Government,57.0,True
SIH26017-PRJ-000077,District Collector Approval,True,2015-07-11,2015-08-05,Approved,District Collector,25.0,False
SIH26017-PRJ-000077,Environmental Clearance,True,2015-12-05,2016-07-01,Approved,State Environment Dept / MoEFCC,209.0,True
SIH26017-PRJ-000078,SIA Approval,True,2022-09-18,2023-01-31,Approved,District Collector,135.0,True
SIH26017-PRJ-000078,State Govt Approval,True,2022-09-20,2022-12-23,Approved,State Government,94.0,True
SIH26017-PRJ-000078,District Collector Approval,True,2022-10-09,2022-11-10,Approved,District Collector,32.0,False
SIH26017-PRJ-000078,Forest Clearance,True,2023-02-06,2023-09-15,Approved,State Forest Dept,221.0,True
SIH26017-PRJ-000078,Environmental Clearance,True,2023-01-21,2023-11-16,Approved,State Environment Dept / MoEFCC,299.0,True
SIH26017-PRJ-000078,Ministry Approval,True,2023-03-16,2023-10-10,Approved,Concerned Central Ministry,208.0,False
SIH26017-PRJ-000079,SIA Approval,True,2016-12-12,2017-03-29,Approved,District Collector,107.0,True
SIH26017-PRJ-000079,State Govt Approval,True,2017-01-23,2017-04-12,Approved,State Government,79.0,True
SIH26017-PRJ-000079,District Collector Approval,True,2016-12-20,2017-01-24,Approved,District Collector,35.0,False
SIH26017-PRJ-000079,Environmental Clearance,True,2017-02-08,2017-08-21,Approved,State Environment Dept / MoEFCC,194.0,True
SIH26017-PRJ-000080,SIA Approval,True,2019-04-23,2019-07-08,Approved,District Collector,76.0,True
SIH26017-PRJ-000080,State Govt Approval,True,2019-03-26,2019-06-03,Approved,State Government,69.0,True
SIH26017-PRJ-000080,District Collector Approval,True,2019-04-02,2019-05-28,Approved,District Collector,56.0,False
SIH26017-PRJ-000080,Environmental Clearance,True,2019-08-11,2020-02-25,Approved,State Environment Dept / MoEFCC,198.0,True
SIH26017-PRJ-000081,SIA Approval,True,2019-08-24,2019-11-13,Approved,District Collector,81.0,True
SIH26017-PRJ-000081,State Govt Approval,True,2019-10-12,2019-12-02,Approved,State Government,51.0,True
SIH26017-PRJ-000081,District Collector Approval,True,2019-08-29,2019-09-29,Approved,District Collector,31.0,False
SIH26017-PRJ-000081,Environmental Clearance,True,2019-09-19,2020-05-31,Approved,State Environment Dept / MoEFCC,255.0,True
SIH26017-PRJ-000081,Ministry Approval,True,2019-12-17,2020-09-06,Approved,Concerned Central Ministry,264.0,False
SIH26017-PRJ-000082,SIA Approval,True,2022-08-05,2022-10-05,Approved,District Collector,61.0,True
SIH26017-PRJ-000082,State Govt Approval,True,2022-08-01,2022-10-29,Approved,State Government,89.0,True
SIH26017-PRJ-000082,District Collector Approval,True,2022-08-24,2022-10-04,Approved,District Collector,41.0,False
SIH26017-PRJ-000082,Environmental Clearance,True,2022-10-18,2023-03-10,Approved,State Environment Dept / MoEFCC,143.0,True
SIH26017-PRJ-000082,Ministry Approval,True,2022-11-17,2023-02-07,Approved,Concerned Central Ministry,82.0,False
SIH26017-PRJ-000083,SIA Approval,True,2019-11-08,2020-03-27,Approved,District Collector,140.0,True
SIH26017-PRJ-000083,State Govt Approval,True,2020-01-02,2020-04-02,Approved,State Government,91.0,True
SIH26017-PRJ-000083,District Collector Approval,True,2019-11-20,2019-12-27,Approved,District Collector,37.0,False
SIH26017-PRJ-000083,Environmental Clearance,True,2019-12-25,2020-07-06,Approved,State Environment Dept / MoEFCC,194.0,True
SIH26017-PRJ-000083,Ministry Approval,True,2020-03-06,2020-09-14,Approved,Concerned Central Ministry,192.0,False
SIH26017-PRJ-000084,SIA Approval,True,2020-08-14,2020-10-29,Approved,District Collector,76.0,True
SIH26017-PRJ-000084,State Govt Approval,True,2020-08-28,2020-10-03,Approved,State Government,36.0,True
SIH26017-PRJ-000084,District Collector Approval,True,2020-08-24,2020-09-27,Approved,District Collector,34.0,False
SIH26017-PRJ-000084,Environmental Clearance,True,2020-11-14,2021-06-08,Approved,State Environment Dept / MoEFCC,206.0,True
SIH26017-PRJ-000084,Ministry Approval,True,2020-10-31,2021-12-03,Approved,Concerned Central Ministry,398.0,False
SIH26017-PRJ-000085,SIA Approval,True,2023-10-25,,Rejected,District Collector,,True
SIH26017-PRJ-000085,State Govt Approval,True,2023-11-10,2024-02-03,Approved,State Government,85.0,True
SIH26017-PRJ-000085,District Collector Approval,True,2023-10-13,2023-12-04,Approved,District Collector,52.0,False
SIH26017-PRJ-000085,Forest Clearance,True,2024-02-26,2024-08-14,Approved,State Forest Dept,170.0,True
SIH26017-PRJ-000085,Environmental Clearance,True,2024-02-21,2024-06-26,Approved,State Environment Dept / MoEFCC,126.0,True
SIH26017-PRJ-000086,SIA Approval,True,2023-04-15,2023-07-02,Approved,District Collector,78.0,True
SIH26017-PRJ-000086,State Govt Approval,True,2023-04-01,2023-05-05,Approved,State Government,34.0,True
SIH26017-PRJ-000086,District Collector Approval,True,2023-03-05,2023-04-02,Approved,District Collector,28.0,False
SIH26017-PRJ-000086,Environmental Clearance,True,2023-06-23,,Rejected,State Environment Dept / MoEFCC,,True
SIH26017-PRJ-000086,Ministry Approval,True,2023-05-31,2023-10-04,Approved,Concerned Central Ministry,126.0,False
SIH26017-PRJ-000087,SIA Approval,True,2018-08-26,2018-10-12,Approved,District Collector,47.0,True
SIH26017-PRJ-000087,State Govt Approval,True,2018-10-09,2018-12-11,Approved,State Government,63.0,True
SIH26017-PRJ-000087,District Collector Approval,True,2018-08-17,2018-09-06,Approved,District Collector,20.0,False
SIH26017-PRJ-000087,Environmental Clearance,True,2018-11-14,2019-04-03,Approved,State Environment Dept / MoEFCC,140.0,True
SIH26017-PRJ-000087,Ministry Approval,True,2018-12-21,2019-07-20,Approved,Concerned Central Ministry,211.0,False
SIH26017-PRJ-000088,SIA Approval,True,2019-12-04,2020-02-12,Approved,District Collector,70.0,True
SIH26017-PRJ-000088,State Govt Approval,True,2020-01-28,2020-04-03,Approved,State Government,66.0,True
SIH26017-PRJ-000088,District Collector Approval,True,2019-11-30,2019-12-22,Approved,District Collector,22.0,False
SIH26017-PRJ-000088,Forest Clearance,True,2020-04-21,2020-11-11,Approved,State Forest Dept,204.0,True
SIH26017-PRJ-000088,Environmental Clearance,True,2020-02-15,2021-04-17,Approved,State Environment Dept / MoEFCC,427.0,True
SIH26017-PRJ-000089,SIA Approval,True,2015-08-23,2015-11-29,Approved,District Collector,98.0,True
SIH26017-PRJ-000089,State Govt Approval,True,2015-10-03,2016-02-25,Approved,State Government,145.0,True
SIH26017-PRJ-000089,District Collector Approval,True,2015-08-29,2015-09-22,Approved,District Collector,24.0,False
SIH26017-PRJ-000089,Environmental Clearance,True,2015-10-11,2016-06-20,Approved,State Environment Dept / MoEFCC,253.0,True
SIH26017-PRJ-000090,SIA Approval,True,2023-05-16,2023-08-30,Approved,District Collector,106.0,True
SIH26017-PRJ-000090,State Govt Approval,True,2023-04-30,2023-07-08,Approved,State Government,69.0,True
SIH26017-PRJ-000090,District Collector Approval,True,2023-05-14,2023-06-14,Approved,District Collector,31.0,False
SIH26017-PRJ-000090,Environmental Clearance,True,2023-07-09,,Rejected,State Environment Dept / MoEFCC,,True
SIH26017-PRJ-000091,SIA Approval,True,2022-06-13,2022-08-31,Approved,District Collector,79.0,True
SIH26017-PRJ-000091,State Govt Approval,True,2022-08-17,,Rejected,State Government,,True
SIH26017-PRJ-000091,District Collector Approval,True,2022-06-25,2022-08-01,Approved,District Collector,37.0,False
SIH26017-PRJ-000091,Environmental Clearance,True,2022-09-04,2023-04-24,Approved,State Environment Dept / MoEFCC,232.0,True
SIH26017-PRJ-000091,Ministry Approval,True,2022-09-16,2023-01-14,Approved,Concerned Central Ministry,120.0,False
SIH26017-PRJ-000092,SIA Approval,True,2022-09-23,2022-12-08,Approved,District Collector,76.0,True
SIH26017-PRJ-000092,State Govt Approval,True,2022-10-19,2022-12-01,Approved,State Government,43.0,True
SIH26017-PRJ-000092,District Collector Approval,True,2022-09-24,2022-10-29,Approved,District Collector,35.0,False
SIH26017-PRJ-000092,Environmental Clearance,True,2022-12-22,2023-05-20,Approved,State Environment Dept / MoEFCC,149.0,True
SIH26017-PRJ-000093,SIA Approval,True,2022-03-31,2022-06-08,Approved,District Collector,69.0,True
SIH26017-PRJ-000093,State Govt Approval,True,2022-04-17,2022-06-19,Approved,State Government,63.0,True
SIH26017-PRJ-000093,District Collector Approval,True,2022-03-20,2022-04-09,Approved,District Collector,20.0,False
SIH26017-PRJ-000093,Forest Clearance,True,2022-07-22,2023-06-03,Approved,State Forest Dept,316.0,True
SIH26017-PRJ-000093,Environmental Clearance,True,2022-05-05,2022-12-31,Approved,State Environment Dept / MoEFCC,240.0,True
SIH26017-PRJ-000093,Ministry Approval,True,2022-06-29,2023-03-13,Approved,Concerned Central Ministry,257.0,False
SIH26017-PRJ-000094,SIA Approval,True,2022-02-08,2022-07-22,Approved,District Collector,164.0,True
SIH26017-PRJ-000094,State Govt Approval,True,2022-02-08,2022-05-23,Approved,State Government,104.0,True
SIH26017-PRJ-000094,District Collector Approval,True,2022-02-01,2022-03-11,Approved,District Collector,38.0,False
SIH26017-PRJ-000094,Environmental Clearance,True,2022-05-15,2023-06-10,Approved,State Environment Dept / MoEFCC,391.0,True
SIH26017-PRJ-000094,Ministry Approval,True,2022-07-05,2023-01-07,Approved,Concerned Central Ministry,186.0,False
SIH26017-PRJ-000095,SIA Approval,True,2017-06-13,2017-10-25,Approved,District Collector,134.0,True
SIH26017-PRJ-000095,State Govt Approval,True,2017-05-30,2017-07-16,Approved,State Government,47.0,True
SIH26017-PRJ-000095,District Collector Approval,True,2017-06-07,2017-06-25,Approved,District Collector,18.0,False
SIH26017-PRJ-000095,Forest Clearance,True,2017-09-29,2018-11-12,Approved,State Forest Dept,409.0,True
SIH26017-PRJ-000095,Environmental Clearance,True,2017-08-12,2019-01-06,Approved,State Environment Dept / MoEFCC,512.0,True
SIH26017-PRJ-000096,SIA Approval,True,2017-11-01,2018-01-09,Approved,District Collector,69.0,True
SIH26017-PRJ-000096,State Govt Approval,True,2017-11-10,2017-12-14,Approved,State Government,34.0,True
SIH26017-PRJ-000096,District Collector Approval,True,2017-10-05,2017-12-04,Approved,District Collector,60.0,False
SIH26017-PRJ-000096,Environmental Clearance,True,2018-01-08,2018-06-14,Approved,State Environment Dept / MoEFCC,157.0,True
SIH26017-PRJ-000097,SIA Approval,True,2024-06-01,2024-09-14,Approved,District Collector,105.0,True
SIH26017-PRJ-000097,State Govt Approval,True,2024-06-27,2024-10-15,Approved,State Government,110.0,True
SIH26017-PRJ-000097,District Collector Approval,True,2024-05-10,2024-07-06,Approved,District Collector,57.0,False
SIH26017-PRJ-000097,Environmental Clearance,True,2024-09-29,2025-08-30,Approved,State Environment Dept / MoEFCC,335.0,True
SIH26017-PRJ-000098,SIA Approval,True,2022-07-21,2022-10-29,Approved,District Collector,100.0,True
SIH26017-PRJ-000098,State Govt Approval,True,2022-09-17,2022-12-27,Approved,State Government,101.0,True
SIH26017-PRJ-000098,District Collector Approval,True,2022-08-04,2022-09-02,Approved,District Collector,29.0,False
SIH26017-PRJ-000098,Environmental Clearance,True,2022-12-25,2023-08-20,Approved,State Environment Dept / MoEFCC,238.0,True
SIH26017-PRJ-000098,Ministry Approval,True,2022-12-21,2023-04-26,Approved,Concerned Central Ministry,126.0,False
SIH26017-PRJ-000099,SIA Approval,True,2019-10-30,2019-12-12,Approved,District Collector,43.0,True
SIH26017-PRJ-000099,State Govt Approval,True,2019-12-04,2020-02-07,Approved,State Government,65.0,True
SIH26017-PRJ-000099,District Collector Approval,True,2019-09-23,2019-10-26,Approved,District Collector,33.0,False
SIH26017-PRJ-000099,Forest Clearance,True,2019-12-26,2020-06-16,Approved,State Forest Dept,173.0,True
SIH26017-PRJ-000099,Environmental Clearance,True,2020-01-07,2020-05-06,Approved,State Environment Dept / MoEFCC,120.0,True
SIH26017-PRJ-000099,Ministry Approval,True,2019-12-14,2020-07-06,Approved,Concerned Central Ministry,205.0,False
SIH26017-PRJ-000100,SIA Approval,True,2022-05-30,2022-10-15,Approved,District Collector,138.0,True
SIH26017-PRJ-000100,State Govt Approval,True,2022-05-28,2022-10-28,Approved,State Government,153.0,True
SIH26017-PRJ-000100,District Collector Approval,True,2022-05-03,2022-06-05,Approved,District Collector,33.0,False
SIH26017-PRJ-000100,Ministry Approval,True,2022-10-05,,Rejected,Concerned Central Ministry,,False
SIH26017-PRJ-000101,SIA Approval,True,2017-12-30,2018-03-21,Approved,District Collector,81.0,True
SIH26017-PRJ-000101,State Govt Approval,True,2018-02-06,2018-04-22,Approved,State Government,75.0,True
SIH26017-PRJ-000101,District Collector Approval,True,2018-01-20,2018-02-18,Approved,District Collector,29.0,False
SIH26017-PRJ-000101,Environmental Clearance,True,2018-02-27,2018-09-23,Approved,State Environment Dept / MoEFCC,208.0,True
SIH26017-PRJ-000101,Ministry Approval,True,2018-06-06,2019-02-01,Approved,Concerned Central Ministry,240.0,False
SIH26017-PRJ-000102,SIA Approval,True,2021-06-08,2021-10-08,Approved,District Collector,122.0,True
SIH26017-PRJ-000102,State Govt Approval,True,2021-07-22,2021-09-12,Approved,State Government,52.0,True
SIH26017-PRJ-000102,District Collector Approval,True,2021-06-11,2021-07-31,Approved,District Collector,50.0,False
SIH26017-PRJ-000102,Environmental Clearance,True,2021-08-25,2021-12-31,Approved,State Environment Dept / MoEFCC,128.0,True
SIH26017-PRJ-000102,Ministry Approval,True,2021-12-04,2022-04-19,Approved,Concerned Central Ministry,136.0,False
SIH26017-PRJ-000103,SIA Approval,True,2017-01-19,2017-04-08,Approved,District Collector,79.0,True
SIH26017-PRJ-000103,State Govt Approval,True,2017-02-28,2017-04-21,Approved,State Government,52.0,True
SIH26017-PRJ-000103,District Collector Approval,True,2017-01-05,2017-01-25,Approved,District Collector,20.0,False
SIH26017-PRJ-000103,Forest Clearance,True,2017-04-18,2018-03-06,Approved,State Forest Dept,322.0,True
SIH26017-PRJ-000104,SIA Approval,True,2024-01-07,2024-02-28,Approved,District Collector,52.0,True
SIH26017-PRJ-000104,State Govt Approval,True,2024-02-20,2024-03-30,Approved,State Government,39.0,True
SIH26017-PRJ-000104,District Collector Approval,True,2024-01-09,2024-01-31,Approved,District Collector,22.0,False
SIH26017-PRJ-000104,Forest Clearance,True,2024-01-26,2025-01-15,Approved,State Forest Dept,355.0,True
SIH26017-PRJ-000104,Environmental Clearance,True,2024-04-06,,Rejected,State Environment Dept / MoEFCC,,True
SIH26017-PRJ-000105,SIA Approval,True,2022-08-23,2023-03-08,Approved,District Collector,197.0,True
SIH26017-PRJ-000105,State Govt Approval,True,2022-10-06,2023-02-04,Approved,State Government,121.0,True
SIH26017-PRJ-000105,District Collector Approval,True,2022-09-01,2022-10-15,Approved,District Collector,44.0,False
SIH26017-PRJ-000105,Forest Clearance,True,2022-12-23,2023-05-12,Approved,State Forest Dept,140.0,True
SIH26017-PRJ-000105,Wildlife Clearance,True,2022-12-31,2023-07-07,Approved,State Forest Dept,188.0,False
SIH26017-PRJ-000105,Environmental Clearance,True,2022-10-28,2023-06-16,Approved,State Environment Dept / MoEFCC,231.0,True
SIH26017-PRJ-000106,SIA Approval,True,2015-11-25,2016-02-28,Approved,District Collector,95.0,True
SIH26017-PRJ-000106,State Govt Approval,True,2015-12-22,2016-02-27,Approved,State Government,67.0,True
SIH26017-PRJ-000106,District Collector Approval,True,2015-12-02,2016-01-10,Approved,District Collector,39.0,False
SIH26017-PRJ-000107,SIA Approval,True,2020-07-27,2020-11-12,Approved,District Collector,108.0,True
SIH26017-PRJ-000107,State Govt Approval,True,2020-07-17,2020-09-28,Approved,State Government,73.0,True
SIH26017-PRJ-000107,District Collector Approval,True,2020-06-30,2020-08-09,Approved,District Collector,40.0,False
SIH26017-PRJ-000107,Environmental Clearance,True,2020-08-18,2021-02-15,Approved,State Environment Dept / MoEFCC,181.0,True
SIH26017-PRJ-000107,Ministry Approval,True,2020-11-01,2021-02-01,Approved,Concerned Central Ministry,92.0,False
SIH26017-PRJ-000108,SIA Approval,True,2023-12-17,2024-02-07,Approved,District Collector,52.0,True
SIH26017-PRJ-000108,State Govt Approval,True,2024-01-06,2024-03-06,Approved,State Government,60.0,True
SIH26017-PRJ-000108,District Collector Approval,True,2024-01-05,2024-03-04,Approved,District Collector,59.0,False
SIH26017-PRJ-000108,Environmental Clearance,True,2024-03-14,2025-03-04,Approved,State Environment Dept / MoEFCC,355.0,True
SIH26017-PRJ-000109,SIA Approval,True,2022-10-19,,Rejected,District Collector,,True
SIH26017-PRJ-000109,State Govt Approval,True,2022-09-30,2022-11-27,Approved,State Government,58.0,True
SIH26017-PRJ-000109,District Collector Approval,True,2022-09-24,2022-10-08,Approved,District Collector,14.0,False
SIH26017-PRJ-000109,Environmental Clearance,True,2022-12-04,2023-04-24,Approved,State Environment Dept / MoEFCC,141.0,True
SIH26017-PRJ-000110,SIA Approval,True,2021-01-21,2021-03-29,Approved,District Collector,67.0,True
SIH26017-PRJ-000110,State Govt Approval,True,2021-02-02,2021-06-06,Approved,State Government,124.0,True
SIH26017-PRJ-000110,District Collector Approval,True,2020-12-31,2021-02-15,Approved,District Collector,46.0,False
SIH26017-PRJ-000110,Forest Clearance,True,2021-04-02,2022-11-14,Approved,State Forest Dept,591.0,True
SIH26017-PRJ-000110,Environmental Clearance,True,2021-05-23,2022-04-23,Approved,State Environment Dept / MoEFCC,335.0,True
SIH26017-PRJ-000111,SIA Approval,True,2022-10-12,2022-12-25,Approved,District Collector,74.0,True
SIH26017-PRJ-000111,State Govt Approval,True,2022-11-21,2023-01-18,Approved,State Government,58.0,True
SIH26017-PRJ-000111,District Collector Approval,True,2022-10-05,2022-11-04,Approved,District Collector,30.0,False
SIH26017-PRJ-000111,Environmental Clearance,True,2023-01-02,2023-10-27,Approved,State Environment Dept / MoEFCC,298.0,True
SIH26017-PRJ-000112,SIA Approval,True,2016-03-11,2016-06-10,Approved,District Collector,91.0,True
SIH26017-PRJ-000112,State Govt Approval,True,2016-02-20,2016-04-06,Approved,State Government,46.0,True
SIH26017-PRJ-000112,District Collector Approval,True,2016-02-19,2016-03-22,Approved,District Collector,32.0,False
SIH26017-PRJ-000112,Environmental Clearance,True,2016-07-01,2017-02-04,Approved,State Environment Dept / MoEFCC,218.0,True
SIH26017-PRJ-000113,SIA Approval,True,2022-03-22,2022-05-08,Approved,District Collector,47.0,True
SIH26017-PRJ-000113,State Govt Approval,True,2022-03-24,2022-05-14,Approved,State Government,51.0,True
SIH26017-PRJ-000113,District Collector Approval,True,2022-03-01,2022-03-31,Approved,District Collector,30.0,False
SIH26017-PRJ-000113,Forest Clearance,True,2022-06-03,2023-04-05,Approved,State Forest Dept,306.0,True
SIH26017-PRJ-000113,Environmental Clearance,True,2022-05-19,2023-01-30,Approved,State Environment Dept / MoEFCC,256.0,True
SIH26017-PRJ-000114,SIA Approval,True,2018-11-25,2019-04-29,Approved,District Collector,155.0,True
SIH26017-PRJ-000114,State Govt Approval,True,2019-01-15,2019-03-11,Approved,State Government,55.0,True
SIH26017-PRJ-000114,District Collector Approval,True,2018-11-20,2019-01-10,Approved,District Collector,51.0,False
SIH26017-PRJ-000114,Forest Clearance,True,2019-01-06,2019-07-08,Approved,State Forest Dept,183.0,True
SIH26017-PRJ-000114,Environmental Clearance,True,2019-02-03,2019-08-16,Approved,State Environment Dept / MoEFCC,194.0,True
SIH26017-PRJ-000115,SIA Approval,True,2016-06-24,2016-11-01,Approved,District Collector,130.0,True
SIH26017-PRJ-000115,State Govt Approval,True,2016-07-09,2016-09-01,Approved,State Government,54.0,True
SIH26017-PRJ-000115,District Collector Approval,True,2016-06-24,2016-07-17,Approved,District Collector,23.0,False
SIH26017-PRJ-000115,Environmental Clearance,True,2016-09-03,2017-12-21,Approved,State Environment Dept / MoEFCC,474.0,True
SIH26017-PRJ-000115,Defence NOC,True,2016-10-22,2017-03-27,Approved,Ministry of Defence,156.0,False
SIH26017-PRJ-000116,SIA Approval,True,2018-12-01,2019-02-25,Approved,District Collector,86.0,True
SIH26017-PRJ-000116,State Govt Approval,True,2019-01-02,2019-03-03,Approved,State Government,60.0,True
SIH26017-PRJ-000116,District Collector Approval,True,2018-11-29,2018-12-20,Approved,District Collector,21.0,False
SIH26017-PRJ-000116,Environmental Clearance,True,2019-04-11,2019-11-17,Approved,State Environment Dept / MoEFCC,220.0,True
SIH26017-PRJ-000117,SIA Approval,True,2019-09-13,2019-11-15,Approved,District Collector,63.0,True
SIH26017-PRJ-000117,State Govt Approval,True,2019-11-16,2020-01-11,Approved,State Government,56.0,True
SIH26017-PRJ-000117,District Collector Approval,True,2019-09-24,2019-12-02,Approved,District Collector,69.0,False
SIH26017-PRJ-000117,Forest Clearance,True,2020-02-04,2020-09-17,Approved,State Forest Dept,226.0,True
SIH26017-PRJ-000117,Environmental Clearance,True,2019-12-29,2020-05-05,Approved,State Environment Dept / MoEFCC,128.0,True
SIH26017-PRJ-000118,SIA Approval,True,2018-01-06,2018-03-08,Approved,District Collector,61.0,True
SIH26017-PRJ-000118,State Govt Approval,True,2018-01-06,2018-02-27,Approved,State Government,52.0,True
SIH26017-PRJ-000118,District Collector Approval,True,2018-01-14,2018-02-11,Approved,District Collector,28.0,False
SIH26017-PRJ-000118,Environmental Clearance,True,2018-03-22,2019-02-12,Approved,State Environment Dept / MoEFCC,327.0,True
SIH26017-PRJ-000118,Ministry Approval,True,2018-05-03,2018-09-02,Approved,Concerned Central Ministry,122.0,False
SIH26017-PRJ-000119,SIA Approval,True,2024-05-06,2024-07-29,Approved,District Collector,84.0,True
SIH26017-PRJ-000119,State Govt Approval,True,2024-05-31,2024-07-30,Approved,State Government,60.0,True
SIH26017-PRJ-000119,District Collector Approval,True,2024-05-22,2024-06-08,Approved,District Collector,17.0,False
SIH26017-PRJ-000119,Environmental Clearance,True,2024-07-05,2025-03-31,Approved,State Environment Dept / MoEFCC,269.0,True
SIH26017-PRJ-000120,SIA Approval,True,2020-07-16,2020-09-30,Approved,District Collector,76.0,True
SIH26017-PRJ-000120,State Govt Approval,True,2020-08-18,2020-12-08,Approved,State Government,112.0,True
SIH26017-PRJ-000120,District Collector Approval,True,2020-06-29,2020-08-26,Approved,District Collector,58.0,False
SIH26017-PRJ-000120,Environmental Clearance,True,2020-11-13,2022-02-17,Approved,State Environment Dept / MoEFCC,461.0,True
SIH26017-PRJ-000120,Ministry Approval,True,2020-12-01,2021-07-01,Approved,Concerned Central Ministry,212.0,False
SIH26017-PRJ-000121,SIA Approval,True,2015-10-12,2016-04-05,Approved,District Collector,176.0,True
SIH26017-PRJ-000121,State Govt Approval,True,2015-11-08,2015-12-16,Approved,State Government,38.0,True
SIH26017-PRJ-000121,District Collector Approval,True,2015-10-13,2015-11-18,Approved,District Collector,36.0,False
SIH26017-PRJ-000121,Environmental Clearance,True,2016-02-29,2016-09-29,Approved,State Environment Dept / MoEFCC,213.0,True
SIH26017-PRJ-000121,Ministry Approval,True,2016-01-28,2016-11-22,Approved,Concerned Central Ministry,299.0,False
SIH26017-PRJ-000122,SIA Approval,True,2023-11-13,2024-03-14,Approved,District Collector,122.0,True
SIH26017-PRJ-000122,State Govt Approval,True,2023-11-18,2024-02-06,Approved,State Government,80.0,True
SIH26017-PRJ-000122,District Collector Approval,True,2023-11-11,2023-11-30,Approved,District Collector,19.0,False
SIH26017-PRJ-000122,Environmental Clearance,True,2024-03-08,2024-07-19,Approved,State Environment Dept / MoEFCC,133.0,True
SIH26017-PRJ-000123,SIA Approval,True,2022-01-21,2022-09-18,Approved,District Collector,240.0,True
SIH26017-PRJ-000123,State Govt Approval,True,2022-02-11,2022-03-18,Approved,State Government,35.0,True
SIH26017-PRJ-000123,District Collector Approval,True,2022-01-18,2022-02-24,Approved,District Collector,37.0,False
SIH26017-PRJ-000123,Environmental Clearance,True,2022-04-27,2022-11-19,Approved,State Environment Dept / MoEFCC,206.0,True
SIH26017-PRJ-000123,Ministry Approval,True,2022-06-11,2023-02-18,Approved,Concerned Central Ministry,252.0,False
SIH26017-PRJ-000124,SIA Approval,True,2016-08-07,2016-09-26,Approved,District Collector,50.0,True
SIH26017-PRJ-000124,State Govt Approval,True,2016-08-26,2016-11-06,Approved,State Government,72.0,True
SIH26017-PRJ-000124,District Collector Approval,True,2016-08-13,2016-10-12,Approved,District Collector,60.0,False
SIH26017-PRJ-000124,Environmental Clearance,True,2016-09-08,2017-07-12,Approved,State Environment Dept / MoEFCC,307.0,True
SIH26017-PRJ-000124,Ministry Approval,True,2016-10-06,2017-12-29,Approved,Concerned Central Ministry,449.0,False
SIH26017-PRJ-000125,SIA Approval,True,2017-02-03,2017-03-23,Approved,District Collector,48.0,True
SIH26017-PRJ-000125,State Govt Approval,True,2017-03-10,2017-05-03,Approved,State Government,54.0,True
SIH26017-PRJ-000125,District Collector Approval,True,2017-02-11,2017-03-08,Approved,District Collector,25.0,False
SIH26017-PRJ-000125,Environmental Clearance,True,2017-05-20,2018-01-07,Approved,State Environment Dept / MoEFCC,232.0,True
SIH26017-PRJ-000125,Ministry Approval,True,2017-06-19,2017-11-28,Approved,Concerned Central Ministry,162.0,False
SIH26017-PRJ-000126,SIA Approval,True,2018-09-22,2018-12-02,Approved,District Collector,71.0,True
SIH26017-PRJ-000126,State Govt Approval,True,2018-10-22,2018-12-21,Approved,State Government,60.0,True
SIH26017-PRJ-000126,District Collector Approval,True,2018-09-17,2018-10-16,Approved,District Collector,29.0,False
SIH26017-PRJ-000126,Environmental Clearance,True,2019-02-08,2019-10-06,Approved,State Environment Dept / MoEFCC,240.0,True
SIH26017-PRJ-000127,SIA Approval,True,2024-07-07,2024-08-16,Approved,District Collector,40.0,True
SIH26017-PRJ-000127,State Govt Approval,True,2024-06-11,2024-08-27,Approved,State Government,77.0,True
SIH26017-PRJ-000127,District Collector Approval,True,2024-06-13,2024-07-11,Approved,District Collector,28.0,False
SIH26017-PRJ-000127,Environmental Clearance,True,2024-07-13,2025-01-25,Approved,State Environment Dept / MoEFCC,196.0,True
SIH26017-PRJ-000127,Ministry Approval,True,2024-08-25,2025-02-05,Approved,Concerned Central Ministry,164.0,False
SIH26017-PRJ-000128,SIA Approval,True,2017-01-01,2017-08-06,Approved,District Collector,217.0,True
SIH26017-PRJ-000128,State Govt Approval,True,2016-12-25,2017-02-09,Approved,State Government,46.0,True
SIH26017-PRJ-000128,District Collector Approval,True,2016-12-15,2017-01-01,Approved,District Collector,17.0,False
SIH26017-PRJ-000128,Environmental Clearance,True,2017-03-07,2017-09-01,Approved,State Environment Dept / MoEFCC,178.0,True
SIH26017-PRJ-000129,SIA Approval,True,2019-10-14,2020-02-28,Approved,District Collector,137.0,True
SIH26017-PRJ-000129,State Govt Approval,True,2019-10-16,2019-12-19,Approved,State Government,64.0,True
SIH26017-PRJ-000129,District Collector Approval,True,2019-10-11,2019-12-07,Approved,District Collector,57.0,False
SIH26017-PRJ-000129,Environmental Clearance,True,2019-11-15,2020-05-15,Approved,State Environment Dept / MoEFCC,182.0,True
SIH26017-PRJ-000129,Ministry Approval,True,2020-01-15,2020-09-08,Approved,Concerned Central Ministry,237.0,False
SIH26017-PRJ-000130,SIA Approval,True,2019-07-27,2019-10-30,Approved,District Collector,95.0,True
SIH26017-PRJ-000130,State Govt Approval,True,2019-07-19,2019-09-02,Approved,State Government,45.0,True
SIH26017-PRJ-000130,District Collector Approval,True,2019-06-27,2019-08-16,Approved,District Collector,50.0,False
SIH26017-PRJ-000130,Environmental Clearance,True,2019-10-07,2020-04-18,Approved,State Environment Dept / MoEFCC,194.0,True
SIH26017-PRJ-000131,SIA Approval,True,2023-11-18,2024-01-10,Approved,District Collector,53.0,True
SIH26017-PRJ-000131,State Govt Approval,True,2023-12-11,2024-02-21,Approved,State Government,72.0,True
SIH26017-PRJ-000131,District Collector Approval,True,2023-10-29,2023-11-24,Approved,District Collector,26.0,False
SIH26017-PRJ-000131,Environmental Clearance,True,2024-04-11,2025-03-27,Approved,State Environment Dept / MoEFCC,350.0,True
SIH26017-PRJ-000131,Ministry Approval,True,2024-03-11,2024-10-02,Approved,Concerned Central Ministry,205.0,False
SIH26017-PRJ-000132,SIA Approval,True,2017-03-26,2017-05-14,Approved,District Collector,49.0,True
SIH26017-PRJ-000132,State Govt Approval,True,2017-02-18,2017-06-08,Approved,State Government,110.0,True
SIH26017-PRJ-000132,District Collector Approval,True,2017-02-14,2017-03-30,Approved,District Collector,44.0,False
SIH26017-PRJ-000132,Environmental Clearance,True,2017-05-05,2018-02-03,Approved,State Environment Dept / MoEFCC,274.0,True
SIH26017-PRJ-000133,SIA Approval,True,2018-01-09,2018-03-12,Approved,District Collector,62.0,True
SIH26017-PRJ-000133,State Govt Approval,True,2018-03-07,2018-06-14,Approved,State Government,99.0,True
SIH26017-PRJ-000133,District Collector Approval,True,2018-01-25,2018-03-01,Approved,District Collector,35.0,False
SIH26017-PRJ-000133,Environmental Clearance,True,2018-05-28,2019-09-02,Approved,State Environment Dept / MoEFCC,462.0,True
SIH26017-PRJ-000134,SIA Approval,True,2019-07-29,2020-03-19,Approved,District Collector,234.0,True
SIH26017-PRJ-000134,State Govt Approval,True,2019-07-08,2019-10-09,Approved,State Government,93.0,True
SIH26017-PRJ-000134,District Collector Approval,True,2019-06-30,2019-08-04,Approved,District Collector,35.0,False
SIH26017-PRJ-000134,Environmental Clearance,True,2019-08-31,,Rejected,State Environment Dept / MoEFCC,,True
SIH26017-PRJ-000135,SIA Approval,True,2024-07-04,2024-09-24,Approved,District Collector,82.0,True
SIH26017-PRJ-000135,State Govt Approval,True,2024-08-03,2024-10-19,Approved,State Government,77.0,True
SIH26017-PRJ-000135,District Collector Approval,True,2024-07-03,2024-08-14,Approved,District Collector,42.0,False
SIH26017-PRJ-000135,Environmental Clearance,True,2024-08-23,2025-07-15,Approved,State Environment Dept / MoEFCC,326.0,True
SIH26017-PRJ-000136,SIA Approval,True,2020-02-02,2020-03-28,Approved,District Collector,55.0,True
SIH26017-PRJ-000136,State Govt Approval,True,2020-02-11,2020-04-10,Approved,State Government,59.0,True
SIH26017-PRJ-000136,District Collector Approval,True,2020-01-21,2020-02-21,Approved,District Collector,31.0,False
SIH26017-PRJ-000136,Environmental Clearance,True,2020-03-14,2020-08-15,Approved,State Environment Dept / MoEFCC,154.0,True
SIH26017-PRJ-000136,Ministry Approval,True,2020-03-19,2020-07-14,Approved,Concerned Central Ministry,117.0,False
SIH26017-PRJ-000137,SIA Approval,True,2022-12-07,2023-02-25,Approved,District Collector,80.0,True
SIH26017-PRJ-000137,State Govt Approval,True,2022-11-23,2023-02-15,Approved,State Government,84.0,True
SIH26017-PRJ-000137,District Collector Approval,True,2022-12-02,2022-12-31,Approved,District Collector,29.0,False
SIH26017-PRJ-000137,Environmental Clearance,True,2023-01-03,2023-11-13,Approved,State Environment Dept / MoEFCC,314.0,True
SIH26017-PRJ-000137,Ministry Approval,True,2023-03-27,2023-11-01,Approved,Concerned Central Ministry,219.0,False
SIH26017-PRJ-000138,SIA Approval,True,2018-12-17,2019-02-13,Approved,District Collector,58.0,True
SIH26017-PRJ-000138,State Govt Approval,True,2019-01-05,2019-02-28,Approved,State Government,54.0,True
SIH26017-PRJ-000138,District Collector Approval,True,2018-12-02,2019-01-03,Approved,District Collector,32.0,False
SIH26017-PRJ-000138,Environmental Clearance,True,2019-03-14,2019-07-27,Approved,State Environment Dept / MoEFCC,135.0,True
SIH26017-PRJ-000138,Ministry Approval,True,2019-04-26,2019-10-12,Approved,Concerned Central Ministry,169.0,False
SIH26017-PRJ-000139,SIA Approval,True,2022-07-06,2022-12-23,Approved,District Collector,170.0,True
SIH26017-PRJ-000139,State Govt Approval,True,2022-08-14,2022-12-18,Approved,State Government,126.0,True
SIH26017-PRJ-000139,District Collector Approval,True,2022-06-17,2022-08-14,Approved,District Collector,58.0,False
SIH26017-PRJ-000139,Environmental Clearance,True,2022-09-29,2023-05-03,Approved,State Environment Dept / MoEFCC,216.0,True
SIH26017-PRJ-000140,SIA Approval,True,2022-04-15,2022-06-13,Approved,District Collector,59.0,True
SIH26017-PRJ-000140,State Govt Approval,True,2022-04-11,2022-07-16,Approved,State Government,96.0,True
SIH26017-PRJ-000140,District Collector Approval,True,2022-03-29,2022-04-21,Approved,District Collector,23.0,False
SIH26017-PRJ-000140,Environmental Clearance,True,2022-08-08,2023-10-18,Approved,State Environment Dept / MoEFCC,436.0,True
SIH26017-PRJ-000141,SIA Approval,True,2015-10-30,2016-01-06,Approved,District Collector,68.0,True
SIH26017-PRJ-000141,State Govt Approval,True,2015-10-20,2015-12-16,Approved,State Government,57.0,True
SIH26017-PRJ-000141,District Collector Approval,True,2015-11-02,2015-12-14,Approved,District Collector,42.0,False
SIH26017-PRJ-000141,Forest Clearance,True,2016-01-25,2017-03-31,Approved,State Forest Dept,431.0,True
SIH26017-PRJ-000142,SIA Approval,True,2019-04-23,2019-06-24,Approved,District Collector,62.0,True
SIH26017-PRJ-000142,State Govt Approval,True,2019-05-04,2019-09-12,Approved,State Government,131.0,True
SIH26017-PRJ-000142,District Collector Approval,True,2019-03-18,2019-04-29,Approved,District Collector,42.0,False
SIH26017-PRJ-000142,Environmental Clearance,True,2019-05-19,2021-02-14,Approved,State Environment Dept / MoEFCC,637.0,True
SIH26017-PRJ-000143,SIA Approval,True,2017-09-08,2017-12-31,Approved,District Collector,114.0,True
SIH26017-PRJ-000143,State Govt Approval,True,2017-10-01,2017-11-22,Approved,State Government,52.0,True
SIH26017-PRJ-000143,District Collector Approval,True,2017-08-06,2017-09-01,Approved,District Collector,26.0,False
SIH26017-PRJ-000143,Environmental Clearance,True,2017-12-21,2018-05-02,Approved,State Environment Dept / MoEFCC,132.0,True
SIH26017-PRJ-000143,Ministry Approval,True,2018-01-28,2018-08-01,Approved,Concerned Central Ministry,185.0,False
SIH26017-PRJ-000144,SIA Approval,True,2023-01-08,2023-03-23,Approved,District Collector,74.0,True
SIH26017-PRJ-000144,State Govt Approval,True,2023-02-13,2023-03-17,Approved,State Government,32.0,True
SIH26017-PRJ-000144,District Collector Approval,True,2022-12-25,,Rejected,District Collector,,False
SIH26017-PRJ-000144,Environmental Clearance,True,2023-04-26,2023-08-30,Approved,State Environment Dept / MoEFCC,126.0,True
SIH26017-PRJ-000145,SIA Approval,True,2015-11-20,2016-02-23,Approved,District Collector,95.0,True
SIH26017-PRJ-000145,State Govt Approval,True,2015-11-14,2016-01-18,Approved,State Government,65.0,True
SIH26017-PRJ-000145,District Collector Approval,True,2015-10-21,2015-11-19,Approved,District Collector,29.0,False
SIH26017-PRJ-000145,Environmental Clearance,True,2015-12-30,2016-09-06,Approved,State Environment Dept / MoEFCC,251.0,True
SIH26017-PRJ-000146,SIA Approval,True,2023-12-24,2024-05-26,Approved,District Collector,154.0,True
SIH26017-PRJ-000146,State Govt Approval,True,2024-02-29,2024-05-16,Approved,State Government,77.0,True
SIH26017-PRJ-000146,District Collector Approval,True,2024-01-12,2024-02-13,Approved,District Collector,32.0,False
SIH26017-PRJ-000146,Forest Clearance,True,2024-04-02,2024-11-05,Approved,State Forest Dept,217.0,True
SIH26017-PRJ-000146,Environmental Clearance,True,2024-05-13,2025-01-15,Approved,State Environment Dept / MoEFCC,247.0,True
SIH26017-PRJ-000147,SIA Approval,True,2019-04-30,2019-07-02,Approved,District Collector,63.0,True
SIH26017-PRJ-000147,State Govt Approval,True,2019-06-12,2019-08-27,Approved,State Government,76.0,True
SIH26017-PRJ-000147,District Collector Approval,True,2019-05-12,2019-07-02,Approved,District Collector,51.0,False
SIH26017-PRJ-000147,Environmental Clearance,True,2019-05-30,2020-02-20,Approved,State Environment Dept / MoEFCC,266.0,True
SIH26017-PRJ-000148,SIA Approval,True,2023-06-01,2023-07-17,Approved,District Collector,46.0,True
SIH26017-PRJ-000148,State Govt Approval,True,2023-06-19,2023-08-25,Approved,State Government,67.0,True
SIH26017-PRJ-000148,District Collector Approval,True,2023-05-30,2023-06-29,Approved,District Collector,30.0,False
SIH26017-PRJ-000148,Environmental Clearance,True,2023-09-14,2024-01-28,Approved,State Environment Dept / MoEFCC,136.0,True
SIH26017-PRJ-000149,SIA Approval,True,2022-10-21,2023-03-01,Approved,District Collector,131.0,True
SIH26017-PRJ-000149,State Govt Approval,True,2022-10-21,2023-02-14,Approved,State Government,116.0,True
SIH26017-PRJ-000149,District Collector Approval,True,2022-10-16,2022-12-18,Approved,District Collector,63.0,False
SIH26017-PRJ-000149,Environmental Clearance,True,2022-12-18,2024-09-06,Approved,State Environment Dept / MoEFCC,628.0,True
SIH26017-PRJ-000150,SIA Approval,True,2020-08-20,2021-01-20,Approved,District Collector,153.0,True
SIH26017-PRJ-000150,State Govt Approval,True,2020-10-09,2020-11-22,Approved,State Government,44.0,True
SIH26017-PRJ-000150,District Collector Approval,True,2020-08-23,2020-09-20,Approved,District Collector,28.0,False
SIH26017-PRJ-000150,Environmental Clearance,True,2020-10-27,2022-01-22,Approved,State Environment Dept / MoEFCC,452.0,True
SIH26017-PRJ-000151,SIA Approval,True,2018-03-07,2018-08-09,Approved,District Collector,155.0,True
SIH26017-PRJ-000151,State Govt Approval,True,2018-04-19,2018-07-01,Approved,State Government,73.0,True
SIH26017-PRJ-000151,District Collector Approval,True,2018-02-25,2018-04-24,Approved,District Collector,58.0,False
SIH26017-PRJ-000151,Environmental Clearance,True,2018-07-17,2019-03-03,Approved,State Environment Dept / MoEFCC,229.0,True
SIH26017-PRJ-000152,SIA Approval,True,2017-07-14,2017-08-19,Approved,District Collector,36.0,True
SIH26017-PRJ-000152,State Govt Approval,True,2017-06-21,2017-08-28,Approved,State Government,68.0,True
SIH26017-PRJ-000152,District Collector Approval,True,2017-06-09,2017-08-04,Approved,District Collector,56.0,False
SIH26017-PRJ-000152,Environmental Clearance,True,2017-10-25,2018-04-28,Approved,State Environment Dept / MoEFCC,185.0,True
SIH26017-PRJ-000152,Ministry Approval,True,2017-09-21,2018-06-02,Approved,Concerned Central Ministry,254.0,False
SIH26017-PRJ-000153,SIA Approval,True,2017-11-27,2018-02-18,Approved,District Collector,83.0,True
SIH26017-PRJ-000153,State Govt Approval,True,2018-01-28,2018-04-21,Approved,State Government,83.0,True
SIH26017-PRJ-000153,District Collector Approval,True,2017-11-25,2017-12-24,Approved,District Collector,29.0,False
SIH26017-PRJ-000153,Environmental Clearance,True,2018-03-08,2018-12-17,Approved,State Environment Dept / MoEFCC,284.0,True
SIH26017-PRJ-000153,Ministry Approval,True,2018-02-16,2019-04-16,Approved,Concerned Central Ministry,424.0,False
SIH26017-PRJ-000154,SIA Approval,True,2024-01-14,2024-04-24,Approved,District Collector,101.0,True
SIH26017-PRJ-000154,State Govt Approval,True,2024-02-07,2024-04-14,Approved,State Government,67.0,True
SIH26017-PRJ-000154,District Collector Approval,True,2023-12-15,2024-01-12,Approved,District Collector,28.0,False
SIH26017-PRJ-000154,Environmental Clearance,True,2024-04-21,2025-02-07,Approved,State Environment Dept / MoEFCC,292.0,True
SIH26017-PRJ-000155,SIA Approval,True,2016-07-04,2016-10-21,Approved,District Collector,109.0,True
SIH26017-PRJ-000155,State Govt Approval,True,2016-06-20,2016-08-22,Approved,State Government,63.0,True
SIH26017-PRJ-000155,District Collector Approval,True,2016-05-28,2016-07-14,Approved,District Collector,47.0,False
SIH26017-PRJ-000155,Environmental Clearance,True,2016-08-27,2017-04-10,Approved,State Environment Dept / MoEFCC,226.0,True
SIH26017-PRJ-000155,Ministry Approval,True,2016-11-02,2017-05-13,Approved,Concerned Central Ministry,192.0,False
SIH26017-PRJ-000156,SIA Approval,True,2023-04-16,2023-09-10,Approved,District Collector,147.0,True
SIH26017-PRJ-000156,State Govt Approval,True,2023-03-16,2023-05-15,Approved,State Government,60.0,True
SIH26017-PRJ-000156,District Collector Approval,True,2023-03-25,2023-05-04,Approved,District Collector,40.0,False
SIH26017-PRJ-000156,Forest Clearance,True,2023-04-18,2025-01-08,Approved,State Forest Dept,631.0,True
SIH26017-PRJ-000156,Environmental Clearance,True,2023-07-25,2024-08-22,Approved,State Environment Dept / MoEFCC,394.0,True
SIH26017-PRJ-000157,SIA Approval,True,2015-09-17,2016-01-10,Approved,District Collector,115.0,True
SIH26017-PRJ-000157,State Govt Approval,True,2015-10-18,2016-01-13,Approved,State Government,87.0,True
SIH26017-PRJ-000157,District Collector Approval,True,2015-10-03,2015-11-07,Approved,District Collector,35.0,False
SIH26017-PRJ-000157,Environmental Clearance,True,2015-12-14,2017-03-08,Approved,State Environment Dept / MoEFCC,450.0,True
SIH26017-PRJ-000157,Ministry Approval,True,2015-12-16,2016-06-04,Approved,Concerned Central Ministry,171.0,False
SIH26017-PRJ-000157,Defence NOC,True,2015-11-20,2016-06-22,Approved,Ministry of Defence,215.0,False
SIH26017-PRJ-000158,SIA Approval,True,2017-11-12,2018-03-25,Approved,District Collector,133.0,True
SIH26017-PRJ-000158,State Govt Approval,True,2017-10-25,2017-12-23,Approved,State Government,59.0,True
SIH26017-PRJ-000158,District Collector Approval,True,2017-10-25,2017-11-20,Approved,District Collector,26.0,False
SIH26017-PRJ-000158,Environmental Clearance,True,2017-12-01,2018-09-10,Approved,State Environment Dept / MoEFCC,283.0,True
SIH26017-PRJ-000158,Ministry Approval,True,2018-02-06,2018-06-26,Approved,Concerned Central Ministry,140.0,False
SIH26017-PRJ-000159,SIA Approval,True,2024-01-14,2024-03-10,Approved,District Collector,56.0,True
SIH26017-PRJ-000159,State Govt Approval,True,2023-12-29,2024-03-03,Approved,State Government,65.0,True
SIH26017-PRJ-000159,District Collector Approval,True,2023-12-19,2024-01-15,Approved,District Collector,27.0,False
SIH26017-PRJ-000160,SIA Approval,True,2015-02-18,2015-06-17,Approved,District Collector,119.0,True
SIH26017-PRJ-000160,State Govt Approval,True,2015-02-14,2015-04-15,Approved,State Government,60.0,True
SIH26017-PRJ-000160,District Collector Approval,True,2015-02-19,2015-03-16,Approved,District Collector,25.0,False
SIH26017-PRJ-000160,Environmental Clearance,True,2015-04-11,2016-01-19,Approved,State Environment Dept / MoEFCC,283.0,True
SIH26017-PRJ-000161,SIA Approval,True,2015-07-14,2015-09-20,Approved,District Collector,68.0,True
SIH26017-PRJ-000161,State Govt Approval,True,2015-09-05,2015-12-20,Approved,State Government,106.0,True
SIH26017-PRJ-000161,District Collector Approval,True,2015-08-09,2015-09-03,Approved,District Collector,25.0,False
SIH26017-PRJ-000161,Environmental Clearance,True,2015-11-30,2016-03-17,Approved,State Environment Dept / MoEFCC,108.0,True
SIH26017-PRJ-000162,SIA Approval,True,2022-12-12,2023-04-11,Approved,District Collector,120.0,True
SIH26017-PRJ-000162,State Govt Approval,True,2023-01-05,2023-04-04,Approved,State Government,89.0,True
SIH26017-PRJ-000162,District Collector Approval,True,2023-01-05,2023-02-09,Approved,District Collector,35.0,False
SIH26017-PRJ-000162,Environmental Clearance,True,2023-04-13,,Rejected,State Environment Dept / MoEFCC,,True
SIH26017-PRJ-000163,SIA Approval,True,2021-12-24,2022-03-02,Approved,District Collector,68.0,True
SIH26017-PRJ-000163,State Govt Approval,True,2021-12-21,2022-02-15,Approved,State Government,56.0,True
SIH26017-PRJ-000163,District Collector Approval,True,2021-11-30,2022-01-01,Approved,District Collector,32.0,False
SIH26017-PRJ-000163,Environmental Clearance,True,2022-01-17,2022-10-28,Approved,State Environment Dept / MoEFCC,284.0,True
SIH26017-PRJ-000164,SIA Approval,True,2017-05-08,2017-09-12,Approved,District Collector,127.0,True
SIH26017-PRJ-000164,State Govt Approval,True,2017-06-02,2017-08-17,Approved,State Government,76.0,True
SIH26017-PRJ-000164,District Collector Approval,True,2017-03-30,2017-04-19,Approved,District Collector,20.0,False
SIH26017-PRJ-000164,Environmental Clearance,True,2017-06-20,2017-12-05,Approved,State Environment Dept / MoEFCC,168.0,True
SIH26017-PRJ-000164,Ministry Approval,True,2017-07-01,2017-11-17,Approved,Concerned Central Ministry,139.0,False
SIH26017-PRJ-000164,Defence NOC,True,2017-06-10,2017-11-15,Approved,Ministry of Defence,158.0,False
SIH26017-PRJ-000165,SIA Approval,True,2021-03-14,2021-06-22,Approved,District Collector,100.0,True
SIH26017-PRJ-000165,State Govt Approval,True,2021-03-28,2021-06-28,Approved,State Government,92.0,True
SIH26017-PRJ-000165,District Collector Approval,True,2021-03-26,2021-05-01,Approved,District Collector,36.0,False
SIH26017-PRJ-000165,Environmental Clearance,True,2021-08-07,2022-08-15,Approved,State Environment Dept / MoEFCC,373.0,True
SIH26017-PRJ-000166,SIA Approval,True,2020-04-05,2020-06-23,Approved,District Collector,79.0,True
SIH26017-PRJ-000166,State Govt Approval,True,2020-03-22,2020-06-01,Approved,State Government,71.0,True
SIH26017-PRJ-000166,District Collector Approval,True,2020-03-27,2020-04-19,Approved,District Collector,23.0,False
SIH26017-PRJ-000167,SIA Approval,True,2024-01-17,2024-03-17,Approved,District Collector,60.0,True
SIH26017-PRJ-000167,State Govt Approval,True,2024-01-06,2024-06-11,Approved,State Government,157.0,True
SIH26017-PRJ-000167,District Collector Approval,True,2024-01-05,2024-02-03,Approved,District Collector,29.0,False
SIH26017-PRJ-000167,Environmental Clearance,True,2024-04-28,2024-12-16,Approved,State Environment Dept / MoEFCC,232.0,True
SIH26017-PRJ-000168,SIA Approval,True,2019-10-07,2020-03-06,Approved,District Collector,151.0,True
SIH26017-PRJ-000168,State Govt Approval,True,2019-11-07,2020-01-02,Approved,State Government,56.0,True
SIH26017-PRJ-000168,District Collector Approval,True,2019-10-15,2019-11-04,Approved,District Collector,20.0,False
SIH26017-PRJ-000168,Environmental Clearance,True,2019-12-08,2020-09-28,Approved,State Environment Dept / MoEFCC,295.0,True
SIH26017-PRJ-000168,Ministry Approval,True,2020-02-14,2020-10-11,Approved,Concerned Central Ministry,240.0,False
SIH26017-PRJ-000169,SIA Approval,True,2018-03-16,2018-06-22,Approved,District Collector,98.0,True
SIH26017-PRJ-000169,State Govt Approval,True,2018-03-28,2018-05-20,Approved,State Government,53.0,True
SIH26017-PRJ-000169,District Collector Approval,True,2018-02-22,2018-03-17,Approved,District Collector,23.0,False
SIH26017-PRJ-000169,Environmental Clearance,True,2018-06-11,2019-05-24,Approved,State Environment Dept / MoEFCC,347.0,True
SIH26017-PRJ-000169,Ministry Approval,True,2018-05-03,,Rejected,Concerned Central Ministry,,False
SIH26017-PRJ-000170,SIA Approval,True,2023-07-09,2023-08-28,Approved,District Collector,50.0,True
SIH26017-PRJ-000170,State Govt Approval,True,2023-08-31,2023-12-11,Approved,State Government,102.0,True
SIH26017-PRJ-000170,District Collector Approval,True,2023-07-24,2023-09-26,Approved,District Collector,64.0,False
SIH26017-PRJ-000170,Environmental Clearance,True,2023-11-14,2024-08-14,Approved,State Environment Dept / MoEFCC,274.0,True
SIH26017-PRJ-000171,SIA Approval,True,2022-09-30,2022-12-12,Approved,District Collector,73.0,True
SIH26017-PRJ-000171,State Govt Approval,True,2022-10-31,2022-12-21,Approved,State Government,51.0,True
SIH26017-PRJ-000171,District Collector Approval,True,2022-09-30,2022-10-23,Approved,District Collector,23.0,False
SIH26017-PRJ-000171,Environmental Clearance,True,2022-12-26,2023-12-07,Approved,State Environment Dept / MoEFCC,346.0,True
SIH26017-PRJ-000171,Ministry Approval,True,2022-11-25,2023-04-05,Approved,Concerned Central Ministry,131.0,False
SIH26017-PRJ-000172,SIA Approval,True,2020-07-23,2021-01-27,Approved,District Collector,188.0,True
SIH26017-PRJ-000172,State Govt Approval,True,2020-07-03,2020-10-08,Approved,State Government,97.0,True
SIH26017-PRJ-000172,District Collector Approval,True,2020-06-19,2020-07-14,Approved,District Collector,25.0,False
SIH26017-PRJ-000172,Environmental Clearance,True,2020-08-12,2021-01-13,Approved,State Environment Dept / MoEFCC,154.0,True
SIH26017-PRJ-000172,Ministry Approval,True,2020-09-20,2021-01-08,Approved,Concerned Central Ministry,110.0,False
SIH26017-PRJ-000173,SIA Approval,True,2024-01-03,2024-04-19,Approved,District Collector,107.0,True
SIH26017-PRJ-000173,State Govt Approval,True,2024-01-24,2024-04-13,Approved,State Government,80.0,True
SIH26017-PRJ-000173,District Collector Approval,True,2024-01-13,2024-02-15,Approved,District Collector,33.0,False
SIH26017-PRJ-000173,Environmental Clearance,True,2024-02-21,2025-04-20,Approved,State Environment Dept / MoEFCC,424.0,True
SIH26017-PRJ-000174,SIA Approval,True,2018-04-07,2018-07-02,Approved,District Collector,86.0,True
SIH26017-PRJ-000174,State Govt Approval,True,2018-05-27,2018-07-31,Approved,State Government,65.0,True
SIH26017-PRJ-000174,District Collector Approval,True,2018-03-13,2018-05-07,Approved,District Collector,55.0,False
SIH26017-PRJ-000174,Environmental Clearance,True,2018-06-18,2019-05-15,Approved,State Environment Dept / MoEFCC,331.0,True
SIH26017-PRJ-000175,SIA Approval,True,2019-10-22,2020-01-02,Approved,District Collector,72.0,True
SIH26017-PRJ-000175,State Govt Approval,True,2019-10-19,2020-02-02,Approved,State Government,106.0,True
SIH26017-PRJ-000175,District Collector Approval,True,2019-11-04,2019-12-11,Approved,District Collector,37.0,False
SIH26017-PRJ-000175,Environmental Clearance,True,2020-03-20,,Rejected,State Environment Dept / MoEFCC,,True
SIH26017-PRJ-000176,SIA Approval,True,2016-04-02,2016-06-24,Approved,District Collector,83.0,True
SIH26017-PRJ-000176,State Govt Approval,True,2016-03-27,2016-06-07,Approved,State Government,72.0,True
SIH26017-PRJ-000176,District Collector Approval,True,2016-03-29,2016-04-24,Approved,District Collector,26.0,False
SIH26017-PRJ-000176,Environmental Clearance,True,2016-06-13,2017-04-06,Approved,State Environment Dept / MoEFCC,297.0,True
SIH26017-PRJ-000177,SIA Approval,True,2023-02-09,2023-04-10,Approved,District Collector,60.0,True
SIH26017-PRJ-000177,State Govt Approval,True,2023-02-24,2023-05-19,Approved,State Government,84.0,True
SIH26017-PRJ-000177,District Collector Approval,True,2023-01-09,2023-03-16,Approved,District Collector,66.0,False
SIH26017-PRJ-000177,Environmental Clearance,True,2023-05-22,2024-03-26,Approved,State Environment Dept / MoEFCC,309.0,True
SIH26017-PRJ-000178,SIA Approval,True,2022-12-05,2023-03-12,Approved,District Collector,97.0,True
SIH26017-PRJ-000178,State Govt Approval,True,2023-01-02,2023-06-07,Approved,State Government,156.0,True
SIH26017-PRJ-000178,District Collector Approval,True,2022-11-03,2022-12-08,Approved,District Collector,35.0,False
SIH26017-PRJ-000178,Environmental Clearance,True,2023-01-28,2023-09-25,Approved,State Environment Dept / MoEFCC,240.0,True
SIH26017-PRJ-000179,SIA Approval,True,2018-04-17,2018-06-22,Approved,District Collector,66.0,True
SIH26017-PRJ-000179,State Govt Approval,True,2018-04-18,2018-07-31,Approved,State Government,104.0,True
SIH26017-PRJ-000179,District Collector Approval,True,2018-04-03,2018-05-27,Approved,District Collector,54.0,False
SIH26017-PRJ-000179,Environmental Clearance,True,2018-05-08,2019-04-24,Approved,State Environment Dept / MoEFCC,351.0,True
SIH26017-PRJ-000180,SIA Approval,True,2015-12-27,2016-03-25,Approved,District Collector,89.0,True
SIH26017-PRJ-000180,State Govt Approval,True,2015-12-17,2016-01-22,Approved,State Government,36.0,True
SIH26017-PRJ-000180,District Collector Approval,True,2015-12-16,2016-01-18,Approved,District Collector,33.0,False
SIH26017-PRJ-000181,SIA Approval,True,2023-06-23,2023-12-13,Approved,District Collector,173.0,True
SIH26017-PRJ-000181,State Govt Approval,True,2023-06-16,2023-08-18,Approved,State Government,63.0,True
SIH26017-PRJ-000181,District Collector Approval,True,2023-06-02,2023-07-11,Approved,District Collector,39.0,False
SIH26017-PRJ-000181,Forest Clearance,True,2023-09-17,,Rejected,State Forest Dept,,True
SIH26017-PRJ-000181,Environmental Clearance,True,2023-09-28,2024-09-30,Approved,State Environment Dept / MoEFCC,368.0,True
SIH26017-PRJ-000182,SIA Approval,True,2020-08-02,2020-09-26,Approved,District Collector,55.0,True
SIH26017-PRJ-000182,State Govt Approval,True,2020-09-27,2020-11-29,Approved,State Government,63.0,True
SIH26017-PRJ-000182,District Collector Approval,True,2020-08-14,2020-09-10,Approved,District Collector,27.0,False
SIH26017-PRJ-000182,Environmental Clearance,True,2020-10-03,2021-04-29,Approved,State Environment Dept / MoEFCC,208.0,True
SIH26017-PRJ-000182,Ministry Approval,True,2020-11-13,2021-04-22,Approved,Concerned Central Ministry,160.0,False
SIH26017-PRJ-000183,SIA Approval,True,2024-06-29,2024-10-06,Approved,District Collector,99.0,True
SIH26017-PRJ-000183,State Govt Approval,True,2024-08-11,2024-11-14,Approved,State Government,95.0,True
SIH26017-PRJ-000183,District Collector Approval,True,2024-06-26,2024-08-02,Approved,District Collector,37.0,False
SIH26017-PRJ-000183,Environmental Clearance,True,2024-11-22,2025-06-06,Approved,State Environment Dept / MoEFCC,196.0,True
SIH26017-PRJ-000184,SIA Approval,True,2022-09-19,2023-01-24,Approved,District Collector,127.0,True
SIH26017-PRJ-000184,State Govt Approval,True,2022-09-28,2023-01-01,Approved,State Government,95.0,True
SIH26017-PRJ-000184,District Collector Approval,True,2022-09-13,2022-10-19,Approved,District Collector,36.0,False
SIH26017-PRJ-000184,Forest Clearance,True,2022-12-09,2023-08-27,Approved,State Forest Dept,261.0,True
SIH26017-PRJ-000184,Environmental Clearance,True,2023-01-15,2023-10-11,Approved,State Environment Dept / MoEFCC,269.0,True
SIH26017-PRJ-000185,SIA Approval,True,2017-08-21,2017-09-29,Approved,District Collector,39.0,True
SIH26017-PRJ-000185,State Govt Approval,True,2017-10-16,2018-01-16,Approved,State Government,92.0,True
SIH26017-PRJ-000185,District Collector Approval,True,2017-08-06,2017-09-13,Approved,District Collector,38.0,False
SIH26017-PRJ-000185,Environmental Clearance,True,2017-12-18,2018-10-18,Approved,State Environment Dept / MoEFCC,304.0,True
SIH26017-PRJ-000185,Ministry Approval,True,2017-11-15,2018-06-13,Approved,Concerned Central Ministry,210.0,False
SIH26017-PRJ-000186,SIA Approval,True,2017-09-12,2018-01-03,Approved,District Collector,113.0,True
SIH26017-PRJ-000186,State Govt Approval,True,2017-10-22,2018-02-02,Approved,State Government,103.0,True
SIH26017-PRJ-000186,District Collector Approval,True,2017-08-13,2017-09-14,Approved,District Collector,32.0,False
SIH26017-PRJ-000187,SIA Approval,True,2023-01-09,2023-04-11,Approved,District Collector,92.0,True
SIH26017-PRJ-000187,State Govt Approval,True,2023-03-07,2023-05-31,Approved,State Government,85.0,True
SIH26017-PRJ-000187,District Collector Approval,True,2023-01-18,2023-02-10,Approved,District Collector,23.0,False
SIH26017-PRJ-000187,Environmental Clearance,True,2023-04-27,2023-11-10,Approved,State Environment Dept / MoEFCC,197.0,True
SIH26017-PRJ-000188,SIA Approval,True,2022-09-13,2023-01-16,Approved,District Collector,125.0,True
SIH26017-PRJ-000188,State Govt Approval,True,2022-08-30,2022-09-29,Approved,State Government,30.0,True
SIH26017-PRJ-000188,District Collector Approval,True,2022-08-24,2022-09-28,Approved,District Collector,35.0,False
SIH26017-PRJ-000188,Environmental Clearance,True,2022-10-31,2023-07-29,Approved,State Environment Dept / MoEFCC,271.0,True
SIH26017-PRJ-000189,SIA Approval,True,2018-06-05,2018-11-13,Approved,District Collector,161.0,True
SIH26017-PRJ-000189,State Govt Approval,True,2018-06-26,2018-09-17,Approved,State Government,83.0,True
SIH26017-PRJ-000189,District Collector Approval,True,2018-05-09,2018-06-15,Approved,District Collector,37.0,False
SIH26017-PRJ-000189,Environmental Clearance,True,2018-09-18,2019-07-25,Approved,State Environment Dept / MoEFCC,310.0,True
SIH26017-PRJ-000190,SIA Approval,True,2019-01-06,2019-05-11,Approved,District Collector,125.0,True
SIH26017-PRJ-000190,State Govt Approval,True,2019-02-11,2019-04-22,Approved,State Government,70.0,True
SIH26017-PRJ-000190,District Collector Approval,True,2019-01-19,2019-02-26,Approved,District Collector,38.0,False
SIH26017-PRJ-000190,Environmental Clearance,True,2019-06-01,2019-12-29,Approved,State Environment Dept / MoEFCC,211.0,True
SIH26017-PRJ-000191,SIA Approval,True,2021-05-13,2021-08-15,Approved,District Collector,94.0,True
SIH26017-PRJ-000191,State Govt Approval,True,2021-04-18,2021-05-18,Approved,State Government,30.0,True
SIH26017-PRJ-000191,District Collector Approval,True,2021-03-29,2021-05-01,Approved,District Collector,33.0,False
SIH26017-PRJ-000191,Environmental Clearance,True,2021-07-11,2022-02-19,Approved,State Environment Dept / MoEFCC,223.0,True
SIH26017-PRJ-000192,SIA Approval,True,2016-03-20,2016-05-19,Approved,District Collector,60.0,True
SIH26017-PRJ-000192,State Govt Approval,True,2016-04-26,2016-06-18,Approved,State Government,53.0,True
SIH26017-PRJ-000192,District Collector Approval,True,2016-03-07,2016-05-03,Approved,District Collector,57.0,False
SIH26017-PRJ-000192,Environmental Clearance,True,2016-06-04,2017-07-18,Approved,State Environment Dept / MoEFCC,409.0,True
SIH26017-PRJ-000193,SIA Approval,True,2022-05-30,2022-08-03,Approved,District Collector,65.0,True
SIH26017-PRJ-000193,State Govt Approval,True,2022-07-05,2022-09-22,Approved,State Government,79.0,True
SIH26017-PRJ-000193,District Collector Approval,True,2022-06-02,2022-06-25,Approved,District Collector,23.0,False
SIH26017-PRJ-000193,Environmental Clearance,True,2022-09-03,2023-05-03,Approved,State Environment Dept / MoEFCC,242.0,True
SIH26017-PRJ-000194,SIA Approval,True,2018-02-17,2018-06-02,Approved,District Collector,105.0,True
SIH26017-PRJ-000194,State Govt Approval,True,2018-02-09,2018-04-03,Approved,State Government,53.0,True
SIH26017-PRJ-000194,District Collector Approval,True,2018-02-04,2018-03-04,Approved,District Collector,28.0,False
SIH26017-PRJ-000194,Environmental Clearance,True,2018-04-08,2018-11-10,Approved,State Environment Dept / MoEFCC,216.0,True
SIH26017-PRJ-000195,SIA Approval,True,2017-07-25,2017-11-24,Approved,District Collector,122.0,True
SIH26017-PRJ-000195,State Govt Approval,True,2017-08-22,2017-10-14,Approved,State Government,53.0,True
SIH26017-PRJ-000195,District Collector Approval,True,2017-07-01,2017-08-01,Approved,District Collector,31.0,False
SIH26017-PRJ-000195,Environmental Clearance,True,2017-11-14,2018-06-08,Approved,State Environment Dept / MoEFCC,206.0,True
SIH26017-PRJ-000196,SIA Approval,True,2022-05-08,2022-07-25,Approved,District Collector,78.0,True
SIH26017-PRJ-000196,State Govt Approval,True,2022-04-25,2022-08-08,Approved,State Government,105.0,True
SIH26017-PRJ-000196,District Collector Approval,True,2022-04-19,2022-07-01,Approved,District Collector,73.0,False
SIH26017-PRJ-000196,Environmental Clearance,True,2022-05-15,2023-09-27,Approved,State Environment Dept / MoEFCC,500.0,True
SIH26017-PRJ-000196,Ministry Approval,True,2022-09-17,2023-05-10,Approved,Concerned Central Ministry,235.0,False
SIH26017-PRJ-000197,SIA Approval,True,2016-11-19,2017-03-15,Approved,District Collector,116.0,True
SIH26017-PRJ-000197,State Govt Approval,True,2016-12-22,2017-03-04,Approved,State Government,72.0,True
SIH26017-PRJ-000197,District Collector Approval,True,2016-11-19,2016-12-31,Approved,District Collector,42.0,False
SIH26017-PRJ-000197,Environmental Clearance,True,2017-01-27,2017-10-08,Approved,State Environment Dept / MoEFCC,254.0,True
SIH26017-PRJ-000198,SIA Approval,True,2021-06-12,2021-08-07,Approved,District Collector,56.0,True
SIH26017-PRJ-000198,State Govt Approval,True,2021-06-19,2021-08-04,Approved,State Government,46.0,True
SIH26017-PRJ-000198,District Collector Approval,True,2021-05-04,2021-05-28,Approved,District Collector,24.0,False
SIH26017-PRJ-000198,Environmental Clearance,True,2021-09-25,2022-03-13,Approved,State Environment Dept / MoEFCC,169.0,True
SIH26017-PRJ-000199,SIA Approval,True,2024-03-10,2024-07-19,Approved,District Collector,131.0,True
SIH26017-PRJ-000199,State Govt Approval,True,2024-02-28,2024-05-23,Approved,State Government,85.0,True
SIH26017-PRJ-000199,District Collector Approval,True,2024-02-27,2024-04-25,Approved,District Collector,58.0,False
SIH26017-PRJ-000199,Forest Clearance,True,2024-04-18,2025-11-03,Approved,State Forest Dept,564.0,True
SIH26017-PRJ-000199,Environmental Clearance,True,2024-03-16,2024-11-29,Approved,State Environment Dept / MoEFCC,258.0,True
SIH26017-PRJ-000200,SIA Approval,True,2021-07-17,2022-01-16,Approved,District Collector,183.0,True
SIH26017-PRJ-000200,State Govt Approval,True,2021-08-18,2021-10-28,Approved,State Government,71.0,True
SIH26017-PRJ-000200,District Collector Approval,True,2021-06-21,2021-07-24,Approved,District Collector,33.0,False
SIH26017-PRJ-000200,Forest Clearance,True,2021-10-11,2022-06-02,Approved,State Forest Dept,234.0,True
SIH26017-PRJ-000200,Environmental Clearance,True,2021-09-18,2022-04-26,Approved,State Environment Dept / MoEFCC,220.0,True
SIH26017-PRJ-000201,SIA Approval,True,2022-02-01,2022-04-27,Approved,District Collector,85.0,True
SIH26017-PRJ-000201,State Govt Approval,True,2022-01-25,2022-05-23,Approved,State Government,118.0,True
SIH26017-PRJ-000201,District Collector Approval,True,2021-12-24,2022-01-19,Approved,District Collector,26.0,False
SIH26017-PRJ-000201,Environmental Clearance,True,2022-05-23,2023-04-10,Approved,State Environment Dept / MoEFCC,322.0,True
SIH26017-PRJ-000202,SIA Approval,True,2022-07-24,2022-10-22,Approved,District Collector,90.0,True
SIH26017-PRJ-000202,State Govt Approval,True,2022-07-08,2022-09-02,Approved,State Government,56.0,True
SIH26017-PRJ-000202,District Collector Approval,True,2022-06-24,2022-08-04,Approved,District Collector,41.0,False
SIH26017-PRJ-000202,Environmental Clearance,True,2022-09-04,2023-04-09,Approved,State Environment Dept / MoEFCC,217.0,True
SIH26017-PRJ-000203,SIA Approval,True,2023-10-22,2024-03-14,Approved,District Collector,144.0,True
SIH26017-PRJ-000203,State Govt Approval,True,2023-10-04,2024-01-17,Approved,State Government,105.0,True
SIH26017-PRJ-000203,District Collector Approval,True,2023-10-20,2023-12-02,Approved,District Collector,43.0,False
SIH26017-PRJ-000203,Environmental Clearance,True,2024-02-24,2025-04-06,Approved,State Environment Dept / MoEFCC,407.0,True
SIH26017-PRJ-000204,SIA Approval,True,2020-09-22,,Rejected,District Collector,,True
SIH26017-PRJ-000204,State Govt Approval,True,2020-11-18,2021-01-18,Approved,State Government,61.0,True
SIH26017-PRJ-000204,District Collector Approval,True,2020-10-01,2020-11-07,Approved,District Collector,37.0,False
SIH26017-PRJ-000204,Environmental Clearance,True,2020-12-06,2021-06-22,Approved,State Environment Dept / MoEFCC,198.0,True
SIH26017-PRJ-000204,Ministry Approval,True,2021-03-12,2021-12-25,Approved,Concerned Central Ministry,288.0,False
SIH26017-PRJ-000205,SIA Approval,True,2024-02-06,2024-09-09,Approved,District Collector,216.0,True
SIH26017-PRJ-000205,State Govt Approval,True,2024-03-12,2024-05-17,Approved,State Government,66.0,True
SIH26017-PRJ-000205,District Collector Approval,True,2024-02-10,2024-03-08,Approved,District Collector,27.0,False
SIH26017-PRJ-000205,Environmental Clearance,True,2024-04-27,2024-11-25,Approved,State Environment Dept / MoEFCC,212.0,True
SIH26017-PRJ-000205,Ministry Approval,True,2024-07-10,2024-11-10,Approved,Concerned Central Ministry,123.0,False
SIH26017-PRJ-000206,SIA Approval,True,2019-04-23,2019-06-19,Approved,District Collector,57.0,True
SIH26017-PRJ-000206,State Govt Approval,True,2019-05-04,2019-07-22,Approved,State Government,79.0,True
SIH26017-PRJ-000206,District Collector Approval,True,2019-04-07,,Rejected,District Collector,,False
SIH26017-PRJ-000206,Environmental Clearance,True,2019-05-24,2020-11-13,Approved,State Environment Dept / MoEFCC,539.0,True
SIH26017-PRJ-000207,SIA Approval,True,2017-11-27,2018-02-02,Approved,District Collector,67.0,True
SIH26017-PRJ-000207,State Govt Approval,True,2017-11-22,2017-12-30,Approved,State Government,38.0,True
SIH26017-PRJ-000207,District Collector Approval,True,2017-11-17,2018-01-26,Approved,District Collector,70.0,False
SIH26017-PRJ-000207,Forest Clearance,True,2018-01-24,2018-12-20,Approved,State Forest Dept,330.0,True
SIH26017-PRJ-000207,Environmental Clearance,True,2018-02-20,2018-09-17,Approved,State Environment Dept / MoEFCC,209.0,True
SIH26017-PRJ-000208,SIA Approval,True,2022-09-29,2022-12-11,Approved,District Collector,73.0,True
SIH26017-PRJ-000208,State Govt Approval,True,2022-11-14,2023-02-05,Approved,State Government,83.0,True
SIH26017-PRJ-000208,District Collector Approval,True,2022-09-26,2022-11-01,Approved,District Collector,36.0,False
SIH26017-PRJ-000208,Environmental Clearance,True,2022-10-17,2023-05-23,Approved,State Environment Dept / MoEFCC,218.0,True
SIH26017-PRJ-000209,SIA Approval,True,2022-07-07,2022-11-10,Approved,District Collector,126.0,True
SIH26017-PRJ-000209,State Govt Approval,True,2022-07-01,2022-10-09,Approved,State Government,100.0,True
SIH26017-PRJ-000209,District Collector Approval,True,2022-06-14,2022-08-12,Approved,District Collector,59.0,False
SIH26017-PRJ-000209,Environmental Clearance,True,2022-09-06,2023-09-11,Approved,State Environment Dept / MoEFCC,370.0,True
SIH26017-PRJ-000210,SIA Approval,True,2018-02-20,2018-06-03,Approved,District Collector,103.0,True
SIH26017-PRJ-000210,State Govt Approval,True,2018-02-02,2018-05-08,Approved,State Government,95.0,True
SIH26017-PRJ-000210,District Collector Approval,True,2018-01-16,2018-03-13,Approved,District Collector,56.0,False
SIH26017-PRJ-000210,Environmental Clearance,True,2018-06-06,2019-08-25,Approved,State Environment Dept / MoEFCC,445.0,True
SIH26017-PRJ-000211,SIA Approval,True,2016-01-19,2016-03-19,Approved,District Collector,60.0,True
SIH26017-PRJ-000211,State Govt Approval,True,2016-02-08,2016-04-07,Approved,State Government,59.0,True
SIH26017-PRJ-000211,District Collector Approval,True,2016-01-07,2016-03-18,Approved,District Collector,71.0,False
SIH26017-PRJ-000211,Forest Clearance,True,2016-02-25,,Rejected,State Forest Dept,,True
SIH26017-PRJ-000211,Environmental Clearance,True,2016-05-28,2017-05-20,Approved,State Environment Dept / MoEFCC,357.0,True
SIH26017-PRJ-000211,Ministry Approval,True,2016-06-15,2017-02-01,Approved,Concerned Central Ministry,231.0,False
SIH26017-PRJ-000212,SIA Approval,True,2016-08-30,2016-11-01,Approved,District Collector,63.0,True
SIH26017-PRJ-000212,State Govt Approval,True,2016-08-19,2016-10-06,Approved,State Government,48.0,True
SIH26017-PRJ-000212,District Collector Approval,True,2016-08-12,2016-09-13,Approved,District Collector,32.0,False
SIH26017-PRJ-000212,Environmental Clearance,True,2016-11-06,2017-05-14,Approved,State Environment Dept / MoEFCC,189.0,True
SIH26017-PRJ-000213,SIA Approval,True,2020-08-02,2020-10-21,Approved,District Collector,80.0,True
SIH26017-PRJ-000213,State Govt Approval,True,2020-10-03,2020-10-31,Approved,State Government,28.0,True
SIH26017-PRJ-000213,District Collector Approval,True,2020-08-20,,Rejected,District Collector,,False
SIH26017-PRJ-000213,Environmental Clearance,True,2020-11-03,2021-12-18,Approved,State Environment Dept / MoEFCC,410.0,True
SIH26017-PRJ-000214,SIA Approval,True,2016-05-21,2016-08-30,Approved,District Collector,101.0,True
SIH26017-PRJ-000214,State Govt Approval,True,2016-07-25,2016-10-15,Approved,State Government,82.0,True
SIH26017-PRJ-000214,District Collector Approval,True,2016-05-17,2016-07-07,Approved,District Collector,51.0,False
SIH26017-PRJ-000214,Environmental Clearance,True,2016-09-06,2017-05-31,Approved,State Environment Dept / MoEFCC,267.0,True
SIH26017-PRJ-000214,Ministry Approval,True,2016-10-01,2017-06-25,Approved,Concerned Central Ministry,267.0,False
SIH26017-PRJ-000214,Defence NOC,True,2016-07-29,2016-11-17,Approved,Ministry of Defence,111.0,False
SIH26017-PRJ-000215,SIA Approval,True,2019-01-22,2019-06-05,Approved,District Collector,134.0,True
SIH26017-PRJ-000215,State Govt Approval,True,2019-03-09,2019-04-28,Approved,State Government,50.0,True
SIH26017-PRJ-000215,District Collector Approval,True,2019-01-18,2019-02-08,Approved,District Collector,21.0,False
SIH26017-PRJ-000215,Forest Clearance,True,2019-04-03,2020-03-21,Approved,State Forest Dept,353.0,True
SIH26017-PRJ-000215,Environmental Clearance,True,2019-04-22,2019-09-02,Approved,State Environment Dept / MoEFCC,133.0,True
SIH26017-PRJ-000216,SIA Approval,True,2021-05-06,2021-06-29,Approved,District Collector,54.0,True
SIH26017-PRJ-000216,State Govt Approval,True,2021-06-28,2021-09-16,Approved,State Government,80.0,True
SIH26017-PRJ-000216,District Collector Approval,True,2021-05-02,2021-06-11,Approved,District Collector,40.0,False
SIH26017-PRJ-000216,Environmental Clearance,True,2021-09-13,2022-08-20,Approved,State Environment Dept / MoEFCC,341.0,True
SIH26017-PRJ-000217,SIA Approval,True,2019-10-27,2020-01-31,Approved,District Collector,96.0,True
SIH26017-PRJ-000217,State Govt Approval,True,2019-11-16,2020-01-19,Approved,State Government,64.0,True
SIH26017-PRJ-000217,District Collector Approval,True,2019-11-23,2019-12-10,Approved,District Collector,17.0,False
SIH26017-PRJ-000217,Environmental Clearance,True,2020-01-12,,Rejected,State Environment Dept / MoEFCC,,True
SIH26017-PRJ-000218,SIA Approval,True,2018-10-01,2019-02-10,Approved,District Collector,132.0,True
SIH26017-PRJ-000218,State Govt Approval,True,2018-11-03,2019-02-23,Approved,State Government,112.0,True
SIH26017-PRJ-000218,District Collector Approval,True,2018-10-14,2018-11-18,Approved,District Collector,35.0,False
SIH26017-PRJ-000218,Environmental Clearance,True,2018-12-25,,Rejected,State Environment Dept / MoEFCC,,True
SIH26017-PRJ-000219,SIA Approval,True,2020-06-22,2020-08-05,Approved,District Collector,44.0,True
SIH26017-PRJ-000219,State Govt Approval,True,2020-08-06,2020-09-17,Approved,State Government,42.0,True
SIH26017-PRJ-000219,District Collector Approval,True,2020-06-19,2020-07-24,Approved,District Collector,35.0,False
SIH26017-PRJ-000219,Environmental Clearance,True,2020-11-01,,Rejected,State Environment Dept / MoEFCC,,True
SIH26017-PRJ-000220,SIA Approval,True,2019-06-01,2019-07-22,Approved,District Collector,51.0,True
SIH26017-PRJ-000220,State Govt Approval,True,2019-06-25,2019-08-10,Approved,State Government,46.0,True
SIH26017-PRJ-000220,District Collector Approval,True,2019-05-17,2019-06-18,Approved,District Collector,32.0,False
SIH26017-PRJ-000220,Environmental Clearance,True,2019-07-22,2020-04-01,Approved,State Environment Dept / MoEFCC,254.0,True
SIH26017-PRJ-000220,Ministry Approval,True,2019-10-24,2020-02-06,Approved,Concerned Central Ministry,105.0,False
SIH26017-PRJ-000221,SIA Approval,True,2023-08-10,2023-10-29,Approved,District Collector,80.0,True
SIH26017-PRJ-000221,State Govt Approval,True,2023-09-01,2023-10-13,Approved,State Government,42.0,True
SIH26017-PRJ-000221,District Collector Approval,True,2023-08-02,2023-09-23,Approved,District Collector,52.0,False
SIH26017-PRJ-000221,Environmental Clearance,True,2023-12-11,2024-09-22,Approved,State Environment Dept / MoEFCC,286.0,True
SIH26017-PRJ-000222,SIA Approval,True,2017-10-20,2017-12-24,Approved,District Collector,65.0,True
SIH26017-PRJ-000222,State Govt Approval,True,2017-11-05,2018-02-28,Approved,State Government,115.0,True
SIH26017-PRJ-000222,District Collector Approval,True,2017-10-11,2017-11-11,Approved,District Collector,31.0,False
SIH26017-PRJ-000222,Environmental Clearance,True,2018-02-01,2018-05-30,Approved,State Environment Dept / MoEFCC,118.0,True
SIH26017-PRJ-000222,Ministry Approval,True,2018-03-15,2018-10-30,Approved,Concerned Central Ministry,229.0,False
SIH26017-PRJ-000223,SIA Approval,True,2019-03-15,2019-07-23,Approved,District Collector,130.0,True
SIH26017-PRJ-000223,State Govt Approval,True,2019-05-12,2019-07-25,Approved,State Government,74.0,True
SIH26017-PRJ-000223,District Collector Approval,True,2019-04-01,2019-05-20,Approved,District Collector,49.0,False
SIH26017-PRJ-000223,Environmental Clearance,True,2019-07-21,2020-05-17,Approved,State Environment Dept / MoEFCC,301.0,True
SIH26017-PRJ-000224,SIA Approval,True,2018-02-17,2018-05-02,Approved,District Collector,74.0,True
SIH26017-PRJ-000224,State Govt Approval,True,2018-04-05,2018-06-09,Approved,State Government,65.0,True
SIH26017-PRJ-000224,District Collector Approval,True,2018-03-01,2018-04-03,Approved,District Collector,33.0,False
SIH26017-PRJ-000224,Environmental Clearance,True,2018-06-19,2019-01-11,Approved,State Environment Dept / MoEFCC,206.0,True
SIH26017-PRJ-000224,Ministry Approval,True,2018-07-26,2018-11-02,Approved,Concerned Central Ministry,99.0,False
SIH26017-PRJ-000224,Defence NOC,True,2018-05-03,2018-11-14,Approved,Ministry of Defence,195.0,False
SIH26017-PRJ-000225,SIA Approval,True,2016-10-07,2016-12-06,Approved,District Collector,60.0,True
SIH26017-PRJ-000225,State Govt Approval,True,2016-09-28,2016-11-21,Approved,State Government,54.0,True
SIH26017-PRJ-000225,District Collector Approval,True,2016-09-02,2016-09-28,Approved,District Collector,26.0,False
SIH26017-PRJ-000225,Environmental Clearance,True,2017-01-30,2017-11-09,Approved,State Environment Dept / MoEFCC,283.0,True
SIH26017-PRJ-000226,SIA Approval,True,2021-01-15,2021-07-13,Approved,District Collector,179.0,True
SIH26017-PRJ-000226,State Govt Approval,True,2021-02-19,2021-04-05,Approved,State Government,45.0,True
SIH26017-PRJ-000226,District Collector Approval,True,2021-02-04,2021-02-18,Approved,District Collector,14.0,False
SIH26017-PRJ-000226,Environmental Clearance,True,2021-05-22,2021-10-21,Approved,State Environment Dept / MoEFCC,152.0,True
SIH26017-PRJ-000226,Defence NOC,True,2021-05-18,2021-11-08,Approved,Ministry of Defence,174.0,False
SIH26017-PRJ-000227,SIA Approval,True,2021-05-05,2021-07-12,Approved,District Collector,68.0,True
SIH26017-PRJ-000227,State Govt Approval,True,2021-06-20,2021-08-13,Approved,State Government,54.0,True
SIH26017-PRJ-000227,District Collector Approval,True,2021-04-27,2021-06-02,Approved,District Collector,36.0,False
SIH26017-PRJ-000227,Environmental Clearance,True,2021-08-11,2022-12-25,Approved,State Environment Dept / MoEFCC,501.0,True
SIH26017-PRJ-000228,SIA Approval,True,2024-06-08,2024-09-19,Approved,District Collector,103.0,True
SIH26017-PRJ-000228,State Govt Approval,True,2024-06-30,2024-10-24,Approved,State Government,116.0,True
SIH26017-PRJ-000228,District Collector Approval,True,2024-05-18,2024-07-01,Approved,District Collector,44.0,False
SIH26017-PRJ-000228,Defence NOC,True,2024-09-20,2025-01-11,Approved,Ministry of Defence,113.0,False
SIH26017-PRJ-000229,SIA Approval,True,2021-03-10,2021-04-27,Approved,District Collector,48.0,True
SIH26017-PRJ-000229,State Govt Approval,True,2021-03-05,2021-06-01,Approved,State Government,88.0,True
SIH26017-PRJ-000229,District Collector Approval,True,2021-02-28,,Rejected,District Collector,,False
SIH26017-PRJ-000229,Environmental Clearance,True,2021-04-06,,Rejected,State Environment Dept / MoEFCC,,True
SIH26017-PRJ-000229,Ministry Approval,True,2021-06-04,2022-04-14,Approved,Concerned Central Ministry,314.0,False
SIH26017-PRJ-000230,SIA Approval,True,2017-08-23,2017-12-28,Approved,District Collector,127.0,True
SIH26017-PRJ-000230,State Govt Approval,True,2017-09-07,2017-10-26,Approved,State Government,49.0,True
SIH26017-PRJ-000230,District Collector Approval,True,2017-08-20,,Rejected,District Collector,,False
SIH26017-PRJ-000230,Environmental Clearance,True,2018-01-29,2018-09-08,Approved,State Environment Dept / MoEFCC,222.0,True
SIH26017-PRJ-000230,Ministry Approval,True,2018-01-11,2018-04-16,Approved,Concerned Central Ministry,95.0,False
SIH26017-PRJ-000231,SIA Approval,True,2018-01-01,2018-04-05,Approved,District Collector,94.0,True
SIH26017-PRJ-000231,State Govt Approval,True,2018-02-14,2018-05-01,Approved,State Government,76.0,True
SIH26017-PRJ-000231,District Collector Approval,True,2017-12-19,2018-01-27,Approved,District Collector,39.0,False
SIH26017-PRJ-000231,Forest Clearance,True,2018-05-19,2019-11-08,Approved,State Forest Dept,538.0,True
SIH26017-PRJ-000231,Wildlife Clearance,True,2018-04-05,2019-08-25,Approved,State Forest Dept,507.0,False
SIH26017-PRJ-000231,Environmental Clearance,True,2018-05-06,2019-06-20,Approved,State Environment Dept / MoEFCC,410.0,True
SIH26017-PRJ-000231,Ministry Approval,True,2018-04-17,2018-08-21,Approved,Concerned Central Ministry,126.0,False
SIH26017-PRJ-000232,SIA Approval,True,2021-04-25,2021-07-08,Approved,District Collector,74.0,True
SIH26017-PRJ-000232,State Govt Approval,True,2021-05-29,2021-08-20,Approved,State Government,83.0,True
SIH26017-PRJ-000232,District Collector Approval,True,2021-05-05,2021-05-31,Approved,District Collector,26.0,False
SIH26017-PRJ-000232,Environmental Clearance,True,2021-09-05,2022-04-09,Approved,State Environment Dept / MoEFCC,216.0,True
SIH26017-PRJ-000233,SIA Approval,True,2019-04-24,2019-06-14,Approved,District Collector,51.0,True
SIH26017-PRJ-000233,State Govt Approval,True,2019-06-03,2019-08-18,Approved,State Government,76.0,True
SIH26017-PRJ-000233,District Collector Approval,True,2019-04-03,2019-05-02,Approved,District Collector,29.0,False
SIH26017-PRJ-000233,Environmental Clearance,True,2019-08-27,2020-06-25,Approved,State Environment Dept / MoEFCC,303.0,True
SIH26017-PRJ-000233,Ministry Approval,True,2019-07-03,2019-12-09,Approved,Concerned Central Ministry,159.0,False
SIH26017-PRJ-000234,SIA Approval,True,2016-11-18,2017-03-11,Approved,District Collector,113.0,True
SIH26017-PRJ-000234,State Govt Approval,True,2017-01-18,2017-05-07,Approved,State Government,109.0,True
SIH26017-PRJ-000234,District Collector Approval,True,2016-11-12,2016-12-19,Approved,District Collector,37.0,False
SIH26017-PRJ-000234,Environmental Clearance,True,2017-03-21,2018-10-17,Approved,State Environment Dept / MoEFCC,575.0,True
SIH26017-PRJ-000235,SIA Approval,True,2018-02-18,2018-04-26,Approved,District Collector,67.0,True
SIH26017-PRJ-000235,State Govt Approval,True,2018-02-22,2018-04-25,Approved,State Government,62.0,True
SIH26017-PRJ-000235,District Collector Approval,True,2018-01-23,2018-03-05,Approved,District Collector,41.0,False
SIH26017-PRJ-000235,Environmental Clearance,True,2018-07-05,2019-01-21,Approved,State Environment Dept / MoEFCC,200.0,True
SIH26017-PRJ-000236,SIA Approval,True,2022-11-04,2023-03-12,Approved,District Collector,128.0,True
SIH26017-PRJ-000236,State Govt Approval,True,2022-11-10,2023-02-09,Approved,State Government,91.0,True
SIH26017-PRJ-000236,District Collector Approval,True,2022-11-24,2023-01-22,Approved,District Collector,59.0,False
SIH26017-PRJ-000236,Forest Clearance,True,2023-01-14,2024-02-29,Approved,State Forest Dept,411.0,True
SIH26017-PRJ-000236,Environmental Clearance,True,2023-02-17,,Rejected,State Environment Dept / MoEFCC,,True
SIH26017-PRJ-000237,SIA Approval,True,2015-06-21,2015-11-01,Approved,District Collector,133.0,True
SIH26017-PRJ-000237,State Govt Approval,True,2015-07-16,2015-10-27,Approved,State Government,103.0,True
SIH26017-PRJ-000237,District Collector Approval,True,2015-05-21,2015-08-13,Approved,District Collector,84.0,False
SIH26017-PRJ-000237,Forest Clearance,True,2015-08-01,2016-07-14,Approved,State Forest Dept,348.0,True
SIH26017-PRJ-000237,Wildlife Clearance,True,2015-07-30,2016-03-09,Approved,State Forest Dept,223.0,False
SIH26017-PRJ-000237,Environmental Clearance,True,2015-10-08,,Rejected,State Environment Dept / MoEFCC,,True
SIH26017-PRJ-000238,SIA Approval,True,2019-04-08,2019-08-02,Approved,District Collector,116.0,True
SIH26017-PRJ-000238,State Govt Approval,True,2019-04-05,2019-06-26,Approved,State Government,82.0,True
SIH26017-PRJ-000238,District Collector Approval,True,2019-04-27,2019-05-29,Approved,District Collector,32.0,False
SIH26017-PRJ-000238,Environmental Clearance,True,2019-08-08,2020-03-12,Approved,State Environment Dept / MoEFCC,217.0,True
SIH26017-PRJ-000239,SIA Approval,True,2021-02-09,2021-05-30,Approved,District Collector,110.0,True
SIH26017-PRJ-000239,State Govt Approval,True,2021-02-19,2021-04-16,Approved,State Government,56.0,True
SIH26017-PRJ-000239,District Collector Approval,True,2021-02-08,2021-03-16,Approved,District Collector,36.0,False
SIH26017-PRJ-000239,Forest Clearance,True,2021-03-22,2021-11-27,Approved,State Forest Dept,250.0,True
SIH26017-PRJ-000240,SIA Approval,True,2019-04-08,2019-07-24,Approved,District Collector,107.0,True
SIH26017-PRJ-000240,State Govt Approval,True,2019-05-08,2019-07-14,Approved,State Government,67.0,True
SIH26017-PRJ-000240,District Collector Approval,True,2019-03-24,2019-04-15,Approved,District Collector,22.0,False
SIH26017-PRJ-000240,Forest Clearance,True,2019-04-29,2019-11-15,Approved,State Forest Dept,200.0,True
SIH26017-PRJ-000240,Environmental Clearance,True,2019-06-07,2019-08-23,Approved,State Environment Dept / MoEFCC,77.0,True
SIH26017-PRJ-000241,SIA Approval,True,2019-04-27,2019-10-01,Approved,District Collector,157.0,True
SIH26017-PRJ-000241,State Govt Approval,True,2019-06-13,2019-07-27,Approved,State Government,44.0,True
SIH26017-PRJ-000241,District Collector Approval,True,2019-04-09,,Rejected,District Collector,,False
SIH26017-PRJ-000241,Environmental Clearance,True,2019-06-19,2020-02-18,Approved,State Environment Dept / MoEFCC,244.0,True
SIH26017-PRJ-000242,SIA Approval,True,2023-11-20,2024-03-28,Approved,District Collector,129.0,True
SIH26017-PRJ-000242,State Govt Approval,True,2023-12-17,2024-02-22,Approved,State Government,67.0,True
SIH26017-PRJ-000242,District Collector Approval,True,2023-10-23,2024-01-01,Approved,District Collector,70.0,False
SIH26017-PRJ-000242,Environmental Clearance,True,2024-03-02,2025-07-14,Approved,State Environment Dept / MoEFCC,499.0,True
SIH26017-PRJ-000243,SIA Approval,True,2023-03-01,2023-08-30,Approved,District Collector,182.0,True
SIH26017-PRJ-000243,State Govt Approval,True,2023-03-30,2023-08-02,Approved,State Government,125.0,True
SIH26017-PRJ-000243,District Collector Approval,True,2023-03-02,2023-05-04,Approved,District Collector,63.0,False
SIH26017-PRJ-000243,Environmental Clearance,True,2023-05-06,2023-10-14,Approved,State Environment Dept / MoEFCC,161.0,True
SIH26017-PRJ-000244,SIA Approval,True,2018-11-20,2019-03-04,Approved,District Collector,104.0,True
SIH26017-PRJ-000244,State Govt Approval,True,2018-12-07,2019-03-30,Approved,State Government,113.0,True
SIH26017-PRJ-000244,District Collector Approval,True,2018-11-21,2018-12-18,Approved,District Collector,27.0,False
SIH26017-PRJ-000244,Environmental Clearance,True,2019-02-07,2019-07-26,Approved,State Environment Dept / MoEFCC,169.0,True
SIH26017-PRJ-000245,SIA Approval,True,2019-07-11,2019-09-27,Approved,District Collector,78.0,True
SIH26017-PRJ-000245,State Govt Approval,True,2019-07-05,2019-09-16,Approved,State Government,73.0,True
SIH26017-PRJ-000245,District Collector Approval,True,2019-07-08,2019-08-23,Approved,District Collector,46.0,False
SIH26017-PRJ-000245,Forest Clearance,True,2019-11-20,2020-08-18,Approved,State Forest Dept,272.0,True
SIH26017-PRJ-000245,Environmental Clearance,True,2019-10-17,2020-06-10,Approved,State Environment Dept / MoEFCC,237.0,True
SIH26017-PRJ-000245,Ministry Approval,True,2019-11-02,2020-03-15,Approved,Concerned Central Ministry,134.0,False
SIH26017-PRJ-000246,SIA Approval,True,2018-11-03,2019-01-30,Approved,District Collector,88.0,True
SIH26017-PRJ-000246,State Govt Approval,True,2018-10-28,2019-01-07,Approved,State Government,71.0,True
SIH26017-PRJ-000246,District Collector Approval,True,2018-10-20,2018-12-07,Approved,District Collector,48.0,False
SIH26017-PRJ-000246,Environmental Clearance,True,2019-01-17,2019-07-11,Approved,State Environment Dept / MoEFCC,175.0,True
SIH26017-PRJ-000247,SIA Approval,True,2015-05-27,2015-11-27,Approved,District Collector,184.0,True
SIH26017-PRJ-000247,State Govt Approval,True,2015-05-29,2015-08-06,Approved,State Government,69.0,True
SIH26017-PRJ-000247,District Collector Approval,True,2015-05-14,2015-06-18,Approved,District Collector,35.0,False
SIH26017-PRJ-000248,SIA Approval,True,2016-12-17,2017-03-15,Approved,District Collector,88.0,True
SIH26017-PRJ-000248,State Govt Approval,True,2017-01-26,2017-03-30,Approved,State Government,63.0,True
SIH26017-PRJ-000248,District Collector Approval,True,2016-11-22,2017-01-03,Approved,District Collector,42.0,False
SIH26017-PRJ-000248,Forest Clearance,True,2017-04-20,2018-08-26,Approved,State Forest Dept,493.0,True
SIH26017-PRJ-000248,Environmental Clearance,True,2017-02-18,,Rejected,State Environment Dept / MoEFCC,,True
SIH26017-PRJ-000248,Ministry Approval,True,2017-04-01,2017-08-15,Approved,Concerned Central Ministry,136.0,False
SIH26017-PRJ-000249,SIA Approval,True,2020-08-15,2020-12-04,Approved,District Collector,111.0,True
SIH26017-PRJ-000249,State Govt Approval,True,2020-08-10,2020-10-03,Approved,State Government,54.0,True
SIH26017-PRJ-000249,District Collector Approval,True,2020-08-11,2020-09-11,Approved,District Collector,31.0,False
SIH26017-PRJ-000249,Environmental Clearance,True,2020-11-05,2021-03-23,Approved,State Environment Dept / MoEFCC,138.0,True
SIH26017-PRJ-000250,SIA Approval,True,2017-06-26,2017-09-24,Approved,District Collector,90.0,True
SIH26017-PRJ-000250,State Govt Approval,True,2017-07-12,2017-11-07,Approved,State Government,118.0,True
SIH26017-PRJ-000250,District Collector Approval,True,2017-06-06,2017-07-01,Approved,District Collector,25.0,False
SIH26017-PRJ-000250,Environmental Clearance,True,2017-08-11,2018-04-07,Approved,State Environment Dept / MoEFCC,239.0,True
SIH26017-PRJ-000251,SIA Approval,True,2016-01-19,,Rejected,District Collector,,True
SIH26017-PRJ-000251,State Govt Approval,True,2016-02-11,2016-04-17,Approved,State Government,66.0,True
SIH26017-PRJ-000251,District Collector Approval,True,2016-01-12,2016-02-02,Approved,District Collector,21.0,False
SIH26017-PRJ-000251,Environmental Clearance,True,2016-04-13,2016-12-03,Approved,State Environment Dept / MoEFCC,234.0,True
SIH26017-PRJ-000252,SIA Approval,True,2019-01-20,2019-08-05,Approved,District Collector,197.0,True
SIH26017-PRJ-000252,State Govt Approval,True,2019-02-12,2019-05-28,Approved,State Government,105.0,True
SIH26017-PRJ-000252,District Collector Approval,True,2019-01-18,2019-03-06,Approved,District Collector,47.0,False
SIH26017-PRJ-000252,Forest Clearance,True,2019-05-02,2019-11-26,Approved,State Forest Dept,208.0,True
SIH26017-PRJ-000252,Environmental Clearance,True,2019-03-29,2019-12-01,Approved,State Environment Dept / MoEFCC,247.0,True
SIH26017-PRJ-000253,SIA Approval,True,2015-09-12,2015-12-29,Approved,District Collector,108.0,True
SIH26017-PRJ-000253,State Govt Approval,True,2015-08-22,2015-11-09,Approved,State Government,79.0,True
SIH26017-PRJ-000253,District Collector Approval,True,2015-08-14,2015-09-07,Approved,District Collector,24.0,False
SIH26017-PRJ-000253,Environmental Clearance,True,2016-01-02,2016-11-04,Approved,State Environment Dept / MoEFCC,307.0,True
SIH26017-PRJ-000253,Ministry Approval,True,2015-12-13,2016-05-04,Approved,Concerned Central Ministry,143.0,False
SIH26017-PRJ-000254,SIA Approval,True,2018-01-26,2018-03-16,Approved,District Collector,49.0,True
SIH26017-PRJ-000254,State Govt Approval,True,2018-02-18,2018-04-17,Approved,State Government,58.0,True
SIH26017-PRJ-000254,District Collector Approval,True,2017-12-13,2018-01-17,Approved,District Collector,35.0,False
SIH26017-PRJ-000254,Environmental Clearance,True,2018-02-04,2019-01-24,Approved,State Environment Dept / MoEFCC,354.0,True
SIH26017-PRJ-000254,Ministry Approval,True,2018-04-22,2018-08-30,Approved,Concerned Central Ministry,130.0,False
SIH26017-PRJ-000254,Defence NOC,True,2018-04-23,2018-10-18,Approved,Ministry of Defence,178.0,False
SIH26017-PRJ-000255,SIA Approval,True,2019-11-21,,Rejected,District Collector,,True
SIH26017-PRJ-000255,State Govt Approval,True,2019-12-07,2020-01-25,Approved,State Government,49.0,True
SIH26017-PRJ-000255,District Collector Approval,True,2019-11-09,2019-12-06,Approved,District Collector,27.0,False
SIH26017-PRJ-000256,SIA Approval,True,2020-12-18,2021-04-12,Approved,District Collector,115.0,True
SIH26017-PRJ-000256,State Govt Approval,True,2021-01-13,2021-02-22,Approved,State Government,40.0,True
SIH26017-PRJ-000256,District Collector Approval,True,2020-12-18,2021-02-13,Approved,District Collector,57.0,False
SIH26017-PRJ-000256,Environmental Clearance,True,2021-01-10,2021-12-01,Approved,State Environment Dept / MoEFCC,325.0,True
SIH26017-PRJ-000256,Ministry Approval,True,2021-05-16,2021-10-03,Approved,Concerned Central Ministry,140.0,False
SIH26017-PRJ-000257,SIA Approval,True,2024-07-11,2024-09-08,Approved,District Collector,59.0,True
SIH26017-PRJ-000257,State Govt Approval,True,2024-07-07,2024-08-19,Approved,State Government,43.0,True
SIH26017-PRJ-000257,District Collector Approval,True,2024-05-23,2024-06-30,Approved,District Collector,38.0,False
SIH26017-PRJ-000257,Environmental Clearance,True,2024-07-31,2025-02-16,Approved,State Environment Dept / MoEFCC,200.0,True
SIH26017-PRJ-000258,SIA Approval,True,2016-09-03,2016-11-22,Approved,District Collector,80.0,True
SIH26017-PRJ-000258,State Govt Approval,True,2016-09-06,2016-10-26,Approved,State Government,50.0,True
SIH26017-PRJ-000258,District Collector Approval,True,2016-09-03,2016-10-10,Approved,District Collector,37.0,False
SIH26017-PRJ-000258,Environmental Clearance,True,2016-12-06,2017-09-29,Approved,State Environment Dept / MoEFCC,297.0,True
SIH26017-PRJ-000258,Ministry Approval,True,2016-12-14,2017-06-15,Approved,Concerned Central Ministry,183.0,False
SIH26017-PRJ-000259,SIA Approval,True,2015-02-06,2015-05-06,Approved,District Collector,89.0,True
SIH26017-PRJ-000259,State Govt Approval,True,2015-03-06,2015-04-22,Approved,State Government,47.0,True
SIH26017-PRJ-000259,District Collector Approval,True,2015-02-06,2015-04-06,Approved,District Collector,59.0,False
SIH26017-PRJ-000259,Environmental Clearance,True,2015-05-02,2016-06-29,Approved,State Environment Dept / MoEFCC,424.0,True
SIH26017-PRJ-000260,SIA Approval,True,2020-02-05,2020-04-06,Approved,District Collector,61.0,True
SIH26017-PRJ-000260,State Govt Approval,True,2020-01-15,2020-03-06,Approved,State Government,51.0,True
SIH26017-PRJ-000260,District Collector Approval,True,2020-01-26,2020-03-18,Approved,District Collector,52.0,False
SIH26017-PRJ-000260,Environmental Clearance,True,2020-04-08,2020-12-06,Approved,State Environment Dept / MoEFCC,242.0,True
SIH26017-PRJ-000260,Defence NOC,True,2020-04-02,2020-07-22,Approved,Ministry of Defence,111.0,False
SIH26017-PRJ-000261,SIA Approval,True,2015-12-22,2016-04-01,Approved,District Collector,101.0,True
SIH26017-PRJ-000261,State Govt Approval,True,2016-01-18,2016-04-09,Approved,State Government,82.0,True
SIH26017-PRJ-000261,District Collector Approval,True,2015-12-08,2016-01-16,Approved,District Collector,39.0,False
SIH26017-PRJ-000261,Environmental Clearance,True,2016-02-05,2016-07-25,Approved,State Environment Dept / MoEFCC,171.0,True
SIH26017-PRJ-000262,SIA Approval,True,2015-02-26,2015-05-30,Approved,District Collector,93.0,True
SIH26017-PRJ-000262,State Govt Approval,True,2015-04-16,2015-06-06,Approved,State Government,51.0,True
SIH26017-PRJ-000262,District Collector Approval,True,2015-03-15,2015-05-06,Approved,District Collector,52.0,False
SIH26017-PRJ-000262,Environmental Clearance,True,2015-04-20,2016-07-10,Approved,State Environment Dept / MoEFCC,447.0,True
SIH26017-PRJ-000263,SIA Approval,True,2021-02-23,2021-04-07,Approved,District Collector,43.0,True
SIH26017-PRJ-000263,State Govt Approval,True,2021-02-16,2021-05-01,Approved,State Government,74.0,True
SIH26017-PRJ-000263,District Collector Approval,True,2021-01-30,2021-03-24,Approved,District Collector,53.0,False
SIH26017-PRJ-000263,Environmental Clearance,True,2021-05-04,2021-10-16,Approved,State Environment Dept / MoEFCC,165.0,True
SIH26017-PRJ-000264,SIA Approval,True,2021-09-16,2022-03-03,Approved,District Collector,168.0,True
SIH26017-PRJ-000264,State Govt Approval,True,2021-10-19,2022-01-27,Approved,State Government,100.0,True
SIH26017-PRJ-000264,District Collector Approval,True,2021-08-18,2021-09-20,Approved,District Collector,33.0,False
SIH26017-PRJ-000264,Forest Clearance,True,2021-11-09,2022-08-24,Approved,State Forest Dept,288.0,True
SIH26017-PRJ-000264,Environmental Clearance,True,2021-12-22,2022-10-09,Approved,State Environment Dept / MoEFCC,291.0,True
SIH26017-PRJ-000264,Ministry Approval,True,2021-11-03,2022-05-25,Approved,Concerned Central Ministry,203.0,False
SIH26017-PRJ-000265,SIA Approval,True,2018-09-05,2018-12-20,Approved,District Collector,106.0,True
SIH26017-PRJ-000265,State Govt Approval,True,2018-09-26,,Rejected,State Government,,True
SIH26017-PRJ-000265,District Collector Approval,True,2018-09-02,2018-10-15,Approved,District Collector,43.0,False
SIH26017-PRJ-000265,Environmental Clearance,True,2018-10-27,2019-06-21,Approved,State Environment Dept / MoEFCC,237.0,True
SIH26017-PRJ-000266,SIA Approval,True,2024-09-12,2024-11-24,Approved,District Collector,73.0,True
SIH26017-PRJ-000266,State Govt Approval,True,2024-10-11,2024-12-05,Approved,State Government,55.0,True
SIH26017-PRJ-000266,District Collector Approval,True,2024-09-09,2024-09-22,Approved,District Collector,13.0,False
SIH26017-PRJ-000266,Environmental Clearance,True,2024-12-17,,Rejected,State Environment Dept / MoEFCC,,True
SIH26017-PRJ-000267,SIA Approval,True,2024-09-15,2025-01-22,Approved,District Collector,129.0,True
SIH26017-PRJ-000267,State Govt Approval,True,2024-09-12,2024-12-07,Approved,State Government,86.0,True
SIH26017-PRJ-000267,District Collector Approval,True,2024-08-01,2024-10-17,Approved,District Collector,77.0,False
SIH26017-PRJ-000267,Forest Clearance,True,2025-01-04,2025-10-02,Approved,State Forest Dept,271.0,True
SIH26017-PRJ-000267,Environmental Clearance,True,2025-01-04,2025-11-19,Approved,State Environment Dept / MoEFCC,319.0,True
SIH26017-PRJ-000267,Ministry Approval,True,2024-11-22,2025-08-01,Approved,Concerned Central Ministry,252.0,False
SIH26017-PRJ-000268,SIA Approval,True,2017-02-05,2017-04-18,Approved,District Collector,72.0,True
SIH26017-PRJ-000268,State Govt Approval,True,2017-03-14,2017-05-15,Approved,State Government,62.0,True
SIH26017-PRJ-000268,District Collector Approval,True,2017-01-16,2017-02-19,Approved,District Collector,34.0,False
SIH26017-PRJ-000268,Environmental Clearance,True,2017-06-10,2018-06-02,Approved,State Environment Dept / MoEFCC,357.0,True
SIH26017-PRJ-000268,Ministry Approval,True,2017-04-22,2017-07-15,Approved,Concerned Central Ministry,84.0,False
SIH26017-PRJ-000269,SIA Approval,True,2022-11-24,2023-04-17,Approved,District Collector,144.0,True
SIH26017-PRJ-000269,State Govt Approval,True,2023-01-04,,Rejected,State Government,,True
SIH26017-PRJ-000269,District Collector Approval,True,2022-11-06,2022-12-06,Approved,District Collector,30.0,False
SIH26017-PRJ-000269,Environmental Clearance,True,2023-02-01,2023-08-22,Approved,State Environment Dept / MoEFCC,202.0,True
SIH26017-PRJ-000270,SIA Approval,True,2021-08-27,2021-12-17,Approved,District Collector,112.0,True
SIH26017-PRJ-000270,State Govt Approval,True,2021-08-30,2021-11-07,Approved,State Government,69.0,True
SIH26017-PRJ-000270,District Collector Approval,True,2021-09-10,2021-10-25,Approved,District Collector,45.0,False
SIH26017-PRJ-000270,Environmental Clearance,True,2021-12-27,2022-09-03,Approved,State Environment Dept / MoEFCC,250.0,True
SIH26017-PRJ-000271,SIA Approval,True,2017-02-15,2017-05-19,Approved,District Collector,93.0,True
SIH26017-PRJ-000271,State Govt Approval,True,2017-04-12,2017-05-25,Approved,State Government,43.0,True
SIH26017-PRJ-000271,District Collector Approval,True,2017-02-20,2017-03-29,Approved,District Collector,37.0,False
SIH26017-PRJ-000271,Environmental Clearance,True,2017-03-28,2017-12-05,Approved,State Environment Dept / MoEFCC,252.0,True
SIH26017-PRJ-000272,SIA Approval,True,2018-04-17,2018-07-22,Approved,District Collector,96.0,True
SIH26017-PRJ-000272,State Govt Approval,True,2018-04-21,2018-06-28,Approved,State Government,68.0,True
SIH26017-PRJ-000272,District Collector Approval,True,2018-04-18,2018-06-02,Approved,District Collector,45.0,False
SIH26017-PRJ-000272,Environmental Clearance,True,2018-07-30,2019-01-17,Approved,State Environment Dept / MoEFCC,171.0,True
SIH26017-PRJ-000273,SIA Approval,True,2022-06-17,2022-08-21,Approved,District Collector,65.0,True
SIH26017-PRJ-000273,State Govt Approval,True,2022-08-01,2022-10-07,Approved,State Government,67.0,True
SIH26017-PRJ-000273,District Collector Approval,True,2022-06-18,2022-07-29,Approved,District Collector,41.0,False
SIH26017-PRJ-000273,Environmental Clearance,True,2022-10-17,2024-02-10,Approved,State Environment Dept / MoEFCC,481.0,True
SIH26017-PRJ-000274,SIA Approval,True,2017-04-16,2017-08-02,Approved,District Collector,108.0,True
SIH26017-PRJ-000274,State Govt Approval,True,2017-04-20,2017-10-03,Approved,State Government,166.0,True
SIH26017-PRJ-000274,District Collector Approval,True,2017-04-19,2017-05-31,Approved,District Collector,42.0,False
SIH26017-PRJ-000274,Environmental Clearance,True,2017-05-26,2018-08-17,Approved,State Environment Dept / MoEFCC,448.0,True
SIH26017-PRJ-000275,SIA Approval,True,2016-06-17,2016-10-15,Approved,District Collector,120.0,True
SIH26017-PRJ-000275,State Govt Approval,True,2016-08-09,2016-09-22,Approved,State Government,44.0,True
SIH26017-PRJ-000275,District Collector Approval,True,2016-06-22,2016-08-25,Approved,District Collector,64.0,False
SIH26017-PRJ-000275,Forest Clearance,True,2016-07-22,2018-01-11,Approved,State Forest Dept,538.0,True
SIH26017-PRJ-000275,Environmental Clearance,True,2016-09-22,2017-03-21,Approved,State Environment Dept / MoEFCC,180.0,True
SIH26017-PRJ-000276,SIA Approval,True,2021-05-18,2021-07-31,Approved,District Collector,74.0,True
SIH26017-PRJ-000276,State Govt Approval,True,2021-06-23,2021-09-02,Approved,State Government,71.0,True
SIH26017-PRJ-000276,District Collector Approval,True,2021-05-10,,Rejected,District Collector,,False
SIH26017-PRJ-000276,Environmental Clearance,True,2021-08-19,2022-04-17,Approved,State Environment Dept / MoEFCC,241.0,True
SIH26017-PRJ-000276,Ministry Approval,True,2021-08-22,2022-01-05,Approved,Concerned Central Ministry,136.0,False
SIH26017-PRJ-000277,SIA Approval,True,2022-10-21,2023-01-14,Approved,District Collector,85.0,True
SIH26017-PRJ-000277,State Govt Approval,True,2022-11-07,2022-12-10,Approved,State Government,33.0,True
SIH26017-PRJ-000277,District Collector Approval,True,2022-09-25,2022-11-04,Approved,District Collector,40.0,False
SIH26017-PRJ-000277,Forest Clearance,True,2022-12-31,2023-07-11,Approved,State Forest Dept,192.0,True
SIH26017-PRJ-000277,Wildlife Clearance,True,2022-12-18,2023-10-26,Approved,State Forest Dept,312.0,False
SIH26017-PRJ-000277,Environmental Clearance,True,2022-12-14,2023-10-05,Approved,State Environment Dept / MoEFCC,295.0,True
SIH26017-PRJ-000278,SIA Approval,True,2017-03-15,2017-04-22,Approved,District Collector,38.0,True
SIH26017-PRJ-000278,State Govt Approval,True,2017-03-26,2017-05-23,Approved,State Government,58.0,True
SIH26017-PRJ-000278,District Collector Approval,True,2017-03-20,2017-04-30,Approved,District Collector,41.0,False
SIH26017-PRJ-000278,Environmental Clearance,True,2017-06-08,2018-01-09,Approved,State Environment Dept / MoEFCC,215.0,True
SIH26017-PRJ-000279,SIA Approval,True,2017-07-06,2017-11-13,Approved,District Collector,130.0,True
SIH26017-PRJ-000279,State Govt Approval,True,2017-08-09,2017-09-24,Approved,State Government,46.0,True
SIH26017-PRJ-000279,District Collector Approval,True,2017-06-13,2017-07-23,Approved,District Collector,40.0,False
SIH26017-PRJ-000279,Environmental Clearance,True,2017-08-26,2018-02-15,Approved,State Environment Dept / MoEFCC,173.0,True
SIH26017-PRJ-000279,Ministry Approval,True,2017-11-30,2018-05-06,Approved,Concerned Central Ministry,157.0,False
SIH26017-PRJ-000280,SIA Approval,True,2021-02-21,2021-05-25,Approved,District Collector,93.0,True
SIH26017-PRJ-000280,State Govt Approval,True,2021-03-21,2021-05-16,Approved,State Government,56.0,True
SIH26017-PRJ-000280,District Collector Approval,True,2021-02-27,2021-03-17,Approved,District Collector,18.0,False
SIH26017-PRJ-000280,Environmental Clearance,True,2021-06-13,2022-01-22,Approved,State Environment Dept / MoEFCC,223.0,True
SIH26017-PRJ-000281,SIA Approval,True,2024-08-13,2024-11-19,Approved,District Collector,98.0,True
SIH26017-PRJ-000281,State Govt Approval,True,2024-08-04,2024-10-21,Approved,State Government,78.0,True
SIH26017-PRJ-000281,District Collector Approval,True,2024-07-19,2024-08-23,Approved,District Collector,35.0,False
SIH26017-PRJ-000281,Environmental Clearance,True,2024-11-17,2025-05-07,Approved,State Environment Dept / MoEFCC,171.0,True
SIH26017-PRJ-000282,SIA Approval,True,2020-08-28,2020-12-05,Approved,District Collector,99.0,True
SIH26017-PRJ-000282,State Govt Approval,True,2020-08-31,2020-10-15,Approved,State Government,45.0,True
SIH26017-PRJ-000282,District Collector Approval,True,2020-08-06,2020-08-28,Approved,District Collector,22.0,False
SIH26017-PRJ-000282,Forest Clearance,True,2020-11-13,2021-12-19,Approved,State Forest Dept,401.0,True
SIH26017-PRJ-000282,Environmental Clearance,True,2020-10-01,2021-06-14,Approved,State Environment Dept / MoEFCC,256.0,True
SIH26017-PRJ-000283,SIA Approval,True,2022-11-25,2023-02-13,Approved,District Collector,80.0,True
SIH26017-PRJ-000283,State Govt Approval,True,2022-12-21,2023-03-10,Approved,State Government,79.0,True
SIH26017-PRJ-000283,District Collector Approval,True,2022-11-06,2022-11-30,Approved,District Collector,24.0,False
SIH26017-PRJ-000283,Environmental Clearance,True,2023-01-30,2023-05-15,Approved,State Environment Dept / MoEFCC,105.0,True
SIH26017-PRJ-000284,SIA Approval,True,2018-11-02,2019-02-19,Approved,District Collector,109.0,True
SIH26017-PRJ-000284,State Govt Approval,True,2019-01-05,2019-02-22,Approved,State Government,48.0,True
SIH26017-PRJ-000284,District Collector Approval,True,2018-11-19,2018-12-14,Approved,District Collector,25.0,False
SIH26017-PRJ-000284,Environmental Clearance,True,2019-02-17,2019-12-22,Approved,State Environment Dept / MoEFCC,308.0,True
SIH26017-PRJ-000284,Ministry Approval,True,2019-02-03,2019-10-15,Approved,Concerned Central Ministry,254.0,False
SIH26017-PRJ-000285,SIA Approval,True,2023-05-26,2023-07-25,Approved,District Collector,60.0,True
SIH26017-PRJ-000285,State Govt Approval,True,2023-06-19,2023-09-11,Approved,State Government,84.0,True
SIH26017-PRJ-000285,District Collector Approval,True,2023-05-20,2023-06-04,Approved,District Collector,15.0,False
SIH26017-PRJ-000285,Environmental Clearance,True,2023-08-05,2024-03-13,Approved,State Environment Dept / MoEFCC,221.0,True
SIH26017-PRJ-000286,SIA Approval,True,2015-03-23,2015-05-27,Approved,District Collector,65.0,True
SIH26017-PRJ-000286,State Govt Approval,True,2015-04-22,2015-06-04,Approved,State Government,43.0,True
SIH26017-PRJ-000286,District Collector Approval,True,2015-03-17,2015-04-08,Approved,District Collector,22.0,False
SIH26017-PRJ-000286,Forest Clearance,True,2015-08-02,,Rejected,State Forest Dept,,True
SIH26017-PRJ-000286,Environmental Clearance,True,2015-08-19,2016-06-02,Approved,State Environment Dept / MoEFCC,288.0,True
SIH26017-PRJ-000286,Ministry Approval,True,2015-08-14,2016-01-08,Approved,Concerned Central Ministry,147.0,False
SIH26017-PRJ-000287,SIA Approval,True,2018-08-22,2018-10-31,Approved,District Collector,70.0,True
SIH26017-PRJ-000287,State Govt Approval,True,2018-09-02,2018-12-04,Approved,State Government,93.0,True
SIH26017-PRJ-000287,District Collector Approval,True,2018-09-03,2018-10-06,Approved,District Collector,33.0,False
SIH26017-PRJ-000287,Environmental Clearance,True,2019-01-11,,Rejected,State Environment Dept / MoEFCC,,True
SIH26017-PRJ-000287,Ministry Approval,True,2018-12-27,2019-04-19,Approved,Concerned Central Ministry,113.0,False
SIH26017-PRJ-000288,SIA Approval,True,2015-12-23,2016-05-05,Approved,District Collector,134.0,True
SIH26017-PRJ-000288,State Govt Approval,True,2015-12-22,2016-02-08,Approved,State Government,48.0,True
SIH26017-PRJ-000288,District Collector Approval,True,2016-01-10,2016-02-10,Approved,District Collector,31.0,False
SIH26017-PRJ-000288,Forest Clearance,True,2016-05-10,2016-12-21,Approved,State Forest Dept,225.0,True
SIH26017-PRJ-000288,Wildlife Clearance,True,2016-03-19,2017-01-05,Approved,State Forest Dept,292.0,False
SIH26017-PRJ-000288,Environmental Clearance,True,2016-02-03,2016-09-19,Approved,State Environment Dept / MoEFCC,229.0,True
SIH26017-PRJ-000289,SIA Approval,True,2019-05-20,2019-07-25,Approved,District Collector,66.0,True
SIH26017-PRJ-000289,State Govt Approval,True,2019-07-15,,Rejected,State Government,,True
SIH26017-PRJ-000289,District Collector Approval,True,2019-05-11,2019-06-12,Approved,District Collector,32.0,False
SIH26017-PRJ-000289,Environmental Clearance,True,2019-08-18,2020-06-27,Approved,State Environment Dept / MoEFCC,314.0,True
SIH26017-PRJ-000290,SIA Approval,True,2016-04-20,2016-06-14,Approved,District Collector,55.0,True
SIH26017-PRJ-000290,State Govt Approval,True,2016-04-28,2016-07-06,Approved,State Government,69.0,True
SIH26017-PRJ-000290,District Collector Approval,True,2016-04-11,2016-06-02,Approved,District Collector,52.0,False
SIH26017-PRJ-000290,Environmental Clearance,True,2016-07-17,2017-05-26,Approved,State Environment Dept / MoEFCC,313.0,True
SIH26017-PRJ-000291,SIA Approval,True,2016-09-02,2016-11-05,Approved,District Collector,64.0,True
SIH26017-PRJ-000291,State Govt Approval,True,2016-09-25,2016-11-13,Approved,State Government,49.0,True
SIH26017-PRJ-000291,District Collector Approval,True,2016-08-21,2016-09-15,Approved,District Collector,25.0,False
SIH26017-PRJ-000291,Environmental Clearance,True,2016-09-27,2017-09-13,Approved,State Environment Dept / MoEFCC,351.0,True
SIH26017-PRJ-000292,SIA Approval,True,2021-02-07,2021-06-24,Approved,District Collector,137.0,True
SIH26017-PRJ-000292,State Govt Approval,True,2021-02-03,2021-05-01,Approved,State Government,87.0,True
SIH26017-PRJ-000292,District Collector Approval,True,2021-01-10,2021-02-16,Approved,District Collector,37.0,False
SIH26017-PRJ-000292,Forest Clearance,True,2021-04-20,2022-01-07,Approved,State Forest Dept,262.0,True
SIH26017-PRJ-000292,Wildlife Clearance,True,2021-05-23,2023-02-19,Approved,State Forest Dept,637.0,False
SIH26017-PRJ-000292,Environmental Clearance,True,2021-04-06,2022-01-11,Approved,State Environment Dept / MoEFCC,280.0,True
SIH26017-PRJ-000292,Ministry Approval,True,2021-06-15,2021-10-05,Approved,Concerned Central Ministry,112.0,False
SIH26017-PRJ-000293,SIA Approval,True,2021-06-09,2021-09-30,Approved,District Collector,113.0,True
SIH26017-PRJ-000293,State Govt Approval,True,2021-07-06,2021-09-02,Approved,State Government,58.0,True
SIH26017-PRJ-000293,District Collector Approval,True,2021-05-25,2021-06-20,Approved,District Collector,26.0,False
SIH26017-PRJ-000293,Environmental Clearance,True,2021-09-19,2022-03-21,Approved,State Environment Dept / MoEFCC,183.0,True
SIH26017-PRJ-000293,Ministry Approval,True,2021-07-29,2022-01-06,Approved,Concerned Central Ministry,161.0,False
SIH26017-PRJ-000294,SIA Approval,True,2017-03-23,2017-05-10,Approved,District Collector,48.0,True
SIH26017-PRJ-000294,State Govt Approval,True,2017-04-01,2017-05-20,Approved,State Government,49.0,True
SIH26017-PRJ-000294,District Collector Approval,True,2017-03-11,2017-04-15,Approved,District Collector,35.0,False
SIH26017-PRJ-000294,Environmental Clearance,True,2017-05-30,2018-05-29,Approved,State Environment Dept / MoEFCC,364.0,True
SIH26017-PRJ-000295,SIA Approval,True,2022-04-18,2022-08-07,Approved,District Collector,111.0,True
SIH26017-PRJ-000295,State Govt Approval,True,2022-04-19,2022-05-25,Approved,State Government,36.0,True
SIH26017-PRJ-000295,District Collector Approval,True,2022-04-28,,Rejected,District Collector,,False
SIH26017-PRJ-000295,Environmental Clearance,True,2022-09-17,2023-08-28,Approved,State Environment Dept / MoEFCC,345.0,True
SIH26017-PRJ-000296,SIA Approval,True,2018-08-01,2018-10-22,Approved,District Collector,82.0,True
SIH26017-PRJ-000296,State Govt Approval,True,2018-08-14,2018-10-08,Approved,State Government,55.0,True
SIH26017-PRJ-000296,District Collector Approval,True,2018-07-16,2018-08-16,Approved,District Collector,31.0,False
SIH26017-PRJ-000296,Forest Clearance,True,2018-11-05,2019-06-29,Approved,State Forest Dept,236.0,True
SIH26017-PRJ-000296,Environmental Clearance,True,2018-11-16,2019-07-10,Approved,State Environment Dept / MoEFCC,236.0,True
SIH26017-PRJ-000297,SIA Approval,True,2021-05-07,2021-06-19,Approved,District Collector,43.0,True
SIH26017-PRJ-000297,State Govt Approval,True,2021-05-09,2021-07-16,Approved,State Government,68.0,True
SIH26017-PRJ-000297,District Collector Approval,True,2021-05-18,2021-06-21,Approved,District Collector,34.0,False
SIH26017-PRJ-000297,Environmental Clearance,True,2021-08-12,2022-01-31,Approved,State Environment Dept / MoEFCC,172.0,True
SIH26017-PRJ-000298,SIA Approval,True,2020-08-28,2020-10-21,Approved,District Collector,54.0,True
SIH26017-PRJ-000298,State Govt Approval,True,2020-09-07,2020-11-24,Approved,State Government,78.0,True
SIH26017-PRJ-000298,District Collector Approval,True,2020-08-19,2020-10-08,Approved,District Collector,50.0,False
SIH26017-PRJ-000298,Forest Clearance,True,2020-11-08,,Rejected,State Forest Dept,,True
SIH26017-PRJ-000298,Environmental Clearance,True,2020-12-16,2022-06-29,Approved,State Environment Dept / MoEFCC,560.0,True
SIH26017-PRJ-000298,Defence NOC,True,2020-11-10,2021-03-02,Approved,Ministry of Defence,112.0,False
SIH26017-PRJ-000299,SIA Approval,True,2021-01-11,2021-04-19,Approved,District Collector,98.0,True
SIH26017-PRJ-000299,State Govt Approval,True,2021-01-11,2021-05-10,Approved,State Government,119.0,True
SIH26017-PRJ-000299,District Collector Approval,True,2020-12-24,2021-01-23,Approved,District Collector,30.0,False
SIH26017-PRJ-000299,Environmental Clearance,True,2021-02-18,2022-02-05,Approved,State Environment Dept / MoEFCC,352.0,True
SIH26017-PRJ-000300,SIA Approval,True,2015-11-18,2016-03-01,Approved,District Collector,104.0,True
SIH26017-PRJ-000300,State Govt Approval,True,2015-11-10,2016-01-29,Approved,State Government,80.0,True
SIH26017-PRJ-000300,District Collector Approval,True,2015-11-10,2015-12-11,Approved,District Collector,31.0,False
SIH26017-PRJ-000300,Environmental Clearance,True,2016-04-06,2016-08-16,Approved,State Environment Dept / MoEFCC,132.0,True
SIH26017-PRJ-000301,SIA Approval,True,2018-02-19,2018-04-20,Approved,District Collector,60.0,True
SIH26017-PRJ-000301,State Govt Approval,True,2018-04-03,2018-05-11,Approved,State Government,38.0,True
SIH26017-PRJ-000301,District Collector Approval,True,2018-02-14,2018-04-08,Approved,District Collector,53.0,False
SIH26017-PRJ-000301,Environmental Clearance,True,2018-04-16,2019-02-06,Approved,State Environment Dept / MoEFCC,296.0,True
SIH26017-PRJ-000302,SIA Approval,True,2019-02-15,2019-06-27,Approved,District Collector,132.0,True
SIH26017-PRJ-000302,State Govt Approval,True,2019-01-30,2019-03-07,Approved,State Government,36.0,True
SIH26017-PRJ-000302,District Collector Approval,True,2019-01-05,2019-01-24,Approved,District Collector,19.0,False
SIH26017-PRJ-000302,Environmental Clearance,True,2019-03-19,2019-07-20,Approved,State Environment Dept / MoEFCC,123.0,True
SIH26017-PRJ-000302,Ministry Approval,True,2019-04-02,2019-08-27,Approved,Concerned Central Ministry,147.0,False
SIH26017-PRJ-000303,SIA Approval,True,2022-07-04,2022-10-07,Approved,District Collector,95.0,True
SIH26017-PRJ-000303,State Govt Approval,True,2022-06-14,2022-09-12,Approved,State Government,90.0,True
SIH26017-PRJ-000303,District Collector Approval,True,2022-06-03,2022-07-25,Approved,District Collector,52.0,False
SIH26017-PRJ-000303,Environmental Clearance,True,2022-08-27,,Rejected,State Environment Dept / MoEFCC,,True
SIH26017-PRJ-000304,SIA Approval,True,2021-12-12,2022-01-23,Approved,District Collector,42.0,True
SIH26017-PRJ-000304,State Govt Approval,True,2022-01-08,2022-02-17,Approved,State Government,40.0,True
SIH26017-PRJ-000304,District Collector Approval,True,2021-11-11,2021-11-29,Approved,District Collector,18.0,False
SIH26017-PRJ-000304,Environmental Clearance,True,2022-01-23,2022-07-19,Approved,State Environment Dept / MoEFCC,177.0,True
SIH26017-PRJ-000305,SIA Approval,True,2020-09-04,2020-12-07,Approved,District Collector,94.0,True
SIH26017-PRJ-000305,State Govt Approval,True,2020-10-23,2020-12-28,Approved,State Government,66.0,True
SIH26017-PRJ-000305,District Collector Approval,True,2020-08-05,2020-10-01,Approved,District Collector,57.0,False
SIH26017-PRJ-000305,Environmental Clearance,True,2020-12-09,2022-03-12,Approved,State Environment Dept / MoEFCC,458.0,True
SIH26017-PRJ-000305,Ministry Approval,True,2020-11-22,2021-07-06,Approved,Concerned Central Ministry,226.0,False
SIH26017-PRJ-000306,SIA Approval,True,2020-01-17,2020-04-20,Approved,District Collector,94.0,True
SIH26017-PRJ-000306,State Govt Approval,True,2020-02-17,2020-04-04,Approved,State Government,47.0,True
SIH26017-PRJ-000306,District Collector Approval,True,2020-01-15,2020-02-20,Approved,District Collector,36.0,False
SIH26017-PRJ-000306,Environmental Clearance,True,2020-05-22,2020-11-20,Approved,State Environment Dept / MoEFCC,182.0,True
SIH26017-PRJ-000307,SIA Approval,True,2018-04-29,2018-07-29,Approved,District Collector,91.0,True
SIH26017-PRJ-000307,State Govt Approval,True,2018-05-29,2018-07-09,Approved,State Government,41.0,True
SIH26017-PRJ-000307,District Collector Approval,True,2018-04-13,2018-05-13,Approved,District Collector,30.0,False
SIH26017-PRJ-000307,Forest Clearance,True,2018-06-12,2019-01-05,Approved,State Forest Dept,207.0,True
SIH26017-PRJ-000307,Environmental Clearance,True,2018-08-15,2019-05-28,Approved,State Environment Dept / MoEFCC,286.0,True
SIH26017-PRJ-000308,SIA Approval,True,2020-11-11,2021-04-07,Approved,District Collector,147.0,True
SIH26017-PRJ-000308,State Govt Approval,True,2020-11-24,2021-01-04,Approved,State Government,41.0,True
SIH26017-PRJ-000308,District Collector Approval,True,2020-11-03,2020-12-16,Approved,District Collector,43.0,False
SIH26017-PRJ-000308,Environmental Clearance,True,2021-02-14,2021-09-10,Approved,State Environment Dept / MoEFCC,208.0,True
SIH26017-PRJ-000308,Ministry Approval,True,2021-03-04,2021-09-03,Approved,Concerned Central Ministry,183.0,False
SIH26017-PRJ-000309,SIA Approval,True,2020-01-09,2020-04-10,Approved,District Collector,92.0,True
SIH26017-PRJ-000309,State Govt Approval,True,2020-02-08,2020-04-08,Approved,State Government,60.0,True
SIH26017-PRJ-000309,District Collector Approval,True,2019-12-20,2020-01-12,Approved,District Collector,23.0,False
SIH26017-PRJ-000309,Environmental Clearance,True,2020-05-22,2021-01-29,Approved,State Environment Dept / MoEFCC,252.0,True
SIH26017-PRJ-000310,SIA Approval,True,2016-09-29,2016-12-15,Approved,District Collector,77.0,True
SIH26017-PRJ-000310,State Govt Approval,True,2016-10-17,2017-02-03,Approved,State Government,109.0,True
SIH26017-PRJ-000310,District Collector Approval,True,2016-09-18,2016-10-29,Approved,District Collector,41.0,False
SIH26017-PRJ-000310,Environmental Clearance,True,2017-01-22,2017-08-31,Approved,State Environment Dept / MoEFCC,221.0,True
SIH26017-PRJ-000310,Ministry Approval,True,2016-12-27,2017-10-30,Approved,Concerned Central Ministry,307.0,False
SIH26017-PRJ-000311,SIA Approval,True,2022-07-14,2022-11-23,Approved,District Collector,132.0,True
SIH26017-PRJ-000311,State Govt Approval,True,2022-09-20,2022-10-28,Approved,State Government,38.0,True
SIH26017-PRJ-000311,District Collector Approval,True,2022-07-08,2022-08-23,Approved,District Collector,46.0,False
SIH26017-PRJ-000311,Environmental Clearance,True,2022-09-03,2023-03-15,Approved,State Environment Dept / MoEFCC,193.0,True
SIH26017-PRJ-000312,SIA Approval,True,2019-08-11,2019-12-03,Approved,District Collector,114.0,True
SIH26017-PRJ-000312,State Govt Approval,True,2019-07-28,2019-12-28,Approved,State Government,153.0,True
SIH26017-PRJ-000312,District Collector Approval,True,2019-07-30,2019-08-28,Approved,District Collector,29.0,False
SIH26017-PRJ-000312,Forest Clearance,True,2019-09-15,2020-06-04,Approved,State Forest Dept,263.0,True
SIH26017-PRJ-000312,Wildlife Clearance,True,2019-10-22,2021-01-28,Approved,State Forest Dept,464.0,False
SIH26017-PRJ-000312,Environmental Clearance,True,2019-10-05,2020-09-18,Approved,State Environment Dept / MoEFCC,349.0,True
SIH26017-PRJ-000313,SIA Approval,True,2024-03-18,2024-07-17,Approved,District Collector,121.0,True
SIH26017-PRJ-000313,State Govt Approval,True,2024-03-05,,Rejected,State Government,,True
SIH26017-PRJ-000313,District Collector Approval,True,2024-02-21,2024-03-25,Approved,District Collector,33.0,False
SIH26017-PRJ-000313,Environmental Clearance,True,2024-04-17,2025-06-15,Approved,State Environment Dept / MoEFCC,424.0,True
SIH26017-PRJ-000314,SIA Approval,True,2024-10-28,2025-01-15,Approved,District Collector,79.0,True
SIH26017-PRJ-000314,State Govt Approval,True,2024-12-13,2025-02-14,Approved,State Government,63.0,True
SIH26017-PRJ-000314,District Collector Approval,True,2024-11-01,2024-11-30,Approved,District Collector,29.0,False
SIH26017-PRJ-000314,Environmental Clearance,True,2024-12-12,2025-12-29,Approved,State Environment Dept / MoEFCC,382.0,True
SIH26017-PRJ-000314,Ministry Approval,True,2025-01-12,2025-07-04,Approved,Concerned Central Ministry,173.0,False
SIH26017-PRJ-000315,SIA Approval,True,2017-08-15,2018-01-01,Approved,District Collector,139.0,True
SIH26017-PRJ-000315,State Govt Approval,True,2017-09-29,2017-11-13,Approved,State Government,45.0,True
SIH26017-PRJ-000315,District Collector Approval,True,2017-07-22,2017-09-06,Approved,District Collector,46.0,False
SIH26017-PRJ-000316,SIA Approval,True,2020-05-14,2020-07-09,Approved,District Collector,56.0,True
SIH26017-PRJ-000316,State Govt Approval,True,2020-04-23,2020-07-07,Approved,State Government,75.0,True
SIH26017-PRJ-000316,District Collector Approval,True,2020-03-31,2020-05-11,Approved,District Collector,41.0,False
SIH26017-PRJ-000316,Forest Clearance,True,2020-08-21,2021-07-09,Approved,State Forest Dept,322.0,True
SIH26017-PRJ-000316,Environmental Clearance,True,2020-08-28,2021-05-16,Approved,State Environment Dept / MoEFCC,261.0,True
SIH26017-PRJ-000317,SIA Approval,True,2015-10-23,2016-02-04,Approved,District Collector,104.0,True
SIH26017-PRJ-000317,State Govt Approval,True,2015-11-22,2016-01-02,Approved,State Government,41.0,True
SIH26017-PRJ-000317,District Collector Approval,True,2015-10-24,2015-11-30,Approved,District Collector,37.0,False
SIH26017-PRJ-000317,Environmental Clearance,True,2015-12-30,2016-09-04,Approved,State Environment Dept / MoEFCC,249.0,True
SIH26017-PRJ-000318,SIA Approval,True,2023-08-10,2023-11-18,Approved,District Collector,100.0,True
SIH26017-PRJ-000318,State Govt Approval,True,2023-08-20,2023-10-30,Approved,State Government,71.0,True
SIH26017-PRJ-000318,District Collector Approval,True,2023-07-16,2023-08-19,Approved,District Collector,34.0,False
SIH26017-PRJ-000318,Environmental Clearance,True,2023-11-22,2024-06-24,Approved,State Environment Dept / MoEFCC,215.0,True
SIH26017-PRJ-000318,Ministry Approval,True,2023-11-16,2024-05-01,Approved,Concerned Central Ministry,167.0,False
SIH26017-PRJ-000319,SIA Approval,True,2019-04-09,2019-06-15,Approved,District Collector,67.0,True
SIH26017-PRJ-000319,State Govt Approval,True,2019-03-28,2019-06-13,Approved,State Government,77.0,True
SIH26017-PRJ-000319,District Collector Approval,True,2019-03-21,2019-04-19,Approved,District Collector,29.0,False
SIH26017-PRJ-000319,Environmental Clearance,True,2019-07-21,2019-11-04,Approved,State Environment Dept / MoEFCC,106.0,True
SIH26017-PRJ-000320,SIA Approval,True,2019-07-17,2019-10-11,Approved,District Collector,86.0,True
SIH26017-PRJ-000320,State Govt Approval,True,2019-08-22,2019-10-29,Approved,State Government,68.0,True
SIH26017-PRJ-000320,District Collector Approval,True,2019-07-29,2019-09-03,Approved,District Collector,36.0,False
SIH26017-PRJ-000320,Environmental Clearance,True,2019-12-02,2020-10-05,Approved,State Environment Dept / MoEFCC,308.0,True
SIH26017-PRJ-000320,Ministry Approval,True,2019-12-28,2020-04-17,Approved,Concerned Central Ministry,111.0,False
SIH26017-PRJ-000321,SIA Approval,True,2022-05-29,2022-08-04,Approved,District Collector,67.0,True
SIH26017-PRJ-000321,State Govt Approval,True,2022-05-27,2022-07-28,Approved,State Government,62.0,True
SIH26017-PRJ-000321,District Collector Approval,True,2022-05-17,2022-06-29,Approved,District Collector,43.0,False
SIH26017-PRJ-000321,Environmental Clearance,True,2022-07-05,,Rejected,State Environment Dept / MoEFCC,,True
SIH26017-PRJ-000321,Ministry Approval,True,2022-11-16,2023-03-20,Approved,Concerned Central Ministry,124.0,False
SIH26017-PRJ-000322,SIA Approval,True,2021-05-04,,Rejected,District Collector,,True
SIH26017-PRJ-000322,State Govt Approval,True,2021-05-17,2021-08-15,Approved,State Government,90.0,True
SIH26017-PRJ-000322,District Collector Approval,True,2021-04-20,2021-06-07,Approved,District Collector,48.0,False
SIH26017-PRJ-000322,Environmental Clearance,True,2021-08-08,2022-06-06,Approved,State Environment Dept / MoEFCC,302.0,True
SIH26017-PRJ-000322,Ministry Approval,True,2021-07-09,2021-12-04,Approved,Concerned Central Ministry,148.0,False
SIH26017-PRJ-000323,SIA Approval,True,2019-03-26,2019-07-21,Approved,District Collector,117.0,True
SIH26017-PRJ-000323,State Govt Approval,True,2019-04-10,,Rejected,State Government,,True
SIH26017-PRJ-000323,District Collector Approval,True,2019-04-13,2019-05-24,Approved,District Collector,41.0,False
SIH26017-PRJ-000323,Forest Clearance,True,2019-08-10,2022-01-20,Approved,State Forest Dept,894.0,True
SIH26017-PRJ-000323,Environmental Clearance,True,2019-06-03,2020-05-13,Approved,State Environment Dept / MoEFCC,345.0,True
SIH26017-PRJ-000324,SIA Approval,True,2021-12-08,2022-02-13,Approved,District Collector,67.0,True
SIH26017-PRJ-000324,State Govt Approval,True,2021-11-28,2022-01-25,Approved,State Government,58.0,True
SIH26017-PRJ-000324,District Collector Approval,True,2021-10-31,2021-11-30,Approved,District Collector,30.0,False
SIH26017-PRJ-000324,Forest Clearance,True,2022-02-07,2022-09-06,Approved,State Forest Dept,211.0,True
SIH26017-PRJ-000324,Environmental Clearance,True,2022-01-12,2022-10-18,Approved,State Environment Dept / MoEFCC,279.0,True
SIH26017-PRJ-000324,Ministry Approval,True,2022-03-29,2022-12-10,Approved,Concerned Central Ministry,256.0,False
SIH26017-PRJ-000325,SIA Approval,True,2024-10-26,2025-01-16,Approved,District Collector,82.0,True
SIH26017-PRJ-000325,State Govt Approval,True,2024-11-09,2025-01-28,Approved,State Government,80.0,True
SIH26017-PRJ-000325,District Collector Approval,True,2024-10-22,2024-11-20,Approved,District Collector,29.0,False
SIH26017-PRJ-000325,Environmental Clearance,True,2025-02-06,2025-09-06,Approved,State Environment Dept / MoEFCC,212.0,True
SIH26017-PRJ-000326,SIA Approval,True,2018-01-08,2018-04-13,Approved,District Collector,95.0,True
SIH26017-PRJ-000326,State Govt Approval,True,2018-01-29,2018-03-30,Approved,State Government,60.0,True
SIH26017-PRJ-000326,District Collector Approval,True,2017-12-22,2018-01-29,Approved,District Collector,38.0,False
SIH26017-PRJ-000326,Environmental Clearance,True,2018-04-05,2019-06-06,Approved,State Environment Dept / MoEFCC,427.0,True
SIH26017-PRJ-000327,SIA Approval,True,2023-11-22,2024-02-15,Approved,District Collector,85.0,True
SIH26017-PRJ-000327,State Govt Approval,True,2023-11-04,2024-01-13,Approved,State Government,70.0,True
SIH26017-PRJ-000327,District Collector Approval,True,2023-11-02,2023-11-29,Approved,District Collector,27.0,False
SIH26017-PRJ-000327,Forest Clearance,True,2024-03-07,2024-07-16,Approved,State Forest Dept,131.0,True
SIH26017-PRJ-000327,Environmental Clearance,True,2024-03-17,2024-07-05,Approved,State Environment Dept / MoEFCC,110.0,True
SIH26017-PRJ-000327,Ministry Approval,True,2024-02-10,2024-04-27,Approved,Concerned Central Ministry,77.0,False
SIH26017-PRJ-000328,SIA Approval,True,2019-05-20,2019-09-15,Approved,District Collector,118.0,True
SIH26017-PRJ-000328,State Govt Approval,True,2019-07-01,,Rejected,State Government,,True
SIH26017-PRJ-000328,District Collector Approval,True,2019-05-21,2019-07-09,Approved,District Collector,49.0,False
SIH26017-PRJ-000328,Environmental Clearance,True,2019-07-10,2020-02-29,Approved,State Environment Dept / MoEFCC,234.0,True
SIH26017-PRJ-000328,Defence NOC,True,2019-07-28,2020-04-06,Approved,Ministry of Defence,253.0,False
SIH26017-PRJ-000329,SIA Approval,True,2020-06-25,2020-10-02,Approved,District Collector,99.0,True
SIH26017-PRJ-000329,State Govt Approval,True,2020-06-23,2020-08-29,Approved,State Government,67.0,True
SIH26017-PRJ-000329,District Collector Approval,True,2020-07-06,2020-08-05,Approved,District Collector,30.0,False
SIH26017-PRJ-000329,Forest Clearance,True,2020-08-03,2021-04-03,Approved,State Forest Dept,243.0,True
SIH26017-PRJ-000329,Environmental Clearance,True,2020-09-16,2021-07-28,Approved,State Environment Dept / MoEFCC,315.0,True
SIH26017-PRJ-000330,SIA Approval,True,2020-05-09,2020-08-21,Approved,District Collector,104.0,True
SIH26017-PRJ-000330,State Govt Approval,True,2020-05-12,2020-07-03,Approved,State Government,52.0,True
SIH26017-PRJ-000330,District Collector Approval,True,2020-05-09,2020-06-04,Approved,District Collector,26.0,False
SIH26017-PRJ-000330,Environmental Clearance,True,2020-07-08,2021-05-23,Approved,State Environment Dept / MoEFCC,319.0,True
SIH26017-PRJ-000330,Ministry Approval,True,2020-09-09,2021-04-05,Approved,Concerned Central Ministry,208.0,False
SIH26017-PRJ-000331,SIA Approval,True,2015-09-02,2015-11-20,Approved,District Collector,79.0,True
SIH26017-PRJ-000331,State Govt Approval,True,2015-08-06,2015-09-20,Approved,State Government,45.0,True
SIH26017-PRJ-000331,District Collector Approval,True,2015-08-07,2015-10-02,Approved,District Collector,56.0,False
SIH26017-PRJ-000331,Environmental Clearance,True,2015-09-08,2016-07-03,Approved,State Environment Dept / MoEFCC,299.0,True
SIH26017-PRJ-000331,Ministry Approval,True,2015-10-21,2016-02-17,Approved,Concerned Central Ministry,119.0,False
SIH26017-PRJ-000332,SIA Approval,True,2022-11-24,2023-02-12,Approved,District Collector,80.0,True
SIH26017-PRJ-000332,State Govt Approval,True,2022-12-28,2023-02-12,Approved,State Government,46.0,True
SIH26017-PRJ-000332,District Collector Approval,True,2022-10-24,2022-11-18,Approved,District Collector,25.0,False
SIH26017-PRJ-000333,SIA Approval,True,2018-06-27,2018-11-03,Approved,District Collector,129.0,True
SIH26017-PRJ-000333,State Govt Approval,True,2018-06-29,2018-10-14,Approved,State Government,107.0,True
SIH26017-PRJ-000333,District Collector Approval,True,2018-05-31,2018-08-23,Approved,District Collector,84.0,False
SIH26017-PRJ-000333,Forest Clearance,True,2018-08-16,2019-10-29,Approved,State Forest Dept,439.0,True
SIH26017-PRJ-000333,Environmental Clearance,True,2018-10-04,2019-04-26,Approved,State Environment Dept / MoEFCC,204.0,True
SIH26017-PRJ-000333,Ministry Approval,True,2018-10-09,2019-02-23,Approved,Concerned Central Ministry,137.0,False
SIH26017-PRJ-000334,SIA Approval,True,2022-08-11,2022-11-09,Approved,District Collector,90.0,True
SIH26017-PRJ-000334,State Govt Approval,True,2022-08-22,2022-10-29,Approved,State Government,68.0,True
SIH26017-PRJ-000334,District Collector Approval,True,2022-07-10,2022-07-31,Approved,District Collector,21.0,False
SIH26017-PRJ-000334,Forest Clearance,True,2022-11-05,2023-06-28,Approved,State Forest Dept,235.0,True
SIH26017-PRJ-000334,Environmental Clearance,True,2022-10-11,2023-06-13,Approved,State Environment Dept / MoEFCC,245.0,True
SIH26017-PRJ-000334,Ministry Approval,True,2022-09-30,2023-03-18,Approved,Concerned Central Ministry,169.0,False
SIH26017-PRJ-000335,SIA Approval,True,2022-09-20,2022-12-09,Approved,District Collector,80.0,True
SIH26017-PRJ-000335,State Govt Approval,True,2022-08-22,2022-11-16,Approved,State Government,86.0,True
SIH26017-PRJ-000335,District Collector Approval,True,2022-09-07,2022-10-28,Approved,District Collector,51.0,False
SIH26017-PRJ-000335,Environmental Clearance,True,2023-01-24,2023-06-30,Approved,State Environment Dept / MoEFCC,157.0,True
SIH26017-PRJ-000335,Ministry Approval,True,2023-01-22,2023-09-12,Approved,Concerned Central Ministry,233.0,False
SIH26017-PRJ-000336,SIA Approval,True,2019-10-11,2019-11-27,Approved,District Collector,47.0,True
SIH26017-PRJ-000336,State Govt Approval,True,2019-11-02,2019-12-23,Approved,State Government,51.0,True
SIH26017-PRJ-000336,District Collector Approval,True,2019-09-27,2019-11-02,Approved,District Collector,36.0,False
SIH26017-PRJ-000336,Environmental Clearance,True,2020-01-12,2020-08-05,Approved,State Environment Dept / MoEFCC,206.0,True
SIH26017-PRJ-000337,SIA Approval,True,2022-12-23,2023-03-15,Approved,District Collector,82.0,True
SIH26017-PRJ-000337,State Govt Approval,True,2023-01-23,2023-05-03,Approved,State Government,100.0,True
SIH26017-PRJ-000337,District Collector Approval,True,2022-12-21,2023-02-04,Approved,District Collector,45.0,False
SIH26017-PRJ-000337,Environmental Clearance,True,2023-05-31,2024-02-18,Approved,State Environment Dept / MoEFCC,263.0,True
SIH26017-PRJ-000338,SIA Approval,True,2016-01-26,2016-04-23,Approved,District Collector,88.0,True
SIH26017-PRJ-000338,State Govt Approval,True,2016-02-20,2016-04-01,Approved,State Government,41.0,True
SIH26017-PRJ-000338,District Collector Approval,True,2016-01-09,2016-02-12,Approved,District Collector,34.0,False
SIH26017-PRJ-000338,Environmental Clearance,True,2016-06-18,2017-01-05,Approved,State Environment Dept / MoEFCC,201.0,True
SIH26017-PRJ-000339,SIA Approval,True,2016-06-18,2016-09-14,Approved,District Collector,88.0,True
SIH26017-PRJ-000339,State Govt Approval,True,2016-08-17,,Rejected,State Government,,True
SIH26017-PRJ-000339,District Collector Approval,True,2016-06-28,2016-08-10,Approved,District Collector,43.0,False
SIH26017-PRJ-000339,Forest Clearance,True,2016-08-18,2017-04-18,Approved,State Forest Dept,243.0,True
SIH26017-PRJ-000339,Wildlife Clearance,True,2016-10-20,2017-12-03,Approved,State Forest Dept,409.0,False
SIH26017-PRJ-000339,Environmental Clearance,True,2016-11-18,2017-04-28,Approved,State Environment Dept / MoEFCC,161.0,True
SIH26017-PRJ-000340,SIA Approval,True,2016-02-04,2016-05-09,Approved,District Collector,95.0,True
SIH26017-PRJ-000340,State Govt Approval,True,2016-02-25,2016-05-18,Approved,State Government,83.0,True
SIH26017-PRJ-000340,District Collector Approval,True,2016-01-23,2016-02-13,Approved,District Collector,21.0,False
SIH26017-PRJ-000340,Environmental Clearance,True,2016-03-13,2016-10-18,Approved,State Environment Dept / MoEFCC,219.0,True
SIH26017-PRJ-000340,Ministry Approval,True,2016-06-10,2017-03-03,Approved,Concerned Central Ministry,266.0,False
SIH26017-PRJ-000341,SIA Approval,True,2023-09-10,2024-01-09,Approved,District Collector,121.0,True
SIH26017-PRJ-000341,State Govt Approval,True,2023-10-24,2024-01-09,Approved,State Government,77.0,True
SIH26017-PRJ-000341,District Collector Approval,True,2023-09-01,2023-10-15,Approved,District Collector,44.0,False
SIH26017-PRJ-000341,Environmental Clearance,True,2023-09-27,2024-02-13,Approved,State Environment Dept / MoEFCC,139.0,True
SIH26017-PRJ-000341,Ministry Approval,True,2024-01-08,2024-08-01,Approved,Concerned Central Ministry,206.0,False
SIH26017-PRJ-000342,SIA Approval,True,2017-08-05,2017-10-02,Approved,District Collector,58.0,True
SIH26017-PRJ-000342,State Govt Approval,True,2017-09-25,2017-11-30,Approved,State Government,66.0,True
SIH26017-PRJ-000342,District Collector Approval,True,2017-08-23,2017-09-28,Approved,District Collector,36.0,False
SIH26017-PRJ-000342,Environmental Clearance,True,2017-09-29,2018-03-25,Approved,State Environment Dept / MoEFCC,177.0,True
SIH26017-PRJ-000343,SIA Approval,True,2023-07-25,2023-10-15,Approved,District Collector,82.0,True
SIH26017-PRJ-000343,State Govt Approval,True,2023-06-30,2023-09-14,Approved,State Government,76.0,True
SIH26017-PRJ-000343,District Collector Approval,True,2023-07-05,2023-08-10,Approved,District Collector,36.0,False
SIH26017-PRJ-000343,Forest Clearance,True,2023-08-20,2024-05-24,Approved,State Forest Dept,278.0,True
SIH26017-PRJ-000343,Environmental Clearance,True,2023-10-05,,Rejected,State Environment Dept / MoEFCC,,True
SIH26017-PRJ-000343,Ministry Approval,True,2023-10-02,2024-04-26,Approved,Concerned Central Ministry,207.0,False
SIH26017-PRJ-000344,SIA Approval,True,2020-01-13,2020-03-14,Approved,District Collector,61.0,True
SIH26017-PRJ-000344,State Govt Approval,True,2020-01-22,2020-02-28,Approved,State Government,37.0,True
SIH26017-PRJ-000344,District Collector Approval,True,2020-01-07,2020-01-30,Approved,District Collector,23.0,False
SIH26017-PRJ-000344,Environmental Clearance,True,2020-04-18,2020-08-25,Approved,State Environment Dept / MoEFCC,129.0,True
SIH26017-PRJ-000344,Ministry Approval,True,2020-04-02,2020-08-05,Approved,Concerned Central Ministry,125.0,False
SIH26017-PRJ-000345,SIA Approval,True,2020-11-22,2021-02-01,Approved,District Collector,71.0,True
SIH26017-PRJ-000345,State Govt Approval,True,2020-12-24,2021-03-17,Approved,State Government,83.0,True
SIH26017-PRJ-000345,District Collector Approval,True,2020-10-28,2020-12-11,Approved,District Collector,44.0,False
SIH26017-PRJ-000345,Environmental Clearance,True,2021-01-24,2021-10-07,Approved,State Environment Dept / MoEFCC,256.0,True
SIH26017-PRJ-000345,Ministry Approval,True,2021-01-14,2021-05-17,Approved,Concerned Central Ministry,123.0,False
SIH26017-PRJ-000346,SIA Approval,True,2020-10-18,2021-01-18,Approved,District Collector,92.0,True
SIH26017-PRJ-000346,State Govt Approval,True,2020-12-02,2021-03-19,Approved,State Government,107.0,True
SIH26017-PRJ-000346,District Collector Approval,True,2020-10-09,2020-11-12,Approved,District Collector,34.0,False
SIH26017-PRJ-000346,Environmental Clearance,True,2021-02-11,2022-01-20,Approved,State Environment Dept / MoEFCC,343.0,True
SIH26017-PRJ-000347,SIA Approval,True,2019-03-07,2019-05-19,Approved,District Collector,73.0,True
SIH26017-PRJ-000347,State Govt Approval,True,2019-03-14,2019-04-23,Approved,State Government,40.0,True
SIH26017-PRJ-000347,District Collector Approval,True,2019-03-22,2019-04-18,Approved,District Collector,27.0,False
SIH26017-PRJ-000347,Forest Clearance,True,2019-06-30,2020-12-25,Approved,State Forest Dept,544.0,True
SIH26017-PRJ-000347,Environmental Clearance,True,2019-05-29,2019-11-12,Approved,State Environment Dept / MoEFCC,167.0,True
SIH26017-PRJ-000348,SIA Approval,True,2023-08-12,2023-09-14,Approved,District Collector,33.0,True
SIH26017-PRJ-000348,State Govt Approval,True,2023-08-05,2023-09-20,Approved,State Government,46.0,True
SIH26017-PRJ-000348,District Collector Approval,True,2023-08-05,2023-08-28,Approved,District Collector,23.0,False
SIH26017-PRJ-000348,Environmental Clearance,True,2023-10-05,2024-04-21,Approved,State Environment Dept / MoEFCC,199.0,True
SIH26017-PRJ-000349,SIA Approval,True,2020-10-29,2021-01-27,Approved,District Collector,90.0,True
SIH26017-PRJ-000349,State Govt Approval,True,2020-10-14,2020-12-11,Approved,State Government,58.0,True
SIH26017-PRJ-000349,District Collector Approval,True,2020-09-20,2020-10-19,Approved,District Collector,29.0,False
SIH26017-PRJ-000349,Forest Clearance,True,2020-12-17,2021-10-22,Approved,State Forest Dept,309.0,True
SIH26017-PRJ-000349,Wildlife Clearance,True,2020-12-08,2021-12-06,Approved,State Forest Dept,363.0,False
SIH26017-PRJ-000349,Environmental Clearance,True,2021-02-03,2021-08-09,Approved,State Environment Dept / MoEFCC,187.0,True
SIH26017-PRJ-000350,SIA Approval,True,2019-07-25,2019-09-13,Approved,District Collector,50.0,True
SIH26017-PRJ-000350,State Govt Approval,True,2019-07-14,2019-09-09,Approved,State Government,57.0,True
SIH26017-PRJ-000350,District Collector Approval,True,2019-07-21,2019-08-15,Approved,District Collector,25.0,False
SIH26017-PRJ-000351,SIA Approval,True,2021-09-14,,Rejected,District Collector,,True
SIH26017-PRJ-000351,State Govt Approval,True,2021-10-02,2021-11-17,Approved,State Government,46.0,True
SIH26017-PRJ-000351,District Collector Approval,True,2021-09-13,2021-10-15,Approved,District Collector,32.0,False
SIH26017-PRJ-000351,Environmental Clearance,True,2021-11-15,2022-06-13,Approved,State Environment Dept / MoEFCC,210.0,True
SIH26017-PRJ-000351,Ministry Approval,True,2022-01-16,2022-07-04,Approved,Concerned Central Ministry,169.0,False
SIH26017-PRJ-000352,SIA Approval,True,2023-10-27,2024-02-28,Approved,District Collector,124.0,True
SIH26017-PRJ-000352,State Govt Approval,True,2023-10-14,2023-12-06,Approved,State Government,53.0,True
SIH26017-PRJ-000352,District Collector Approval,True,2023-10-25,2023-11-29,Approved,District Collector,35.0,False
SIH26017-PRJ-000352,Environmental Clearance,True,2024-01-09,2024-09-02,Approved,State Environment Dept / MoEFCC,237.0,True
SIH26017-PRJ-000353,SIA Approval,True,2024-07-08,2024-12-09,Approved,District Collector,154.0,True
SIH26017-PRJ-000353,State Govt Approval,True,2024-07-01,2024-09-19,Approved,State Government,80.0,True
SIH26017-PRJ-000353,District Collector Approval,True,2024-06-14,2024-07-31,Approved,District Collector,47.0,False
SIH26017-PRJ-000353,Environmental Clearance,True,2024-10-21,2025-05-26,Approved,State Environment Dept / MoEFCC,217.0,True
SIH26017-PRJ-000353,Ministry Approval,True,2024-11-03,2025-07-20,Approved,Concerned Central Ministry,259.0,False
SIH26017-PRJ-000354,SIA Approval,True,2024-10-03,2024-12-16,Approved,District Collector,74.0,True
SIH26017-PRJ-000354,State Govt Approval,True,2024-10-06,2025-02-01,Approved,State Government,118.0,True
SIH26017-PRJ-000354,District Collector Approval,True,2024-09-25,2024-11-07,Approved,District Collector,43.0,False
SIH26017-PRJ-000354,Environmental Clearance,True,2025-01-29,2026-05-17,Approved,State Environment Dept / MoEFCC,473.0,True
SIH26017-PRJ-000355,SIA Approval,True,2023-05-06,2023-08-11,Approved,District Collector,97.0,True
SIH26017-PRJ-000355,State Govt Approval,True,2023-06-27,2023-08-19,Approved,State Government,53.0,True
SIH26017-PRJ-000355,District Collector Approval,True,2023-05-15,2023-06-07,Approved,District Collector,23.0,False
SIH26017-PRJ-000355,Environmental Clearance,True,2023-09-17,2024-05-11,Approved,State Environment Dept / MoEFCC,237.0,True
SIH26017-PRJ-000356,SIA Approval,True,2023-01-09,2023-04-01,Approved,District Collector,82.0,True
SIH26017-PRJ-000356,State Govt Approval,True,2023-01-04,2023-02-28,Approved,State Government,55.0,True
SIH26017-PRJ-000356,District Collector Approval,True,2022-12-30,2023-01-17,Approved,District Collector,18.0,False
SIH26017-PRJ-000356,Environmental Clearance,True,2023-03-01,2023-12-08,Approved,State Environment Dept / MoEFCC,282.0,True
SIH26017-PRJ-000357,SIA Approval,True,2018-11-03,2019-01-13,Approved,District Collector,71.0,True
SIH26017-PRJ-000357,State Govt Approval,True,2018-10-31,2018-12-27,Approved,State Government,57.0,True
SIH26017-PRJ-000357,District Collector Approval,True,2018-10-09,2018-11-21,Approved,District Collector,43.0,False
SIH26017-PRJ-000357,Environmental Clearance,True,2019-02-22,2020-01-21,Approved,State Environment Dept / MoEFCC,333.0,True
SIH26017-PRJ-000358,SIA Approval,True,2020-09-27,2021-01-16,Approved,District Collector,111.0,True
SIH26017-PRJ-000358,State Govt Approval,True,2020-11-05,2021-02-11,Approved,State Government,98.0,True
SIH26017-PRJ-000358,District Collector Approval,True,2020-09-19,2020-11-01,Approved,District Collector,43.0,False
SIH26017-PRJ-000358,Environmental Clearance,True,2021-01-27,2022-03-15,Approved,State Environment Dept / MoEFCC,412.0,True
SIH26017-PRJ-000358,Ministry Approval,True,2021-03-01,2021-09-19,Approved,Concerned Central Ministry,202.0,False
SIH26017-PRJ-000359,SIA Approval,True,2018-09-08,2018-11-02,Approved,District Collector,55.0,True
SIH26017-PRJ-000359,State Govt Approval,True,2018-09-06,2018-12-23,Approved,State Government,108.0,True
SIH26017-PRJ-000359,District Collector Approval,True,2018-09-20,2018-10-20,Approved,District Collector,30.0,False
SIH26017-PRJ-000359,Environmental Clearance,True,2018-12-27,2019-07-06,Approved,State Environment Dept / MoEFCC,191.0,True
SIH26017-PRJ-000359,Defence NOC,True,2018-11-26,2019-04-26,Approved,Ministry of Defence,151.0,False
SIH26017-PRJ-000360,SIA Approval,True,2015-06-10,2015-10-14,Approved,District Collector,126.0,True
SIH26017-PRJ-000360,State Govt Approval,True,2015-06-10,2015-09-06,Approved,State Government,88.0,True
SIH26017-PRJ-000360,District Collector Approval,True,2015-06-16,2015-07-31,Approved,District Collector,45.0,False
SIH26017-PRJ-000360,Environmental Clearance,True,2015-10-21,2016-10-06,Approved,State Environment Dept / MoEFCC,351.0,True
SIH26017-PRJ-000360,Ministry Approval,True,2015-08-10,2016-06-10,Approved,Concerned Central Ministry,305.0,False
SIH26017-PRJ-000361,SIA Approval,True,2015-05-15,2015-07-12,Approved,District Collector,58.0,True
SIH26017-PRJ-000361,State Govt Approval,True,2015-06-14,2015-08-14,Approved,State Government,61.0,True
SIH26017-PRJ-000361,District Collector Approval,True,2015-05-25,2015-06-21,Approved,District Collector,27.0,False
SIH26017-PRJ-000361,Forest Clearance,True,2015-08-05,2016-04-28,Approved,State Forest Dept,267.0,True
SIH26017-PRJ-000361,Environmental Clearance,True,2015-09-16,2016-08-08,Approved,State Environment Dept / MoEFCC,327.0,True
SIH26017-PRJ-000362,SIA Approval,True,2018-08-14,2018-11-09,Approved,District Collector,87.0,True
SIH26017-PRJ-000362,State Govt Approval,True,2018-08-23,2018-11-08,Approved,State Government,77.0,True
SIH26017-PRJ-000362,District Collector Approval,True,2018-08-28,2018-09-26,Approved,District Collector,29.0,False
SIH26017-PRJ-000362,Environmental Clearance,True,2018-12-19,2019-06-20,Approved,State Environment Dept / MoEFCC,183.0,True
SIH26017-PRJ-000362,Ministry Approval,True,2018-11-27,2019-07-06,Approved,Concerned Central Ministry,221.0,False
SIH26017-PRJ-000363,SIA Approval,True,2018-05-07,2018-08-09,Approved,District Collector,94.0,True
SIH26017-PRJ-000363,State Govt Approval,True,2018-06-20,2018-07-17,Approved,State Government,27.0,True
SIH26017-PRJ-000363,District Collector Approval,True,2018-05-01,2018-05-30,Approved,District Collector,29.0,False
SIH26017-PRJ-000363,Environmental Clearance,True,2018-05-31,2019-01-29,Approved,State Environment Dept / MoEFCC,243.0,True
SIH26017-PRJ-000364,SIA Approval,True,2016-12-29,2017-03-15,Approved,District Collector,76.0,True
SIH26017-PRJ-000364,State Govt Approval,True,2016-12-15,2017-01-20,Approved,State Government,36.0,True
SIH26017-PRJ-000364,District Collector Approval,True,2017-01-04,2017-02-17,Approved,District Collector,44.0,False
SIH26017-PRJ-000364,Environmental Clearance,True,2017-05-17,2018-03-31,Approved,State Environment Dept / MoEFCC,318.0,True
SIH26017-PRJ-000365,SIA Approval,True,2021-04-20,2021-07-03,Approved,District Collector,74.0,True
SIH26017-PRJ-000365,State Govt Approval,True,2021-06-01,2021-10-29,Approved,State Government,150.0,True
SIH26017-PRJ-000365,District Collector Approval,True,2021-05-12,2021-06-07,Approved,District Collector,26.0,False
SIH26017-PRJ-000365,Environmental Clearance,True,2021-08-27,2022-06-12,Approved,State Environment Dept / MoEFCC,289.0,True
SIH26017-PRJ-000365,Ministry Approval,True,2021-06-29,2021-11-17,Approved,Concerned Central Ministry,141.0,False
SIH26017-PRJ-000366,SIA Approval,True,2018-01-19,2018-05-19,Approved,District Collector,120.0,True
SIH26017-PRJ-000366,State Govt Approval,True,2018-02-08,2018-02-28,Approved,State Government,20.0,True
SIH26017-PRJ-000366,District Collector Approval,True,2017-12-27,2018-01-25,Approved,District Collector,29.0,False
SIH26017-PRJ-000366,Forest Clearance,True,2018-02-05,2019-02-12,Approved,State Forest Dept,372.0,True
SIH26017-PRJ-000366,Environmental Clearance,True,2018-03-12,2018-07-29,Approved,State Environment Dept / MoEFCC,139.0,True
SIH26017-PRJ-000367,SIA Approval,True,2022-03-17,2022-09-14,Approved,District Collector,181.0,True
SIH26017-PRJ-000367,State Govt Approval,True,2022-04-08,2022-05-23,Approved,State Government,45.0,True
SIH26017-PRJ-000367,District Collector Approval,True,2022-02-12,2022-03-09,Approved,District Collector,25.0,False
SIH26017-PRJ-000367,Environmental Clearance,True,2022-05-15,2023-03-15,Approved,State Environment Dept / MoEFCC,304.0,True
SIH26017-PRJ-000368,SIA Approval,True,2016-01-01,2016-04-11,Approved,District Collector,101.0,True
SIH26017-PRJ-000368,State Govt Approval,True,2016-01-22,2016-04-02,Approved,State Government,71.0,True
SIH26017-PRJ-000368,District Collector Approval,True,2015-12-09,2016-01-16,Approved,District Collector,38.0,False
SIH26017-PRJ-000368,Forest Clearance,True,2016-04-02,2016-11-12,Approved,State Forest Dept,224.0,True
SIH26017-PRJ-000368,Environmental Clearance,True,2016-05-10,2017-01-18,Approved,State Environment Dept / MoEFCC,253.0,True
SIH26017-PRJ-000368,Ministry Approval,True,2016-04-09,2016-08-17,Approved,Concerned Central Ministry,130.0,False
SIH26017-PRJ-000369,SIA Approval,True,2016-04-29,2016-08-15,Approved,District Collector,108.0,True
SIH26017-PRJ-000369,State Govt Approval,True,2016-05-11,2016-06-14,Approved,State Government,34.0,True
SIH26017-PRJ-000369,District Collector Approval,True,2016-03-26,2016-04-16,Approved,District Collector,21.0,False
SIH26017-PRJ-000369,Forest Clearance,True,2016-06-07,2017-05-21,Approved,State Forest Dept,348.0,True
SIH26017-PRJ-000369,Environmental Clearance,True,2016-08-26,2017-03-01,Approved,State Environment Dept / MoEFCC,187.0,True
SIH26017-PRJ-000369,Ministry Approval,True,2016-06-22,2016-12-10,Approved,Concerned Central Ministry,171.0,False
SIH26017-PRJ-000370,SIA Approval,True,2015-04-03,2015-07-21,Approved,District Collector,109.0,True
SIH26017-PRJ-000370,State Govt Approval,True,2015-05-08,2015-07-31,Approved,State Government,84.0,True
SIH26017-PRJ-000370,District Collector Approval,True,2015-03-06,2015-04-06,Approved,District Collector,31.0,False
SIH26017-PRJ-000370,Environmental Clearance,True,2015-07-01,2016-05-06,Approved,State Environment Dept / MoEFCC,310.0,True
SIH26017-PRJ-000371,SIA Approval,True,2020-03-19,2020-06-10,Approved,District Collector,83.0,True
SIH26017-PRJ-000371,State Govt Approval,True,2020-04-17,2020-07-29,Approved,State Government,103.0,True
SIH26017-PRJ-000371,District Collector Approval,True,2020-03-09,2020-04-26,Approved,District Collector,48.0,False
SIH26017-PRJ-000371,Environmental Clearance,True,2020-07-17,2021-04-28,Approved,State Environment Dept / MoEFCC,285.0,True
SIH26017-PRJ-000371,Defence NOC,True,2020-06-07,2020-11-23,Approved,Ministry of Defence,169.0,False
SIH26017-PRJ-000372,SIA Approval,True,2024-02-27,2024-06-24,Approved,District Collector,118.0,True
SIH26017-PRJ-000372,State Govt Approval,True,2024-03-18,2024-05-10,Approved,State Government,53.0,True
SIH26017-PRJ-000372,District Collector Approval,True,2024-02-14,2024-03-09,Approved,District Collector,24.0,False
SIH26017-PRJ-000372,Environmental Clearance,True,2024-07-02,2024-11-30,Approved,State Environment Dept / MoEFCC,151.0,True
SIH26017-PRJ-000372,Ministry Approval,True,2024-06-20,,Rejected,Concerned Central Ministry,,False
SIH26017-PRJ-000373,SIA Approval,True,2017-10-22,2018-02-09,Approved,District Collector,110.0,True
SIH26017-PRJ-000373,State Govt Approval,True,2017-11-18,2018-01-03,Approved,State Government,46.0,True
SIH26017-PRJ-000373,District Collector Approval,True,2017-10-12,2017-12-04,Approved,District Collector,53.0,False
SIH26017-PRJ-000373,Environmental Clearance,True,2018-02-12,2018-09-12,Approved,State Environment Dept / MoEFCC,212.0,True
SIH26017-PRJ-000374,SIA Approval,True,2019-02-23,2019-05-04,Approved,District Collector,70.0,True
SIH26017-PRJ-000374,State Govt Approval,True,2019-03-30,2019-05-22,Approved,State Government,53.0,True
SIH26017-PRJ-000374,District Collector Approval,True,2019-02-16,2019-03-11,Approved,District Collector,23.0,False
SIH26017-PRJ-000374,Environmental Clearance,True,2019-05-29,2020-04-02,Approved,State Environment Dept / MoEFCC,309.0,True
SIH26017-PRJ-000375,SIA Approval,True,2017-11-09,2018-01-30,Approved,District Collector,82.0,True
SIH26017-PRJ-000375,State Govt Approval,True,2017-11-24,2018-02-22,Approved,State Government,90.0,True
SIH26017-PRJ-000375,District Collector Approval,True,2017-10-30,2017-11-18,Approved,District Collector,19.0,False
SIH26017-PRJ-000375,Environmental Clearance,True,2018-01-30,2018-08-29,Approved,State Environment Dept / MoEFCC,211.0,True
SIH26017-PRJ-000376,SIA Approval,True,2024-06-26,2024-08-24,Approved,District Collector,59.0,True
SIH26017-PRJ-000376,State Govt Approval,True,2024-07-05,2024-08-11,Approved,State Government,37.0,True
SIH26017-PRJ-000376,District Collector Approval,True,2024-06-07,2024-06-26,Approved,District Collector,19.0,False
SIH26017-PRJ-000376,Environmental Clearance,True,2024-07-29,2024-12-24,Approved,State Environment Dept / MoEFCC,148.0,True
SIH26017-PRJ-000376,Ministry Approval,True,2024-09-13,2024-11-24,Approved,Concerned Central Ministry,72.0,False
SIH26017-PRJ-000377,SIA Approval,True,2024-09-28,2025-01-29,Approved,District Collector,123.0,True
SIH26017-PRJ-000377,State Govt Approval,True,2024-10-04,2024-12-06,Approved,State Government,63.0,True
SIH26017-PRJ-000377,District Collector Approval,True,2024-09-11,2024-10-08,Approved,District Collector,27.0,False
SIH26017-PRJ-000377,Environmental Clearance,True,2024-10-16,2025-03-10,Approved,State Environment Dept / MoEFCC,145.0,True
SIH26017-PRJ-000378,SIA Approval,True,2018-01-11,2018-05-08,Approved,District Collector,117.0,True
SIH26017-PRJ-000378,State Govt Approval,True,2018-01-14,2018-02-26,Approved,State Government,43.0,True
SIH26017-PRJ-000378,District Collector Approval,True,2018-01-01,,Rejected,District Collector,,False
SIH26017-PRJ-000378,Forest Clearance,True,2018-04-07,2018-12-04,Approved,State Forest Dept,241.0,True
SIH26017-PRJ-000378,Environmental Clearance,True,2018-05-01,2018-12-12,Approved,State Environment Dept / MoEFCC,225.0,True
SIH26017-PRJ-000379,SIA Approval,True,2019-06-18,2019-09-20,Approved,District Collector,94.0,True
SIH26017-PRJ-000379,State Govt Approval,True,2019-08-08,2019-10-15,Approved,State Government,68.0,True
SIH26017-PRJ-000379,District Collector Approval,True,2019-07-07,2019-08-01,Approved,District Collector,25.0,False
SIH26017-PRJ-000379,Forest Clearance,True,2019-10-04,2020-05-22,Approved,State Forest Dept,231.0,True
SIH26017-PRJ-000379,Wildlife Clearance,True,2019-11-30,2021-11-08,Approved,State Forest Dept,709.0,False
SIH26017-PRJ-000379,Environmental Clearance,True,2019-11-22,2020-08-28,Approved,State Environment Dept / MoEFCC,280.0,True
SIH26017-PRJ-000380,SIA Approval,True,2022-11-14,2023-01-03,Approved,District Collector,50.0,True
SIH26017-PRJ-000380,State Govt Approval,True,2022-12-09,2023-03-08,Approved,State Government,89.0,True
SIH26017-PRJ-000380,District Collector Approval,True,2022-12-10,2023-01-09,Approved,District Collector,30.0,False
SIH26017-PRJ-000380,Environmental Clearance,True,2023-01-09,2023-09-25,Approved,State Environment Dept / MoEFCC,259.0,True
SIH26017-PRJ-000381,SIA Approval,True,2015-04-26,2015-07-11,Approved,District Collector,76.0,True
SIH26017-PRJ-000381,State Govt Approval,True,2015-04-27,2015-06-06,Approved,State Government,40.0,True
SIH26017-PRJ-000381,District Collector Approval,True,2015-04-11,2015-06-06,Approved,District Collector,56.0,False
SIH26017-PRJ-000381,Forest Clearance,True,2015-08-23,2017-03-07,Approved,State Forest Dept,562.0,True
SIH26017-PRJ-000381,Environmental Clearance,True,2015-06-07,2016-02-24,Approved,State Environment Dept / MoEFCC,262.0,True
SIH26017-PRJ-000382,SIA Approval,True,2023-07-30,,Rejected,District Collector,,True
SIH26017-PRJ-000382,State Govt Approval,True,2023-08-10,2023-10-16,Approved,State Government,67.0,True
SIH26017-PRJ-000382,District Collector Approval,True,2023-08-05,2023-09-25,Approved,District Collector,51.0,False
SIH26017-PRJ-000382,Environmental Clearance,True,2023-09-25,2024-10-22,Approved,State Environment Dept / MoEFCC,393.0,True
SIH26017-PRJ-000383,SIA Approval,True,2022-03-11,2022-05-18,Approved,District Collector,68.0,True
SIH26017-PRJ-000383,State Govt Approval,True,2022-04-03,2022-05-04,Approved,State Government,31.0,True
SIH26017-PRJ-000383,District Collector Approval,True,2022-02-27,2022-04-26,Approved,District Collector,58.0,False
SIH26017-PRJ-000383,Forest Clearance,True,2022-05-28,2023-08-21,Approved,State Forest Dept,450.0,True
SIH26017-PRJ-000383,Environmental Clearance,True,2022-05-14,2023-01-16,Approved,State Environment Dept / MoEFCC,247.0,True
SIH26017-PRJ-000383,Ministry Approval,True,2022-07-08,2023-01-15,Approved,Concerned Central Ministry,191.0,False
SIH26017-PRJ-000384,SIA Approval,True,2021-02-15,2021-05-06,Approved,District Collector,80.0,True
SIH26017-PRJ-000384,State Govt Approval,True,2021-01-14,2021-02-23,Approved,State Government,40.0,True
SIH26017-PRJ-000384,District Collector Approval,True,2021-01-21,2021-02-17,Approved,District Collector,27.0,False
SIH26017-PRJ-000385,SIA Approval,True,2016-07-10,2016-09-25,Approved,District Collector,77.0,True
SIH26017-PRJ-000385,State Govt Approval,True,2016-06-14,2016-08-04,Approved,State Government,51.0,True
SIH26017-PRJ-000385,District Collector Approval,True,2016-06-24,2016-08-08,Approved,District Collector,45.0,False
SIH26017-PRJ-000385,Environmental Clearance,True,2016-08-10,2017-02-03,Approved,State Environment Dept / MoEFCC,177.0,True
SIH26017-PRJ-000386,SIA Approval,True,2021-05-08,2021-07-28,Approved,District Collector,81.0,True
SIH26017-PRJ-000386,State Govt Approval,True,2021-05-28,2021-08-30,Approved,State Government,94.0,True
SIH26017-PRJ-000386,District Collector Approval,True,2021-05-23,2021-06-24,Approved,District Collector,32.0,False
SIH26017-PRJ-000386,Forest Clearance,True,2021-07-30,2022-04-18,Approved,State Forest Dept,262.0,True
SIH26017-PRJ-000386,Environmental Clearance,True,2021-09-08,2022-05-10,Approved,State Environment Dept / MoEFCC,244.0,True
SIH26017-PRJ-000387,SIA Approval,True,2023-03-11,2023-06-07,Approved,District Collector,88.0,True
SIH26017-PRJ-000387,State Govt Approval,True,2023-04-25,2023-05-29,Approved,State Government,34.0,True
SIH26017-PRJ-000387,District Collector Approval,True,2023-03-15,2023-04-17,Approved,District Collector,33.0,False
SIH26017-PRJ-000387,Environmental Clearance,True,2023-06-25,2023-11-13,Approved,State Environment Dept / MoEFCC,141.0,True
SIH26017-PRJ-000387,Ministry Approval,True,2023-07-03,2023-11-06,Approved,Concerned Central Ministry,126.0,False
SIH26017-PRJ-000388,SIA Approval,True,2016-08-05,2017-02-04,Approved,District Collector,183.0,True
SIH26017-PRJ-000388,State Govt Approval,True,2016-08-27,2016-11-29,Approved,State Government,94.0,True
SIH26017-PRJ-000388,District Collector Approval,True,2016-07-28,2016-09-07,Approved,District Collector,41.0,False
SIH26017-PRJ-000388,Environmental Clearance,True,2016-11-08,2017-05-15,Approved,State Environment Dept / MoEFCC,188.0,True
SIH26017-PRJ-000388,Ministry Approval,True,2017-01-06,2017-08-20,Approved,Concerned Central Ministry,226.0,False
SIH26017-PRJ-000389,SIA Approval,True,2024-06-16,2024-08-16,Approved,District Collector,61.0,True
SIH26017-PRJ-000389,State Govt Approval,True,2024-06-07,2024-08-16,Approved,State Government,70.0,True
SIH26017-PRJ-000389,District Collector Approval,True,2024-06-14,2024-07-27,Approved,District Collector,43.0,False
SIH26017-PRJ-000389,Forest Clearance,True,2024-09-23,2026-01-13,Approved,State Forest Dept,477.0,True
SIH26017-PRJ-000389,Wildlife Clearance,True,2024-10-31,2025-07-10,Approved,State Forest Dept,252.0,False
SIH26017-PRJ-000389,Environmental Clearance,True,2024-09-07,2025-08-24,Approved,State Environment Dept / MoEFCC,351.0,True
SIH26017-PRJ-000390,SIA Approval,True,2022-09-05,2022-11-28,Approved,District Collector,84.0,True
SIH26017-PRJ-000390,State Govt Approval,True,2022-08-19,2023-01-23,Approved,State Government,157.0,True
SIH26017-PRJ-000390,District Collector Approval,True,2022-08-13,2022-10-04,Approved,District Collector,52.0,False
SIH26017-PRJ-000390,Environmental Clearance,True,2022-10-11,2023-02-19,Approved,State Environment Dept / MoEFCC,131.0,True
SIH26017-PRJ-000390,Ministry Approval,True,2022-12-05,2023-04-29,Approved,Concerned Central Ministry,145.0,False
SIH26017-PRJ-000391,SIA Approval,True,2020-03-24,2020-05-25,Approved,District Collector,62.0,True
SIH26017-PRJ-000391,State Govt Approval,True,2020-04-25,2020-06-08,Approved,State Government,44.0,True
SIH26017-PRJ-000391,District Collector Approval,True,2020-03-06,2020-03-23,Approved,District Collector,17.0,False
SIH26017-PRJ-000391,Environmental Clearance,True,2020-05-05,2020-10-22,Approved,State Environment Dept / MoEFCC,170.0,True
SIH26017-PRJ-000391,Ministry Approval,True,2020-08-16,2021-02-09,Approved,Concerned Central Ministry,177.0,False
SIH26017-PRJ-000392,SIA Approval,True,2018-09-07,2018-12-31,Approved,District Collector,115.0,True
SIH26017-PRJ-000392,State Govt Approval,True,2018-09-24,2018-11-23,Approved,State Government,60.0,True
SIH26017-PRJ-000392,District Collector Approval,True,2018-08-25,2018-09-29,Approved,District Collector,35.0,False
SIH26017-PRJ-000392,Environmental Clearance,True,2018-10-09,2019-09-23,Approved,State Environment Dept / MoEFCC,349.0,True
SIH26017-PRJ-000393,SIA Approval,True,2018-05-09,2018-09-17,Approved,District Collector,131.0,True
SIH26017-PRJ-000393,State Govt Approval,True,2018-05-10,2018-08-11,Approved,State Government,93.0,True
SIH26017-PRJ-000393,District Collector Approval,True,2018-05-03,2018-06-04,Approved,District Collector,32.0,False
SIH26017-PRJ-000393,Environmental Clearance,True,2018-06-30,2018-12-25,Approved,State Environment Dept / MoEFCC,178.0,True
SIH26017-PRJ-000394,SIA Approval,True,2016-05-19,2016-08-22,Approved,District Collector,95.0,True
SIH26017-PRJ-000394,State Govt Approval,True,2016-05-14,2016-07-18,Approved,State Government,65.0,True
SIH26017-PRJ-000394,District Collector Approval,True,2016-05-04,2016-06-02,Approved,District Collector,29.0,False
SIH26017-PRJ-000394,Environmental Clearance,True,2016-06-02,2017-02-04,Approved,State Environment Dept / MoEFCC,247.0,True
SIH26017-PRJ-000394,Ministry Approval,True,2016-09-29,2017-06-16,Approved,Concerned Central Ministry,260.0,False
SIH26017-PRJ-000395,SIA Approval,True,2017-03-14,2017-09-27,Approved,District Collector,197.0,True
SIH26017-PRJ-000395,State Govt Approval,True,2017-03-29,2017-06-22,Approved,State Government,85.0,True
SIH26017-PRJ-000395,District Collector Approval,True,2017-03-06,2017-04-29,Approved,District Collector,54.0,False
SIH26017-PRJ-000395,Environmental Clearance,True,2017-04-06,,Rejected,State Environment Dept / MoEFCC,,True
SIH26017-PRJ-000396,SIA Approval,True,2015-09-30,2015-12-15,Approved,District Collector,76.0,True
SIH26017-PRJ-000396,State Govt Approval,True,2015-10-10,2016-01-11,Approved,State Government,93.0,True
SIH26017-PRJ-000396,District Collector Approval,True,2015-09-14,2015-11-18,Approved,District Collector,65.0,False
SIH26017-PRJ-000396,Environmental Clearance,True,2016-02-05,2016-10-12,Approved,State Environment Dept / MoEFCC,250.0,True
SIH26017-PRJ-000396,Ministry Approval,True,2015-12-07,2016-10-13,Approved,Concerned Central Ministry,311.0,False
SIH26017-PRJ-000397,SIA Approval,True,2024-10-26,,Rejected,District Collector,,True
SIH26017-PRJ-000397,State Govt Approval,True,2024-11-09,2025-01-28,Approved,State Government,80.0,True
SIH26017-PRJ-000397,District Collector Approval,True,2024-10-21,2024-11-21,Approved,District Collector,31.0,False
SIH26017-PRJ-000397,Environmental Clearance,True,2024-11-27,2025-12-21,Approved,State Environment Dept / MoEFCC,389.0,True
SIH26017-PRJ-000398,SIA Approval,True,2017-04-08,2017-06-08,Approved,District Collector,61.0,True
SIH26017-PRJ-000398,State Govt Approval,True,2017-04-10,2017-06-10,Approved,State Government,61.0,True
SIH26017-PRJ-000398,District Collector Approval,True,2017-03-31,2017-04-19,Approved,District Collector,19.0,False
SIH26017-PRJ-000398,Environmental Clearance,True,2017-07-27,2018-08-04,Approved,State Environment Dept / MoEFCC,373.0,True
SIH26017-PRJ-000398,Ministry Approval,True,2017-05-31,2017-09-18,Approved,Concerned Central Ministry,110.0,False
SIH26017-PRJ-000399,SIA Approval,True,2021-09-23,2021-12-07,Approved,District Collector,75.0,True
SIH26017-PRJ-000399,State Govt Approval,True,2021-11-11,2022-03-01,Approved,State Government,110.0,True
SIH26017-PRJ-000399,District Collector Approval,True,2021-09-15,2021-10-20,Approved,District Collector,35.0,False
SIH26017-PRJ-000399,Environmental Clearance,True,2021-12-17,2022-07-10,Approved,State Environment Dept / MoEFCC,205.0,True
SIH26017-PRJ-000400,SIA Approval,True,2015-12-09,2016-03-09,Approved,District Collector,91.0,True
SIH26017-PRJ-000400,State Govt Approval,True,2015-12-17,2016-02-27,Approved,State Government,72.0,True
SIH26017-PRJ-000400,District Collector Approval,True,2015-11-02,2015-12-18,Approved,District Collector,46.0,False
SIH26017-PRJ-000400,Environmental Clearance,True,2015-12-28,2016-07-12,Approved,State Environment Dept / MoEFCC,197.0,True
SIH26017-PRJ-000401,SIA Approval,True,2024-10-13,2025-03-04,Approved,District Collector,142.0,True
SIH26017-PRJ-000401,State Govt Approval,True,2024-11-30,2025-01-29,Approved,State Government,60.0,True
SIH26017-PRJ-000401,District Collector Approval,True,2024-09-28,2024-10-29,Approved,District Collector,31.0,False
SIH26017-PRJ-000401,Environmental Clearance,True,2025-02-15,2026-02-22,Approved,State Environment Dept / MoEFCC,372.0,True
SIH26017-PRJ-000401,Ministry Approval,True,2025-02-05,2025-05-26,Approved,Concerned Central Ministry,110.0,False
SIH26017-PRJ-000401,Defence NOC,True,2025-01-22,2025-06-28,Approved,Ministry of Defence,157.0,False
SIH26017-PRJ-000402,SIA Approval,True,2020-03-23,2020-06-23,Approved,District Collector,92.0,True
SIH26017-PRJ-000402,State Govt Approval,True,2020-04-02,2020-05-13,Approved,State Government,41.0,True
SIH26017-PRJ-000402,District Collector Approval,True,2020-02-22,2020-03-19,Approved,District Collector,26.0,False
SIH26017-PRJ-000402,Forest Clearance,True,2020-05-10,2021-02-14,Approved,State Forest Dept,280.0,True
SIH26017-PRJ-000403,SIA Approval,True,2024-07-24,2024-09-30,Approved,District Collector,68.0,True
SIH26017-PRJ-000403,State Govt Approval,True,2024-07-11,2024-08-17,Approved,State Government,37.0,True
SIH26017-PRJ-000403,District Collector Approval,True,2024-06-28,2024-08-03,Approved,District Collector,36.0,False
SIH26017-PRJ-000403,Environmental Clearance,True,2024-08-16,2025-03-17,Approved,State Environment Dept / MoEFCC,213.0,True
SIH26017-PRJ-000404,SIA Approval,True,2018-11-05,2019-01-31,Approved,District Collector,87.0,True
SIH26017-PRJ-000404,State Govt Approval,True,2018-11-02,2018-12-17,Approved,State Government,45.0,True
SIH26017-PRJ-000404,District Collector Approval,True,2018-10-08,2018-12-18,Approved,District Collector,71.0,False
SIH26017-PRJ-000404,Environmental Clearance,True,2019-02-27,2019-10-13,Approved,State Environment Dept / MoEFCC,228.0,True
SIH26017-PRJ-000405,SIA Approval,True,2017-12-01,2018-04-20,Approved,District Collector,140.0,True
SIH26017-PRJ-000405,State Govt Approval,True,2018-01-30,2018-03-23,Approved,State Government,52.0,True
SIH26017-PRJ-000405,District Collector Approval,True,2017-12-11,2018-01-05,Approved,District Collector,25.0,False
SIH26017-PRJ-000405,Environmental Clearance,True,2018-01-25,2018-09-25,Approved,State Environment Dept / MoEFCC,243.0,True
SIH26017-PRJ-000406,SIA Approval,True,2019-02-14,2019-06-12,Approved,District Collector,118.0,True
SIH26017-PRJ-000406,State Govt Approval,True,2019-02-18,2019-04-18,Approved,State Government,59.0,True
SIH26017-PRJ-000406,District Collector Approval,True,2019-03-01,2019-04-09,Approved,District Collector,39.0,False
SIH26017-PRJ-000406,Environmental Clearance,True,2019-05-26,2020-01-19,Approved,State Environment Dept / MoEFCC,238.0,True
SIH26017-PRJ-000407,SIA Approval,True,2018-07-07,2018-09-15,Approved,District Collector,70.0,True
SIH26017-PRJ-000407,State Govt Approval,True,2018-07-06,2018-09-21,Approved,State Government,77.0,True
SIH26017-PRJ-000407,District Collector Approval,True,2018-07-05,2018-08-07,Approved,District Collector,33.0,False
SIH26017-PRJ-000407,Forest Clearance,True,2018-08-23,2019-02-12,Approved,State Forest Dept,173.0,True
SIH26017-PRJ-000407,Environmental Clearance,True,2018-09-05,2019-08-03,Approved,State Environment Dept / MoEFCC,332.0,True
SIH26017-PRJ-000407,Ministry Approval,True,2018-10-13,2019-03-11,Approved,Concerned Central Ministry,149.0,False
SIH26017-PRJ-000408,SIA Approval,True,2020-09-29,2021-01-20,Approved,District Collector,113.0,True
SIH26017-PRJ-000408,State Govt Approval,True,2020-10-05,2020-12-30,Approved,State Government,86.0,True
SIH26017-PRJ-000408,District Collector Approval,True,2020-10-07,2020-11-18,Approved,District Collector,42.0,False
SIH26017-PRJ-000408,Environmental Clearance,True,2021-03-02,2022-04-09,Approved,State Environment Dept / MoEFCC,403.0,True
SIH26017-PRJ-000409,SIA Approval,True,2021-12-14,2022-02-26,Approved,District Collector,74.0,True
SIH26017-PRJ-000409,State Govt Approval,True,2022-01-03,2022-07-22,Approved,State Government,200.0,True
SIH26017-PRJ-000409,District Collector Approval,True,2021-12-13,2021-12-25,Approved,District Collector,12.0,False
SIH26017-PRJ-000409,Environmental Clearance,True,2022-05-08,2022-12-07,Approved,State Environment Dept / MoEFCC,213.0,True
SIH26017-PRJ-000410,SIA Approval,True,2019-08-03,2019-11-21,Approved,District Collector,110.0,True
SIH26017-PRJ-000410,State Govt Approval,True,2019-07-31,2019-10-06,Approved,State Government,67.0,True
SIH26017-PRJ-000410,District Collector Approval,True,2019-07-04,2019-08-22,Approved,District Collector,49.0,False
SIH26017-PRJ-000410,Forest Clearance,True,2019-11-06,2020-09-19,Approved,State Forest Dept,318.0,True
SIH26017-PRJ-000410,Environmental Clearance,True,2019-10-18,2020-07-05,Approved,State Environment Dept / MoEFCC,261.0,True
SIH26017-PRJ-000411,SIA Approval,True,2022-01-10,2022-03-13,Approved,District Collector,62.0,True
SIH26017-PRJ-000411,State Govt Approval,True,2022-02-12,2022-04-09,Approved,State Government,56.0,True
SIH26017-PRJ-000411,District Collector Approval,True,2021-12-18,2022-01-14,Approved,District Collector,27.0,False
SIH26017-PRJ-000411,Environmental Clearance,True,2022-05-29,2022-12-29,Approved,State Environment Dept / MoEFCC,214.0,True
SIH26017-PRJ-000412,SIA Approval,True,2016-12-01,2017-02-10,Approved,District Collector,71.0,True
SIH26017-PRJ-000412,State Govt Approval,True,2016-12-04,2017-01-27,Approved,State Government,54.0,True
SIH26017-PRJ-000412,District Collector Approval,True,2016-11-29,2017-02-06,Approved,District Collector,69.0,False
SIH26017-PRJ-000412,Environmental Clearance,True,2017-03-30,2017-08-23,Approved,State Environment Dept / MoEFCC,146.0,True
SIH26017-PRJ-000413,SIA Approval,True,2023-07-15,2023-09-21,Approved,District Collector,68.0,True
SIH26017-PRJ-000413,State Govt Approval,True,2023-07-29,2023-08-26,Approved,State Government,28.0,True
SIH26017-PRJ-000413,District Collector Approval,True,2023-07-30,2023-08-25,Approved,District Collector,26.0,False
SIH26017-PRJ-000413,Environmental Clearance,True,2023-10-31,2024-05-20,Approved,State Environment Dept / MoEFCC,202.0,True
SIH26017-PRJ-000413,Ministry Approval,True,2023-11-06,2024-01-31,Approved,Concerned Central Ministry,86.0,False
SIH26017-PRJ-000414,SIA Approval,True,2024-07-31,2024-10-25,Approved,District Collector,86.0,True
SIH26017-PRJ-000414,State Govt Approval,True,2024-08-03,2024-10-28,Approved,State Government,86.0,True
SIH26017-PRJ-000414,District Collector Approval,True,2024-08-05,2024-09-12,Approved,District Collector,38.0,False
SIH26017-PRJ-000414,Environmental Clearance,True,2024-09-23,2025-12-03,Approved,State Environment Dept / MoEFCC,436.0,True
SIH26017-PRJ-000415,SIA Approval,True,2020-04-10,2020-06-29,Approved,District Collector,80.0,True
SIH26017-PRJ-000415,State Govt Approval,True,2020-03-27,2020-06-13,Approved,State Government,78.0,True
SIH26017-PRJ-000415,District Collector Approval,True,2020-03-01,2020-04-16,Approved,District Collector,46.0,False
SIH26017-PRJ-000415,Environmental Clearance,True,2020-07-17,2021-04-19,Approved,State Environment Dept / MoEFCC,276.0,True
SIH26017-PRJ-000415,Defence NOC,True,2020-06-02,2020-10-25,Approved,Ministry of Defence,145.0,False
SIH26017-PRJ-000416,SIA Approval,True,2021-09-28,2021-12-02,Approved,District Collector,65.0,True
SIH26017-PRJ-000416,State Govt Approval,True,2021-08-29,2021-11-04,Approved,State Government,67.0,True
SIH26017-PRJ-000416,District Collector Approval,True,2021-09-12,2021-10-14,Approved,District Collector,32.0,False
SIH26017-PRJ-000417,SIA Approval,True,2016-06-26,2016-08-28,Approved,District Collector,63.0,True
SIH26017-PRJ-000417,State Govt Approval,True,2016-07-06,2016-08-11,Approved,State Government,36.0,True
SIH26017-PRJ-000417,District Collector Approval,True,2016-06-11,2016-07-23,Approved,District Collector,42.0,False
SIH26017-PRJ-000418,SIA Approval,True,2019-06-26,2019-11-12,Approved,District Collector,139.0,True
SIH26017-PRJ-000418,State Govt Approval,True,2019-07-21,2019-09-13,Approved,State Government,54.0,True
SIH26017-PRJ-000418,District Collector Approval,True,2019-06-11,2019-08-18,Approved,District Collector,68.0,False
SIH26017-PRJ-000418,Ministry Approval,True,2019-09-25,2020-03-10,Approved,Concerned Central Ministry,167.0,False
SIH26017-PRJ-000419,SIA Approval,True,2021-03-06,2021-04-15,Approved,District Collector,40.0,True
SIH26017-PRJ-000419,State Govt Approval,True,2021-04-23,2021-06-13,Approved,State Government,51.0,True
SIH26017-PRJ-000419,District Collector Approval,True,2021-03-18,2021-04-13,Approved,District Collector,26.0,False
SIH26017-PRJ-000419,Environmental Clearance,True,2021-07-22,2022-07-20,Approved,State Environment Dept / MoEFCC,363.0,True
SIH26017-PRJ-000420,SIA Approval,True,2022-12-30,2023-03-01,Approved,District Collector,61.0,True
SIH26017-PRJ-000420,State Govt Approval,True,2023-01-10,2023-03-02,Approved,State Government,51.0,True
SIH26017-PRJ-000420,District Collector Approval,True,2022-12-30,2023-01-18,Approved,District Collector,19.0,False
SIH26017-PRJ-000420,Environmental Clearance,True,2023-02-03,2023-07-19,Approved,State Environment Dept / MoEFCC,166.0,True
SIH26017-PRJ-000421,SIA Approval,True,2015-11-02,2015-12-18,Approved,District Collector,46.0,True
SIH26017-PRJ-000421,State Govt Approval,True,2015-12-25,2016-02-28,Approved,State Government,65.0,True
SIH26017-PRJ-000421,District Collector Approval,True,2015-11-17,2015-12-08,Approved,District Collector,21.0,False
SIH26017-PRJ-000421,Environmental Clearance,True,2016-01-24,2016-09-08,Approved,State Environment Dept / MoEFCC,228.0,True
SIH26017-PRJ-000421,Ministry Approval,True,2016-03-05,2016-06-16,Approved,Concerned Central Ministry,103.0,False
SIH26017-PRJ-000422,SIA Approval,True,2024-07-09,2024-10-26,Approved,District Collector,109.0,True
SIH26017-PRJ-000422,State Govt Approval,True,2024-09-15,2024-11-05,Approved,State Government,51.0,True
SIH26017-PRJ-000422,District Collector Approval,True,2024-07-07,2024-08-18,Approved,District Collector,42.0,False
SIH26017-PRJ-000422,Forest Clearance,True,2024-10-18,2025-06-16,Approved,State Forest Dept,241.0,True
SIH26017-PRJ-000422,Wildlife Clearance,True,2024-12-05,2025-07-31,Approved,State Forest Dept,238.0,False
SIH26017-PRJ-000422,Environmental Clearance,True,2024-09-30,2025-02-21,Approved,State Environment Dept / MoEFCC,144.0,True
SIH26017-PRJ-000423,SIA Approval,True,2017-11-26,2018-04-01,Approved,District Collector,126.0,True
SIH26017-PRJ-000423,State Govt Approval,True,2018-01-12,2018-03-23,Approved,State Government,70.0,True
SIH26017-PRJ-000423,District Collector Approval,True,2017-11-28,2018-01-07,Approved,District Collector,40.0,False
SIH26017-PRJ-000423,Ministry Approval,True,2018-03-26,2018-08-16,Approved,Concerned Central Ministry,143.0,False
SIH26017-PRJ-000424,SIA Approval,True,2015-10-03,2015-12-03,Approved,District Collector,61.0,True
SIH26017-PRJ-000424,State Govt Approval,True,2015-10-25,2015-12-16,Approved,State Government,52.0,True
SIH26017-PRJ-000424,District Collector Approval,True,2015-09-16,2015-10-05,Approved,District Collector,19.0,False
SIH26017-PRJ-000424,Environmental Clearance,True,2016-01-18,,Rejected,State Environment Dept / MoEFCC,,True
SIH26017-PRJ-000424,Ministry Approval,True,2016-03-06,2016-08-06,Approved,Concerned Central Ministry,153.0,False
SIH26017-PRJ-000425,SIA Approval,True,2016-10-31,2017-03-18,Approved,District Collector,138.0,True
SIH26017-PRJ-000425,State Govt Approval,True,2016-11-05,2017-01-10,Approved,State Government,66.0,True
SIH26017-PRJ-000425,District Collector Approval,True,2016-11-10,2016-12-27,Approved,District Collector,47.0,False
SIH26017-PRJ-000425,Environmental Clearance,True,2017-02-05,2017-09-14,Approved,State Environment Dept / MoEFCC,221.0,True
SIH26017-PRJ-000425,Ministry Approval,True,2017-02-12,2017-08-01,Approved,Concerned Central Ministry,170.0,False
SIH26017-PRJ-000426,SIA Approval,True,2023-03-15,2023-07-01,Approved,District Collector,108.0,True
SIH26017-PRJ-000426,State Govt Approval,True,2023-03-12,2023-05-28,Approved,State Government,77.0,True
SIH26017-PRJ-000426,District Collector Approval,True,2023-02-19,2023-04-02,Approved,District Collector,42.0,False
SIH26017-PRJ-000426,Environmental Clearance,True,2023-07-04,2024-08-08,Approved,State Environment Dept / MoEFCC,401.0,True
SIH26017-PRJ-000426,Ministry Approval,True,2023-08-02,2024-01-31,Approved,Concerned Central Ministry,182.0,False
SIH26017-PRJ-000427,SIA Approval,True,2016-01-01,2016-04-21,Approved,District Collector,111.0,True
SIH26017-PRJ-000427,State Govt Approval,True,2015-12-18,2016-03-13,Approved,State Government,86.0,True
SIH26017-PRJ-000427,District Collector Approval,True,2015-12-11,2016-02-03,Approved,District Collector,54.0,False
SIH26017-PRJ-000427,Forest Clearance,True,2016-01-03,2016-10-26,Approved,State Forest Dept,297.0,True
SIH26017-PRJ-000427,Environmental Clearance,True,2016-04-19,2017-04-21,Approved,State Environment Dept / MoEFCC,367.0,True
SIH26017-PRJ-000428,SIA Approval,True,2015-04-19,2015-09-25,Approved,District Collector,159.0,True
SIH26017-PRJ-000428,State Govt Approval,True,2015-05-22,2015-08-28,Approved,State Government,98.0,True
SIH26017-PRJ-000428,District Collector Approval,True,2015-05-05,2015-06-03,Approved,District Collector,29.0,False
SIH26017-PRJ-000428,Environmental Clearance,True,2015-08-08,2016-02-13,Approved,State Environment Dept / MoEFCC,189.0,True
SIH26017-PRJ-000429,SIA Approval,True,2016-11-18,2017-02-04,Approved,District Collector,78.0,True
SIH26017-PRJ-000429,State Govt Approval,True,2016-11-14,2017-02-28,Approved,State Government,106.0,True
SIH26017-PRJ-000429,District Collector Approval,True,2016-10-19,2016-12-09,Approved,District Collector,51.0,False
SIH26017-PRJ-000429,Environmental Clearance,True,2016-12-19,2017-06-25,Approved,State Environment Dept / MoEFCC,188.0,True
SIH26017-PRJ-000430,SIA Approval,True,2019-03-24,2019-05-26,Approved,District Collector,63.0,True
SIH26017-PRJ-000430,State Govt Approval,True,2019-05-05,2019-07-22,Approved,State Government,78.0,True
SIH26017-PRJ-000430,District Collector Approval,True,2019-03-22,2019-04-26,Approved,District Collector,35.0,False
SIH26017-PRJ-000430,Environmental Clearance,True,2019-06-05,2020-02-15,Approved,State Environment Dept / MoEFCC,255.0,True
SIH26017-PRJ-000431,SIA Approval,True,2020-01-17,2020-05-21,Approved,District Collector,125.0,True
SIH26017-PRJ-000431,State Govt Approval,True,2020-02-23,2020-04-13,Approved,State Government,50.0,True
SIH26017-PRJ-000431,District Collector Approval,True,2020-01-22,2020-02-14,Approved,District Collector,23.0,False
SIH26017-PRJ-000431,Environmental Clearance,True,2020-04-03,,Rejected,State Environment Dept / MoEFCC,,True
SIH26017-PRJ-000432,SIA Approval,True,2020-05-22,2020-10-26,Approved,District Collector,157.0,True
SIH26017-PRJ-000432,State Govt Approval,True,2020-07-07,2020-09-21,Approved,State Government,76.0,True
SIH26017-PRJ-000432,District Collector Approval,True,2020-05-21,2020-06-24,Approved,District Collector,34.0,False
SIH26017-PRJ-000432,Environmental Clearance,True,2020-08-01,2021-02-12,Approved,State Environment Dept / MoEFCC,195.0,True
SIH26017-PRJ-000433,SIA Approval,True,2020-12-26,2021-03-15,Approved,District Collector,79.0,True
SIH26017-PRJ-000433,State Govt Approval,True,2021-01-30,2021-04-26,Approved,State Government,86.0,True
SIH26017-PRJ-000433,District Collector Approval,True,2021-01-15,2021-03-04,Approved,District Collector,48.0,False
SIH26017-PRJ-000433,Environmental Clearance,True,2021-02-25,2021-09-27,Approved,State Environment Dept / MoEFCC,214.0,True
SIH26017-PRJ-000433,Ministry Approval,True,2021-04-30,2021-08-26,Approved,Concerned Central Ministry,118.0,False
SIH26017-PRJ-000434,SIA Approval,True,2015-04-28,2015-07-16,Approved,District Collector,79.0,True
SIH26017-PRJ-000434,State Govt Approval,True,2015-05-26,2015-10-14,Approved,State Government,141.0,True
SIH26017-PRJ-000434,District Collector Approval,True,2015-05-04,2015-06-04,Approved,District Collector,31.0,False
SIH26017-PRJ-000434,Environmental Clearance,True,2015-09-10,2016-03-20,Approved,State Environment Dept / MoEFCC,192.0,True
SIH26017-PRJ-000435,SIA Approval,True,2017-08-03,2017-11-26,Approved,District Collector,115.0,True
SIH26017-PRJ-000435,State Govt Approval,True,2017-07-16,2017-11-01,Approved,State Government,108.0,True
SIH26017-PRJ-000435,District Collector Approval,True,2017-06-30,2017-08-10,Approved,District Collector,41.0,False
SIH26017-PRJ-000435,Environmental Clearance,True,2017-08-24,2018-09-21,Approved,State Environment Dept / MoEFCC,393.0,True
SIH26017-PRJ-000435,Ministry Approval,True,2017-10-12,2018-03-23,Approved,Concerned Central Ministry,162.0,False
SIH26017-PRJ-000436,SIA Approval,True,2018-10-08,2018-11-27,Approved,District Collector,50.0,True
SIH26017-PRJ-000436,State Govt Approval,True,2018-11-17,2019-01-14,Approved,State Government,58.0,True
SIH26017-PRJ-000436,District Collector Approval,True,2018-10-07,2018-11-14,Approved,District Collector,38.0,False
SIH26017-PRJ-000436,Environmental Clearance,True,2019-01-02,2019-12-06,Approved,State Environment Dept / MoEFCC,338.0,True
SIH26017-PRJ-000437,SIA Approval,True,2017-03-21,2017-06-15,Approved,District Collector,86.0,True
SIH26017-PRJ-000437,State Govt Approval,True,2017-03-11,2017-05-19,Approved,State Government,69.0,True
SIH26017-PRJ-000437,District Collector Approval,True,2017-02-03,2017-03-01,Approved,District Collector,26.0,False
SIH26017-PRJ-000437,Environmental Clearance,True,2017-05-11,2018-01-21,Approved,State Environment Dept / MoEFCC,255.0,True
SIH26017-PRJ-000437,Ministry Approval,True,2017-07-30,2017-12-15,Approved,Concerned Central Ministry,138.0,False
SIH26017-PRJ-000438,SIA Approval,True,2021-08-13,2022-01-16,Approved,District Collector,156.0,True
SIH26017-PRJ-000438,State Govt Approval,True,2021-08-15,2021-10-13,Approved,State Government,59.0,True
SIH26017-PRJ-000438,District Collector Approval,True,2021-08-10,2021-09-11,Approved,District Collector,32.0,False
SIH26017-PRJ-000438,Environmental Clearance,True,2021-10-14,2022-09-10,Approved,State Environment Dept / MoEFCC,331.0,True
SIH26017-PRJ-000438,Ministry Approval,True,2022-01-31,2022-11-08,Approved,Concerned Central Ministry,281.0,False
SIH26017-PRJ-000439,SIA Approval,True,2022-01-28,2022-04-01,Approved,District Collector,63.0,True
SIH26017-PRJ-000439,State Govt Approval,True,2022-02-28,2022-05-27,Approved,State Government,88.0,True
SIH26017-PRJ-000439,District Collector Approval,True,2022-01-31,2022-03-10,Approved,District Collector,38.0,False
SIH26017-PRJ-000439,Forest Clearance,True,2022-06-15,2022-12-01,Approved,State Forest Dept,169.0,True
SIH26017-PRJ-000439,Environmental Clearance,True,2022-03-24,2023-02-06,Approved,State Environment Dept / MoEFCC,319.0,True
SIH26017-PRJ-000439,Ministry Approval,True,2022-07-01,2023-01-12,Approved,Concerned Central Ministry,195.0,False
SIH26017-PRJ-000440,SIA Approval,True,2022-01-02,2022-03-01,Approved,District Collector,58.0,True
SIH26017-PRJ-000440,State Govt Approval,True,2022-01-11,2022-04-17,Approved,State Government,96.0,True
SIH26017-PRJ-000440,District Collector Approval,True,2021-12-07,2022-01-14,Approved,District Collector,38.0,False
SIH26017-PRJ-000440,Environmental Clearance,True,2022-04-13,2022-10-04,Approved,State Environment Dept / MoEFCC,174.0,True
SIH26017-PRJ-000440,Ministry Approval,True,2022-02-18,2022-09-23,Approved,Concerned Central Ministry,217.0,False
SIH26017-PRJ-000441,SIA Approval,True,2018-01-11,2018-02-21,Approved,District Collector,41.0,True
SIH26017-PRJ-000441,State Govt Approval,True,2018-02-28,2018-04-15,Approved,State Government,46.0,True
SIH26017-PRJ-000441,District Collector Approval,True,2018-01-11,2018-02-13,Approved,District Collector,33.0,False
SIH26017-PRJ-000441,Environmental Clearance,True,2018-03-16,2018-11-30,Approved,State Environment Dept / MoEFCC,259.0,True
SIH26017-PRJ-000441,Ministry Approval,True,2018-04-02,2018-09-07,Approved,Concerned Central Ministry,158.0,False
SIH26017-PRJ-000442,SIA Approval,True,2019-03-18,2019-07-15,Approved,District Collector,119.0,True
SIH26017-PRJ-000442,State Govt Approval,True,2019-04-24,2019-07-05,Approved,State Government,72.0,True
SIH26017-PRJ-000442,District Collector Approval,True,2019-03-30,,Rejected,District Collector,,False
SIH26017-PRJ-000442,Environmental Clearance,True,2019-06-20,2020-02-15,Approved,State Environment Dept / MoEFCC,240.0,True
SIH26017-PRJ-000443,SIA Approval,True,2017-01-21,2017-04-16,Approved,District Collector,85.0,True
SIH26017-PRJ-000443,State Govt Approval,True,2016-12-29,2017-02-16,Approved,State Government,49.0,True
SIH26017-PRJ-000443,District Collector Approval,True,2016-12-28,2017-02-13,Approved,District Collector,47.0,False
SIH26017-PRJ-000443,Environmental Clearance,True,2017-02-17,2018-04-07,Approved,State Environment Dept / MoEFCC,414.0,True
SIH26017-PRJ-000443,Ministry Approval,True,2017-05-12,2017-10-11,Approved,Concerned Central Ministry,152.0,False
SIH26017-PRJ-000444,SIA Approval,True,2023-05-12,2023-07-23,Approved,District Collector,72.0,True
SIH26017-PRJ-000444,State Govt Approval,True,2023-05-12,2023-08-17,Approved,State Government,97.0,True
SIH26017-PRJ-000444,District Collector Approval,True,2023-05-27,2023-06-24,Approved,District Collector,28.0,False
SIH26017-PRJ-000445,SIA Approval,True,2019-01-26,2019-05-04,Approved,District Collector,98.0,True
SIH26017-PRJ-000445,State Govt Approval,True,2019-03-16,2019-06-01,Approved,State Government,77.0,True
SIH26017-PRJ-000445,District Collector Approval,True,2019-02-08,2019-03-10,Approved,District Collector,30.0,False
SIH26017-PRJ-000445,Environmental Clearance,True,2019-06-12,2020-09-20,Approved,State Environment Dept / MoEFCC,466.0,True
SIH26017-PRJ-000445,Ministry Approval,True,2019-04-12,2019-08-11,Approved,Concerned Central Ministry,121.0,False
SIH26017-PRJ-000446,SIA Approval,True,2021-06-23,2021-09-02,Approved,District Collector,71.0,True
SIH26017-PRJ-000446,State Govt Approval,True,2021-07-11,2021-08-28,Approved,State Government,48.0,True
SIH26017-PRJ-000446,District Collector Approval,True,2021-06-30,2021-07-28,Approved,District Collector,28.0,False
SIH26017-PRJ-000446,Environmental Clearance,True,2021-08-21,2021-12-28,Approved,State Environment Dept / MoEFCC,129.0,True
SIH26017-PRJ-000447,SIA Approval,True,2021-09-23,2021-12-27,Approved,District Collector,95.0,True
SIH26017-PRJ-000447,State Govt Approval,True,2021-08-31,2021-11-02,Approved,State Government,63.0,True
SIH26017-PRJ-000447,District Collector Approval,True,2021-08-16,2021-09-14,Approved,District Collector,29.0,False
SIH26017-PRJ-000447,Environmental Clearance,True,2021-10-08,2022-10-13,Approved,State Environment Dept / MoEFCC,370.0,True
SIH26017-PRJ-000448,SIA Approval,True,2021-12-22,2022-04-09,Approved,District Collector,108.0,True
SIH26017-PRJ-000448,State Govt Approval,True,2022-01-19,2022-03-17,Approved,State Government,57.0,True
SIH26017-PRJ-000448,District Collector Approval,True,2021-11-20,2022-01-04,Approved,District Collector,45.0,False
SIH26017-PRJ-000448,Environmental Clearance,True,2022-04-06,2022-11-23,Approved,State Environment Dept / MoEFCC,231.0,True
SIH26017-PRJ-000449,SIA Approval,True,2018-11-15,2019-03-02,Approved,District Collector,107.0,True
SIH26017-PRJ-000449,State Govt Approval,True,2018-11-06,2018-12-30,Approved,State Government,54.0,True
SIH26017-PRJ-000449,District Collector Approval,True,2018-10-11,2018-11-13,Approved,District Collector,33.0,False
SIH26017-PRJ-000450,SIA Approval,True,2021-11-12,2022-04-09,Approved,District Collector,148.0,True
SIH26017-PRJ-000450,State Govt Approval,True,2021-11-26,2022-03-02,Approved,State Government,96.0,True
SIH26017-PRJ-000450,District Collector Approval,True,2021-11-13,2021-12-08,Approved,District Collector,25.0,False
SIH26017-PRJ-000450,Environmental Clearance,True,2022-02-13,2023-06-16,Approved,State Environment Dept / MoEFCC,488.0,True
SIH26017-PRJ-000451,SIA Approval,True,2018-05-21,2019-01-13,Approved,District Collector,237.0,True
SIH26017-PRJ-000451,State Govt Approval,True,2018-06-28,2018-09-13,Approved,State Government,77.0,True
SIH26017-PRJ-000451,District Collector Approval,True,2018-05-21,2018-06-24,Approved,District Collector,34.0,False
SIH26017-PRJ-000451,Environmental Clearance,True,2018-07-19,2019-02-11,Approved,State Environment Dept / MoEFCC,207.0,True
SIH26017-PRJ-000452,SIA Approval,True,2024-09-29,2024-11-19,Approved,District Collector,51.0,True
SIH26017-PRJ-000452,State Govt Approval,True,2024-11-29,2025-01-23,Approved,State Government,55.0,True
SIH26017-PRJ-000452,District Collector Approval,True,2024-09-18,2024-10-21,Approved,District Collector,33.0,False
SIH26017-PRJ-000452,Environmental Clearance,True,2024-11-02,2025-07-15,Approved,State Environment Dept / MoEFCC,255.0,True
SIH26017-PRJ-000452,Defence NOC,True,2025-01-25,2025-04-18,Approved,Ministry of Defence,83.0,False
SIH26017-PRJ-000453,SIA Approval,True,2016-04-27,2016-11-04,Approved,District Collector,191.0,True
SIH26017-PRJ-000453,State Govt Approval,True,2016-06-06,2016-08-15,Approved,State Government,70.0,True
SIH26017-PRJ-000453,District Collector Approval,True,2016-04-26,2016-06-21,Approved,District Collector,56.0,False
SIH26017-PRJ-000453,Forest Clearance,True,2016-09-23,2018-02-19,Approved,State Forest Dept,514.0,True
SIH26017-PRJ-000453,Environmental Clearance,True,2016-08-30,2017-01-30,Approved,State Environment Dept / MoEFCC,153.0,True
SIH26017-PRJ-000454,SIA Approval,True,2020-04-26,2020-09-16,Approved,District Collector,143.0,True
SIH26017-PRJ-000454,State Govt Approval,True,2020-05-07,,Rejected,State Government,,True
SIH26017-PRJ-000454,District Collector Approval,True,2020-03-20,2020-05-08,Approved,District Collector,49.0,False
SIH26017-PRJ-000454,Forest Clearance,True,2020-07-24,2021-04-01,Approved,State Forest Dept,251.0,True
SIH26017-PRJ-000454,Wildlife Clearance,True,2020-09-07,2023-08-13,Approved,State Forest Dept,1070.0,False
SIH26017-PRJ-000454,Environmental Clearance,True,2020-05-20,2020-12-26,Approved,State Environment Dept / MoEFCC,220.0,True
SIH26017-PRJ-000455,SIA Approval,True,2018-12-17,2019-03-12,Approved,District Collector,85.0,True
SIH26017-PRJ-000455,State Govt Approval,True,2019-01-31,2019-06-02,Approved,State Government,122.0,True
SIH26017-PRJ-000455,District Collector Approval,True,2018-12-18,2019-02-17,Approved,District Collector,61.0,False
SIH26017-PRJ-000455,Forest Clearance,True,2019-03-12,2019-12-27,Approved,State Forest Dept,290.0,True
SIH26017-PRJ-000455,Wildlife Clearance,True,2019-05-14,,Rejected,State Forest Dept,,False
SIH26017-PRJ-000455,Environmental Clearance,True,2019-02-11,2020-02-22,Approved,State Environment Dept / MoEFCC,376.0,True
SIH26017-PRJ-000456,SIA Approval,True,2017-05-02,2017-07-16,Approved,District Collector,75.0,True
SIH26017-PRJ-000456,State Govt Approval,True,2017-05-24,2017-09-03,Approved,State Government,102.0,True
SIH26017-PRJ-000456,District Collector Approval,True,2017-05-08,2017-06-13,Approved,District Collector,36.0,False
SIH26017-PRJ-000456,Environmental Clearance,True,2017-07-02,2018-04-11,Approved,State Environment Dept / MoEFCC,283.0,True
SIH26017-PRJ-000457,SIA Approval,True,2021-02-16,2021-04-29,Approved,District Collector,72.0,True
SIH26017-PRJ-000457,State Govt Approval,True,2021-04-15,2021-06-01,Approved,State Government,47.0,True
SIH26017-PRJ-000457,District Collector Approval,True,2021-02-07,2021-03-13,Approved,District Collector,34.0,False
SIH26017-PRJ-000457,Forest Clearance,True,2021-06-12,2022-07-21,Approved,State Forest Dept,404.0,True
SIH26017-PRJ-000457,Environmental Clearance,True,2021-07-16,2022-09-27,Approved,State Environment Dept / MoEFCC,438.0,True
SIH26017-PRJ-000458,SIA Approval,True,2015-10-31,2016-01-06,Approved,District Collector,67.0,True
SIH26017-PRJ-000458,State Govt Approval,True,2015-11-20,2016-01-09,Approved,State Government,50.0,True
SIH26017-PRJ-000458,District Collector Approval,True,2015-10-19,2015-11-20,Approved,District Collector,32.0,False
SIH26017-PRJ-000458,Forest Clearance,True,2016-02-07,2017-01-05,Approved,State Forest Dept,333.0,True
SIH26017-PRJ-000458,Environmental Clearance,True,2015-12-30,2016-08-09,Approved,State Environment Dept / MoEFCC,223.0,True
SIH26017-PRJ-000459,SIA Approval,True,2024-06-07,2024-11-21,Approved,District Collector,167.0,True
SIH26017-PRJ-000459,State Govt Approval,True,2024-07-28,2024-09-10,Approved,State Government,44.0,True
SIH26017-PRJ-000459,District Collector Approval,True,2024-06-03,2024-07-17,Approved,District Collector,44.0,False
SIH26017-PRJ-000459,Environmental Clearance,True,2024-09-27,2025-02-26,Approved,State Environment Dept / MoEFCC,152.0,True
SIH26017-PRJ-000460,SIA Approval,True,2016-09-06,2016-11-26,Approved,District Collector,81.0,True
SIH26017-PRJ-000460,State Govt Approval,True,2016-10-14,2017-01-07,Approved,State Government,85.0,True
SIH26017-PRJ-000460,District Collector Approval,True,2016-08-13,2016-09-09,Approved,District Collector,27.0,False
SIH26017-PRJ-000460,Environmental Clearance,True,2016-10-14,2017-05-22,Approved,State Environment Dept / MoEFCC,220.0,True
SIH26017-PRJ-000461,SIA Approval,True,2022-12-04,2023-03-22,Approved,District Collector,108.0,True
SIH26017-PRJ-000461,State Govt Approval,True,2022-12-21,2023-02-16,Approved,State Government,57.0,True
SIH26017-PRJ-000461,District Collector Approval,True,2022-12-06,2023-01-17,Approved,District Collector,42.0,False
SIH26017-PRJ-000461,Forest Clearance,True,2023-01-13,2023-07-31,Approved,State Forest Dept,199.0,True
SIH26017-PRJ-000461,Environmental Clearance,True,2023-04-03,2024-03-07,Approved,State Environment Dept / MoEFCC,339.0,True
SIH26017-PRJ-000461,Ministry Approval,True,2023-04-18,2023-10-14,Approved,Concerned Central Ministry,179.0,False
SIH26017-PRJ-000462,SIA Approval,True,2023-03-13,2023-07-25,Approved,District Collector,134.0,True
SIH26017-PRJ-000462,State Govt Approval,True,2023-03-22,2023-05-26,Approved,State Government,65.0,True
SIH26017-PRJ-000462,District Collector Approval,True,2023-02-16,2023-04-07,Approved,District Collector,50.0,False
SIH26017-PRJ-000462,Environmental Clearance,True,2023-05-28,2023-12-29,Approved,State Environment Dept / MoEFCC,215.0,True
SIH26017-PRJ-000462,Ministry Approval,True,2023-08-01,2024-05-22,Approved,Concerned Central Ministry,295.0,False
SIH26017-PRJ-000463,SIA Approval,True,2023-03-17,2023-04-29,Approved,District Collector,43.0,True
SIH26017-PRJ-000463,State Govt Approval,True,2023-05-12,2023-07-11,Approved,State Government,60.0,True
SIH26017-PRJ-000463,District Collector Approval,True,2023-03-26,,Rejected,District Collector,,False
SIH26017-PRJ-000464,SIA Approval,True,2018-01-18,2018-03-31,Approved,District Collector,72.0,True
SIH26017-PRJ-000464,State Govt Approval,True,2018-01-10,2018-02-27,Approved,State Government,48.0,True
SIH26017-PRJ-000464,District Collector Approval,True,2018-01-07,2018-02-05,Approved,District Collector,29.0,False
SIH26017-PRJ-000464,Environmental Clearance,True,2018-03-01,2018-09-25,Approved,State Environment Dept / MoEFCC,208.0,True
SIH26017-PRJ-000465,SIA Approval,True,2019-02-07,2019-04-07,Approved,District Collector,59.0,True
SIH26017-PRJ-000465,State Govt Approval,True,2019-01-08,2019-04-21,Approved,State Government,103.0,True
SIH26017-PRJ-000465,District Collector Approval,True,2019-01-06,2019-02-14,Approved,District Collector,39.0,False
SIH26017-PRJ-000465,Forest Clearance,True,2019-04-30,2020-01-22,Approved,State Forest Dept,267.0,True
SIH26017-PRJ-000465,Environmental Clearance,True,2019-06-03,,Rejected,State Environment Dept / MoEFCC,,True
SIH26017-PRJ-000466,SIA Approval,True,2022-02-02,2022-04-28,Approved,District Collector,85.0,True
SIH26017-PRJ-000466,State Govt Approval,True,2022-01-26,2022-02-25,Approved,State Government,30.0,True
SIH26017-PRJ-000466,District Collector Approval,True,2022-01-29,2022-03-24,Approved,District Collector,54.0,False
SIH26017-PRJ-000466,Environmental Clearance,True,2022-05-21,2022-11-23,Approved,State Environment Dept / MoEFCC,186.0,True
SIH26017-PRJ-000467,SIA Approval,True,2021-09-06,2021-11-03,Approved,District Collector,58.0,True
SIH26017-PRJ-000467,State Govt Approval,True,2021-10-01,2021-12-22,Approved,State Government,82.0,True
SIH26017-PRJ-000467,District Collector Approval,True,2021-08-04,2021-09-04,Approved,District Collector,31.0,False
SIH26017-PRJ-000467,Forest Clearance,True,2021-11-12,,Rejected,State Forest Dept,,True
SIH26017-PRJ-000467,Environmental Clearance,True,2021-10-24,2022-05-15,Approved,State Environment Dept / MoEFCC,203.0,True
SIH26017-PRJ-000467,Ministry Approval,True,2021-11-08,2022-06-28,Approved,Concerned Central Ministry,232.0,False
SIH26017-PRJ-000468,SIA Approval,True,2019-05-14,2019-08-13,Approved,District Collector,91.0,True
SIH26017-PRJ-000468,State Govt Approval,True,2019-05-20,,Rejected,State Government,,True
SIH26017-PRJ-000468,District Collector Approval,True,2019-05-06,2019-06-14,Approved,District Collector,39.0,False
SIH26017-PRJ-000468,Environmental Clearance,True,2019-06-19,2020-03-11,Approved,State Environment Dept / MoEFCC,266.0,True
SIH26017-PRJ-000469,SIA Approval,True,2023-09-07,2023-11-24,Approved,District Collector,78.0,True
SIH26017-PRJ-000469,State Govt Approval,True,2023-10-01,2023-10-30,Approved,State Government,29.0,True
SIH26017-PRJ-000469,District Collector Approval,True,2023-09-11,2023-09-27,Approved,District Collector,16.0,False
SIH26017-PRJ-000469,Environmental Clearance,True,2023-11-08,2024-10-26,Approved,State Environment Dept / MoEFCC,353.0,True
SIH26017-PRJ-000470,SIA Approval,True,2018-12-19,2019-03-22,Approved,District Collector,93.0,True
SIH26017-PRJ-000470,State Govt Approval,True,2019-01-10,2019-03-21,Approved,State Government,70.0,True
SIH26017-PRJ-000470,District Collector Approval,True,2018-12-17,2019-01-10,Approved,District Collector,24.0,False
SIH26017-PRJ-000470,Environmental Clearance,True,2019-03-24,2019-11-24,Approved,State Environment Dept / MoEFCC,245.0,True
SIH26017-PRJ-000470,Ministry Approval,True,2019-03-05,2019-08-11,Approved,Concerned Central Ministry,159.0,False
SIH26017-PRJ-000471,SIA Approval,True,2024-08-23,2024-11-25,Approved,District Collector,94.0,True
SIH26017-PRJ-000471,State Govt Approval,True,2024-09-20,2024-11-20,Approved,State Government,61.0,True
SIH26017-PRJ-000471,District Collector Approval,True,2024-07-13,2024-09-18,Approved,District Collector,67.0,False
SIH26017-PRJ-000471,Environmental Clearance,True,2024-09-15,2025-04-29,Approved,State Environment Dept / MoEFCC,226.0,True
SIH26017-PRJ-000472,SIA Approval,True,2024-02-26,2024-05-11,Approved,District Collector,75.0,True
SIH26017-PRJ-000472,State Govt Approval,True,2024-04-07,2024-05-27,Approved,State Government,50.0,True
SIH26017-PRJ-000472,District Collector Approval,True,2024-02-09,2024-03-15,Approved,District Collector,35.0,False
SIH26017-PRJ-000472,Environmental Clearance,True,2024-04-10,2024-10-09,Approved,State Environment Dept / MoEFCC,182.0,True
SIH26017-PRJ-000472,Defence NOC,True,2024-04-10,2024-06-13,Approved,Ministry of Defence,64.0,False
SIH26017-PRJ-000473,SIA Approval,True,2020-06-28,2020-09-22,Approved,District Collector,86.0,True
SIH26017-PRJ-000473,State Govt Approval,True,2020-07-04,2020-08-22,Approved,State Government,49.0,True
SIH26017-PRJ-000473,District Collector Approval,True,2020-07-07,2020-07-24,Approved,District Collector,17.0,False
SIH26017-PRJ-000473,Environmental Clearance,True,2020-09-04,2021-01-20,Approved,State Environment Dept / MoEFCC,138.0,True
SIH26017-PRJ-000474,SIA Approval,True,2016-05-17,2016-07-23,Approved,District Collector,67.0,True
SIH26017-PRJ-000474,State Govt Approval,True,2016-06-23,2016-07-31,Approved,State Government,38.0,True
SIH26017-PRJ-000474,District Collector Approval,True,2016-05-16,2016-06-08,Approved,District Collector,23.0,False
SIH26017-PRJ-000474,Environmental Clearance,True,2016-10-01,2017-05-17,Approved,State Environment Dept / MoEFCC,228.0,True
SIH26017-PRJ-000475,SIA Approval,True,2018-06-01,2018-08-29,Approved,District Collector,89.0,True
SIH26017-PRJ-000475,State Govt Approval,True,2018-07-26,2018-11-13,Approved,State Government,110.0,True
SIH26017-PRJ-000475,District Collector Approval,True,2018-05-26,2018-06-22,Approved,District Collector,27.0,False
SIH26017-PRJ-000475,Forest Clearance,True,2018-10-14,2019-09-13,Approved,State Forest Dept,334.0,True
SIH26017-PRJ-000475,Environmental Clearance,True,2018-10-22,2019-08-07,Approved,State Environment Dept / MoEFCC,289.0,True
SIH26017-PRJ-000476,SIA Approval,True,2020-02-26,2020-05-21,Approved,District Collector,85.0,True
SIH26017-PRJ-000476,State Govt Approval,True,2020-03-06,2020-05-02,Approved,State Government,57.0,True
SIH26017-PRJ-000476,District Collector Approval,True,2020-02-25,2020-04-17,Approved,District Collector,52.0,False
SIH26017-PRJ-000476,Forest Clearance,True,2020-07-12,2021-02-11,Approved,State Forest Dept,214.0,True
SIH26017-PRJ-000476,Wildlife Clearance,True,2020-04-29,2021-12-29,Approved,State Forest Dept,609.0,False
SIH26017-PRJ-000476,Environmental Clearance,True,2020-05-25,2020-11-01,Approved,State Environment Dept / MoEFCC,160.0,True
SIH26017-PRJ-000476,Ministry Approval,True,2020-06-16,2020-12-02,Approved,Concerned Central Ministry,169.0,False
SIH26017-PRJ-000477,SIA Approval,True,2017-05-02,2017-08-03,Approved,District Collector,93.0,True
SIH26017-PRJ-000477,State Govt Approval,True,2017-05-11,2017-07-05,Approved,State Government,55.0,True
SIH26017-PRJ-000477,District Collector Approval,True,2017-04-25,2017-05-16,Approved,District Collector,21.0,False
SIH26017-PRJ-000477,Forest Clearance,True,2017-07-08,2017-12-17,Approved,State Forest Dept,162.0,True
SIH26017-PRJ-000477,Environmental Clearance,True,2017-05-23,2017-11-05,Approved,State Environment Dept / MoEFCC,166.0,True
SIH26017-PRJ-000478,SIA Approval,True,2015-09-25,2015-11-21,Approved,District Collector,57.0,True
SIH26017-PRJ-000478,State Govt Approval,True,2015-10-30,2016-01-01,Approved,State Government,63.0,True
SIH26017-PRJ-000478,District Collector Approval,True,2015-10-01,2015-11-06,Approved,District Collector,36.0,False
SIH26017-PRJ-000478,Environmental Clearance,True,2015-11-16,2016-03-28,Approved,State Environment Dept / MoEFCC,133.0,True
SIH26017-PRJ-000478,Ministry Approval,True,2016-01-17,2016-07-07,Approved,Concerned Central Ministry,172.0,False
SIH26017-PRJ-000479,SIA Approval,True,2024-01-25,2024-03-02,Approved,District Collector,37.0,True
SIH26017-PRJ-000479,State Govt Approval,True,2024-01-25,2024-03-22,Approved,State Government,57.0,True
SIH26017-PRJ-000479,District Collector Approval,True,2024-02-05,2024-03-04,Approved,District Collector,28.0,False
SIH26017-PRJ-000479,Environmental Clearance,True,2024-04-15,,Rejected,State Environment Dept / MoEFCC,,True
SIH26017-PRJ-000480,SIA Approval,True,2016-04-29,2016-08-03,Approved,District Collector,96.0,True
SIH26017-PRJ-000480,State Govt Approval,True,2016-04-16,2016-06-01,Approved,State Government,46.0,True
SIH26017-PRJ-000480,District Collector Approval,True,2016-03-19,2016-05-01,Approved,District Collector,43.0,False
SIH26017-PRJ-000480,Environmental Clearance,True,2016-05-02,2017-04-18,Approved,State Environment Dept / MoEFCC,351.0,True
SIH26017-PRJ-000481,SIA Approval,True,2018-03-11,2018-09-23,Approved,District Collector,196.0,True
SIH26017-PRJ-000481,State Govt Approval,True,2018-03-28,2018-06-15,Approved,State Government,79.0,True
SIH26017-PRJ-000481,District Collector Approval,True,2018-03-17,2018-05-20,Approved,District Collector,64.0,False
SIH26017-PRJ-000481,Environmental Clearance,True,2018-08-02,2019-05-11,Approved,State Environment Dept / MoEFCC,282.0,True
SIH26017-PRJ-000482,SIA Approval,True,2019-02-06,2019-04-14,Approved,District Collector,67.0,True
SIH26017-PRJ-000482,State Govt Approval,True,2019-03-07,2019-06-06,Approved,State Government,91.0,True
SIH26017-PRJ-000482,District Collector Approval,True,2019-01-23,2019-02-16,Approved,District Collector,24.0,False
SIH26017-PRJ-000482,Forest Clearance,True,2019-03-02,2019-11-30,Approved,State Forest Dept,273.0,True
SIH26017-PRJ-000482,Environmental Clearance,True,2019-03-04,2019-11-17,Approved,State Environment Dept / MoEFCC,258.0,True
SIH26017-PRJ-000483,SIA Approval,True,2016-05-18,2016-07-26,Approved,District Collector,69.0,True
SIH26017-PRJ-000483,State Govt Approval,True,2016-04-28,2016-06-23,Approved,State Government,56.0,True
SIH26017-PRJ-000483,District Collector Approval,True,2016-04-10,,Rejected,District Collector,,False
SIH26017-PRJ-000483,Environmental Clearance,True,2016-09-20,2017-03-21,Approved,State Environment Dept / MoEFCC,182.0,True
SIH26017-PRJ-000484,SIA Approval,True,2016-08-06,2016-11-13,Approved,District Collector,99.0,True
SIH26017-PRJ-000484,State Govt Approval,True,2016-09-06,2016-11-28,Approved,State Government,83.0,True
SIH26017-PRJ-000484,District Collector Approval,True,2016-08-20,2016-09-09,Approved,District Collector,20.0,False
SIH26017-PRJ-000484,Environmental Clearance,True,2016-10-07,2017-07-07,Approved,State Environment Dept / MoEFCC,273.0,True
SIH26017-PRJ-000485,SIA Approval,True,2020-04-20,2020-06-17,Approved,District Collector,58.0,True
SIH26017-PRJ-000485,State Govt Approval,True,2020-05-30,2020-08-11,Approved,State Government,73.0,True
SIH26017-PRJ-000485,District Collector Approval,True,2020-03-30,2020-04-27,Approved,District Collector,28.0,False
SIH26017-PRJ-000485,Environmental Clearance,True,2020-06-12,2020-12-29,Approved,State Environment Dept / MoEFCC,200.0,True
SIH26017-PRJ-000485,Ministry Approval,True,2020-08-17,2020-11-23,Approved,Concerned Central Ministry,98.0,False
SIH26017-PRJ-000486,SIA Approval,True,2023-06-19,2023-10-15,Approved,District Collector,118.0,True
SIH26017-PRJ-000486,State Govt Approval,True,2023-07-14,,Rejected,State Government,,True
SIH26017-PRJ-000486,District Collector Approval,True,2023-06-08,2023-06-27,Approved,District Collector,19.0,False
SIH26017-PRJ-000487,SIA Approval,True,2018-04-22,2018-07-29,Approved,District Collector,98.0,True
SIH26017-PRJ-000487,State Govt Approval,True,2018-05-05,2018-07-16,Approved,State Government,72.0,True
SIH26017-PRJ-000487,District Collector Approval,True,2018-03-22,2018-05-23,Approved,District Collector,62.0,False
SIH26017-PRJ-000487,Environmental Clearance,True,2018-07-13,2019-03-23,Approved,State Environment Dept / MoEFCC,253.0,True
SIH26017-PRJ-000487,Ministry Approval,True,2018-07-16,2019-05-05,Approved,Concerned Central Ministry,293.0,False
SIH26017-PRJ-000488,SIA Approval,True,2017-08-24,2018-01-14,Approved,District Collector,143.0,True
SIH26017-PRJ-000488,State Govt Approval,True,2017-08-13,2017-10-21,Approved,State Government,69.0,True
SIH26017-PRJ-000488,District Collector Approval,True,2017-07-30,2017-08-27,Approved,District Collector,28.0,False
SIH26017-PRJ-000488,Environmental Clearance,True,2017-12-07,2018-09-05,Approved,State Environment Dept / MoEFCC,272.0,True
SIH26017-PRJ-000489,SIA Approval,True,2022-02-22,2022-05-24,Approved,District Collector,91.0,True
SIH26017-PRJ-000489,State Govt Approval,True,2022-03-30,2022-05-15,Approved,State Government,46.0,True
SIH26017-PRJ-000489,District Collector Approval,True,2022-02-23,2022-04-27,Approved,District Collector,63.0,False
SIH26017-PRJ-000489,Environmental Clearance,True,2022-06-09,2023-03-31,Approved,State Environment Dept / MoEFCC,295.0,True
SIH26017-PRJ-000490,SIA Approval,True,2015-06-29,2015-09-24,Approved,District Collector,87.0,True
SIH26017-PRJ-000490,State Govt Approval,True,2015-06-24,2015-09-18,Approved,State Government,86.0,True
SIH26017-PRJ-000490,District Collector Approval,True,2015-06-27,2015-07-31,Approved,District Collector,34.0,False
SIH26017-PRJ-000490,Environmental Clearance,True,2015-10-31,2016-08-18,Approved,State Environment Dept / MoEFCC,292.0,True
SIH26017-PRJ-000491,SIA Approval,True,2023-09-06,2023-12-23,Approved,District Collector,108.0,True
SIH26017-PRJ-000491,State Govt Approval,True,2023-08-30,2023-12-09,Approved,State Government,101.0,True
SIH26017-PRJ-000491,District Collector Approval,True,2023-09-14,2023-10-20,Approved,District Collector,36.0,False
SIH26017-PRJ-000491,Environmental Clearance,True,2023-11-09,2024-05-16,Approved,State Environment Dept / MoEFCC,189.0,True
SIH26017-PRJ-000492,SIA Approval,True,2016-06-08,2016-07-31,Approved,District Collector,53.0,True
SIH26017-PRJ-000492,State Govt Approval,True,2016-06-01,2016-10-20,Approved,State Government,141.0,True
SIH26017-PRJ-000492,District Collector Approval,True,2016-06-06,2016-07-10,Approved,District Collector,34.0,False
SIH26017-PRJ-000492,Environmental Clearance,True,2016-08-10,2017-01-22,Approved,State Environment Dept / MoEFCC,165.0,True
SIH26017-PRJ-000492,Ministry Approval,True,2016-10-25,2017-03-17,Approved,Concerned Central Ministry,143.0,False
SIH26017-PRJ-000493,SIA Approval,True,2018-12-18,2019-03-05,Approved,District Collector,77.0,True
SIH26017-PRJ-000493,State Govt Approval,True,2019-01-07,2019-03-27,Approved,State Government,79.0,True
SIH26017-PRJ-000493,District Collector Approval,True,2018-12-07,2018-12-31,Approved,District Collector,24.0,False
SIH26017-PRJ-000493,Environmental Clearance,True,2019-03-22,2020-06-07,Approved,State Environment Dept / MoEFCC,443.0,True
SIH26017-PRJ-000493,Ministry Approval,True,2019-04-23,2019-08-16,Approved,Concerned Central Ministry,115.0,False
SIH26017-PRJ-000494,SIA Approval,True,2024-02-11,2024-05-21,Approved,District Collector,100.0,True
SIH26017-PRJ-000494,State Govt Approval,True,2024-04-13,2024-06-28,Approved,State Government,76.0,True
SIH26017-PRJ-000494,District Collector Approval,True,2024-02-15,2024-04-06,Approved,District Collector,51.0,False
SIH26017-PRJ-000494,Environmental Clearance,True,2024-03-24,2025-03-10,Approved,State Environment Dept / MoEFCC,351.0,True
SIH26017-PRJ-000494,Ministry Approval,True,2024-07-25,2024-12-01,Approved,Concerned Central Ministry,129.0,False
SIH26017-PRJ-000495,SIA Approval,True,2015-08-07,2015-11-15,Approved,District Collector,100.0,True
SIH26017-PRJ-000495,State Govt Approval,True,2015-10-20,2015-12-27,Approved,State Government,68.0,True
SIH26017-PRJ-000495,District Collector Approval,True,2015-08-26,2015-10-06,Approved,District Collector,41.0,False
SIH26017-PRJ-000495,Environmental Clearance,True,2015-12-23,2016-09-30,Approved,State Environment Dept / MoEFCC,282.0,True
SIH26017-PRJ-000496,SIA Approval,True,2018-11-09,2019-01-01,Approved,District Collector,53.0,True
SIH26017-PRJ-000496,State Govt Approval,True,2018-11-30,2019-01-24,Approved,State Government,55.0,True
SIH26017-PRJ-000496,District Collector Approval,True,2018-11-01,2018-12-05,Approved,District Collector,34.0,False
SIH26017-PRJ-000496,Environmental Clearance,True,2019-01-12,2020-02-04,Approved,State Environment Dept / MoEFCC,388.0,True
SIH26017-PRJ-000497,SIA Approval,True,2022-09-22,2022-12-25,Approved,District Collector,94.0,True
SIH26017-PRJ-000497,State Govt Approval,True,2022-09-26,2022-11-28,Approved,State Government,63.0,True
SIH26017-PRJ-000497,District Collector Approval,True,2022-09-24,2022-10-16,Approved,District Collector,22.0,False
SIH26017-PRJ-000497,Environmental Clearance,True,2022-12-29,2023-05-06,Approved,State Environment Dept / MoEFCC,128.0,True
SIH26017-PRJ-000497,Ministry Approval,True,2023-01-11,2023-10-31,Approved,Concerned Central Ministry,293.0,False
SIH26017-PRJ-000498,SIA Approval,True,2018-08-04,2018-10-09,Approved,District Collector,66.0,True
SIH26017-PRJ-000498,State Govt Approval,True,2018-08-13,2018-11-07,Approved,State Government,86.0,True
SIH26017-PRJ-000498,District Collector Approval,True,2018-07-21,2018-08-13,Approved,District Collector,23.0,False
SIH26017-PRJ-000498,Environmental Clearance,True,2018-11-12,2019-06-02,Approved,State Environment Dept / MoEFCC,202.0,True
SIH26017-PRJ-000498,Ministry Approval,True,2018-11-01,2019-03-30,Approved,Concerned Central Ministry,149.0,False
SIH26017-PRJ-000499,SIA Approval,True,2017-11-19,2018-01-07,Approved,District Collector,49.0,True
SIH26017-PRJ-000499,State Govt Approval,True,2017-10-24,2018-01-04,Approved,State Government,72.0,True
SIH26017-PRJ-000499,District Collector Approval,True,2017-10-30,2017-12-04,Approved,District Collector,35.0,False
SIH26017-PRJ-000499,Environmental Clearance,True,2018-01-08,2018-10-16,Approved,State Environment Dept / MoEFCC,281.0,True
SIH26017-PRJ-000499,Defence NOC,True,2018-01-29,2018-04-17,Approved,Ministry of Defence,78.0,False
SIH26017-PRJ-000500,SIA Approval,True,2023-09-11,2024-01-18,Approved,District Collector,129.0,True
SIH26017-PRJ-000500,State Govt Approval,True,2023-11-04,2023-12-21,Approved,State Government,47.0,True
SIH26017-PRJ-000500,District Collector Approval,True,2023-09-25,2023-10-19,Approved,District Collector,24.0,False
SIH26017-PRJ-000500,Forest Clearance,True,2024-01-21,2024-09-18,Approved,State Forest Dept,241.0,True
SIH26017-PRJ-000500,Environmental Clearance,True,2023-12-22,2024-09-14,Approved,State Environment Dept / MoEFCC,267.0,True
SIH26017-PRJ-000500,Ministry Approval,True,2024-01-28,2024-09-29,Approved,Concerned Central Ministry,245.0,False
SIH26017-PRJ-000501,SIA Approval,True,2023-09-10,2024-01-02,Approved,District Collector,114.0,True
SIH26017-PRJ-000501,State Govt Approval,True,2023-10-04,2023-11-22,Approved,State Government,49.0,True
SIH26017-PRJ-000501,District Collector Approval,True,2023-09-13,2023-10-19,Approved,District Collector,36.0,False
SIH26017-PRJ-000501,Forest Clearance,True,2023-12-22,2025-01-13,Approved,State Forest Dept,388.0,True
SIH26017-PRJ-000501,Environmental Clearance,True,2023-11-08,2024-02-01,Approved,State Environment Dept / MoEFCC,85.0,True
SIH26017-PRJ-000502,SIA Approval,True,2023-04-25,2023-06-20,Approved,District Collector,56.0,True
SIH26017-PRJ-000502,State Govt Approval,True,2023-06-07,2023-07-22,Approved,State Government,45.0,True
SIH26017-PRJ-000502,District Collector Approval,True,2023-04-22,2023-05-09,Approved,District Collector,17.0,False
SIH26017-PRJ-000502,Environmental Clearance,True,2023-09-12,2024-04-06,Approved,State Environment Dept / MoEFCC,207.0,True
SIH26017-PRJ-000503,SIA Approval,True,2018-10-04,2018-12-04,Approved,District Collector,61.0,True
SIH26017-PRJ-000503,State Govt Approval,True,2018-10-23,2019-01-23,Approved,State Government,92.0,True
SIH26017-PRJ-000503,District Collector Approval,True,2018-10-14,2018-11-04,Approved,District Collector,21.0,False
SIH26017-PRJ-000503,Environmental Clearance,True,2018-12-06,2019-05-15,Approved,State Environment Dept / MoEFCC,160.0,True
SIH26017-PRJ-000504,SIA Approval,True,2016-01-04,2016-03-12,Approved,District Collector,68.0,True
SIH26017-PRJ-000504,State Govt Approval,True,2016-02-05,2016-03-28,Approved,State Government,52.0,True
SIH26017-PRJ-000504,District Collector Approval,True,2015-12-28,2016-01-11,Approved,District Collector,14.0,False
SIH26017-PRJ-000505,SIA Approval,True,2016-03-28,2016-05-26,Approved,District Collector,59.0,True
SIH26017-PRJ-000505,State Govt Approval,True,2016-05-06,2016-08-12,Approved,State Government,98.0,True
SIH26017-PRJ-000505,District Collector Approval,True,2016-03-08,2016-04-20,Approved,District Collector,43.0,False
SIH26017-PRJ-000505,Environmental Clearance,True,2016-05-28,2017-07-25,Approved,State Environment Dept / MoEFCC,423.0,True
SIH26017-PRJ-000506,SIA Approval,True,2016-07-11,2016-09-20,Approved,District Collector,71.0,True
SIH26017-PRJ-000506,State Govt Approval,True,2016-08-31,2016-11-01,Approved,State Government,62.0,True
SIH26017-PRJ-000506,District Collector Approval,True,2016-07-15,2016-08-20,Approved,District Collector,36.0,False
SIH26017-PRJ-000506,Forest Clearance,True,2016-11-10,2017-06-28,Approved,State Forest Dept,230.0,True
SIH26017-PRJ-000506,Environmental Clearance,True,2016-10-11,2017-09-09,Approved,State Environment Dept / MoEFCC,333.0,True
SIH26017-PRJ-000507,SIA Approval,True,2018-06-03,2018-08-16,Approved,District Collector,74.0,True
SIH26017-PRJ-000507,State Govt Approval,True,2018-08-01,2018-09-21,Approved,State Government,51.0,True
SIH26017-PRJ-000507,District Collector Approval,True,2018-05-22,2018-07-08,Approved,District Collector,47.0,False
SIH26017-PRJ-000507,Environmental Clearance,True,2018-10-15,2019-05-06,Approved,State Environment Dept / MoEFCC,203.0,True
SIH26017-PRJ-000508,SIA Approval,True,2024-05-03,2024-09-01,Approved,District Collector,121.0,True
SIH26017-PRJ-000508,State Govt Approval,True,2024-05-11,2024-08-07,Approved,State Government,88.0,True
SIH26017-PRJ-000508,District Collector Approval,True,2024-03-26,2024-04-22,Approved,District Collector,27.0,False
SIH26017-PRJ-000508,Environmental Clearance,True,2024-08-14,2025-02-08,Approved,State Environment Dept / MoEFCC,178.0,True
SIH26017-PRJ-000508,Ministry Approval,True,2024-08-27,2024-12-06,Approved,Concerned Central Ministry,101.0,False
SIH26017-PRJ-000509,SIA Approval,True,2020-06-04,2020-09-10,Approved,District Collector,98.0,True
SIH26017-PRJ-000509,State Govt Approval,True,2020-06-08,2020-08-03,Approved,State Government,56.0,True
SIH26017-PRJ-000509,District Collector Approval,True,2020-05-26,2020-07-13,Approved,District Collector,48.0,False
SIH26017-PRJ-000509,Forest Clearance,True,2020-08-09,2021-10-08,Approved,State Forest Dept,425.0,True
SIH26017-PRJ-000509,Environmental Clearance,True,2020-07-16,2021-06-21,Approved,State Environment Dept / MoEFCC,340.0,True
SIH26017-PRJ-000510,SIA Approval,True,2022-06-04,2022-09-26,Approved,District Collector,114.0,True
SIH26017-PRJ-000510,State Govt Approval,True,2022-05-04,2022-08-14,Approved,State Government,102.0,True
SIH26017-PRJ-000510,District Collector Approval,True,2022-05-03,2022-05-30,Approved,District Collector,27.0,False
SIH26017-PRJ-000510,Environmental Clearance,True,2022-09-03,2023-09-23,Approved,State Environment Dept / MoEFCC,385.0,True
SIH26017-PRJ-000511,SIA Approval,True,2018-05-31,2018-09-06,Approved,District Collector,98.0,True
SIH26017-PRJ-000511,State Govt Approval,True,2018-07-21,2018-11-18,Approved,State Government,120.0,True
SIH26017-PRJ-000511,District Collector Approval,True,2018-06-03,2018-08-11,Approved,District Collector,69.0,False
SIH26017-PRJ-000511,Environmental Clearance,True,2018-10-10,2019-05-25,Approved,State Environment Dept / MoEFCC,227.0,True
SIH26017-PRJ-000512,SIA Approval,True,2023-06-28,2023-09-21,Approved,District Collector,85.0,True
SIH26017-PRJ-000512,State Govt Approval,True,2023-06-16,2023-08-26,Approved,State Government,71.0,True
SIH26017-PRJ-000512,District Collector Approval,True,2023-05-30,2023-06-16,Approved,District Collector,17.0,False
SIH26017-PRJ-000512,Environmental Clearance,True,2023-08-24,2024-03-14,Approved,State Environment Dept / MoEFCC,203.0,True
SIH26017-PRJ-000512,Ministry Approval,True,2023-11-03,2024-04-25,Approved,Concerned Central Ministry,174.0,False
SIH26017-PRJ-000513,SIA Approval,True,2019-12-12,2020-04-04,Approved,District Collector,114.0,True
SIH26017-PRJ-000513,State Govt Approval,True,2020-01-17,2020-04-03,Approved,State Government,77.0,True
SIH26017-PRJ-000513,District Collector Approval,True,2019-11-19,2019-12-21,Approved,District Collector,32.0,False
SIH26017-PRJ-000513,Environmental Clearance,True,2020-02-10,2020-12-25,Approved,State Environment Dept / MoEFCC,319.0,True
SIH26017-PRJ-000513,Ministry Approval,True,2020-02-07,2020-10-06,Approved,Concerned Central Ministry,242.0,False
SIH26017-PRJ-000514,SIA Approval,True,2020-11-01,2021-02-06,Approved,District Collector,97.0,True
SIH26017-PRJ-000514,State Govt Approval,True,2020-10-15,2020-11-16,Approved,State Government,32.0,True
SIH26017-PRJ-000514,District Collector Approval,True,2020-10-17,2020-11-10,Approved,District Collector,24.0,False
SIH26017-PRJ-000514,Environmental Clearance,True,2021-02-05,2021-09-02,Approved,State Environment Dept / MoEFCC,209.0,True
SIH26017-PRJ-000515,SIA Approval,True,2022-01-25,2022-05-10,Approved,District Collector,105.0,True
SIH26017-PRJ-000515,State Govt Approval,True,2022-02-19,2022-04-22,Approved,State Government,62.0,True
SIH26017-PRJ-000515,District Collector Approval,True,2021-12-13,2022-01-10,Approved,District Collector,28.0,False
SIH26017-PRJ-000515,Environmental Clearance,True,2022-04-17,2023-01-02,Approved,State Environment Dept / MoEFCC,260.0,True
SIH26017-PRJ-000516,SIA Approval,True,2020-12-02,2021-01-18,Approved,District Collector,47.0,True
SIH26017-PRJ-000516,State Govt Approval,True,2021-01-20,2021-05-02,Approved,State Government,102.0,True
SIH26017-PRJ-000516,District Collector Approval,True,2020-11-27,2020-12-23,Approved,District Collector,26.0,False
SIH26017-PRJ-000516,Environmental Clearance,True,2021-01-19,2021-12-02,Approved,State Environment Dept / MoEFCC,317.0,True
SIH26017-PRJ-000517,SIA Approval,True,2021-06-09,2021-09-06,Approved,District Collector,89.0,True
SIH26017-PRJ-000517,State Govt Approval,True,2021-06-21,2021-09-06,Approved,State Government,77.0,True
SIH26017-PRJ-000517,District Collector Approval,True,2021-05-16,2021-05-31,Approved,District Collector,15.0,False
SIH26017-PRJ-000517,Environmental Clearance,True,2021-09-16,2022-05-21,Approved,State Environment Dept / MoEFCC,247.0,True
SIH26017-PRJ-000518,SIA Approval,True,2024-04-08,2024-08-06,Approved,District Collector,120.0,True
SIH26017-PRJ-000518,State Govt Approval,True,2024-03-31,2024-06-11,Approved,State Government,72.0,True
SIH26017-PRJ-000518,District Collector Approval,True,2024-03-16,2024-04-03,Approved,District Collector,18.0,False
SIH26017-PRJ-000518,Environmental Clearance,True,2024-05-08,2025-07-22,Approved,State Environment Dept / MoEFCC,440.0,True
SIH26017-PRJ-000518,Ministry Approval,True,2024-07-02,2024-11-29,Approved,Concerned Central Ministry,150.0,False
SIH26017-PRJ-000519,SIA Approval,True,2019-02-14,2019-04-30,Approved,District Collector,75.0,True
SIH26017-PRJ-000519,State Govt Approval,True,2019-02-21,2019-04-27,Approved,State Government,65.0,True
SIH26017-PRJ-000519,District Collector Approval,True,2019-01-05,2019-01-27,Approved,District Collector,22.0,False
SIH26017-PRJ-000519,Forest Clearance,True,2019-03-02,2019-12-20,Approved,State Forest Dept,293.0,True
SIH26017-PRJ-000519,Environmental Clearance,True,2019-03-24,2019-10-28,Approved,State Environment Dept / MoEFCC,218.0,True
SIH26017-PRJ-000519,Ministry Approval,True,2019-06-14,2019-11-10,Approved,Concerned Central Ministry,149.0,False
SIH26017-PRJ-000520,SIA Approval,True,2015-01-20,2015-03-27,Approved,District Collector,66.0,True
SIH26017-PRJ-000520,State Govt Approval,True,2015-03-07,2015-04-27,Approved,State Government,51.0,True
SIH26017-PRJ-000520,District Collector Approval,True,2015-01-11,2015-02-01,Approved,District Collector,21.0,False
SIH26017-PRJ-000521,SIA Approval,True,2024-02-03,2024-04-30,Approved,District Collector,87.0,True
SIH26017-PRJ-000521,State Govt Approval,True,2024-02-27,2024-04-08,Approved,State Government,41.0,True
SIH26017-PRJ-000521,District Collector Approval,True,2024-02-15,2024-02-28,Approved,District Collector,13.0,False
SIH26017-PRJ-000521,Environmental Clearance,True,2024-03-23,2025-01-15,Approved,State Environment Dept / MoEFCC,298.0,True
SIH26017-PRJ-000522,SIA Approval,True,2017-08-21,2017-10-29,Approved,District Collector,69.0,True
SIH26017-PRJ-000522,State Govt Approval,True,2017-09-30,2017-11-29,Approved,State Government,60.0,True
SIH26017-PRJ-000522,District Collector Approval,True,2017-08-06,2017-09-09,Approved,District Collector,34.0,False
SIH26017-PRJ-000522,Environmental Clearance,True,2017-09-29,2018-06-01,Approved,State Environment Dept / MoEFCC,245.0,True
SIH26017-PRJ-000522,Ministry Approval,True,2017-12-15,2018-08-09,Approved,Concerned Central Ministry,237.0,False
SIH26017-PRJ-000523,SIA Approval,True,2022-11-06,2023-04-03,Approved,District Collector,148.0,True
SIH26017-PRJ-000523,State Govt Approval,True,2022-10-11,2023-01-13,Approved,State Government,94.0,True
SIH26017-PRJ-000523,District Collector Approval,True,2022-10-15,2022-11-03,Approved,District Collector,19.0,False
SIH26017-PRJ-000523,Forest Clearance,True,2022-12-01,2023-07-06,Approved,State Forest Dept,217.0,True
SIH26017-PRJ-000524,SIA Approval,True,2023-10-30,2024-01-12,Approved,District Collector,74.0,True
SIH26017-PRJ-000524,State Govt Approval,True,2023-11-11,2024-01-02,Approved,State Government,52.0,True
SIH26017-PRJ-000524,District Collector Approval,True,2023-10-28,2023-12-25,Approved,District Collector,58.0,False
SIH26017-PRJ-000524,Environmental Clearance,True,2023-11-27,2024-06-18,Approved,State Environment Dept / MoEFCC,204.0,True
SIH26017-PRJ-000524,Ministry Approval,True,2024-01-29,2024-06-22,Approved,Concerned Central Ministry,145.0,False
SIH26017-PRJ-000525,SIA Approval,True,2021-10-01,2021-11-29,Approved,District Collector,59.0,True
SIH26017-PRJ-000525,State Govt Approval,True,2021-11-27,2022-01-10,Approved,State Government,44.0,True
SIH26017-PRJ-000525,District Collector Approval,True,2021-10-03,2021-11-03,Approved,District Collector,31.0,False
SIH26017-PRJ-000525,Environmental Clearance,True,2021-12-25,2022-12-26,Approved,State Environment Dept / MoEFCC,366.0,True
SIH26017-PRJ-000526,SIA Approval,True,2017-02-01,2017-04-29,Approved,District Collector,87.0,True
SIH26017-PRJ-000526,State Govt Approval,True,2017-03-31,2017-06-10,Approved,State Government,71.0,True
SIH26017-PRJ-000526,District Collector Approval,True,2017-02-02,2017-04-05,Approved,District Collector,62.0,False
SIH26017-PRJ-000526,Environmental Clearance,True,2017-05-31,2018-01-27,Approved,State Environment Dept / MoEFCC,241.0,True
SIH26017-PRJ-000527,SIA Approval,True,2019-04-22,2019-08-03,Approved,District Collector,103.0,True
SIH26017-PRJ-000527,State Govt Approval,True,2019-06-23,,Rejected,State Government,,True
SIH26017-PRJ-000527,District Collector Approval,True,2019-05-05,2019-06-21,Approved,District Collector,47.0,False
SIH26017-PRJ-000527,Environmental Clearance,True,2019-06-28,2020-06-05,Approved,State Environment Dept / MoEFCC,343.0,True
SIH26017-PRJ-000527,Ministry Approval,True,2019-10-04,2020-05-21,Approved,Concerned Central Ministry,230.0,False
SIH26017-PRJ-000528,SIA Approval,True,2016-01-31,2016-06-10,Approved,District Collector,131.0,True
SIH26017-PRJ-000528,State Govt Approval,True,2016-03-07,2016-04-25,Approved,State Government,49.0,True
SIH26017-PRJ-000528,District Collector Approval,True,2016-01-31,2016-02-26,Approved,District Collector,26.0,False
SIH26017-PRJ-000528,Environmental Clearance,True,2016-06-13,2016-11-27,Approved,State Environment Dept / MoEFCC,167.0,True
SIH26017-PRJ-000529,SIA Approval,True,2024-07-09,2024-11-10,Approved,District Collector,124.0,True
SIH26017-PRJ-000529,State Govt Approval,True,2024-09-12,2024-12-20,Approved,State Government,99.0,True
SIH26017-PRJ-000529,District Collector Approval,True,2024-07-01,2024-07-31,Approved,District Collector,30.0,False
SIH26017-PRJ-000529,Environmental Clearance,True,2024-09-09,2025-05-30,Approved,State Environment Dept / MoEFCC,263.0,True
SIH26017-PRJ-000530,SIA Approval,True,2018-05-22,2018-09-05,Approved,District Collector,106.0,True
SIH26017-PRJ-000530,State Govt Approval,True,2018-04-29,2018-07-11,Approved,State Government,73.0,True
SIH26017-PRJ-000530,District Collector Approval,True,2018-05-08,,Rejected,District Collector,,False
SIH26017-PRJ-000530,Environmental Clearance,True,2018-07-26,2019-08-12,Approved,State Environment Dept / MoEFCC,382.0,True
SIH26017-PRJ-000530,Ministry Approval,True,2018-08-15,2019-03-18,Approved,Concerned Central Ministry,215.0,False
SIH26017-PRJ-000531,SIA Approval,True,2020-09-10,2020-12-03,Approved,District Collector,84.0,True
SIH26017-PRJ-000531,State Govt Approval,True,2020-10-14,2020-12-03,Approved,State Government,50.0,True
SIH26017-PRJ-000531,District Collector Approval,True,2020-08-15,2020-09-04,Approved,District Collector,20.0,False
SIH26017-PRJ-000531,Environmental Clearance,True,2021-01-22,,Rejected,State Environment Dept / MoEFCC,,True
SIH26017-PRJ-000532,SIA Approval,True,2015-11-28,2016-02-14,Approved,District Collector,78.0,True
SIH26017-PRJ-000532,State Govt Approval,True,2016-01-04,2016-05-01,Approved,State Government,118.0,True
SIH26017-PRJ-000532,District Collector Approval,True,2015-11-22,2015-12-20,Approved,District Collector,28.0,False
SIH26017-PRJ-000532,Environmental Clearance,True,2016-03-17,2016-12-13,Approved,State Environment Dept / MoEFCC,271.0,True
SIH26017-PRJ-000533,SIA Approval,True,2019-04-24,2019-06-25,Approved,District Collector,62.0,True
SIH26017-PRJ-000533,State Govt Approval,True,2019-05-04,2019-08-15,Approved,State Government,103.0,True
SIH26017-PRJ-000533,District Collector Approval,True,2019-04-21,2019-06-01,Approved,District Collector,41.0,False
SIH26017-PRJ-000533,Environmental Clearance,True,2019-05-26,2020-04-02,Approved,State Environment Dept / MoEFCC,312.0,True
SIH26017-PRJ-000534,SIA Approval,True,2024-09-07,2024-12-13,Approved,District Collector,97.0,True
SIH26017-PRJ-000534,State Govt Approval,True,2024-08-27,2024-12-10,Approved,State Government,105.0,True
SIH26017-PRJ-000534,District Collector Approval,True,2024-08-07,2024-10-05,Approved,District Collector,59.0,False
SIH26017-PRJ-000534,Environmental Clearance,True,2024-12-07,2025-04-10,Approved,State Environment Dept / MoEFCC,124.0,True
SIH26017-PRJ-000535,SIA Approval,True,2023-11-04,2023-12-25,Approved,District Collector,51.0,True
SIH26017-PRJ-000535,State Govt Approval,True,2023-11-27,2024-01-19,Approved,State Government,53.0,True
SIH26017-PRJ-000535,District Collector Approval,True,2023-09-23,2023-11-14,Approved,District Collector,52.0,False
SIH26017-PRJ-000536,SIA Approval,True,2021-09-09,2022-02-08,Approved,District Collector,152.0,True
SIH26017-PRJ-000536,State Govt Approval,True,2021-10-16,2022-01-04,Approved,State Government,80.0,True
SIH26017-PRJ-000536,District Collector Approval,True,2021-09-02,2021-10-08,Approved,District Collector,36.0,False
SIH26017-PRJ-000536,Forest Clearance,True,2022-01-16,2022-12-21,Approved,State Forest Dept,339.0,True
SIH26017-PRJ-000536,Environmental Clearance,True,2022-02-06,2022-09-18,Approved,State Environment Dept / MoEFCC,224.0,True
SIH26017-PRJ-000537,SIA Approval,True,2020-05-03,2020-07-23,Approved,District Collector,81.0,True
SIH26017-PRJ-000537,State Govt Approval,True,2020-05-01,2020-09-15,Approved,State Government,137.0,True
SIH26017-PRJ-000537,District Collector Approval,True,2020-03-30,,Rejected,District Collector,,False
SIH26017-PRJ-000537,Forest Clearance,True,2020-07-18,2021-06-02,Approved,State Forest Dept,319.0,True
SIH26017-PRJ-000537,Environmental Clearance,True,2020-06-06,2020-11-06,Approved,State Environment Dept / MoEFCC,153.0,True
SIH26017-PRJ-000538,SIA Approval,True,2023-01-23,2023-05-09,Approved,District Collector,106.0,True
SIH26017-PRJ-000538,State Govt Approval,True,2023-02-01,2023-04-10,Approved,State Government,68.0,True
SIH26017-PRJ-000538,District Collector Approval,True,2023-01-27,2023-03-05,Approved,District Collector,37.0,False
SIH26017-PRJ-000538,Forest Clearance,True,2023-05-01,2024-06-13,Approved,State Forest Dept,409.0,True
SIH26017-PRJ-000538,Environmental Clearance,True,2023-03-31,2023-10-23,Approved,State Environment Dept / MoEFCC,206.0,True
SIH26017-PRJ-000539,SIA Approval,True,2018-01-06,2018-03-07,Approved,District Collector,60.0,True
SIH26017-PRJ-000539,State Govt Approval,True,2018-02-27,2018-04-16,Approved,State Government,48.0,True
SIH26017-PRJ-000539,District Collector Approval,True,2018-01-10,2018-03-30,Approved,District Collector,79.0,False
SIH26017-PRJ-000539,Forest Clearance,True,2018-02-26,2018-12-07,Approved,State Forest Dept,284.0,True
SIH26017-PRJ-000539,Environmental Clearance,True,2018-02-19,2018-10-12,Approved,State Environment Dept / MoEFCC,235.0,True
SIH26017-PRJ-000539,Ministry Approval,True,2018-05-13,2018-10-16,Approved,Concerned Central Ministry,156.0,False
SIH26017-PRJ-000540,SIA Approval,True,2017-05-25,2017-08-02,Approved,District Collector,69.0,True
SIH26017-PRJ-000540,State Govt Approval,True,2017-06-21,2017-07-29,Approved,State Government,38.0,True
SIH26017-PRJ-000540,District Collector Approval,True,2017-05-24,2017-07-07,Approved,District Collector,44.0,False
SIH26017-PRJ-000541,SIA Approval,True,2018-08-23,2018-11-16,Approved,District Collector,85.0,True
SIH26017-PRJ-000541,State Govt Approval,True,2018-08-14,2018-10-15,Approved,State Government,62.0,True
SIH26017-PRJ-000541,District Collector Approval,True,2018-07-28,2018-08-26,Approved,District Collector,29.0,False
SIH26017-PRJ-000541,Forest Clearance,True,2018-12-06,2019-07-31,Approved,State Forest Dept,237.0,True
SIH26017-PRJ-000541,Wildlife Clearance,True,2018-12-29,2019-11-19,Approved,State Forest Dept,325.0,False
SIH26017-PRJ-000541,Environmental Clearance,True,2018-10-20,2019-05-22,Approved,State Environment Dept / MoEFCC,214.0,True
SIH26017-PRJ-000541,Ministry Approval,True,2019-01-30,2019-07-23,Approved,Concerned Central Ministry,174.0,False
SIH26017-PRJ-000542,SIA Approval,True,2018-02-15,2018-08-04,Approved,District Collector,170.0,True
SIH26017-PRJ-000542,State Govt Approval,True,2018-02-18,2018-04-19,Approved,State Government,60.0,True
SIH26017-PRJ-000542,District Collector Approval,True,2018-01-04,2018-02-18,Approved,District Collector,45.0,False
SIH26017-PRJ-000542,Environmental Clearance,True,2018-05-12,2018-11-30,Approved,State Environment Dept / MoEFCC,202.0,True
SIH26017-PRJ-000542,Ministry Approval,True,2018-06-28,2018-12-23,Approved,Concerned Central Ministry,178.0,False
SIH26017-PRJ-000543,SIA Approval,True,2020-12-30,2021-05-25,Approved,District Collector,146.0,True
SIH26017-PRJ-000543,State Govt Approval,True,2020-12-12,2021-01-27,Approved,State Government,46.0,True
SIH26017-PRJ-000543,District Collector Approval,True,2020-12-09,2021-01-06,Approved,District Collector,28.0,False
SIH26017-PRJ-000543,Environmental Clearance,True,2021-02-26,2022-01-17,Approved,State Environment Dept / MoEFCC,325.0,True
SIH26017-PRJ-000544,SIA Approval,True,2021-07-13,2021-10-25,Approved,District Collector,104.0,True
SIH26017-PRJ-000544,State Govt Approval,True,2021-08-07,2021-09-29,Approved,State Government,53.0,True
SIH26017-PRJ-000544,District Collector Approval,True,2021-06-28,2021-07-20,Approved,District Collector,22.0,False
SIH26017-PRJ-000544,Environmental Clearance,True,2021-09-04,2022-04-19,Approved,State Environment Dept / MoEFCC,227.0,True
SIH26017-PRJ-000544,Ministry Approval,True,2021-09-06,2022-03-05,Approved,Concerned Central Ministry,180.0,False
SIH26017-PRJ-000545,SIA Approval,True,2015-08-24,2015-10-17,Approved,District Collector,54.0,True
SIH26017-PRJ-000545,State Govt Approval,True,2015-09-02,2015-10-04,Approved,State Government,32.0,True
SIH26017-PRJ-000545,District Collector Approval,True,2015-08-07,2015-08-28,Approved,District Collector,21.0,False
SIH26017-PRJ-000545,Forest Clearance,True,2015-10-17,2016-11-14,Approved,State Forest Dept,394.0,True
SIH26017-PRJ-000545,Environmental Clearance,True,2015-09-15,2016-12-20,Approved,State Environment Dept / MoEFCC,462.0,True
SIH26017-PRJ-000546,SIA Approval,True,2022-05-05,2022-09-10,Approved,District Collector,128.0,True
SIH26017-PRJ-000546,State Govt Approval,True,2022-05-15,2022-07-05,Approved,State Government,51.0,True
SIH26017-PRJ-000546,District Collector Approval,True,2022-05-15,2022-06-10,Approved,District Collector,26.0,False
SIH26017-PRJ-000546,Environmental Clearance,True,2022-06-10,2022-10-25,Approved,State Environment Dept / MoEFCC,137.0,True
SIH26017-PRJ-000547,SIA Approval,True,2016-05-07,2016-07-14,Approved,District Collector,68.0,True
SIH26017-PRJ-000547,State Govt Approval,True,2016-06-06,2016-07-20,Approved,State Government,44.0,True
SIH26017-PRJ-000547,District Collector Approval,True,2016-04-01,2016-05-06,Approved,District Collector,35.0,False
SIH26017-PRJ-000547,Environmental Clearance,True,2016-06-19,2017-10-01,Approved,State Environment Dept / MoEFCC,469.0,True
SIH26017-PRJ-000547,Ministry Approval,True,2016-07-17,2016-12-18,Approved,Concerned Central Ministry,154.0,False
SIH26017-PRJ-000548,SIA Approval,True,2017-11-24,2018-03-08,Approved,District Collector,104.0,True
SIH26017-PRJ-000548,State Govt Approval,True,2017-12-15,2018-02-16,Approved,State Government,63.0,True
SIH26017-PRJ-000548,District Collector Approval,True,2017-12-03,2018-01-03,Approved,District Collector,31.0,False
SIH26017-PRJ-000548,Environmental Clearance,True,2017-12-23,,Rejected,State Environment Dept / MoEFCC,,True
SIH26017-PRJ-000549,SIA Approval,True,2019-08-06,2019-10-10,Approved,District Collector,65.0,True
SIH26017-PRJ-000549,State Govt Approval,True,2019-08-04,2019-11-08,Approved,State Government,96.0,True
SIH26017-PRJ-000549,District Collector Approval,True,2019-08-02,2019-09-05,Approved,District Collector,34.0,False
SIH26017-PRJ-000549,Environmental Clearance,True,2019-10-27,2020-07-13,Approved,State Environment Dept / MoEFCC,260.0,True
SIH26017-PRJ-000550,SIA Approval,True,2023-03-20,2023-07-17,Approved,District Collector,119.0,True
SIH26017-PRJ-000550,State Govt Approval,True,2023-04-02,2023-06-10,Approved,State Government,69.0,True
SIH26017-PRJ-000550,District Collector Approval,True,2023-03-21,2023-04-14,Approved,District Collector,24.0,False
SIH26017-PRJ-000550,Environmental Clearance,True,2023-08-06,2024-03-30,Approved,State Environment Dept / MoEFCC,237.0,True
SIH26017-PRJ-000550,Ministry Approval,True,2023-08-01,2023-11-16,Approved,Concerned Central Ministry,107.0,False
SIH26017-PRJ-000551,SIA Approval,True,2023-05-20,2023-07-06,Approved,District Collector,47.0,True
SIH26017-PRJ-000551,State Govt Approval,True,2023-05-02,2023-06-10,Approved,State Government,39.0,True
SIH26017-PRJ-000551,District Collector Approval,True,2023-05-04,2023-07-15,Approved,District Collector,72.0,False
SIH26017-PRJ-000551,Forest Clearance,True,2023-06-05,2024-05-08,Approved,State Forest Dept,338.0,True
SIH26017-PRJ-000551,Wildlife Clearance,True,2023-09-04,2024-06-16,Approved,State Forest Dept,286.0,False
SIH26017-PRJ-000551,Environmental Clearance,True,2023-06-21,2024-04-10,Approved,State Environment Dept / MoEFCC,294.0,True
SIH26017-PRJ-000551,Ministry Approval,True,2023-10-08,2024-04-29,Approved,Concerned Central Ministry,204.0,False
SIH26017-PRJ-000552,SIA Approval,True,2017-11-11,2018-02-12,Approved,District Collector,93.0,True
SIH26017-PRJ-000552,State Govt Approval,True,2017-11-15,2018-02-06,Approved,State Government,83.0,True
SIH26017-PRJ-000552,District Collector Approval,True,2017-11-01,2017-11-30,Approved,District Collector,29.0,False
SIH26017-PRJ-000552,Environmental Clearance,True,2018-01-15,2018-05-31,Approved,State Environment Dept / MoEFCC,136.0,True
SIH26017-PRJ-000552,Ministry Approval,True,2018-02-02,2018-04-21,Approved,Concerned Central Ministry,78.0,False
SIH26017-PRJ-000553,SIA Approval,True,2020-12-06,2021-02-21,Approved,District Collector,77.0,True
SIH26017-PRJ-000553,State Govt Approval,True,2020-12-14,2021-03-04,Approved,State Government,80.0,True
SIH26017-PRJ-000553,District Collector Approval,True,2020-12-04,2021-01-09,Approved,District Collector,36.0,False
SIH26017-PRJ-000553,Environmental Clearance,True,2021-03-09,2021-11-09,Approved,State Environment Dept / MoEFCC,245.0,True
SIH26017-PRJ-000554,SIA Approval,True,2015-10-22,2016-01-05,Approved,District Collector,75.0,True
SIH26017-PRJ-000554,State Govt Approval,True,2015-11-03,2016-01-05,Approved,State Government,63.0,True
SIH26017-PRJ-000554,District Collector Approval,True,2015-09-13,2015-10-05,Approved,District Collector,22.0,False
SIH26017-PRJ-000554,Environmental Clearance,True,2015-11-10,2016-10-17,Approved,State Environment Dept / MoEFCC,342.0,True
SIH26017-PRJ-000554,Defence NOC,True,2015-12-29,2016-05-04,Approved,Ministry of Defence,127.0,False
SIH26017-PRJ-000555,SIA Approval,True,2024-06-01,2024-09-23,Approved,District Collector,114.0,True
SIH26017-PRJ-000555,State Govt Approval,True,2024-07-06,2024-09-10,Approved,State Government,66.0,True
SIH26017-PRJ-000555,District Collector Approval,True,2024-05-07,2024-06-08,Approved,District Collector,32.0,False
SIH26017-PRJ-000555,Environmental Clearance,True,2024-09-03,2025-06-01,Approved,State Environment Dept / MoEFCC,271.0,True
SIH26017-PRJ-000555,Ministry Approval,True,2024-10-01,2025-05-01,Approved,Concerned Central Ministry,212.0,False
SIH26017-PRJ-000556,SIA Approval,True,2022-02-03,2022-06-04,Approved,District Collector,121.0,True
SIH26017-PRJ-000556,State Govt Approval,True,2022-02-04,2022-05-19,Approved,State Government,104.0,True
SIH26017-PRJ-000556,District Collector Approval,True,2022-02-03,2022-02-26,Approved,District Collector,23.0,False
SIH26017-PRJ-000556,Environmental Clearance,True,2022-03-29,2022-08-27,Approved,State Environment Dept / MoEFCC,151.0,True
SIH26017-PRJ-000557,SIA Approval,True,2018-09-11,2018-12-23,Approved,District Collector,103.0,True
SIH26017-PRJ-000557,State Govt Approval,True,2018-10-12,2019-01-05,Approved,State Government,85.0,True
SIH26017-PRJ-000557,District Collector Approval,True,2018-08-12,2018-10-21,Approved,District Collector,70.0,False
SIH26017-PRJ-000557,Environmental Clearance,True,2018-11-15,2019-07-20,Approved,State Environment Dept / MoEFCC,247.0,True
SIH26017-PRJ-000558,SIA Approval,True,2020-02-23,2020-06-19,Approved,District Collector,117.0,True
SIH26017-PRJ-000558,State Govt Approval,True,2020-03-27,,Rejected,State Government,,True
SIH26017-PRJ-000558,District Collector Approval,True,2020-02-14,2020-03-28,Approved,District Collector,43.0,False
SIH26017-PRJ-000558,Environmental Clearance,True,2020-06-07,2021-05-21,Approved,State Environment Dept / MoEFCC,348.0,True
SIH26017-PRJ-000558,Ministry Approval,True,2020-07-13,2021-02-07,Approved,Concerned Central Ministry,209.0,False
SIH26017-PRJ-000559,SIA Approval,True,2024-10-10,2024-12-16,Approved,District Collector,67.0,True
SIH26017-PRJ-000559,State Govt Approval,True,2024-10-09,2025-01-07,Approved,State Government,90.0,True
SIH26017-PRJ-000559,District Collector Approval,True,2024-09-16,2024-10-29,Approved,District Collector,43.0,False
SIH26017-PRJ-000559,Environmental Clearance,True,2024-10-30,,Rejected,State Environment Dept / MoEFCC,,True
SIH26017-PRJ-000560,SIA Approval,True,2016-12-15,2017-05-20,Approved,District Collector,156.0,True
SIH26017-PRJ-000560,State Govt Approval,True,2017-01-29,2017-04-26,Approved,State Government,87.0,True
SIH26017-PRJ-000560,District Collector Approval,True,2016-12-06,2017-02-05,Approved,District Collector,61.0,False
SIH26017-PRJ-000560,Environmental Clearance,True,2017-04-15,2017-10-17,Approved,State Environment Dept / MoEFCC,185.0,True
SIH26017-PRJ-000560,Ministry Approval,True,2017-05-02,2018-02-16,Approved,Concerned Central Ministry,290.0,False
SIH26017-PRJ-000561,SIA Approval,True,2023-12-26,2024-03-20,Approved,District Collector,85.0,True
SIH26017-PRJ-000561,State Govt Approval,True,2024-01-01,2024-02-10,Approved,State Government,40.0,True
SIH26017-PRJ-000561,District Collector Approval,True,2024-01-01,2024-02-05,Approved,District Collector,35.0,False
SIH26017-PRJ-000561,Environmental Clearance,True,2024-02-13,2024-10-08,Approved,State Environment Dept / MoEFCC,238.0,True
SIH26017-PRJ-000561,Ministry Approval,True,2024-02-27,2024-09-15,Approved,Concerned Central Ministry,201.0,False
SIH26017-PRJ-000562,SIA Approval,True,2020-10-07,2020-11-16,Approved,District Collector,40.0,True
SIH26017-PRJ-000562,State Govt Approval,True,2020-10-08,2021-01-11,Approved,State Government,95.0,True
SIH26017-PRJ-000562,District Collector Approval,True,2020-10-01,2020-10-28,Approved,District Collector,27.0,False
SIH26017-PRJ-000562,Environmental Clearance,True,2020-12-27,2021-09-26,Approved,State Environment Dept / MoEFCC,273.0,True
SIH26017-PRJ-000563,SIA Approval,True,2022-07-16,2022-09-13,Approved,District Collector,59.0,True
SIH26017-PRJ-000563,State Govt Approval,True,2022-08-30,2022-12-16,Approved,State Government,108.0,True
SIH26017-PRJ-000563,District Collector Approval,True,2022-07-08,2022-09-14,Approved,District Collector,68.0,False
SIH26017-PRJ-000563,Environmental Clearance,True,2022-08-21,2023-01-28,Approved,State Environment Dept / MoEFCC,160.0,True
SIH26017-PRJ-000564,SIA Approval,True,2020-06-12,2020-10-19,Approved,District Collector,129.0,True
SIH26017-PRJ-000564,State Govt Approval,True,2020-05-27,2020-07-13,Approved,State Government,47.0,True
SIH26017-PRJ-000564,District Collector Approval,True,2020-06-08,2020-07-14,Approved,District Collector,36.0,False
SIH26017-PRJ-000564,Environmental Clearance,True,2020-10-15,2021-10-20,Approved,State Environment Dept / MoEFCC,370.0,True
SIH26017-PRJ-000565,SIA Approval,True,2016-01-08,2016-03-23,Approved,District Collector,75.0,True
SIH26017-PRJ-000565,State Govt Approval,True,2016-02-12,2016-06-19,Approved,State Government,128.0,True
SIH26017-PRJ-000565,District Collector Approval,True,2016-01-14,2016-02-11,Approved,District Collector,28.0,False
SIH26017-PRJ-000565,Environmental Clearance,True,2016-04-08,2016-10-10,Approved,State Environment Dept / MoEFCC,185.0,True
SIH26017-PRJ-000565,Ministry Approval,True,2016-06-13,2017-02-09,Approved,Concerned Central Ministry,241.0,False
SIH26017-PRJ-000566,SIA Approval,True,2015-08-24,2015-11-27,Approved,District Collector,95.0,True
SIH26017-PRJ-000566,State Govt Approval,True,2015-09-13,2015-12-12,Approved,State Government,90.0,True
SIH26017-PRJ-000566,District Collector Approval,True,2015-09-17,,Rejected,District Collector,,False
SIH26017-PRJ-000566,Environmental Clearance,True,2015-10-20,2016-05-29,Approved,State Environment Dept / MoEFCC,222.0,True
SIH26017-PRJ-000567,SIA Approval,True,2017-07-25,2017-10-27,Approved,District Collector,94.0,True
SIH26017-PRJ-000567,State Govt Approval,True,2017-08-14,2017-11-28,Approved,State Government,106.0,True
SIH26017-PRJ-000567,District Collector Approval,True,2017-07-20,2017-09-21,Approved,District Collector,63.0,False
SIH26017-PRJ-000567,Environmental Clearance,True,2017-10-08,2019-04-30,Approved,State Environment Dept / MoEFCC,569.0,True
SIH26017-PRJ-000567,Defence NOC,True,2017-09-03,2018-01-31,Approved,Ministry of Defence,150.0,False
SIH26017-PRJ-000568,SIA Approval,True,2017-07-26,2017-09-10,Approved,District Collector,46.0,True
SIH26017-PRJ-000568,State Govt Approval,True,2017-09-06,2017-11-12,Approved,State Government,67.0,True
SIH26017-PRJ-000568,District Collector Approval,True,2017-08-08,2017-09-12,Approved,District Collector,35.0,False
SIH26017-PRJ-000568,Environmental Clearance,True,2017-10-25,2018-05-31,Approved,State Environment Dept / MoEFCC,218.0,True
SIH26017-PRJ-000568,Ministry Approval,True,2018-01-05,2018-07-29,Approved,Concerned Central Ministry,205.0,False
SIH26017-PRJ-000569,SIA Approval,True,2022-02-27,2022-05-13,Approved,District Collector,75.0,True
SIH26017-PRJ-000569,State Govt Approval,True,2022-04-16,2022-07-11,Approved,State Government,86.0,True
SIH26017-PRJ-000569,District Collector Approval,True,2022-03-24,2022-04-18,Approved,District Collector,25.0,False
SIH26017-PRJ-000569,Environmental Clearance,True,2022-07-26,2023-01-28,Approved,State Environment Dept / MoEFCC,186.0,True
SIH26017-PRJ-000570,SIA Approval,True,2019-12-13,2020-04-14,Approved,District Collector,123.0,True
SIH26017-PRJ-000570,State Govt Approval,True,2019-12-16,2020-04-14,Approved,State Government,120.0,True
SIH26017-PRJ-000570,District Collector Approval,True,2019-11-01,2019-12-13,Approved,District Collector,42.0,False
SIH26017-PRJ-000570,Forest Clearance,True,2020-01-30,2020-10-19,Approved,State Forest Dept,263.0,True
SIH26017-PRJ-000570,Environmental Clearance,True,2020-03-23,2020-11-12,Approved,State Environment Dept / MoEFCC,234.0,True
SIH26017-PRJ-000571,SIA Approval,True,2018-07-16,2018-10-25,Approved,District Collector,101.0,True
SIH26017-PRJ-000571,State Govt Approval,True,2018-08-18,2018-12-07,Approved,State Government,111.0,True
SIH26017-PRJ-000571,District Collector Approval,True,2018-07-07,2018-08-27,Approved,District Collector,51.0,False
SIH26017-PRJ-000571,Environmental Clearance,True,2018-11-19,2019-09-07,Approved,State Environment Dept / MoEFCC,292.0,True
SIH26017-PRJ-000572,SIA Approval,True,2024-07-29,2024-11-02,Approved,District Collector,96.0,True
SIH26017-PRJ-000572,State Govt Approval,True,2024-09-06,2024-11-06,Approved,State Government,61.0,True
SIH26017-PRJ-000572,District Collector Approval,True,2024-07-23,2024-09-05,Approved,District Collector,44.0,False
SIH26017-PRJ-000572,Forest Clearance,True,2024-11-25,2025-04-21,Approved,State Forest Dept,147.0,True
SIH26017-PRJ-000572,Environmental Clearance,True,2024-09-08,2025-04-10,Approved,State Environment Dept / MoEFCC,214.0,True
SIH26017-PRJ-000572,Ministry Approval,True,2024-11-22,2025-04-29,Approved,Concerned Central Ministry,158.0,False
SIH26017-PRJ-000573,SIA Approval,True,2017-06-10,2017-08-21,Approved,District Collector,72.0,True
SIH26017-PRJ-000573,State Govt Approval,True,2017-05-28,2017-07-13,Approved,State Government,46.0,True
SIH26017-PRJ-000573,District Collector Approval,True,2017-05-19,2017-06-22,Approved,District Collector,34.0,False
SIH26017-PRJ-000573,Environmental Clearance,True,2017-08-03,2018-01-04,Approved,State Environment Dept / MoEFCC,154.0,True
SIH26017-PRJ-000574,SIA Approval,True,2017-12-11,2018-03-06,Approved,District Collector,85.0,True
SIH26017-PRJ-000574,State Govt Approval,True,2018-01-12,2018-03-08,Approved,State Government,55.0,True
SIH26017-PRJ-000574,District Collector Approval,True,2017-10-27,2017-12-08,Approved,District Collector,42.0,False
SIH26017-PRJ-000574,Environmental Clearance,True,2018-03-07,2018-12-04,Approved,State Environment Dept / MoEFCC,272.0,True
SIH26017-PRJ-000574,Ministry Approval,True,2018-04-11,2018-09-14,Approved,Concerned Central Ministry,156.0,False
SIH26017-PRJ-000575,SIA Approval,True,2023-11-09,2024-01-09,Approved,District Collector,61.0,True
SIH26017-PRJ-000575,State Govt Approval,True,2023-11-22,2024-03-02,Approved,State Government,101.0,True
SIH26017-PRJ-000575,District Collector Approval,True,2023-12-05,2023-12-22,Approved,District Collector,17.0,False
SIH26017-PRJ-000575,Environmental Clearance,True,2024-04-04,2025-02-22,Approved,State Environment Dept / MoEFCC,324.0,True
SIH26017-PRJ-000576,SIA Approval,True,2018-07-09,2018-10-19,Approved,District Collector,102.0,True
SIH26017-PRJ-000576,State Govt Approval,True,2018-09-01,2018-11-04,Approved,State Government,64.0,True
SIH26017-PRJ-000576,District Collector Approval,True,2018-07-05,2018-07-25,Approved,District Collector,20.0,False
SIH26017-PRJ-000576,Ministry Approval,True,2019-01-02,2019-04-28,Approved,Concerned Central Ministry,116.0,False
SIH26017-PRJ-000577,SIA Approval,True,2016-02-02,2016-05-16,Approved,District Collector,104.0,True
SIH26017-PRJ-000577,State Govt Approval,True,2016-02-18,2016-03-20,Approved,State Government,31.0,True
SIH26017-PRJ-000577,District Collector Approval,True,2016-03-01,2016-04-03,Approved,District Collector,33.0,False
SIH26017-PRJ-000577,Environmental Clearance,True,2016-04-27,2016-09-02,Approved,State Environment Dept / MoEFCC,128.0,True
SIH26017-PRJ-000577,Ministry Approval,True,2016-05-08,2016-10-29,Approved,Concerned Central Ministry,174.0,False
SIH26017-PRJ-000578,SIA Approval,True,2016-01-14,2016-03-11,Approved,District Collector,57.0,True
SIH26017-PRJ-000578,State Govt Approval,True,2016-01-15,2016-03-20,Approved,State Government,65.0,True
SIH26017-PRJ-000578,District Collector Approval,True,2015-12-31,2016-02-07,Approved,District Collector,38.0,False
SIH26017-PRJ-000578,Environmental Clearance,True,2016-04-30,2017-01-26,Approved,State Environment Dept / MoEFCC,271.0,True
SIH26017-PRJ-000579,SIA Approval,True,2015-10-18,2016-05-07,Approved,District Collector,202.0,True
SIH26017-PRJ-000579,State Govt Approval,True,2015-10-26,2015-12-24,Approved,State Government,59.0,True
SIH26017-PRJ-000579,District Collector Approval,True,2015-11-03,2015-12-04,Approved,District Collector,31.0,False
SIH26017-PRJ-000579,Environmental Clearance,True,2016-02-20,2016-12-28,Approved,State Environment Dept / MoEFCC,312.0,True
SIH26017-PRJ-000579,Ministry Approval,True,2016-01-03,2016-04-10,Approved,Concerned Central Ministry,98.0,False
SIH26017-PRJ-000580,SIA Approval,True,2024-06-15,2024-11-24,Approved,District Collector,162.0,True
SIH26017-PRJ-000580,State Govt Approval,True,2024-07-29,2024-10-19,Approved,State Government,82.0,True
SIH26017-PRJ-000580,District Collector Approval,True,2024-05-22,2024-07-09,Approved,District Collector,48.0,False
SIH26017-PRJ-000580,Environmental Clearance,True,2024-08-28,2025-04-12,Approved,State Environment Dept / MoEFCC,227.0,True
SIH26017-PRJ-000580,Ministry Approval,True,2024-09-10,2025-04-05,Approved,Concerned Central Ministry,207.0,False
SIH26017-PRJ-000581,SIA Approval,True,2023-01-14,2023-03-26,Approved,District Collector,71.0,True
SIH26017-PRJ-000581,State Govt Approval,True,2023-01-25,2023-03-23,Approved,State Government,57.0,True
SIH26017-PRJ-000581,District Collector Approval,True,2023-02-13,2023-03-09,Approved,District Collector,24.0,False
SIH26017-PRJ-000581,Environmental Clearance,True,2023-05-23,2023-10-17,Approved,State Environment Dept / MoEFCC,147.0,True
SIH26017-PRJ-000582,SIA Approval,True,2019-03-16,2019-06-28,Approved,District Collector,104.0,True
SIH26017-PRJ-000582,State Govt Approval,True,2019-03-25,2019-06-18,Approved,State Government,85.0,True
SIH26017-PRJ-000582,District Collector Approval,True,2019-02-10,2019-03-25,Approved,District Collector,43.0,False
SIH26017-PRJ-000582,Environmental Clearance,True,2019-06-19,2020-01-03,Approved,State Environment Dept / MoEFCC,198.0,True
SIH26017-PRJ-000583,SIA Approval,True,2018-11-25,2019-01-28,Approved,District Collector,64.0,True
SIH26017-PRJ-000583,State Govt Approval,True,2018-12-10,2019-01-23,Approved,State Government,44.0,True
SIH26017-PRJ-000583,District Collector Approval,True,2018-11-09,2018-12-09,Approved,District Collector,30.0,False
SIH26017-PRJ-000583,Environmental Clearance,True,2019-04-08,2019-11-15,Approved,State Environment Dept / MoEFCC,221.0,True
SIH26017-PRJ-000583,Ministry Approval,True,2019-02-06,2019-06-30,Approved,Concerned Central Ministry,144.0,False
SIH26017-PRJ-000584,SIA Approval,True,2018-08-29,2018-12-08,Approved,District Collector,101.0,True
SIH26017-PRJ-000584,State Govt Approval,True,2018-09-15,2019-01-07,Approved,State Government,114.0,True
SIH26017-PRJ-000584,District Collector Approval,True,2018-08-24,2018-10-07,Approved,District Collector,44.0,False
SIH26017-PRJ-000584,Environmental Clearance,True,2018-09-12,2018-12-27,Approved,State Environment Dept / MoEFCC,106.0,True
SIH26017-PRJ-000585,SIA Approval,True,2019-05-07,2020-01-09,Approved,District Collector,247.0,True
SIH26017-PRJ-000585,State Govt Approval,True,2019-04-24,2019-08-07,Approved,State Government,105.0,True
SIH26017-PRJ-000585,District Collector Approval,True,2019-05-02,2019-05-29,Approved,District Collector,27.0,False
SIH26017-PRJ-000585,Environmental Clearance,True,2019-07-29,2020-04-07,Approved,State Environment Dept / MoEFCC,253.0,True
SIH26017-PRJ-000585,Ministry Approval,True,2019-06-28,2020-05-23,Approved,Concerned Central Ministry,330.0,False
SIH26017-PRJ-000586,SIA Approval,True,2021-10-05,2022-01-16,Approved,District Collector,103.0,True
SIH26017-PRJ-000586,State Govt Approval,True,2021-10-19,2022-01-09,Approved,State Government,82.0,True
SIH26017-PRJ-000586,District Collector Approval,True,2021-08-31,2021-09-20,Approved,District Collector,20.0,False
SIH26017-PRJ-000586,Environmental Clearance,True,2022-01-30,2022-08-26,Approved,State Environment Dept / MoEFCC,208.0,True
SIH26017-PRJ-000586,Ministry Approval,True,2022-01-25,2022-07-10,Approved,Concerned Central Ministry,166.0,False
SIH26017-PRJ-000587,SIA Approval,True,2021-05-11,2021-07-09,Approved,District Collector,59.0,True
SIH26017-PRJ-000587,State Govt Approval,True,2021-06-09,2021-08-10,Approved,State Government,62.0,True
SIH26017-PRJ-000587,District Collector Approval,True,2021-06-01,2021-06-30,Approved,District Collector,29.0,False
SIH26017-PRJ-000587,Environmental Clearance,True,2021-08-12,2022-03-28,Approved,State Environment Dept / MoEFCC,228.0,True
SIH26017-PRJ-000588,SIA Approval,True,2023-06-23,2023-09-04,Approved,District Collector,73.0,True
SIH26017-PRJ-000588,State Govt Approval,True,2023-07-24,2023-10-20,Approved,State Government,88.0,True
SIH26017-PRJ-000588,District Collector Approval,True,2023-06-25,2023-08-05,Approved,District Collector,41.0,False
SIH26017-PRJ-000589,SIA Approval,True,2024-02-21,2024-10-14,Approved,District Collector,236.0,True
SIH26017-PRJ-000589,State Govt Approval,True,2024-02-14,2024-04-05,Approved,State Government,51.0,True
SIH26017-PRJ-000589,District Collector Approval,True,2024-01-07,2024-02-05,Approved,District Collector,29.0,False
SIH26017-PRJ-000589,Forest Clearance,True,2024-04-07,2024-12-30,Approved,State Forest Dept,267.0,True
SIH26017-PRJ-000589,Environmental Clearance,True,2024-05-10,2024-08-30,Approved,State Environment Dept / MoEFCC,112.0,True
SIH26017-PRJ-000590,SIA Approval,True,2021-12-07,2022-03-03,Approved,District Collector,86.0,True
SIH26017-PRJ-000590,State Govt Approval,True,2021-12-04,2022-03-01,Approved,State Government,87.0,True
SIH26017-PRJ-000590,District Collector Approval,True,2021-12-08,,Rejected,District Collector,,False
SIH26017-PRJ-000590,Environmental Clearance,True,2022-01-14,,Rejected,State Environment Dept / MoEFCC,,True
SIH26017-PRJ-000591,SIA Approval,True,2021-06-06,2021-11-05,Approved,District Collector,152.0,True
SIH26017-PRJ-000591,State Govt Approval,True,2021-07-03,2021-10-15,Approved,State Government,104.0,True
SIH26017-PRJ-000591,District Collector Approval,True,2021-06-10,2021-07-04,Approved,District Collector,24.0,False
SIH26017-PRJ-000591,Environmental Clearance,True,2021-08-24,2022-04-21,Approved,State Environment Dept / MoEFCC,240.0,True
SIH26017-PRJ-000591,Ministry Approval,True,2021-11-15,2022-06-05,Approved,Concerned Central Ministry,202.0,False
SIH26017-PRJ-000592,SIA Approval,True,2024-08-22,2024-12-16,Approved,District Collector,116.0,True
SIH26017-PRJ-000592,State Govt Approval,True,2024-09-30,2024-12-31,Approved,State Government,92.0,True
SIH26017-PRJ-000592,District Collector Approval,True,2024-08-20,2024-09-13,Approved,District Collector,24.0,False
SIH26017-PRJ-000592,Forest Clearance,True,2024-09-15,2025-08-05,Approved,State Forest Dept,324.0,True
SIH26017-PRJ-000592,Environmental Clearance,True,2024-10-12,2026-02-01,Approved,State Environment Dept / MoEFCC,477.0,True
SIH26017-PRJ-000592,Defence NOC,True,2024-12-01,,Rejected,Ministry of Defence,,False
SIH26017-PRJ-000593,SIA Approval,True,2020-06-24,2020-08-25,Approved,District Collector,62.0,True
SIH26017-PRJ-000593,State Govt Approval,True,2020-08-03,2020-09-13,Approved,State Government,41.0,True
SIH26017-PRJ-000593,District Collector Approval,True,2020-06-05,2020-06-30,Approved,District Collector,25.0,False
SIH26017-PRJ-000593,Environmental Clearance,True,2020-08-15,2021-03-09,Approved,State Environment Dept / MoEFCC,206.0,True
SIH26017-PRJ-000594,SIA Approval,True,2018-05-05,2018-06-05,Approved,District Collector,31.0,True
SIH26017-PRJ-000594,State Govt Approval,True,2018-05-04,2018-09-05,Approved,State Government,124.0,True
SIH26017-PRJ-000594,District Collector Approval,True,2018-04-05,2018-05-06,Approved,District Collector,31.0,False
SIH26017-PRJ-000594,Forest Clearance,True,2018-07-28,2019-02-04,Approved,State Forest Dept,191.0,True
SIH26017-PRJ-000594,Environmental Clearance,True,2018-08-26,2019-03-12,Approved,State Environment Dept / MoEFCC,198.0,True
SIH26017-PRJ-000595,SIA Approval,True,2016-10-27,2017-01-02,Approved,District Collector,67.0,True
SIH26017-PRJ-000595,State Govt Approval,True,2016-11-08,2017-01-03,Approved,State Government,56.0,True
SIH26017-PRJ-000595,District Collector Approval,True,2016-11-08,2016-12-16,Approved,District Collector,38.0,False
SIH26017-PRJ-000595,Environmental Clearance,True,2017-03-16,2017-08-14,Approved,State Environment Dept / MoEFCC,151.0,True
SIH26017-PRJ-000596,SIA Approval,True,2021-01-07,2021-04-23,Approved,District Collector,106.0,True
SIH26017-PRJ-000596,State Govt Approval,True,2021-01-12,2021-03-22,Approved,State Government,69.0,True
SIH26017-PRJ-000596,District Collector Approval,True,2021-01-20,2021-03-05,Approved,District Collector,44.0,False
SIH26017-PRJ-000596,Environmental Clearance,True,2021-05-30,2022-03-09,Approved,State Environment Dept / MoEFCC,283.0,True
SIH26017-PRJ-000596,Ministry Approval,True,2021-05-22,2021-10-26,Approved,Concerned Central Ministry,157.0,False
SIH26017-PRJ-000597,SIA Approval,True,2017-10-13,2018-01-07,Approved,District Collector,86.0,True
SIH26017-PRJ-000597,State Govt Approval,True,2017-10-29,2018-01-19,Approved,State Government,82.0,True
SIH26017-PRJ-000597,District Collector Approval,True,2017-10-18,2017-12-07,Approved,District Collector,50.0,False
SIH26017-PRJ-000597,Environmental Clearance,True,2017-12-04,2018-07-12,Approved,State Environment Dept / MoEFCC,220.0,True
SIH26017-PRJ-000598,SIA Approval,True,2019-01-21,2019-05-07,Approved,District Collector,106.0,True
SIH26017-PRJ-000598,State Govt Approval,True,2019-01-01,2019-04-05,Approved,State Government,94.0,True
SIH26017-PRJ-000598,District Collector Approval,True,2019-01-09,2019-02-16,Approved,District Collector,38.0,False
SIH26017-PRJ-000598,Environmental Clearance,True,2019-02-07,2020-01-01,Approved,State Environment Dept / MoEFCC,328.0,True
SIH26017-PRJ-000599,SIA Approval,True,2020-02-04,2020-04-08,Approved,District Collector,64.0,True
SIH26017-PRJ-000599,State Govt Approval,True,2020-02-28,2020-04-19,Approved,State Government,51.0,True
SIH26017-PRJ-000599,District Collector Approval,True,2020-03-03,2020-03-19,Approved,District Collector,16.0,False
SIH26017-PRJ-000599,Environmental Clearance,True,2020-04-24,2020-10-30,Approved,State Environment Dept / MoEFCC,189.0,True
SIH26017-PRJ-000600,SIA Approval,True,2024-10-20,2025-02-18,Approved,District Collector,121.0,True
SIH26017-PRJ-000600,State Govt Approval,True,2024-11-06,2025-02-27,Approved,State Government,113.0,True
SIH26017-PRJ-000600,District Collector Approval,True,2024-10-19,2024-11-16,Approved,District Collector,28.0,False
SIH26017-PRJ-000600,Forest Clearance,True,2025-01-22,2025-09-14,Approved,State Forest Dept,235.0,True
SIH26017-PRJ-000600,Environmental Clearance,True,2025-01-01,2025-06-14,Approved,State Environment Dept / MoEFCC,164.0,True
