snapshot_id,project_id,snapshot_date,state,district,project_type,implementing_agency,project_geometry_type,applicable_land_acquisition_act,total_land_required_hectares,number_of_villages_affected,estimated_project_cost_inr_crore,land_type_required,tribal_area_flag,project_sanction_date,planned_land_acquisition_completion_date,planned_land_acquisition_duration_days,days_since_sanction_at_snapshot,current_stage_number,current_stage_name,percent_stages_completed_as_of_snapshot,cumulative_stage_delay_days_as_of_snapshot,approvals_required_count,approvals_approved_count_as_of_snapshot,approvals_pending_count_as_of_snapshot,critical_approval_pending_flag_as_of_snapshot,percent_compensation_disbursed_as_of_snapshot,compensation_dispute_flag_as_of_snapshot,active_legal_cases_count_as_of_snapshot,stay_order_active_flag_as_of_snapshot,high_court_or_above_case_flag_as_of_snapshot,percent_land_clear_title,percent_land_disputed_ownership,consent_percent_obtained,land_record_digitization_status,number_of_displaced_families,percent_families_resettled_as_of_snapshot,rr_plan_approved_flag_as_of_snapshot,rr_grievance_backlog_as_of_snapshot,public_hearing_objections_count,political_sensitivity_index,local_body_resolution_status,officer_turnover_count_as_of_snapshot,funds_availability_status_as_of_snapshot,budget_utilization_percent_as_of_snapshot,e_governance_system_used_flag,state_historical_avg_delay_days,agency_historical_completion_rate,project_type_historical_delay_rate,next_stage_at_snapshot,next_stage_name_at_snapshot,heuristic_risk_score,risk_tier,project_latitude,project_longitude,recommended_split,target_is_delayed_beyond_6mo,target_land_acquisition_delay_category_final,target_land_acquisition_delay_days_final,target_known_flag,target_next_stage_delay_flag,target_next_stage_delay_days,target_next_stage_known_flag
SNAP-000001-1,SIH26017-PRJ-000001,2023-05-07,Tamil Nadu,Chennai,Renewable Energy Park,State Renewable Energy Agency,Area,"RFCTLARR Act, 2013",1931.83,62,7629.26,Agricultural,False,2022-03-31,2029-12-04,2805,402,2,Social Impact Assessment (SIA),11.1,32,5,3,1,True,0.0,False,0,False,False,69.8,32.3,60.2,Partially Digitized,174,0.0,False,4,57,Medium,Neutral,1,Insufficient,13.9,True,37.0,56.5,73.9,2,Social Impact Assessment (SIA),32.2,Medium,13.13531,80.12617,train,,,,False,True,219.0,True
SNAP-000001-2,SIH26017-PRJ-000001,2024-08-15,Tamil Nadu,Chennai,Renewable Energy Park,State Renewable Energy Agency,Area,"RFCTLARR Act, 2013",1931.83,62,7629.26,Agricultural,False,2022-03-31,2029-12-04,2805,868,4,Draft Declaration,33.3,471,5,4,0,False,0.0,False,0,False,False,68.9,32.1,60.2,Partially Digitized,174,0.0,True,10,57,Medium,Neutral,5,Delayed,33.2,True,36.3,56.2,68.8,4,Draft Declaration,46.5,Medium,13.13531,80.12617,train,,,,False,True,214.0,True
SNAP-000001-3,SIH26017-PRJ-000001,2025-08-25,Tamil Nadu,Chennai,Renewable Energy Park,State Renewable Energy Agency,Area,"RFCTLARR Act, 2013",1931.83,62,7629.26,Agricultural,False,2022-03-31,2029-12-04,2805,1243,5,Final Declaration (Sec 19),44.4,685,5,4,0,False,6.3,False,0,False,False,67.9,31.9,60.2,Partially Digitized,174,0.8,True,13,57,Medium,Neutral,2,Delayed,37.8,True,50.1,57.9,71.1,5,Final Declaration (Sec 19),46.2,Medium,13.13531,80.12617,train,,,,False,True,276.0,True
SNAP-000002-1,SIH26017-PRJ-000002,2016-11-23,Rajasthan,Udaipur,Power Transmission Line,POWERGRID/State Transco,Linear,"RFCTLARR Act, 2013",52.83,2,259.56,Mixed,False,2015-10-28,2018-11-01,1100,392,4,Draft Declaration,33.3,136,3,3,0,False,0.0,False,0,False,False,83.1,16.3,,Fully Digitized,36,0.0,True,1,6,Low,Opposing,1,Delayed,23.5,True,,,,4,Draft Declaration,26.9,Low,24.60689,73.713,test,,,,True,False,14.0,True
SNAP-000003-1,SIH26017-PRJ-000003,2023-09-07,Chhattisgarh,Raipur,Power Transmission Line,POWERGRID/State Transco,Linear,"RFCTLARR Act, 2013",101.12,3,1435.65,Homestead-Residential,False,2022-04-19,2026-12-08,1694,506,3,Survey & Measurement,33.3,260,4,3,1,True,0.0,False,0,False,False,73.1,28.5,,Not Digitized,57,0.0,True,2,7,Medium,Neutral,2,Insufficient,26.2,False,57.5,71.4,54.3,4,Draft Declaration,44.2,Medium,21.17737,81.58085,train,,,,False,False,18.0,True
SNAP-000003-2,SIH26017-PRJ-000003,2025-02-28,Chhattisgarh,Raipur,Power Transmission Line,POWERGRID/State Transco,Linear,"RFCTLARR Act, 2013",101.12,3,1435.65,Homestead-Residential,False,2022-04-19,2026-12-08,1694,1046,7,Compensation Disbursement,66.7,464,4,4,0,False,43.7,False,0,False,False,73.4,27.9,,Not Digitized,57,38.5,True,5,7,Medium,Neutral,3,Delayed,73.3,False,58.3,64.3,59.5,7,Compensation Disbursement,32.9,Medium,21.17737,81.58085,train,,,,False,True,319.0,True
SNAP-000004-1,SIH26017-PRJ-000004,2025-10-07,Tamil Nadu,Chennai,Railway Line/Doubling,Indian Railways,Linear,"Railways Act, 1989",448.89,16,2060.92,Agricultural,False,2022-11-03,2028-03-15,1959,1069,7,Compensation Disbursement,66.7,417,5,5,0,False,53.0,False,0,False,False,55.8,37.7,,Not Digitized,32,40.6,True,3,15,Medium,Opposing,4,Delayed,42.9,False,51.3,54.2,79.2,7,Compensation Disbursement,41.4,Medium,13.03551,80.27998,train,,,,False,,,False
SNAP-000005-1,SIH26017-PRJ-000005,2021-03-06,Odisha,Khordha,Mining Project,State Mining Corp,Area,"Coal Bearing Areas Acquisition Act, 1957",1760.4,29,6720.04,Agricultural,False,2020-05-05,2021-11-11,555,305,2,Social Impact Assessment (SIA),11.1,35,5,3,2,True,0.0,False,0,False,False,68.7,31.5,,Fully Digitized,614,0.0,False,14,28,Medium,Opposing,2,Insufficient,12.9,True,81.5,50.0,50.0,2,Social Impact Assessment (SIA),32.7,Medium,20.29242,85.57727,train,,,,True,True,263.0,True
SNAP-000006-1,SIH26017-PRJ-000006,2020-10-24,Bihar,Gaya,Renewable Energy Park,State Renewable Energy Agency,Area,"RFCTLARR Act, 2013",261.15,7,2949.99,Agricultural,False,2019-10-26,2020-07-16,264,364,2,Social Impact Assessment (SIA),22.2,33,4,3,1,True,0.0,False,0,False,False,76.5,25.3,41.1,Partially Digitized,21,0.0,True,0,8,Low,Supportive,4,Adequate,18.6,False,20.4,50.0,62.5,3,Survey & Measurement,29.8,Low,24.89187,85.09984,train,,,,True,True,,True
SNAP-000007-1,SIH26017-PRJ-000007,2025-10-20,Assam,Kamrup,Airport Expansion,Airports Authority of India,Point,"RFCTLARR Act, 2013",1446.66,47,15727.3,Government-Wasteland,False,2024-05-16,2026-09-16,853,522,4,Draft Declaration,33.3,135,5,4,1,True,0.0,False,1,False,False,64.5,29.5,,Fully Digitized,117,0.0,True,7,38,Low,Opposing,3,Delayed,32.7,True,85.1,30.0,90.0,4,Draft Declaration,46.2,Medium,26.06212,91.80452,test,,,,False,True,103.0,True
SNAP-000008-1,SIH26017-PRJ-000008,2020-06-22,Bihar,Muzaffarpur,Urban Water Supply/Sewerage,State Water/Municipal Board,Point,"RFCTLARR Act, 2013",7.97,1,150.64,Homestead-Residential,False,2019-12-31,2020-11-11,316,174,3,Survey & Measurement,22.2,-10,3,3,0,False,0.0,False,0,False,False,78.9,22.4,,Fully Digitized,4,0.0,True,0,8,Low,Neutral,1,Delayed,14.7,True,24.3,65.0,40.0,3,Survey & Measurement,17.0,Low,26.08314,85.53281,train,,,,True,False,23.0,True
SNAP-000008-2,SIH26017-PRJ-000008,2020-12-20,Bihar,Muzaffarpur,Urban Water Supply/Sewerage,State Water/Municipal Board,Point,"RFCTLARR Act, 2013",7.97,1,150.64,Homestead-Residential,False,2019-12-31,2020-11-11,316,355,3,Survey & Measurement,33.3,13,3,3,0,False,0.0,False,0,False,False,77.6,22.8,,Fully Digitized,4,0.0,True,0,8,Low,Neutral,2,Insufficient,20.3,True,20.4,72.0,36.0,4,Draft Declaration,21.5,Low,26.08314,85.53281,train,,,,True,True,,True
SNAP-000009-1,SIH26017-PRJ-000009,2026-05-13,Karnataka,Belagavi,Industrial Corridor,State Industrial Dev. Corp,Area,"RFCTLARR Act, 2013",3816.27,96,19676.63,Agricultural,False,2024-02-27,2027-05-22,1180,806,5,Final Declaration (Sec 19),44.4,309,4,4,0,False,4.4,False,2,True,True,58.0,39.1,49.4,Not Digitized,295,0.9,True,24,55,Medium,Opposing,2,Insufficient,32.0,False,55.6,41.7,95.8,5,Final Declaration (Sec 19),69.9,High,15.90689,74.6931,train,,,,False,True,118.0,True
SNAP-000010-1,SIH26017-PRJ-000010,2023-04-14,Uttar Pradesh,Varanasi,Mining Project,State Mining Corp,Area,"Coal Bearing Areas Acquisition Act, 1957",1318.27,36,3975.8,Forest,False,2016-07-28,2023-02-13,2391,2451,9,Mutation & Handover,88.9,1483,7,7,0,False,67.9,False,0,False,False,75.1,26.4,,Partially Digitized,458,69.8,True,55,26,Medium,Opposing,10,Adequate,56.0,False,31.6,33.3,77.8,9,Mutation & Handover,33.3,Medium,25.18995,82.98788,test,False,Minor Delay (<=6mo),178.0,True,True,178.0,True
SNAP-000011-1,SIH26017-PRJ-000011,2022-06-22,Jharkhand,Ranchi,Urban Water Supply/Sewerage,State Water/Municipal Board,Point,"RFCTLARR Act, 2013",25.18,1,1729.3,Homestead-Residential,False,2018-07-14,2028-05-08,3586,1439,5,Final Declaration (Sec 19),44.4,580,4,4,0,False,5.6,True,1,False,True,73.3,31.8,,Not Digitized,7,1.0,True,1,10,Low,Opposing,3,Insufficient,41.8,False,69.5,72.4,41.4,5,Final Declaration (Sec 19),48.5,Medium,23.33931,85.46683,train,,,,False,True,480.0,True
SNAP-000012-1,SIH26017-PRJ-000012,2017-11-04,Tamil Nadu,Chennai,Urban Water Supply/Sewerage,State Water/Municipal Board,Point,"RFCTLARR Act, 2013",9.96,5,1651.17,Forest,False,2016-09-16,2019-09-16,1095,414,5,Final Declaration (Sec 19),44.4,73,6,6,0,False,0.0,False,0,False,False,77.8,27.6,,Not Digitized,1,0.0,True,0,15,Low,Opposing,2,Insufficient,45.5,False,,100.0,0.0,5,Final Declaration (Sec 19),28.4,Low,13.23453,80.29761,test,False,On-Time,11.0,True,False,-4.0,True
SNAP-000012-2,SIH26017-PRJ-000012,2018-09-25,Tamil Nadu,Chennai,Urban Water Supply/Sewerage,State Water/Municipal Board,Point,"RFCTLARR Act, 2013",9.96,5,1651.17,Forest,False,2016-09-16,2019-09-16,1095,739,7,Compensation Disbursement,66.7,103,6,6,0,False,55.6,False,0,False,False,76.1,27.9,,Not Digitized,1,21.9,True,0,15,Low,Opposing,1,Adequate,75.0,False,27.0,71.4,28.6,7,Compensation Disbursement,14.5,Low,13.23453,80.29761,test,False,On-Time,11.0,True,True,168.0,True
SNAP-000013-1,SIH26017-PRJ-000013,2025-02-07,Telangana,Warangal,Irrigation Canal/Dam,State Irrigation Dept,Linear,"RFCTLARR Act, 2013",724.18,14,1955.1,Government-Wasteland,False,2022-08-10,2024-12-18,861,912,5,Final Declaration (Sec 19),55.6,360,4,4,0,False,6.6,False,0,False,False,80.9,17.2,,Not Digitized,57,1.0,True,3,12,Low,Neutral,4,Delayed,54.9,False,31.3,52.6,68.4,6,Award Declaration (Sec 23),25.1,Low,18.0253,79.49119,train,,,,True,True,,True
SNAP-000014-1,SIH26017-PRJ-000014,2021-09-22,West Bengal,Purba Bardhaman,National Highway,NHAI,Linear,"National Highways Act, 1956",223.15,8,5962.23,Agricultural,False,2021-03-07,2024-06-30,1211,199,2,Social Impact Assessment (SIA),11.1,10,5,3,2,True,0.0,False,0,False,False,79.2,22.0,,Fully Digitized,18,0.0,False,1,14,Medium,Supportive,1,Insufficient,19.5,True,45.8,66.7,61.9,2,Social Impact Assessment (SIA),26.6,Low,23.13032,87.92417,train,False,On-Time,6.0,True,True,126.0,True
SNAP-000015-1,SIH26017-PRJ-000015,2026-03-17,Jharkhand,Dhanbad,Special Economic Zone,State SEZ Authority,Area,"RFCTLARR Act, 2013",2884.91,73,5752.41,Homestead-Residential,False,2020-10-29,2027-09-07,2504,1965,6,Award Declaration (Sec 23),55.6,1210,5,5,0,False,25.4,False,0,False,False,47.6,49.4,40.2,Not Digitized,1402,18.7,True,124,73,Low,Opposing,10,Delayed,61.9,False,100.9,35.0,85.0,6,Award Declaration (Sec 23),53.1,Medium,24.0678,86.4836,test,,,,False,True,233.0,True
SNAP-000016-1,SIH26017-PRJ-000016,2025-05-18,Jharkhand,Dhanbad,Urban Metro Rail,State Metro Rail Corp,Linear,"RFCTLARR Act, 2013",98.14,4,1791.11,Homestead-Residential,False,2024-09-08,2029-04-20,1685,252,2,Social Impact Assessment (SIA),11.1,8,5,3,2,True,0.0,False,0,False,False,65.9,41.3,,Partially Digitized,46,0.0,False,1,15,Medium,Neutral,2,Insufficient,16.1,False,93.3,58.3,83.3,2,Social Impact Assessment (SIA),24.6,Low,23.85186,86.60844,train,,,,False,True,88.0,True
SNAP-000016-2,SIH26017-PRJ-000016,2025-12-25,Jharkhand,Dhanbad,Urban Metro Rail,State Metro Rail Corp,Linear,"RFCTLARR Act, 2013",98.14,4,1791.11,Homestead-Residential,False,2024-09-08,2029-04-20,1685,473,3,Survey & Measurement,22.2,96,5,5,0,False,0.0,False,0,False,False,63.2,39.8,,Partially Digitized,46,0.0,True,2,15,Medium,Neutral,6,Insufficient,27.4,False,100.9,53.3,80.0,3,Survey & Measurement,32.9,Medium,23.85186,86.60844,train,,,,False,True,135.0,True
SNAP-000017-1,SIH26017-PRJ-000017,2022-12-22,Chhattisgarh,Durg,Urban Water Supply/Sewerage,State Water/Municipal Board,Point,"RFCTLARR Act, 2013",4.95,4,1886.78,Homestead-Residential,False,2022-10-03,2031-02-19,3061,80,2,Social Impact Assessment (SIA),11.1,9,4,1,2,True,0.0,False,0,False,False,52.2,55.5,,Partially Digitized,2,0.0,False,0,0,Medium,Opposing,0,Insufficient,7.0,False,60.2,71.0,41.9,2,Social Impact Assessment (SIA),20.4,Low,21.22719,81.25879,validation,,,,False,True,116.0,True
SNAP-000018-1,SIH26017-PRJ-000018,2023-05-19,Odisha,Cuttack,State Highway,State PWD,Linear,"RFCTLARR Act, 2013",182.1,11,1025.41,Government-Wasteland,False,2021-04-02,2024-06-05,1160,777,7,Compensation Disbursement,66.7,246,4,4,0,False,39.1,False,0,False,False,49.8,54.8,,Fully Digitized,16,17.0,True,2,12,Low,Opposing,3,Delayed,56.1,True,78.4,76.7,53.3,7,Compensation Disbursement,38.5,Medium,20.39855,85.89385,train,False,Minor Delay (<=6mo),66.0,True,True,83.0,True
SNAP-000019-1,SIH26017-PRJ-000019,2018-01-05,Assam,Dibrugarh,Urban Water Supply/Sewerage,State Water/Municipal Board,Point,"RFCTLARR Act, 2013",33.92,5,241.48,Government-Wasteland,False,2016-10-14,2020-05-21,1315,448,3,Survey & Measurement,22.2,254,4,3,0,False,0.0,False,0,False,False,67.5,36.7,,Not Digitized,1,0.0,True,0,10,Medium,Opposing,2,Insufficient,17.9,False,,100.0,0.0,3,Survey & Measurement,43.5,Medium,27.40952,94.97532,train,False,Minor Delay (<=6mo),83.0,True,True,85.0,True
SNAP-000019-2,SIH26017-PRJ-000019,2018-10-09,Assam,Dibrugarh,Urban Water Supply/Sewerage,State Water/Municipal Board,Point,"RFCTLARR Act, 2013",33.92,5,241.48,Government-Wasteland,False,2016-10-14,2020-05-21,1315,725,5,Final Declaration (Sec 19),44.4,418,4,3,0,False,0.0,False,0,False,False,66.8,37.5,,Not Digitized,1,0.0,True,0,10,Medium,Opposing,2,Delayed,33.5,False,,71.4,28.6,5,Final Declaration (Sec 19),32.6,Medium,27.40952,94.97532,train,False,Minor Delay (<=6mo),83.0,True,True,54.0,True
SNAP-000019-3,SIH26017-PRJ-000019,2019-09-22,Assam,Dibrugarh,Urban Water Supply/Sewerage,State Water/Municipal Board,Point,"RFCTLARR Act, 2013",33.92,5,241.48,Government-Wasteland,False,2016-10-14,2020-05-21,1315,1073,7,Compensation Disbursement,66.7,541,4,3,0,False,44.7,False,1,False,False,68.1,36.4,,Not Digitized,1,26.1,True,0,10,Medium,Opposing,3,Adequate,56.8,False,,53.3,46.7,7,Compensation Disbursement,31.9,Medium,27.40952,94.97532,train,False,Minor Delay (<=6mo),83.0,True,True,66.0,True
SNAP-000020-1,SIH26017-PRJ-000020,2022-01-01,Chhattisgarh,Durg,Power Transmission Line,POWERGRID/State Transco,Linear,"RFCTLARR Act, 2013",45.53,4,1290.44,Agricultural,False,2017-07-10,2022-05-17,1772,1636,8,Possession,77.8,895,4,4,0,False,72.6,False,0,False,False,77.4,24.6,,Not Digitized,3,52.9,True,1,9,Medium,Opposing,7,Adequate,71.3,False,44.0,61.9,52.4,8,Possession,27.0,Low,21.17953,81.07998,train,False,Minor Delay (<=6mo),85.0,True,True,161.0,True
SNAP-000021-1,SIH26017-PRJ-000021,2021-01-13,Maharashtra,Nagpur,State Highway,State PWD,Linear,"RFCTLARR Act, 2013",76.87,8,1153.29,Agricultural,False,2018-01-31,2027-01-08,3264,1078,5,Final Declaration (Sec 19),44.4,592,4,4,0,False,5.9,True,1,True,True,76.6,29.9,,Fully Digitized,9,1.4,True,1,8,Low,Neutral,4,Insufficient,41.3,True,21.8,83.3,58.3,5,Final Declaration (Sec 19),53.2,Medium,21.16015,79.0858,train,,,,False,True,214.0,True
SNAP-000021-2,SIH26017-PRJ-000021,2023-10-16,Maharashtra,Nagpur,State Highway,State PWD,Linear,"RFCTLARR Act, 2013",76.87,8,1153.29,Agricultural,False,2018-01-31,2027-01-08,3264,2084,7,Compensation Disbursement,66.7,1368,4,4,0,False,43.1,True,1,True,True,75.3,27.1,,Fully Digitized,9,46.8,True,1,8,Low,Neutral,5,Delayed,56.5,True,38.0,78.1,56.2,7,Compensation Disbursement,44.3,Medium,21.16015,79.0858,train,,,,False,True,1040.0,True
SNAP-000022-1,SIH26017-PRJ-000022,2021-07-12,Odisha,Kalahandi,Mining Project,State Mining Corp,Area,"Coal Bearing Areas Acquisition Act, 1957",1205.52,32,3939.76,Homestead-Residential,False,2015-01-18,2024-01-23,3292,2367,7,Compensation Disbursement,66.7,812,5,5,0,False,35.9,False,0,False,False,59.8,35.9,,Fully Digitized,609,21.9,True,78,30,Medium,Opposing,10,Insufficient,70.1,True,74.4,40.0,60.0,7,Compensation Disbursement,53.2,Medium,20.08485,83.00451,validation,True,Major Delay (6-18mo),453.0,True,True,971.0,True
SNAP-000023-1,SIH26017-PRJ-000023,2025-05-24,Assam,Kamrup,Urban Metro Rail,State Metro Rail Corp,Linear,"RFCTLARR Act, 2013",12.75,1,14006.2,Government-Wasteland,False,2024-01-20,2030-06-08,2331,490,3,Survey & Measurement,22.2,192,5,5,0,False,0.0,False,0,False,False,76.2,36.1,,Not Digitized,5,0.0,True,0,13,Low,Neutral,5,Insufficient,27.1,False,90.3,58.3,83.3,3,Survey & Measurement,39.0,Medium,26.32201,91.91791,train,,,,False,True,81.0,True
SNAP-000024-1,SIH26017-PRJ-000024,2018-03-02,Rajasthan,Alwar,Urban Water Supply/Sewerage,State Water/Municipal Board,Point,"RFCTLARR Act, 2013",12.03,5,833.18,Government-Wasteland,True,2017-06-08,2018-12-15,555,267,2,Social Impact Assessment (SIA),11.1,74,4,3,1,True,0.0,False,0,False,False,65.6,34.1,,Fully Digitized,2,0.0,False,0,16,Medium,Opposing,0,Insufficient,17.2,True,,100.0,0.0,2,Social Impact Assessment (SIA),32.6,Medium,27.60447,76.62966,validation,,,,True,True,245.0,True
SNAP-000024-2,SIH26017-PRJ-000024,2018-10-17,Rajasthan,Alwar,Urban Water Supply/Sewerage,State Water/Municipal Board,Point,"RFCTLARR Act, 2013",12.03,5,833.18,Government-Wasteland,True,2017-06-08,2018-12-15,555,496,2,Social Impact Assessment (SIA),22.2,319,4,3,1,True,0.0,False,0,False,False,69.3,36.2,,Fully Digitized,2,0.0,True,0,16,Medium,Opposing,0,Insufficient,18.0,True,,71.4,28.6,3,Survey & Measurement,35.3,Medium,27.60447,76.62966,validation,,,,True,True,,True
SNAP-000025-1,SIH26017-PRJ-000025,2023-11-03,Gujarat,Surat,National Highway,NHAI,Linear,"National Highways Act, 1956",238.43,13,2883.55,Agricultural,False,2022-03-27,2029-02-19,2521,586,3,Survey & Measurement,22.2,328,5,5,0,False,0.0,False,0,False,False,74.0,31.5,,Not Digitized,17,0.0,True,1,19,Low,Neutral,5,Insufficient,23.3,False,117.8,66.7,61.9,3,Survey & Measurement,34.3,Medium,21.02107,72.80053,test,,,,False,True,285.0,True
SNAP-000025-2,SIH26017-PRJ-000025,2025-04-16,Gujarat,Surat,National Highway,NHAI,Linear,"National Highways Act, 1956",238.43,13,2883.55,Agricultural,False,2022-03-27,2029-02-19,2521,1116,5,Final Declaration (Sec 19),44.4,730,5,5,0,False,6.8,False,0,False,False,76.1,32.7,,Not Digitized,17,0.9,True,1,19,Low,Neutral,6,Insufficient,47.2,False,106.9,64.4,69.5,5,Final Declaration (Sec 19),34.6,Medium,21.02107,72.80053,test,,,,False,True,423.0,True
SNAP-000026-1,SIH26017-PRJ-000026,2018-07-31,Rajasthan,Alwar,Urban Water Supply/Sewerage,State Water/Municipal Board,Point,"RFCTLARR Act, 2013",30.56,2,200.19,Homestead-Residential,False,2018-06-11,2018-11-05,147,50,1,Preliminary Notification (Sec 11),0.0,0,3,0,2,True,0.0,False,0,False,False,53.6,36.9,,Fully Digitized,8,0.0,False,0,0,Medium,Opposing,1,Insufficient,4.4,True,,71.4,28.6,1,Preliminary Notification (Sec 11),26.0,Low,27.42834,76.59473,train,,,,True,True,35.0,True
SNAP-000027-1,SIH26017-PRJ-000027,2019-10-13,Odisha,Khordha,National Highway,NHAI,Linear,"National Highways Act, 1956",114.83,4,843.14,Agricultural,False,2018-01-04,2022-12-14,1805,647,5,Final Declaration (Sec 19),44.4,175,5,4,0,False,5.2,False,0,False,False,60.2,39.0,,Partially Digitized,8,1.1,True,1,12,Low,Opposing,5,Insufficient,50.3,True,32.0,60.0,60.0,5,Final Declaration (Sec 19),35.8,Medium,20.43892,85.33267,train,True,Major Delay (6-18mo),296.0,True,True,187.0,True
SNAP-000027-2,SIH26017-PRJ-000027,2021-11-22,Odisha,Khordha,National Highway,NHAI,Linear,"National Highways Act, 1956",114.83,4,843.14,Agricultural,False,2018-01-04,2022-12-14,1805,1418,7,Compensation Disbursement,66.7,596,5,4,0,False,39.2,False,0,False,False,61.6,38.8,,Partially Digitized,8,43.8,True,1,12,Low,Opposing,8,Delayed,77.7,True,69.8,69.6,56.5,7,Compensation Disbursement,35.9,Medium,20.43892,85.33267,train,True,Major Delay (6-18mo),296.0,True,True,230.0,True
SNAP-000028-1,SIH26017-PRJ-000028,2016-04-11,Madhya Pradesh,Indore,Renewable Energy Park,State Renewable Energy Agency,Area,"RFCTLARR Act, 2013",2310.01,55,7042.26,Mixed,False,2015-10-11,2017-03-18,524,183,2,Social Impact Assessment (SIA),22.2,19,4,2,2,True,0.0,False,0,False,False,85.8,15.4,58.2,Partially Digitized,1137,0.0,True,17,38,Low,Neutral,1,Insufficient,16.2,True,,,,3,Survey & Measurement,33.4,Medium,22.72367,75.81599,train,,,,True,True,46.0,True
SNAP-000028-2,SIH26017-PRJ-000028,2016-10-30,Madhya Pradesh,Indore,Renewable Energy Park,State Renewable Energy Agency,Area,"RFCTLARR Act, 2013",2310.01,55,7042.26,Mixed,False,2015-10-11,2017-03-18,524,385,4,Draft Declaration,33.3,65,4,4,0,False,0.0,False,0,False,False,80.7,14.6,58.2,Partially Digitized,1137,0.0,True,48,38,Low,Neutral,1,Delayed,39.4,True,-34.0,,,4,Draft Declaration,22.2,Low,22.72367,75.81599,train,,,,True,True,106.0,True
SNAP-000028-3,SIH26017-PRJ-000028,2017-04-23,Madhya Pradesh,Indore,Renewable Energy Park,State Renewable Energy Agency,Area,"RFCTLARR Act, 2013",2310.01,55,7042.26,Mixed,False,2015-10-11,2017-03-18,524,560,4,Draft Declaration,44.4,171,4,4,0,False,0.0,False,0,False,False,83.0,15.8,58.2,Partially Digitized,1137,0.0,True,48,38,Low,Neutral,1,Delayed,35.5,True,-34.0,,,5,Final Declaration (Sec 19),44.9,Medium,22.72367,75.81599,train,,,,True,True,,True
SNAP-000029-1,SIH26017-PRJ-000029,2023-02-08,Madhya Pradesh,Indore,Special Economic Zone,State SEZ Authority,Area,"RFCTLARR Act, 2013",1397.79,31,9596.96,Agricultural,False,2022-10-27,2028-12-13,2239,104,1,Preliminary Notification (Sec 11),0.0,0,4,2,2,True,0.0,False,0,False,False,56.2,37.6,68.4,Fully Digitized,526,0.0,False,0,0,Low,Opposing,0,Delayed,6.0,True,4.0,25.0,75.0,1,Preliminary Notification (Sec 11),21.1,Low,22.70562,75.73477,train,,,,False,True,60.0,True
SNAP-000030-1,SIH26017-PRJ-000030,2024-03-28,Madhya Pradesh,Chhindwara,Special Economic Zone,State SEZ Authority,Area,"RFCTLARR Act, 2013",1491.85,31,6758.45,Agricultural,True,2022-11-15,2026-03-26,1227,499,4,Draft Declaration,33.3,193,4,4,0,False,0.0,False,0,False,False,73.9,20.4,67.1,Partially Digitized,507,0.0,True,15,31,Medium,Opposing,3,Adequate,26.3,True,4.2,33.3,75.0,4,Draft Declaration,36.7,Medium,21.92365,79.00277,validation,False,Minor Delay (<=6mo),81.0,True,False,-19.0,True
SNAP-000031-1,SIH26017-PRJ-000031,2020-08-24,West Bengal,Purulia,Special Economic Zone,State SEZ Authority,Area,"RFCTLARR Act, 2013",1008.75,29,5389.35,Forest,False,2018-11-18,2024-06-03,2024,645,3,Survey & Measurement,22.2,221,6,6,0,False,0.0,False,0,False,False,70.8,31.2,55.3,Not Digitized,356,0.0,True,13,21,Low,Supportive,3,Insufficient,24.8,False,21.4,0.0,100.0,3,Survey & Measurement,47.8,Medium,23.59154,86.47529,train,,,,True,True,356.0,True
SNAP-000031-2,SIH26017-PRJ-000031,2023-06-23,West Bengal,Purulia,Special Economic Zone,State SEZ Authority,Area,"RFCTLARR Act, 2013",1008.75,29,5389.35,Forest,False,2018-11-18,2024-06-03,2024,1678,6,Award Declaration (Sec 23),55.6,1069,6,6,0,False,22.1,False,0,False,False,71.9,31.4,55.3,Not Digitized,356,8.8,True,31,21,Low,Supportive,5,Delayed,52.3,False,45.9,30.0,70.0,6,Award Declaration (Sec 23),47.4,Medium,23.59154,86.47529,train,,,,True,True,294.0,True
SNAP-000032-1,SIH26017-PRJ-000032,2016-08-29,Gujarat,Ahmedabad,Urban Water Supply/Sewerage,State Water/Municipal Board,Point,"RFCTLARR Act, 2013",54.33,3,100.09,Homestead-Residential,False,2015-05-05,2018-06-06,1128,482,5,Final Declaration (Sec 19),44.4,126,3,3,0,False,8.6,False,0,False,False,50.6,56.4,,Partially Digitized,27,0.6,True,2,11,Low,Opposing,3,Insufficient,45.5,True,,,,5,Final Declaration (Sec 19),36.0,Medium,23.11378,72.52812,train,,,,True,True,34.0,True
SNAP-000032-2,SIH26017-PRJ-000032,2017-09-12,Gujarat,Ahmedabad,Urban Water Supply/Sewerage,State Water/Municipal Board,Point,"RFCTLARR Act, 2013",54.33,3,100.09,Homestead-Residential,False,2015-05-05,2018-06-06,1128,861,7,Compensation Disbursement,66.7,232,3,3,0,False,60.3,False,0,False,False,51.3,55.3,,Partially Digitized,27,22.4,True,3,11,Low,Opposing,3,Delayed,69.1,True,,100.0,0.0,7,Compensation Disbursement,38.3,Medium,23.11378,72.52812,train,,,,True,True,69.0,True
SNAP-000033-1,SIH26017-PRJ-000033,2023-05-24,Tamil Nadu,Tiruchirappalli,National Highway,NHAI,Linear,"National Highways Act, 1956",36.87,5,5986.4,Forest,False,2022-07-12,2025-06-27,1081,316,5,Final Declaration (Sec 19),44.4,-34,6,5,1,True,0.0,False,0,False,False,75.4,34.1,,Partially Digitized,2,0.0,True,0,11,Low,Opposing,2,Adequate,49.8,True,37.0,70.3,59.5,5,Final Declaration (Sec 19),13.1,Low,10.63451,78.77661,validation,False,On-Time,22.0,True,False,-2.0,True
SNAP-000033-2,SIH26017-PRJ-000033,2024-02-23,Tamil Nadu,Tiruchirappalli,National Highway,NHAI,Linear,"National Highways Act, 1956",36.87,5,5986.4,Forest,False,2022-07-12,2025-06-27,1081,591,7,Compensation Disbursement,66.7,27,6,6,0,False,40.9,False,0,False,False,74.7,33.5,,Partially Digitized,2,30.6,True,0,11,Low,Opposing,4,Adequate,66.7,True,36.3,65.9,63.6,7,Compensation Disbursement,18.6,Low,10.63451,78.77661,validation,False,On-Time,22.0,True,True,254.0,True
SNAP-000033-3,SIH26017-PRJ-000033,2024-10-24,Tamil Nadu,Tiruchirappalli,National Highway,NHAI,Linear,"National Highways Act, 1956",36.87,5,5986.4,Forest,False,2022-07-12,2025-06-27,1081,835,7,Compensation Disbursement,66.7,27,6,6,0,False,51.4,False,0,False,False,72.8,31.5,,Partially Digitized,2,35.5,True,0,11,Low,Opposing,1,Delayed,75.1,True,36.3,63.6,69.1,7,Compensation Disbursement,15.0,Low,10.63451,78.77661,validation,False,On-Time,22.0,True,True,254.0,True
SNAP-000034-1,SIH26017-PRJ-000034,2023-02-08,Maharashtra,Chhatrapati Sambhajinagar,Irrigation Canal/Dam,State Irrigation Dept,Linear,"RFCTLARR Act, 2013",1356.68,41,2251.27,Government-Wasteland,False,2021-09-02,2029-11-08,2989,524,3,Survey & Measurement,22.2,268,4,3,1,True,0.0,False,0,False,False,60.3,34.6,,Not Digitized,90,0.0,True,3,26,Low,Neutral,3,Insufficient,20.4,False,23.8,38.5,76.9,3,Survey & Measurement,36.5,Medium,19.7748,75.39223,train,,,,False,True,106.0,True
SNAP-000034-2,SIH26017-PRJ-000034,2023-12-03,Maharashtra,Chhatrapati Sambhajinagar,Irrigation Canal/Dam,State Irrigation Dept,Linear,"RFCTLARR Act, 2013",1356.68,41,2251.27,Government-Wasteland,False,2021-09-02,2029-11-08,2989,822,5,Final Declaration (Sec 19),44.4,401,4,4,0,False,3.7,False,0,False,False,62.7,35.3,,Not Digitized,90,0.0,True,6,26,Low,Neutral,2,Insufficient,41.6,False,38.0,46.7,66.7,5,Final Declaration (Sec 19),34.1,Medium,19.7748,75.39223,train,,,,False,True,63.0,True
SNAP-000034-3,SIH26017-PRJ-000034,2025-05-13,Maharashtra,Chhatrapati Sambhajinagar,Irrigation Canal/Dam,State Irrigation Dept,Linear,"RFCTLARR Act, 2013",1356.68,41,2251.27,Government-Wasteland,False,2021-09-02,2029-11-08,2989,1349,6,Award Declaration (Sec 23),55.6,464,4,4,0,False,28.8,False,0,False,False,61.0,35.3,,Not Digitized,90,11.8,True,8,26,Low,Neutral,10,Delayed,51.7,False,38.9,52.6,68.4,6,Award Declaration (Sec 23),40.3,Medium,19.7748,75.39223,train,,,,False,True,379.0,True
SNAP-000035-1,SIH26017-PRJ-000035,2019-07-12,Uttar Pradesh,Lucknow,State Highway,State PWD,Linear,"RFCTLARR Act, 2013",13.83,5,357.02,Homestead-Residential,False,2018-01-08,2020-02-07,760,550,7,Compensation Disbursement,66.7,-36,4,4,0,False,53.4,False,0,False,False,60.7,36.6,,Fully Digitized,9,31.8,True,0,14,Low,Neutral,2,Adequate,61.9,True,0.0,75.0,50.0,7,Compensation Disbursement,18.3,Low,26.73273,80.8209,train,False,On-Time,28.0,True,False,8.0,True
SNAP-000036-1,SIH26017-PRJ-000036,2020-10-18,Telangana,Hyderabad,Renewable Energy Park,State Renewable Energy Agency,Area,"RFCTLARR Act, 2013",502.67,16,9117.38,Forest,True,2017-01-08,2021-08-12,1677,1379,7,Compensation Disbursement,66.7,633,6,6,0,False,47.4,False,1,False,False,69.6,29.2,57.3,Fully Digitized,44,32.3,True,5,32,High,Opposing,10,Delayed,56.6,True,19.8,50.0,62.5,7,Compensation Disbursement,56.1,High,17.60466,78.53227,train,False,On-Time,-3.0,True,True,271.0,True
SNAP-000037-1,SIH26017-PRJ-000037,2023-12-24,Jharkhand,Dhanbad,Railway Line/Doubling,Indian Railways,Linear,"Railways Act, 1989",239.03,14,6542.42,Government-Wasteland,False,2022-12-16,2032-07-10,3494,373,2,Social Impact Assessment (SIA),11.1,65,5,4,1,True,0.0,False,0,False,False,61.4,39.8,,Fully Digitized,18,0.0,False,1,14,Medium,Opposing,2,Insufficient,13.3,True,90.6,46.2,76.9,2,Social Impact Assessment (SIA),32.4,Medium,23.79007,86.36884,train,,,,False,True,239.0,True
SNAP-000037-2,SIH26017-PRJ-000037,2024-11-10,Jharkhand,Dhanbad,Railway Line/Doubling,Indian Railways,Linear,"Railways Act, 1989",239.03,14,6542.42,Government-Wasteland,False,2022-12-16,2032-07-10,3494,695,4,Draft Declaration,33.3,413,5,5,0,False,0.0,False,0,False,False,61.5,37.5,,Fully Digitized,18,0.0,True,1,14,Medium,Opposing,3,Insufficient,21.5,True,90.7,47.1,70.6,4,Draft Declaration,43.2,Medium,23.79007,86.36884,train,,,,False,True,187.0,True
SNAP-000037-3,SIH26017-PRJ-000037,2025-09-27,Jharkhand,Dhanbad,Railway Line/Doubling,Indian Railways,Linear,"Railways Act, 1989",239.03,14,6542.42,Government-Wasteland,False,2022-12-16,2032-07-10,3494,1016,5,Final Declaration (Sec 19),44.4,600,5,5,0,False,6.4,False,0,False,False,61.0,39.4,,Fully Digitized,18,0.9,True,1,14,Medium,Opposing,7,Insufficient,38.5,True,103.8,52.2,78.3,5,Final Declaration (Sec 19),41.9,Medium,23.79007,86.36884,train,,,,False,True,245.0,True
SNAP-000038-1,SIH26017-PRJ-000038,2024-11-12,Assam,Kamrup,Mining Project,State Mining Corp,Area,"Coal Bearing Areas Acquisition Act, 1957",1411.12,48,4932.91,Agricultural,False,2021-11-21,2031-06-09,3487,1087,5,Final Declaration (Sec 19),44.4,469,5,5,0,False,6.9,False,0,False,False,74.5,27.2,,Fully Digitized,479,0.8,True,37,32,Medium,Neutral,6,Insufficient,43.5,True,96.4,50.0,77.8,5,Final Declaration (Sec 19),54.1,Medium,25.70817,91.67786,train,,,,False,True,375.0,True
SNAP-000039-1,SIH26017-PRJ-000039,2025-05-25,Assam,Dibrugarh,Industrial Corridor,State Industrial Dev. Corp,Area,"RFCTLARR Act, 2013",513.29,9,1772.91,Government-Wasteland,False,2024-09-20,2030-11-26,2258,247,2,Social Impact Assessment (SIA),11.1,-15,6,4,2,True,0.0,False,0,False,False,71.3,33.7,37.6,Partially Digitized,40,0.0,False,1,12,Medium,Neutral,1,Delayed,13.2,True,90.3,44.4,94.4,2,Social Impact Assessment (SIA),22.9,Low,27.37086,95.22825,train,,,,False,True,51.0,True
SNAP-000040-1,SIH26017-PRJ-000040,2019-06-01,Karnataka,Bengaluru Rural,Mining Project,State Mining Corp,Area,"Coal Bearing Areas Acquisition Act, 1957",434.68,17,6248.59,Agricultural,False,2018-07-03,2021-05-28,1060,333,2,Social Impact Assessment (SIA),11.1,23,5,5,0,False,0.0,False,0,False,False,67.2,32.2,,Not Digitized,144,0.0,False,3,21,Medium,Neutral,2,Insufficient,12.3,False,3.0,33.3,66.7,2,Social Impact Assessment (SIA),28.0,Low,13.07015,77.7722,validation,,,,True,True,436.0,True
SNAP-000040-2,SIH26017-PRJ-000040,2020-03-13,Karnataka,Bengaluru Rural,Mining Project,State Mining Corp,Area,"Coal Bearing Areas Acquisition Act, 1957",434.68,17,6248.59,Agricultural,False,2018-07-03,2021-05-28,1060,619,2,Social Impact Assessment (SIA),11.1,23,5,5,0,False,0.0,False,0,False,False,69.3,31.3,,Not Digitized,144,0.0,False,3,21,Medium,Neutral,1,Insufficient,11.2,False,3.0,50.0,50.0,2,Social Impact Assessment (SIA),20.6,Low,13.07015,77.7722,validation,,,,True,True,436.0,True
SNAP-000040-3,SIH26017-PRJ-000040,2020-12-25,Karnataka,Bengaluru Rural,Mining Project,State Mining Corp,Area,"Coal Bearing Areas Acquisition Act, 1957",434.68,17,6248.59,Agricultural,False,2018-07-03,2021-05-28,1060,906,3,Survey & Measurement,22.2,459,5,5,0,False,0.0,False,0,False,False,72.4,31.9,,Not Digitized,144,0.0,True,5,21,Medium,Neutral,4,Delayed,20.9,False,-6.2,50.0,50.0,3,Survey & Measurement,41.7,Medium,13.07015,77.7722,validation,,,,True,True,237.0,True
SNAP-000041-1,SIH26017-PRJ-000041,2021-01-13,Jharkhand,Ranchi,Power Transmission Line,POWERGRID/State Transco,Linear,"RFCTLARR Act, 2013",76.62,2,1291.48,Homestead-Residential,False,2019-06-22,2023-10-04,1565,571,3,Survey & Measurement,22.2,329,4,4,0,False,0.0,False,0,False,False,70.0,28.0,,Fully Digitized,42,0.0,True,2,10,Medium,Neutral,3,Delayed,23.8,True,72.7,52.9,58.8,3,Survey & Measurement,41.5,Medium,23.36736,85.50214,train,False,Minor Delay (<=6mo),62.0,True,True,109.0,True
SNAP-000041-2,SIH26017-PRJ-000041,2022-08-18,Jharkhand,Ranchi,Power Transmission Line,POWERGRID/State Transco,Linear,"RFCTLARR Act, 2013",76.62,2,1291.48,Homestead-Residential,False,2019-06-22,2023-10-04,1565,1153,6,Award Declaration (Sec 23),55.6,670,4,4,0,False,30.9,True,1,False,False,73.6,28.0,,Fully Digitized,42,24.8,True,3,10,Medium,Neutral,5,Delayed,49.9,True,69.5,69.2,50.0,6,Award Declaration (Sec 23),43.8,Medium,23.36736,85.50214,train,False,Minor Delay (<=6mo),62.0,True,True,134.0,True
SNAP-000042-1,SIH26017-PRJ-000042,2019-09-14,Telangana,Karimnagar,State Highway,State PWD,Linear,"RFCTLARR Act, 2013",48.13,2,51.81,Mixed,False,2018-04-26,2021-01-08,988,506,5,Final Declaration (Sec 19),44.4,51,3,3,0,False,4.9,False,0,False,False,98.8,3.3,,Partially Digitized,28,1.2,True,1,11,Low,Neutral,1,Delayed,52.7,True,-28.0,75.0,50.0,5,Final Declaration (Sec 19),14.9,Low,18.57629,79.17352,train,False,On-Time,14.0,True,True,133.0,True
SNAP-000043-1,SIH26017-PRJ-000043,2021-03-31,Jharkhand,Ranchi,Railway Line/Doubling,Indian Railways,Linear,"Railways Act, 1989",403.63,18,2984.95,Government-Wasteland,False,2019-06-05,2022-02-20,991,665,5,Final Declaration (Sec 19),44.4,147,5,5,0,False,6.9,False,0,False,False,62.2,35.3,,Fully Digitized,24,0.7,True,2,20,Low,Opposing,4,Delayed,54.1,True,72.7,37.5,62.5,5,Final Declaration (Sec 19),36.7,Medium,23.19826,85.06658,train,,,,True,True,120.0,True
SNAP-000044-1,SIH26017-PRJ-000044,2019-09-09,Karnataka,Ballari,Power Transmission Line,POWERGRID/State Transco,Linear,"RFCTLARR Act, 2013",43.96,6,1053.39,Agricultural,False,2018-11-03,2020-04-19,533,310,6,Award Declaration (Sec 23),55.6,-91,4,4,0,False,16.4,False,0,False,False,68.6,29.3,,Fully Digitized,2,11.6,True,0,6,Medium,Supportive,2,Adequate,58.9,True,3.0,33.3,77.8,6,Award Declaration (Sec 23),9.8,Low,14.74247,76.86892,train,False,On-Time,-25.0,True,False,-22.0,True
SNAP-000045-1,SIH26017-PRJ-000045,2018-10-19,West Bengal,Purulia,Mining Project,State Mining Corp,Area,"Coal Bearing Areas Acquisition Act, 1957",458.26,14,446.48,Government-Wasteland,False,2016-12-23,2021-11-07,1780,665,5,Final Declaration (Sec 19),44.4,178,5,5,0,False,6.6,False,0,False,False,75.3,28.2,,Not Digitized,145,1.0,True,10,16,Medium,Opposing,1,Insufficient,48.3,False,104.0,33.3,66.7,5,Final Declaration (Sec 19),51.4,Medium,23.16516,86.2788,train,False,Minor Delay (<=6mo),81.0,True,True,49.0,True
SNAP-000045-2,SIH26017-PRJ-000045,2020-04-30,West Bengal,Purulia,Mining Project,State Mining Corp,Area,"Coal Bearing Areas Acquisition Act, 1957",458.26,14,446.48,Government-Wasteland,False,2016-12-23,2021-11-07,1780,1224,7,Compensation Disbursement,66.7,379,5,5,0,False,49.2,False,0,False,False,77.0,30.1,,Not Digitized,145,39.5,True,15,16,Medium,Opposing,3,Insufficient,71.9,False,24.2,50.0,50.0,7,Compensation Disbursement,46.6,Medium,23.16516,86.2788,train,False,Minor Delay (<=6mo),81.0,True,True,249.0,True
SNAP-000046-1,SIH26017-PRJ-000046,2025-03-02,Odisha,Kalahandi,National Highway,NHAI,Linear,"National Highways Act, 1956",253.47,9,4978.99,Mixed,False,2023-05-27,2027-09-06,1563,645,6,Award Declaration (Sec 23),55.6,261,6,6,0,False,9.9,False,0,False,False,65.1,37.8,,Fully Digitized,128,2.1,True,10,13,Medium,Opposing,3,Insufficient,50.3,True,84.7,63.8,69.0,6,Award Declaration (Sec 23),42.0,Medium,19.80314,83.24799,test,,,,False,True,85.0,True
SNAP-000047-1,SIH26017-PRJ-000047,2020-10-14,Jharkhand,Ranchi,Urban Water Supply/Sewerage,State Water/Municipal Board,Point,"RFCTLARR Act, 2013",54.84,2,1041.62,Homestead-Residential,False,2018-05-12,2024-10-09,2342,886,5,Final Declaration (Sec 19),44.4,352,4,4,0,False,6.1,False,0,False,False,84.3,14.8,,Partially Digitized,22,1.0,True,2,10,Low,Opposing,7,Insufficient,40.1,False,72.7,70.8,37.5,5,Final Declaration (Sec 19),34.5,Medium,23.22991,85.09456,train,False,Minor Delay (<=6mo),180.0,True,True,281.0,True
SNAP-000047-2,SIH26017-PRJ-000047,2022-08-28,Jharkhand,Ranchi,Urban Water Supply/Sewerage,State Water/Municipal Board,Point,"RFCTLARR Act, 2013",54.84,2,1041.62,Homestead-Residential,False,2018-05-12,2024-10-09,2342,1569,7,Compensation Disbursement,66.7,972,4,4,0,False,39.9,False,0,False,False,84.9,17.2,,Partially Digitized,22,39.3,True,2,10,Low,Opposing,3,Insufficient,58.2,False,69.5,73.3,40.0,7,Compensation Disbursement,36.6,Medium,23.22991,85.09456,train,False,Minor Delay (<=6mo),180.0,True,True,358.0,True
SNAP-000048-1,SIH26017-PRJ-000048,2025-01-17,West Bengal,Howrah,Irrigation Canal/Dam,State Irrigation Dept,Linear,"RFCTLARR Act, 2013",1562.43,45,3505.81,Agricultural,False,2022-03-28,2030-06-04,2990,1026,4,Draft Declaration,33.3,654,4,4,0,False,0.0,False,0,False,False,73.4,21.8,,Fully Digitized,120,0.0,True,6,35,Medium,Opposing,2,Insufficient,33.6,True,58.8,52.6,68.4,4,Draft Declaration,47.2,Medium,22.43992,88.25091,validation,,,,False,True,227.0,True
SNAP-000049-1,SIH26017-PRJ-000049,2015-10-22,Bihar,Muzaffarpur,Power Transmission Line,POWERGRID/State Transco,Linear,"RFCTLARR Act, 2013",100.41,5,669.05,Agricultural,False,2015-01-07,2017-04-05,819,288,4,Draft Declaration,33.3,-5,5,4,1,True,0.0,False,0,False,False,78.3,24.9,,Partially Digitized,6,0.0,True,0,7,Low,Supportive,2,Delayed,36.4,False,,,,4,Draft Declaration,18.7,Low,26.29873,85.61682,validation,False,Minor Delay (<=6mo),34.0,True,False,17.0,True
SNAP-000049-2,SIH26017-PRJ-000049,2016-07-19,Bihar,Muzaffarpur,Power Transmission Line,POWERGRID/State Transco,Linear,"RFCTLARR Act, 2013",100.41,5,669.05,Agricultural,False,2015-01-07,2017-04-05,819,559,6,Award Declaration (Sec 23),66.7,94,5,5,0,False,24.6,True,1,False,False,79.2,26.9,,Partially Digitized,6,17.7,True,0,7,Low,Supportive,3,Insufficient,50.9,False,,,,7,Compensation Disbursement,30.3,Medium,26.29873,85.61682,validation,False,Minor Delay (<=6mo),34.0,True,False,-59.0,True
SNAP-000050-1,SIH26017-PRJ-000050,2021-08-16,Jharkhand,Paschimi Singhbhum,National Highway,NHAI,Linear,"National Highways Act, 1956",210.47,13,5196.95,Forest,False,2016-11-22,2023-12-30,2594,1728,7,Compensation Disbursement,66.7,835,7,7,0,False,43.0,False,0,False,False,58.8,41.3,,Fully Digitized,20,56.5,True,2,20,Low,Neutral,6,Delayed,72.5,True,72.7,66.7,61.9,7,Compensation Disbursement,36.0,Medium,22.54857,85.37848,train,False,Minor Delay (<=6mo),109.0,True,True,814.0,True
SNAP-000051-1,SIH26017-PRJ-000051,2024-01-31,Tamil Nadu,Chennai,National Highway,NHAI,Linear,"National Highways Act, 1956",58.13,1,4615.81,Government-Wasteland,False,2022-07-03,2026-12-19,1630,577,5,Final Declaration (Sec 19),44.4,188,5,5,0,False,6.6,False,0,False,False,79.3,19.3,,Partially Digitized,3,1.0,True,0,7,Medium,Neutral,1,Delayed,42.9,False,36.3,65.9,63.6,5,Final Declaration (Sec 19),31.5,Medium,13.15356,80.49532,validation,,,,False,True,61.0,True
SNAP-000051-2,SIH26017-PRJ-000051,2025-06-11,Tamil Nadu,Chennai,National Highway,NHAI,Linear,"National Highways Act, 1956",58.13,1,4615.81,Government-Wasteland,False,2022-07-03,2026-12-19,1630,1074,7,Compensation Disbursement,66.7,477,5,5,0,False,45.5,False,0,False,False,81.3,17.7,,Partially Digitized,3,46.0,True,0,7,Medium,Neutral,5,Delayed,62.3,False,53.6,65.0,68.3,7,Compensation Disbursement,30.4,Medium,13.15356,80.49532,validation,,,,False,True,269.0,True
SNAP-000052-1,SIH26017-PRJ-000052,2023-12-19,Bihar,Gaya,Urban Metro Rail,State Metro Rail Corp,Linear,"RFCTLARR Act, 2013",34.03,1,9223.76,Government-Wasteland,False,2022-12-31,2025-04-27,848,353,4,Draft Declaration,33.3,-28,4,4,0,False,0.0,False,0,False,False,68.6,27.1,,Fully Digitized,12,0.0,True,0,9,Low,Opposing,1,Insufficient,35.5,True,28.9,60.0,80.0,4,Draft Declaration,25.5,Low,24.87087,85.02285,train,,,,True,True,39.0,True
SNAP-000052-2,SIH26017-PRJ-000052,2024-12-18,Bihar,Gaya,Urban Metro Rail,State Metro Rail Corp,Linear,"RFCTLARR Act, 2013",34.03,1,9223.76,Government-Wasteland,False,2022-12-31,2025-04-27,848,718,7,Compensation Disbursement,66.7,59,4,4,0,False,48.8,False,0,False,False,68.3,25.5,,Fully Digitized,12,42.0,True,1,9,Low,Opposing,1,Delayed,55.2,True,27.6,58.3,83.3,7,Compensation Disbursement,13.9,Low,24.87087,85.02285,train,,,,True,False,18.0,True
SNAP-000053-1,SIH26017-PRJ-000053,2020-06-26,Karnataka,Belagavi,National Highway,NHAI,Linear,"National Highways Act, 1956",273.86,6,1956.85,Agricultural,False,2017-11-24,2021-09-29,1405,945,7,Compensation Disbursement,66.7,329,6,5,0,False,39.3,False,0,False,False,63.3,36.3,,Fully Digitized,22,27.6,True,2,10,Low,Supportive,6,Delayed,65.0,True,-6.3,66.7,58.3,7,Compensation Disbursement,29.8,Low,15.80965,74.56577,train,False,On-Time,17.0,True,True,252.0,True
SNAP-000054-1,SIH26017-PRJ-000054,2017-06-23,Telangana,Warangal,Renewable Energy Park,State Renewable Energy Agency,Area,"RFCTLARR Act, 2013",2521.97,55,4410.37,Homestead-Residential,True,2016-05-11,2020-05-27,1477,408,2,Social Impact Assessment (SIA),11.1,65,4,4,0,False,0.0,False,0,False,False,69.4,30.2,59.1,Partially Digitized,1267,0.0,False,23,41,High,Supportive,2,Insufficient,16.8,False,,0.0,100.0,2,Social Impact Assessment (SIA),42.6,Medium,17.84325,79.71708,test,False,Minor Delay (<=6mo),123.0,True,True,391.0,True
SNAP-000054-2,SIH26017-PRJ-000054,2018-03-25,Telangana,Warangal,Renewable Energy Park,State Renewable Energy Agency,Area,"RFCTLARR Act, 2013",2521.97,55,4410.37,Homestead-Residential,True,2016-05-11,2020-05-27,1477,683,3,Survey & Measurement,22.2,456,4,4,0,False,0.0,False,1,False,True,71.2,30.6,59.1,Partially Digitized,1267,0.0,True,37,41,High,Supportive,1,Insufficient,23.6,False,,0.0,100.0,3,Survey & Measurement,60.0,High,17.84325,79.71708,test,False,Minor Delay (<=6mo),123.0,True,True,136.0,True
SNAP-000054-3,SIH26017-PRJ-000054,2019-09-01,Telangana,Warangal,Renewable Energy Park,State Renewable Energy Agency,Area,"RFCTLARR Act, 2013",2521.97,55,4410.37,Homestead-Residential,True,2016-05-11,2020-05-27,1477,1208,7,Compensation Disbursement,66.7,709,4,4,0,False,31.2,False,0,False,False,71.4,31.5,59.1,Partially Digitized,1267,22.6,True,111,41,High,Supportive,3,Insufficient,63.5,False,-28.0,25.0,75.0,7,Compensation Disbursement,60.4,High,17.84325,79.71708,test,False,Minor Delay (<=6mo),123.0,True,False,-42.0,True
SNAP-000055-1,SIH26017-PRJ-000055,2022-08-12,Bihar,Muzaffarpur,Renewable Energy Park,State Renewable Energy Agency,Area,"RFCTLARR Act, 2013",693.69,18,4408.04,Mixed,False,2021-12-14,2023-05-28,530,241,2,Social Impact Assessment (SIA),11.1,33,4,3,1,True,0.0,False,0,False,False,83.8,20.0,69.1,Partially Digitized,352,0.0,False,7,18,Low,Neutral,0,Insufficient,13.0,True,44.8,53.3,73.3,2,Social Impact Assessment (SIA),24.3,Low,26.26977,85.38339,train,,,,True,True,277.0,True
SNAP-000055-2,SIH26017-PRJ-000055,2023-04-17,Bihar,Muzaffarpur,Renewable Energy Park,State Renewable Energy Agency,Area,"RFCTLARR Act, 2013",693.69,18,4408.04,Mixed,False,2021-12-14,2023-05-28,530,489,2,Social Impact Assessment (SIA),22.2,310,4,4,0,False,0.0,False,0,False,False,81.8,20.9,69.1,Partially Digitized,352,0.0,True,7,18,Low,Neutral,1,Insufficient,14.3,True,28.9,56.5,73.9,3,Survey & Measurement,37.7,Medium,26.26977,85.38339,train,,,,True,True,,True
SNAP-000056-1,SIH26017-PRJ-000056,2020-01-22,Odisha,Sundargarh,Urban Water Supply/Sewerage,State Water/Municipal Board,Point,"RFCTLARR Act, 2013",46.27,5,1111.32,Homestead-Residential,False,2019-10-28,2023-09-02,1405,86,2,Social Impact Assessment (SIA),11.1,-6,5,1,2,True,0.0,False,0,False,False,60.9,39.6,,Partially Digitized,22,0.0,False,0,11,Low,Opposing,1,Insufficient,8.2,True,32.0,61.1,44.4,2,Social Impact Assessment (SIA),21.8,Low,22.19985,83.99687,test,False,Minor Delay (<=6mo),75.0,True,False,24.0,True
SNAP-000057-1,SIH26017-PRJ-000057,2021-06-03,Kerala,Thiruvananthapuram,Urban Metro Rail,State Metro Rail Corp,Linear,"RFCTLARR Act, 2013",86.98,9,3762.04,Homestead-Residential,False,2020-08-11,2022-06-13,671,296,2,Social Impact Assessment (SIA),11.1,70,4,3,1,True,0.0,False,0,False,False,64.5,36.0,,Not Digitized,42,0.0,False,1,15,Low,Opposing,0,Insufficient,15.6,False,-6.0,71.4,71.4,2,Social Impact Assessment (SIA),25.5,Low,8.23924,76.75231,test,,,,True,True,142.0,True
SNAP-000058-1,SIH26017-PRJ-000058,2024-04-26,Uttar Pradesh,Varanasi,State Highway,State PWD,Linear,"RFCTLARR Act, 2013",95.98,8,737.83,Forest,False,2023-04-29,2025-07-01,794,363,5,Final Declaration (Sec 19),44.4,43,6,4,2,True,0.0,False,1,False,True,77.0,23.4,,Partially Digitized,11,0.0,True,0,13,Low,Supportive,1,Delayed,53.8,True,38.6,80.0,57.1,5,Final Declaration (Sec 19),30.3,Medium,25.3778,82.9685,train,,,,True,False,12.0,True
SNAP-000058-2,SIH26017-PRJ-000058,2025-02-01,Uttar Pradesh,Varanasi,State Highway,State PWD,Linear,"RFCTLARR Act, 2013",95.98,8,737.83,Forest,False,2023-04-29,2025-07-01,794,644,8,Possession,77.8,22,6,6,0,False,58.9,False,1,False,True,71.9,24.2,,Partially Digitized,11,57.7,True,1,13,Low,Supportive,4,Adequate,82.5,True,36.4,82.5,55.0,8,Possession,21.6,Low,25.3778,82.9685,train,,,,True,False,22.0,True
SNAP-000059-1,SIH26017-PRJ-000059,2018-12-30,Madhya Pradesh,Jabalpur,Power Transmission Line,POWERGRID/State Transco,Linear,"RFCTLARR Act, 2013",76.65,4,291.86,Agricultural,False,2018-09-25,2019-07-16,294,96,3,Survey & Measurement,22.2,-49,3,2,1,True,0.0,False,0,False,False,87.2,18.9,,Not Digitized,10,0.0,True,0,10,Low,Supportive,0,Adequate,19.5,False,-3.0,28.6,85.7,3,Survey & Measurement,11.5,Low,22.96247,80.16168,train,,,,True,False,-23.0,True
SNAP-000060-1,SIH26017-PRJ-000060,2025-01-08,Chhattisgarh,Raipur,State Highway,State PWD,Linear,"RFCTLARR Act, 2013",64.3,3,709.27,Agricultural,False,2024-04-05,2027-10-13,1286,278,3,Survey & Measurement,22.2,39,4,3,1,True,0.0,False,0,False,False,65.2,36.8,,Partially Digitized,8,0.0,True,0,18,Low,Opposing,1,Delayed,26.6,False,60.5,82.1,56.4,3,Survey & Measurement,21.0,Low,21.35523,81.71291,train,,,,False,True,189.0,True
SNAP-000060-2,SIH26017-PRJ-000060,2025-06-12,Chhattisgarh,Raipur,State Highway,State PWD,Linear,"RFCTLARR Act, 2013",64.3,3,709.27,Agricultural,False,2024-04-05,2027-10-13,1286,433,3,Survey & Measurement,22.2,39,4,3,1,True,0.0,False,0,False,False,64.0,37.2,,Partially Digitized,8,0.0,True,0,18,Low,Opposing,0,Adequate,30.4,False,76.4,82.9,53.7,3,Survey & Measurement,12.8,Low,21.35523,81.71291,train,,,,False,True,189.0,True
SNAP-000060-3,SIH26017-PRJ-000060,2025-12-31,Chhattisgarh,Raipur,State Highway,State PWD,Linear,"RFCTLARR Act, 2013",64.3,3,709.27,Agricultural,False,2024-04-05,2027-10-13,1286,635,5,Final Declaration (Sec 19),44.4,285,4,4,0,False,1.8,False,0,False,False,64.7,38.9,,Partially Digitized,8,0.0,True,1,18,Low,Opposing,4,Insufficient,47.3,False,91.0,79.5,56.8,5,Final Declaration (Sec 19),37.6,Medium,21.35523,81.71291,train,,,,False,True,80.0,True
SNAP-000061-1,SIH26017-PRJ-000061,2025-09-28,Madhya Pradesh,Jabalpur,Renewable Energy Park,State Renewable Energy Agency,Area,"RFCTLARR Act, 2013",1734.06,41,864.92,Forest,False,2022-07-15,2027-12-21,1985,1171,4,Draft Declaration,33.3,893,5,3,0,False,0.0,False,0,False,False,52.8,42.6,58.3,Fully Digitized,143,0.0,True,7,31,Medium,Opposing,2,Insufficient,28.6,True,9.2,57.5,72.5,4,Draft Declaration,50.3,Medium,23.13495,80.15735,train,,,,False,True,105.0,True
SNAP-000062-1,SIH26017-PRJ-000062,2021-11-27,Jharkhand,Paschimi Singhbhum,National Highway,NHAI,Linear,"National Highways Act, 1956",123.87,9,511.7,Government-Wasteland,False,2020-09-10,2025-04-05,1668,443,3,Survey & Measurement,22.2,219,5,5,0,False,0.0,False,0,False,False,88.9,4.7,,Partially Digitized,11,0.0,True,0,10,Low,Supportive,0,Delayed,23.7,True,72.7,69.6,56.5,3,Survey & Measurement,27.0,Low,22.50325,85.29629,test,False,On-Time,30.0,True,True,276.0,True
SNAP-000062-2,SIH26017-PRJ-000062,2022-10-27,Jharkhand,Paschimi Singhbhum,National Highway,NHAI,Linear,"National Highways Act, 1956",123.87,9,511.7,Government-Wasteland,False,2020-09-10,2025-04-05,1668,777,4,Draft Declaration,33.3,495,5,5,0,False,0.0,True,1,False,False,91.9,5.5,,Partially Digitized,11,0.0,True,0,10,Low,Supportive,0,Delayed,33.0,True,69.5,65.6,62.5,4,Draft Declaration,32.5,Medium,22.50325,85.29629,test,False,On-Time,30.0,True,True,318.0,True
SNAP-000062-3,SIH26017-PRJ-000062,2024-02-21,Jharkhand,Paschimi Singhbhum,National Highway,NHAI,Linear,"National Highways Act, 1956",123.87,9,511.7,Government-Wasteland,False,2020-09-10,2025-04-05,1668,1259,5,Final Declaration (Sec 19),44.4,813,5,5,0,False,6.5,False,0,False,False,87.3,4.0,,Partially Digitized,11,1.0,True,0,10,Low,Supportive,5,Insufficient,46.1,True,90.6,65.9,63.6,5,Final Declaration (Sec 19),37.3,Medium,22.50325,85.29629,test,False,On-Time,30.0,True,True,115.0,True
SNAP-000063-1,SIH26017-PRJ-000063,2023-01-10,Rajasthan,Udaipur,Urban Water Supply/Sewerage,State Water/Municipal Board,Point,"RFCTLARR Act, 2013",9.58,4,2215.59,Mixed,False,2020-12-16,2027-11-08,2518,755,5,Final Declaration (Sec 19),55.6,375,4,4,0,False,6.4,False,0,False,False,65.7,33.6,,Fully Digitized,6,0.8,True,1,21,Low,Neutral,3,Delayed,41.3,True,94.8,71.0,41.9,6,Award Declaration (Sec 23),36.2,Medium,24.80168,73.75323,train,,,,False,True,206.0,True
SNAP-000063-2,SIH26017-PRJ-000063,2024-10-08,Rajasthan,Udaipur,Urban Water Supply/Sewerage,State Water/Municipal Board,Point,"RFCTLARR Act, 2013",9.58,4,2215.59,Mixed,False,2020-12-16,2027-11-08,2518,1392,7,Compensation Disbursement,66.7,581,4,4,0,False,46.9,False,1,True,True,65.2,34.9,,Fully Digitized,6,37.4,True,1,21,Low,Neutral,3,Delayed,59.0,True,102.5,76.7,48.8,7,Compensation Disbursement,48.7,Medium,24.80168,73.75323,train,,,,False,True,622.0,True
SNAP-000064-1,SIH26017-PRJ-000064,2021-02-18,West Bengal,Purulia,Irrigation Canal/Dam,State Irrigation Dept,Linear,"RFCTLARR Act, 2013",1333.04,46,2006.33,Forest,False,2019-02-26,2028-03-15,3305,723,3,Survey & Measurement,22.2,269,6,6,0,False,0.0,False,0,False,False,56.6,42.1,,Partially Digitized,114,0.0,True,5,28,Medium,Opposing,1,Insufficient,20.5,False,23.6,25.0,75.0,3,Survey & Measurement,41.7,Medium,23.51138,86.38021,test,,,,False,True,169.0,True
SNAP-000064-2,SIH26017-PRJ-000064,2022-07-10,West Bengal,Purulia,Irrigation Canal/Dam,State Irrigation Dept,Linear,"RFCTLARR Act, 2013",1333.04,46,2006.33,Forest,False,2019-02-26,2028-03-15,3305,1230,5,Final Declaration (Sec 19),44.4,686,6,6,0,False,7.0,False,0,False,False,56.7,42.8,,Partially Digitized,114,0.7,True,9,28,Medium,Opposing,10,Delayed,38.1,False,49.7,36.4,81.8,5,Final Declaration (Sec 19),43.9,Medium,23.51138,86.38021,test,,,,False,True,285.0,True
SNAP-000064-3,SIH26017-PRJ-000064,2024-11-28,West Bengal,Purulia,Irrigation Canal/Dam,State Irrigation Dept,Linear,"RFCTLARR Act, 2013",1333.04,46,2006.33,Forest,False,2019-02-26,2028-03-15,3305,2102,7,Compensation Disbursement,66.7,1390,6,6,0,False,49.1,False,0,False,False,55.6,42.5,,Partially Digitized,114,33.4,True,13,28,Medium,Opposing,3,Delayed,57.9,False,58.8,50.0,72.2,7,Compensation Disbursement,33.7,Medium,23.51138,86.38021,test,,,,False,,,False
SNAP-000065-1,SIH26017-PRJ-000065,2026-01-15,Bihar,Patna,National Highway,NHAI,Linear,"National Highways Act, 1956",155.95,8,1458.9,Forest,False,2021-03-22,2027-01-05,2115,1760,7,Compensation Disbursement,66.7,910,7,7,0,False,61.4,False,0,False,False,88.8,12.2,,Partially Digitized,9,37.5,True,1,17,Medium,Opposing,5,Delayed,62.4,False,25.1,67.6,66.2,7,Compensation Disbursement,33.1,Medium,25.60531,85.0941,train,,,,False,True,295.0,True
SNAP-000066-1,SIH26017-PRJ-000066,2024-06-28,Madhya Pradesh,Indore,State Highway,State PWD,Linear,"RFCTLARR Act, 2013",139.78,7,1843.09,Agricultural,False,2023-08-14,2024-12-23,497,319,6,Award Declaration (Sec 23),55.6,-107,4,4,0,False,23.1,False,0,False,False,78.0,25.5,,Fully Digitized,12,13.3,True,0,7,Low,Neutral,0,Adequate,55.2,True,5.8,81.1,56.8,6,Award Declaration (Sec 23),0.0,Low,22.6539,75.92943,test,False,On-Time,-28.0,True,False,-49.0,True
SNAP-000067-1,SIH26017-PRJ-000067,2017-11-18,Gujarat,Rajkot,State Highway,State PWD,Linear,"RFCTLARR Act, 2013",95.67,7,1554.63,Forest,False,2017-01-02,2019-07-11,920,320,5,Final Declaration (Sec 19),44.4,18,5,4,1,True,0.0,False,0,False,False,79.3,22.7,,Not Digitized,11,0.0,True,1,14,Medium,Neutral,1,Delayed,37.7,False,,,,5,Final Declaration (Sec 19),15.4,Low,22.39533,70.64656,train,False,Minor Delay (<=6mo),129.0,True,False,4.0,True
SNAP-000068-1,SIH26017-PRJ-000068,2018-01-20,Assam,Kamrup,Irrigation Canal/Dam,State Irrigation Dept,Linear,"RFCTLARR Act, 2013",1932.01,60,3496.38,Agricultural,False,2017-11-14,2025-05-25,2749,67,1,Preliminary Notification (Sec 11),0.0,0,4,1,1,True,0.0,False,0,False,False,52.2,43.8,,Partially Digitized,166,0.0,False,1,0,Medium,Neutral,0,Insufficient,5.2,False,,,,1,Preliminary Notification (Sec 11),24.1,Low,26.09328,91.55484,train,True,Major Delay (6-18mo),290.0,True,True,88.0,True
SNAP-000069-1,SIH26017-PRJ-000069,2020-03-08,Tamil Nadu,Chennai,National Highway,NHAI,Linear,"National Highways Act, 1956",156.69,6,1893.5,Agricultural,False,2016-10-12,2021-04-08,1639,1243,7,Compensation Disbursement,66.7,754,5,5,0,False,30.1,False,0,False,False,52.1,48.7,,Partially Digitized,13,31.4,True,1,18,Medium,Opposing,4,Insufficient,70.8,False,19.0,63.6,54.5,7,Compensation Disbursement,44.2,Medium,12.90927,80.38129,test,False,Minor Delay (<=6mo),93.0,True,True,88.0,True
SNAP-000070-1,SIH26017-PRJ-000070,2025-11-19,Uttar Pradesh,Varanasi,National Highway,NHAI,Linear,"National Highways Act, 1956",202.07,12,1508.64,Homestead-Residential,False,2023-06-03,2027-06-23,1481,900,6,Award Declaration (Sec 23),55.6,458,5,5,0,False,21.7,False,0,False,False,70.4,31.6,,Not Digitized,104,17.8,True,5,7,Low,Not Sought,3,Delayed,42.3,False,55.6,66.7,66.7,6,Award Declaration (Sec 23),30.8,Medium,25.40434,83.11552,train,,,,False,True,59.0,True
SNAP-000071-1,SIH26017-PRJ-000071,2020-02-25,Gujarat,Vadodara,Railway Line/Doubling,Indian Railways,Linear,"Railways Act, 1989",569.54,12,6631.47,Homestead-Residential,False,2018-04-08,2025-01-02,2461,688,5,Final Declaration (Sec 19),44.4,126,5,5,0,False,6.9,False,0,False,False,67.4,28.0,,Partially Digitized,288,0.9,True,21,18,Medium,Opposing,4,Insufficient,46.8,False,87.5,50.0,50.0,5,Final Declaration (Sec 19),44.2,Medium,22.22831,73.08915,test,False,Minor Delay (<=6mo),78.0,True,True,154.0,True
SNAP-000071-2,SIH26017-PRJ-000071,2021-08-29,Gujarat,Vadodara,Railway Line/Doubling,Indian Railways,Linear,"Railways Act, 1989",569.54,12,6631.47,Homestead-Residential,False,2018-04-08,2025-01-02,2461,1239,7,Compensation Disbursement,66.7,459,5,5,0,False,49.0,False,0,False,False,70.2,27.8,,Partially Digitized,288,36.6,True,31,18,Medium,Opposing,6,Delayed,62.7,False,68.0,44.4,66.7,7,Compensation Disbursement,42.2,Medium,22.22831,73.08915,test,False,Minor Delay (<=6mo),78.0,True,True,1071.0,True
SNAP-000071-3,SIH26017-PRJ-000071,2023-08-20,Gujarat,Vadodara,Railway Line/Doubling,Indian Railways,Linear,"Railways Act, 1989",569.54,12,6631.47,Homestead-Residential,False,2018-04-08,2025-01-02,2461,1960,7,Compensation Disbursement,66.7,459,5,5,0,False,48.4,True,1,False,False,66.8,27.5,,Partially Digitized,288,31.1,True,31,18,Medium,Opposing,6,Insufficient,67.4,False,95.6,50.0,75.0,7,Compensation Disbursement,63.7,High,22.22831,73.08915,test,False,Minor Delay (<=6mo),78.0,True,True,1071.0,True
SNAP-000072-1,SIH26017-PRJ-000072,2025-06-04,Rajasthan,Jaipur,State Highway,State PWD,Linear,"RFCTLARR Act, 2013",39.39,2,192.57,Agricultural,False,2024-09-10,2031-11-06,2613,267,2,Social Impact Assessment (SIA),11.1,117,3,2,0,False,0.0,False,0,False,False,75.2,25.1,,Partially Digitized,2,0.0,False,0,10,Low,Opposing,1,Insufficient,15.7,False,105.9,82.9,53.7,2,Social Impact Assessment (SIA),28.4,Low,26.76348,75.95513,train,,,,False,True,285.0,True
SNAP-000072-2,SIH26017-PRJ-000072,2025-12-16,Rajasthan,Jaipur,State Highway,State PWD,Linear,"RFCTLARR Act, 2013",39.39,2,192.57,Agricultural,False,2024-09-10,2031-11-06,2613,462,2,Social Impact Assessment (SIA),11.1,117,3,2,0,False,0.0,False,0,False,False,71.3,24.2,,Partially Digitized,2,0.0,False,0,10,Low,Opposing,2,Insufficient,16.2,False,122.9,81.4,55.8,2,Social Impact Assessment (SIA),29.5,Low,26.76348,75.95513,train,,,,False,True,285.0,True
SNAP-000073-1,SIH26017-PRJ-000073,2024-05-19,Assam,Kamrup,Industrial Corridor,State Industrial Dev. Corp,Area,"RFCTLARR Act, 2013",790.28,29,951.62,Agricultural,False,2023-02-13,2030-02-01,2545,461,2,Social Impact Assessment (SIA),11.1,39,4,4,0,False,0.0,False,0,False,False,52.0,48.0,54.2,Fully Digitized,59,0.0,False,1,25,Medium,Opposing,2,Insufficient,12.7,True,89.7,40.0,93.3,2,Social Impact Assessment (SIA),41.7,Medium,25.90693,91.73174,train,,,,False,True,248.0,True
SNAP-000073-2,SIH26017-PRJ-000073,2025-07-08,Assam,Kamrup,Industrial Corridor,State Industrial Dev. Corp,Area,"RFCTLARR Act, 2013",790.28,29,951.62,Agricultural,False,2023-02-13,2030-02-01,2545,876,5,Final Declaration (Sec 19),44.4,414,4,4,0,False,6.8,False,0,False,False,54.6,47.4,54.2,Fully Digitized,59,0.6,True,5,25,Medium,Opposing,2,Insufficient,38.4,True,90.3,44.4,94.4,5,Final Declaration (Sec 19),43.7,Medium,25.90693,91.73174,train,,,,False,False,29.0,True
SNAP-000074-1,SIH26017-PRJ-000074,2017-06-25,Uttar Pradesh,Gautam Buddh Nagar,State Highway,State PWD,Linear,"RFCTLARR Act, 2013",25.0,9,1906.78,Forest,False,2015-11-20,2020-05-06,1629,583,3,Survey & Measurement,22.2,382,5,4,1,True,0.0,False,0,False,False,73.2,22.3,,Fully Digitized,0,0.0,True,0,13,Medium,Neutral,3,Insufficient,14.6,True,,,,3,Survey & Measurement,35.5,Medium,28.55799,77.21958,validation,False,Minor Delay (<=6mo),81.0,True,True,108.0,True
SNAP-000074-2,SIH26017-PRJ-000074,2019-02-02,Uttar Pradesh,Gautam Buddh Nagar,State Highway,State PWD,Linear,"RFCTLARR Act, 2013",25.0,9,1906.78,Forest,False,2015-11-20,2020-05-06,1629,1170,6,Award Declaration (Sec 23),55.6,708,5,5,0,False,25.5,False,0,False,False,73.5,22.6,,Fully Digitized,0,0.0,True,0,13,Medium,Neutral,4,Delayed,41.9,True,0.0,100.0,0.0,6,Award Declaration (Sec 23),42.9,Medium,28.55799,77.21958,validation,False,Minor Delay (<=6mo),81.0,True,True,69.0,True
SNAP-000075-1,SIH26017-PRJ-000075,2021-07-02,Tamil Nadu,Chennai,Power Transmission Line,POWERGRID/State Transco,Linear,"RFCTLARR Act, 2013",58.35,9,1352.19,Agricultural,False,2019-06-08,2023-05-01,1423,755,7,Compensation Disbursement,66.7,256,5,5,0,False,41.0,False,1,False,False,63.5,39.9,,Not Digitized,5,30.1,True,0,15,Low,Neutral,2,Delayed,65.7,False,19.0,57.9,52.6,7,Compensation Disbursement,40.4,Medium,13.34973,80.58254,train,False,Minor Delay (<=6mo),59.0,True,True,285.0,True
SNAP-000076-1,SIH26017-PRJ-000076,2021-08-13,West Bengal,Purba Bardhaman,National Highway,NHAI,Linear,"National Highways Act, 1956",321.2,7,3014.78,Agricultural,False,2019-12-07,2022-07-02,938,615,7,Compensation Disbursement,66.7,111,5,5,0,False,27.3,True,1,False,True,55.1,41.5,,Not Digitized,21,24.3,True,1,12,Medium,Opposing,2,Delayed,67.5,False,45.8,66.7,61.9,7,Compensation Disbursement,32.9,Medium,23.44159,87.84235,test,False,Minor Delay (<=6mo),38.0,True,False,-23.0,True
SNAP-000077-1,SIH26017-PRJ-000077,2016-08-17,Odisha,Kalahandi,Urban Water Supply/Sewerage,State Water/Municipal Board,Point,"RFCTLARR Act, 2013",36.01,8,2408.34,Government-Wasteland,False,2015-06-20,2018-11-26,1255,424,4,Draft Declaration,33.3,142,4,4,0,False,0.0,False,0,False,False,54.4,45.2,,Partially Digitized,4,0.0,True,0,14,Medium,Neutral,4,Delayed,33.1,False,,,,4,Draft Declaration,36.4,Medium,19.90109,83.33429,train,False,On-Time,19.0,True,True,33.0,True
SNAP-000077-2,SIH26017-PRJ-000077,2017-11-01,Odisha,Kalahandi,Urban Water Supply/Sewerage,State Water/Municipal Board,Point,"RFCTLARR Act, 2013",36.01,8,2408.34,Government-Wasteland,False,2015-06-20,2018-11-26,1255,865,7,Compensation Disbursement,66.7,321,4,4,0,False,31.2,True,2,True,False,55.6,45.2,,Partially Digitized,4,30.9,True,1,14,Medium,Neutral,8,Delayed,52.9,False,,100.0,0.0,7,Compensation Disbursement,62.4,High,19.90109,83.33429,train,False,On-Time,19.0,True,True,122.0,True
SNAP-000078-1,SIH26017-PRJ-000078,2023-10-13,Rajasthan,Alwar,Airport Expansion,Airports Authority of India,Point,"RFCTLARR Act, 2013",700.51,18,3494.73,Homestead-Residential,False,2022-08-29,2029-05-03,2439,410,3,Survey & Measurement,22.2,158,6,5,1,True,0.0,False,0,False,False,74.1,28.3,,Partially Digitized,353,0.0,True,12,18,Medium,Opposing,4,Delayed,21.8,False,98.8,26.7,86.7,3,Survey & Measurement,48.3,Medium,27.43977,76.74856,train,,,,False,True,165.0,True
SNAP-000078-2,SIH26017-PRJ-000078,2024-09-28,Rajasthan,Alwar,Airport Expansion,Airports Authority of India,Point,"RFCTLARR Act, 2013",700.51,18,3494.73,Homestead-Residential,False,2022-08-29,2029-05-03,2439,761,5,Final Declaration (Sec 19),44.4,417,6,6,0,False,0.0,False,0,False,False,73.4,29.9,,Partially Digitized,353,0.0,True,20,18,Medium,Opposing,5,Insufficient,29.9,False,102.5,31.2,87.5,5,Final Declaration (Sec 19),48.9,Medium,27.43977,76.74856,train,,,,False,True,278.0,True
SNAP-000078-3,SIH26017-PRJ-000078,2025-07-19,Rajasthan,Alwar,Airport Expansion,Airports Authority of India,Point,"RFCTLARR Act, 2013",700.51,18,3494.73,Homestead-Residential,False,2022-08-29,2029-05-03,2439,1055,5,Final Declaration (Sec 19),44.4,417,6,6,0,False,6.4,False,0,False,False,73.9,26.7,,Partially Digitized,353,1.1,True,26,18,Medium,Opposing,6,Insufficient,35.4,False,118.2,27.8,88.9,5,Final Declaration (Sec 19),41.4,Medium,27.43977,76.74856,train,,,,False,True,278.0,True
SNAP-000079-1,SIH26017-PRJ-000079,2021-09-27,Gujarat,Rajkot,Irrigation Canal/Dam,State Irrigation Dept,Linear,"RFCTLARR Act, 2013",1212.54,31,3410.25,Agricultural,False,2016-11-23,2025-11-26,3290,1769,6,Award Declaration (Sec 23),55.6,1079,4,4,0,False,32.7,True,1,False,False,54.4,32.3,,Partially Digitized,83,18.5,True,7,20,Low,Neutral,7,Insufficient,53.1,True,68.0,20.0,80.0,6,Award Declaration (Sec 23),41.4,Medium,22.59007,70.58749,train,,,,False,True,804.0,True
SNAP-000080-1,SIH26017-PRJ-000080,2021-02-05,Jharkhand,Dhanbad,Urban Water Supply/Sewerage,State Water/Municipal Board,Point,"RFCTLARR Act, 2013",45.71,7,2463.36,Homestead-Residential,False,2019-03-01,2027-06-02,3015,707,4,Draft Declaration,33.3,271,4,4,0,False,0.0,True,1,False,False,59.4,36.9,,Not Digitized,17,0.0,True,1,14,Low,Neutral,6,Insufficient,35.7,False,72.7,72.0,36.0,4,Draft Declaration,40.6,Medium,23.63056,86.4784,train,,,,False,True,173.0,True
SNAP-000081-1,SIH26017-PRJ-000081,2021-03-01,Odisha,Kalahandi,Mining Project,State Mining Corp,Area,"Coal Bearing Areas Acquisition Act, 1957",283.99,8,5948.85,Government-Wasteland,False,2019-07-19,2024-02-22,1679,591,4,Draft Declaration,33.3,187,5,5,0,False,0.0,False,0,False,False,57.3,41.6,,Partially Digitized,105,0.0,True,6,6,Medium,Opposing,0,Delayed,39.1,True,81.5,50.0,50.0,4,Draft Declaration,45.1,Medium,19.93384,83.03587,validation,False,Minor Delay (<=6mo),60.0,True,True,130.0,True
SNAP-000081-2,SIH26017-PRJ-000081,2022-11-09,Odisha,Kalahandi,Mining Project,State Mining Corp,Area,"Coal Bearing Areas Acquisition Act, 1957",283.99,8,5948.85,Government-Wasteland,False,2019-07-19,2024-02-22,1679,1209,7,Compensation Disbursement,66.7,632,5,5,0,False,26.3,False,1,False,True,56.9,41.4,,Partially Digitized,105,15.0,True,11,6,Medium,Opposing,6,Delayed,64.5,True,68.7,33.3,77.8,7,Compensation Disbursement,45.9,Medium,19.93384,83.03587,validation,False,Minor Delay (<=6mo),60.0,True,False,30.0,True
SNAP-000082-1,SIH26017-PRJ-000082,2023-07-06,Karnataka,Ballari,Mining Project,State Mining Corp,Area,"Coal Bearing Areas Acquisition Act, 1957",1318.48,37,1502.62,Government-Wasteland,False,2022-07-11,2024-09-04,786,360,2,Social Impact Assessment (SIA),11.1,46,5,5,0,False,0.0,False,0,False,False,68.5,36.4,,Fully Digitized,442,0.0,False,7,34,Medium,Opposing,0,Insufficient,14.9,True,24.1,33.3,77.8,2,Social Impact Assessment (SIA),27.8,Low,15.06444,76.85859,validation,,,,True,True,178.0,True
SNAP-000082-2,SIH26017-PRJ-000082,2024-03-31,Karnataka,Ballari,Mining Project,State Mining Corp,Area,"Coal Bearing Areas Acquisition Act, 1957",1318.48,37,1502.62,Government-Wasteland,False,2022-07-11,2024-09-04,786,629,3,Survey & Measurement,22.2,224,5,5,0,False,0.0,False,0,False,False,71.2,36.1,,Fully Digitized,442,0.0,True,14,34,Medium,Opposing,3,Insufficient,24.6,True,22.2,42.9,78.6,3,Survey & Measurement,48.2,Medium,15.06444,76.85859,validation,,,,True,True,88.0,True
SNAP-000083-1,SIH26017-PRJ-000083,2020-05-23,Chhattisgarh,Bastar,National Highway,NHAI,Linear,"National Highways Act, 1956",238.03,12,3127.43,Mixed,False,2019-10-14,2023-03-01,1234,222,2,Social Impact Assessment (SIA),11.1,34,5,3,2,True,0.0,False,0,False,False,61.0,40.7,,Not Digitized,125,0.0,False,2,24,Low,Opposing,0,Insufficient,15.6,False,14.5,63.6,54.5,2,Social Impact Assessment (SIA),30.2,Medium,19.08057,82.00695,validation,False,On-Time,25.0,True,True,69.0,True
SNAP-000084-1,SIH26017-PRJ-000084,2021-08-22,Karnataka,Ballari,Railway Line/Doubling,Indian Railways,Linear,"Railways Act, 1989",442.74,20,1570.48,Mixed,False,2020-07-26,2025-01-09,1628,392,5,Final Declaration (Sec 19),44.4,19,5,4,1,False,1.7,False,0,False,False,62.6,34.9,,Not Digitized,211,0.0,True,10,16,Low,Supportive,2,Insufficient,45.8,False,-0.5,44.4,66.7,5,Final Declaration (Sec 19),29.8,Low,15.29914,77.02655,train,False,Minor Delay (<=6mo),95.0,True,True,99.0,True
SNAP-000085-1,SIH26017-PRJ-000085,2024-06-15,Madhya Pradesh,Jabalpur,Special Economic Zone,State SEZ Authority,Area,"RFCTLARR Act, 2013",2426.17,73,11953.44,Mixed,False,2023-10-01,2026-07-12,1015,258,3,Survey & Measurement,22.2,19,5,2,2,True,0.0,False,0,False,False,68.3,34.4,66.9,Not Digitized,1216,0.0,True,17,58,Medium,Neutral,0,Delayed,18.7,False,5.8,30.8,76.9,3,Survey & Measurement,33.6,Medium,23.19499,79.88958,train,False,On-Time,7.0,True,False,1.0,True
SNAP-000086-1,SIH26017-PRJ-000086,2023-12-06,Bihar,Muzaffarpur,National Highway,NHAI,Linear,"National Highways Act, 1956",116.55,3,4234.42,Homestead-Residential,False,2023-02-19,2025-06-08,840,290,4,Draft Declaration,33.3,15,5,4,1,True,0.0,False,0,False,False,82.9,19.3,,Fully Digitized,70,0.0,True,2,7,Medium,Neutral,1,Adequate,26.6,True,28.9,65.9,63.6,4,Draft Declaration,19.8,Low,26.15173,85.39818,test,False,On-Time,12.0,True,False,-19.0,True
SNAP-000086-2,SIH26017-PRJ-000086,2024-09-18,Bihar,Muzaffarpur,National Highway,NHAI,Linear,"National Highways Act, 1956",116.55,3,4234.42,Homestead-Residential,False,2023-02-19,2025-06-08,840,577,7,Compensation Disbursement,66.7,77,5,4,0,False,27.6,False,1,False,False,85.7,18.6,,Fully Digitized,70,25.1,True,4,7,Medium,Neutral,0,Delayed,48.4,True,27.6,63.0,68.5,7,Compensation Disbursement,22.8,Low,26.15173,85.39818,test,False,On-Time,12.0,True,False,-76.0,True
SNAP-000087-1,SIH26017-PRJ-000087,2019-07-29,Bihar,Gaya,Airport Expansion,Airports Authority of India,Point,"RFCTLARR Act, 2013",186.39,6,19694.68,Homestead-Residential,True,2018-08-06,2025-02-17,2387,357,2,Social Impact Assessment (SIA),11.1,-8,5,5,0,False,0.0,False,0,False,False,65.6,32.2,,Not Digitized,75,0.0,False,2,16,Medium,Opposing,2,Insufficient,14.8,False,21.5,20.0,80.0,2,Social Impact Assessment (SIA),26.1,Low,24.7257,84.92583,train,,,,True,True,471.0,True
SNAP-000088-1,SIH26017-PRJ-000088,2020-11-21,West Bengal,Kolkata,State Highway,State PWD,Linear,"RFCTLARR Act, 2013",130.46,4,1743.98,Mixed,False,2019-11-05,2023-10-23,1448,382,5,Final Declaration (Sec 19),44.4,47,5,4,1,True,3.4,False,0,False,False,77.1,17.5,,Not Digitized,65,0.0,True,2,5,Low,Neutral,5,Delayed,47.2,False,27.7,81.8,63.6,5,Final Declaration (Sec 19),20.3,Low,22.63846,88.2449,train,False,Minor Delay (<=6mo),53.0,True,True,77.0,True
SNAP-000088-2,SIH26017-PRJ-000088,2022-01-07,West Bengal,Kolkata,State Highway,State PWD,Linear,"RFCTLARR Act, 2013",130.46,4,1743.98,Mixed,False,2019-11-05,2023-10-23,1448,794,7,Compensation Disbursement,66.7,203,5,5,0,False,62.9,False,0,False,False,78.1,17.7,,Not Digitized,65,44.2,True,4,5,Low,Neutral,4,Adequate,74.7,False,45.8,73.7,52.6,7,Compensation Disbursement,24.1,Low,22.63846,88.2449,train,False,Minor Delay (<=6mo),53.0,True,True,445.0,True
SNAP-000088-3,SIH26017-PRJ-000088,2022-12-14,West Bengal,Kolkata,State Highway,State PWD,Linear,"RFCTLARR Act, 2013",130.46,4,1743.98,Mixed,False,2019-11-05,2023-10-23,1448,1135,7,Compensation Disbursement,66.7,203,5,5,0,False,57.1,False,0,False,False,80.5,15.2,,Not Digitized,65,40.9,True,4,5,Low,Neutral,10,Delayed,74.3,False,48.5,74.1,55.6,7,Compensation Disbursement,29.4,Low,22.63846,88.2449,train,False,Minor Delay (<=6mo),53.0,True,True,445.0,True
SNAP-000089-1,SIH26017-PRJ-000089,2017-08-31,Tamil Nadu,Madurai,Special Economic Zone,State SEZ Authority,Area,"RFCTLARR Act, 2013",2326.61,61,6492.35,Homestead-Residential,False,2015-07-20,2025-04-26,3568,773,4,Draft Declaration,33.3,475,4,4,0,False,0.0,False,0,False,False,74.2,25.0,56.3,Fully Digitized,1203,0.0,True,47,47,Low,Neutral,3,Insufficient,32.5,True,,0.0,100.0,4,Draft Declaration,44.8,Medium,9.91691,78.08389,train,True,Major Delay (6-18mo),246.0,True,True,362.0,True
SNAP-000090-1,SIH26017-PRJ-000090,2023-10-31,Telangana,Hyderabad,Urban Water Supply/Sewerage,State Water/Municipal Board,Point,"RFCTLARR Act, 2013",26.21,3,2027.86,Agricultural,False,2023-04-09,2024-07-21,469,205,5,Final Declaration (Sec 19),44.4,-83,4,3,1,True,0.0,False,0,False,False,85.9,13.7,,Partially Digitized,1,0.0,True,0,6,Low,Supportive,0,Adequate,37.7,False,35.5,73.0,45.9,5,Final Declaration (Sec 19),4.0,Low,17.44892,78.51027,train,False,On-Time,3.0,True,False,-30.0,True
SNAP-000091-1,SIH26017-PRJ-000091,2023-01-26,West Bengal,Howrah,National Highway,NHAI,Linear,"National Highways Act, 1956",318.2,12,2641.27,Homestead-Residential,False,2022-05-21,2023-10-11,508,250,2,Social Impact Assessment (SIA),11.1,22,5,3,1,True,0.0,False,0,False,False,53.5,44.2,,Not Digitized,164,0.0,False,4,15,Medium,Opposing,2,Insufficient,14.3,False,48.5,69.4,61.1,2,Social Impact Assessment (SIA),29.1,Low,22.75051,88.35983,train,,,,True,True,122.0,True
SNAP-000091-2,SIH26017-PRJ-000091,2023-08-31,West Bengal,Howrah,National Highway,NHAI,Linear,"National Highways Act, 1956",318.2,12,2641.27,Homestead-Residential,False,2022-05-21,2023-10-11,508,467,3,Survey & Measurement,33.3,213,5,4,0,False,0.0,False,0,False,False,56.1,43.9,,Not Digitized,164,0.0,True,7,15,Medium,Opposing,4,Insufficient,22.5,False,45.9,71.8,59.0,4,Draft Declaration,49.9,Medium,22.75051,88.35983,train,,,,True,True,,True
SNAP-000092-1,SIH26017-PRJ-000092,2023-08-16,Madhya Pradesh,Jabalpur,State Highway,State PWD,Linear,"RFCTLARR Act, 2013",87.41,3,1842.38,Mixed,False,2022-08-16,2024-01-26,528,365,7,Compensation Disbursement,66.7,-106,4,4,0,False,37.8,False,0,False,False,82.8,12.6,,Partially Digitized,35,23.7,True,1,6,Low,Supportive,1,Adequate,57.8,False,5.2,78.1,56.2,7,Compensation Disbursement,2.5,Low,23.24626,79.85876,validation,False,On-Time,-24.0,True,False,-57.0,True
SNAP-000093-1,SIH26017-PRJ-000093,2023-05-15,Odisha,Cuttack,Mining Project,State Mining Corp,Area,"Coal Bearing Areas Acquisition Act, 1957",1241.1,43,3581.62,Forest,False,2022-02-07,2030-05-05,3009,462,2,Social Impact Assessment (SIA),11.1,208,6,5,1,True,0.0,False,0,False,False,67.5,37.6,,Partially Digitized,434,0.0,False,9,19,Medium,Opposing,1,Insufficient,14.7,True,78.4,33.3,77.8,2,Social Impact Assessment (SIA),42.5,Medium,20.34738,85.67442,validation,,,,False,True,401.0,True
SNAP-000093-2,SIH26017-PRJ-000093,2024-05-17,Odisha,Cuttack,Mining Project,State Mining Corp,Area,"Coal Bearing Areas Acquisition Act, 1957",1241.1,43,3581.62,Forest,False,2022-02-07,2030-05-05,3009,830,3,Survey & Measurement,22.2,609,6,6,0,False,0.0,False,0,False,False,65.3,36.6,,Partially Digitized,434,0.0,True,10,19,Medium,Opposing,5,Insufficient,14.6,True,85.8,46.7,80.0,3,Survey & Measurement,46.5,Medium,20.34738,85.67442,validation,,,,False,True,294.0,True
SNAP-000093-3,SIH26017-PRJ-000093,2025-05-11,Odisha,Cuttack,Mining Project,State Mining Corp,Area,"Coal Bearing Areas Acquisition Act, 1957",1241.1,43,3581.62,Forest,False,2022-02-07,2030-05-05,3009,1189,3,Survey & Measurement,22.2,609,6,6,0,False,0.0,False,0,False,False,63.5,35.8,,Partially Digitized,434,0.0,True,18,19,Medium,Opposing,2,Insufficient,24.0,True,102.2,45.5,81.8,3,Survey & Measurement,50.0,Medium,20.34738,85.67442,validation,,,,False,True,294.0,True
SNAP-000094-1,SIH26017-PRJ-000094,2023-02-16,Maharashtra,Pune,Mining Project,State Mining Corp,Area,"Coal Bearing Areas Acquisition Act, 1957",117.74,7,6566.54,Government-Wasteland,False,2022-01-12,2033-09-23,4272,400,2,Social Impact Assessment (SIA),11.1,126,5,4,1,True,0.0,False,0,False,False,56.7,42.7,,Not Digitized,45,0.0,False,1,14,Medium,Opposing,0,Delayed,13.2,False,23.8,33.3,77.8,2,Social Impact Assessment (SIA),31.0,Medium,18.52675,73.67642,train,,,,False,True,310.0,True
SNAP-000094-2,SIH26017-PRJ-000094,2024-05-28,Maharashtra,Pune,Mining Project,State Mining Corp,Area,"Coal Bearing Areas Acquisition Act, 1957",117.74,7,6566.54,Government-Wasteland,False,2022-01-12,2033-09-23,4272,867,3,Survey & Measurement,22.2,436,5,5,0,False,0.0,False,0,False,False,56.5,43.8,,Not Digitized,45,0.0,True,2,14,Medium,Opposing,3,Insufficient,21.0,False,38.9,46.7,80.0,3,Survey & Measurement,43.0,Medium,18.52675,73.67642,train,,,,False,True,201.0,True
SNAP-000094-3,SIH26017-PRJ-000094,2025-08-17,Maharashtra,Pune,Mining Project,State Mining Corp,Area,"Coal Bearing Areas Acquisition Act, 1957",117.74,7,6566.54,Government-Wasteland,False,2022-01-12,2033-09-23,4272,1313,5,Final Declaration (Sec 19),44.4,812,5,5,0,False,7.2,False,0,False,False,53.5,41.4,,Not Digitized,45,1.0,True,3,14,Medium,Opposing,4,Insufficient,38.1,False,38.9,43.5,82.6,5,Final Declaration (Sec 19),44.1,Medium,18.52675,73.67642,train,,,,False,True,347.0,True
SNAP-000095-1,SIH26017-PRJ-000095,2021-11-26,Jharkhand,Paschimi Singhbhum,Renewable Energy Park,State Renewable Energy Agency,Area,"RFCTLARR Act, 2013",858.16,25,9957.14,Forest,False,2017-04-27,2022-10-26,2008,1674,4,Draft Declaration,33.3,1273,5,5,0,False,0.0,False,0,False,False,58.8,47.1,43.8,Fully Digitized,65,0.0,True,4,27,Low,Opposing,8,Insufficient,30.1,True,72.7,46.2,69.2,4,Draft Declaration,43.6,Medium,22.79205,85.37357,train,,,,True,True,374.0,True
SNAP-000096-1,SIH26017-PRJ-000096,2018-06-18,Chhattisgarh,Bastar,Urban Metro Rail,State Metro Rail Corp,Linear,"RFCTLARR Act, 2013",71.5,2,5398.63,Government-Wasteland,True,2017-09-20,2020-10-31,1137,271,3,Survey & Measurement,22.2,57,4,4,0,False,0.0,False,0,False,False,61.1,36.4,,Not Digitized,22,0.0,True,0,8,Medium,Supportive,2,Delayed,20.0,False,0.0,50.0,50.0,3,Survey & Measurement,22.9,Low,19.21873,82.20327,train,False,Minor Delay (<=6mo),84.0,True,False,15.0,True
SNAP-000096-2,SIH26017-PRJ-000096,2019-04-15,Chhattisgarh,Bastar,Urban Metro Rail,State Metro Rail Corp,Linear,"RFCTLARR Act, 2013",71.5,2,5398.63,Government-Wasteland,True,2017-09-20,2020-10-31,1137,572,7,Compensation Disbursement,66.7,43,4,4,0,False,29.2,False,0,False,False,64.4,36.4,,Not Digitized,22,24.3,True,1,8,Medium,Supportive,3,Adequate,57.4,False,14.5,66.7,33.3,7,Compensation Disbursement,18.0,Low,19.21873,82.20327,train,False,Minor Delay (<=6mo),84.0,True,True,170.0,True
SNAP-000096-3,SIH26017-PRJ-000096,2020-05-05,Chhattisgarh,Bastar,Urban Metro Rail,State Metro Rail Corp,Linear,"RFCTLARR Act, 2013",71.5,2,5398.63,Government-Wasteland,True,2017-09-20,2020-10-31,1137,958,8,Possession,77.8,213,4,4,0,False,61.3,False,1,False,False,62.3,37.4,,Not Digitized,22,60.2,True,2,8,Medium,Supportive,4,Delayed,76.5,False,14.5,60.0,60.0,8,Possession,40.8,Medium,19.21873,82.20327,train,False,Minor Delay (<=6mo),84.0,True,True,88.0,True
SNAP-000097-1,SIH26017-PRJ-000097,2025-06-20,Gujarat,Rajkot,Irrigation Canal/Dam,State Irrigation Dept,Linear,"RFCTLARR Act, 2013",801.87,16,2647.8,Homestead-Residential,False,2024-04-12,2032-04-21,2931,434,2,Social Impact Assessment (SIA),11.1,61,4,3,1,True,0.0,False,0,False,False,65.1,36.9,,Partially Digitized,407,0.0,False,9,19,High,Neutral,2,Insufficient,14.9,True,106.9,52.6,68.4,2,Social Impact Assessment (SIA),35.6,Medium,22.49241,70.95621,test,,,,False,True,502.0,True
SNAP-000098-1,SIH26017-PRJ-000098,2023-10-28,Telangana,Karimnagar,National Highway,NHAI,Linear,"National Highways Act, 1956",202.74,7,714.64,Government-Wasteland,False,2022-06-29,2026-04-08,1379,486,5,Final Declaration (Sec 19),44.4,142,5,5,0,False,0.0,False,0,False,False,80.1,26.5,,Fully Digitized,14,0.0,True,0,10,Low,Supportive,4,Insufficient,38.6,True,35.5,66.7,61.9,5,Final Declaration (Sec 19),25.8,Low,18.04548,79.10217,train,False,On-Time,19.0,True,True,41.0,True
SNAP-000098-2,SIH26017-PRJ-000098,2024-11-09,Telangana,Karimnagar,National Highway,NHAI,Linear,"National Highways Act, 1956",202.74,7,714.64,Government-Wasteland,False,2022-06-29,2026-04-08,1379,864,6,Award Declaration (Sec 23),55.6,183,5,5,0,False,24.8,False,1,False,False,75.3,26.3,,Fully Digitized,14,21.5,True,1,10,Low,Supportive,3,Delayed,55.7,True,31.3,62.5,69.6,6,Award Declaration (Sec 23),37.1,Medium,18.04548,79.10217,train,False,On-Time,19.0,True,True,259.0,True
SNAP-000099-1,SIH26017-PRJ-000099,2020-03-24,Madhya Pradesh,Jabalpur,National Highway,NHAI,Linear,"National Highways Act, 1956",181.64,3,5806.71,Forest,False,2019-09-07,2021-10-27,781,199,2,Social Impact Assessment (SIA),11.1,57,6,3,3,True,0.0,False,0,False,False,100.0,3.5,,Fully Digitized,10,0.0,False,0,5,Low,Supportive,2,Delayed,13.0,True,-5.1,63.6,54.5,2,Social Impact Assessment (SIA),17.4,Low,23.22203,80.16474,train,False,On-Time,-28.0,True,False,2.0,True
SNAP-000099-2,SIH26017-PRJ-000099,2020-11-07,Madhya Pradesh,Jabalpur,National Highway,NHAI,Linear,"National Highways Act, 1956",181.64,3,5806.71,Forest,False,2019-09-07,2021-10-27,781,427,4,Draft Declaration,33.3,77,6,6,0,False,0.0,False,0,False,False,98.9,4.6,,Fully Digitized,10,0.0,True,0,5,Low,Supportive,2,Adequate,39.4,True,-6.2,68.8,56.2,4,Draft Declaration,9.9,Low,23.22203,80.16474,train,False,On-Time,-28.0,True,False,26.0,True
SNAP-000099-3,SIH26017-PRJ-000099,2021-03-04,Madhya Pradesh,Jabalpur,National Highway,NHAI,Linear,"National Highways Act, 1956",181.64,3,5806.71,Forest,False,2019-09-07,2021-10-27,781,544,6,Award Declaration (Sec 23),55.6,93,6,6,0,False,17.7,False,0,False,False,99.3,3.1,,Fully Digitized,10,13.5,True,0,5,Low,Supportive,3,Adequate,47.9,True,-6.2,61.1,61.1,6,Award Declaration (Sec 23),12.9,Low,23.22203,80.16474,train,False,On-Time,-28.0,True,False,-27.0,True
SNAP-000100-1,SIH26017-PRJ-000100,2022-10-10,Assam,Dibrugarh,National Highway,NHAI,Linear,"National Highways Act, 1956",361.3,12,180.99,Homestead-Residential,False,2022-04-22,2023-05-15,388,171,2,Social Impact Assessment (SIA),11.1,5,4,1,3,True,0.0,False,0,False,False,49.2,52.7,,Fully Digitized,162,0.0,False,3,21,Medium,Opposing,2,Insufficient,16.4,True,41.8,65.6,62.5,2,Social Impact Assessment (SIA),43.1,Medium,27.4435,95.09049,train,,,,True,True,149.0,True
SNAP-000100-2,SIH26017-PRJ-000100,2023-03-12,Assam,Dibrugarh,National Highway,NHAI,Linear,"National Highways Act, 1956",361.3,12,180.99,Homestead-Residential,False,2022-04-22,2023-05-15,388,324,2,Social Impact Assessment (SIA),22.2,154,4,3,0,False,0.0,False,0,False,False,50.6,52.0,,Fully Digitized,162,0.0,True,3,21,Medium,Opposing,2,Insufficient,14.6,True,89.7,69.4,61.1,3,Survey & Measurement,37.0,Medium,27.4435,95.09049,train,,,,True,True,,True
SNAP-000100-3,SIH26017-PRJ-000100,2023-07-11,Assam,Dibrugarh,National Highway,NHAI,Linear,"National Highways Act, 1956",361.3,12,180.99,Homestead-Residential,False,2022-04-22,2023-05-15,388,445,2,Social Impact Assessment (SIA),22.2,154,4,3,0,False,0.0,False,0,False,False,47.6,50.5,,Fully Digitized,162,0.0,True,3,21,Medium,Opposing,3,Insufficient,16.6,True,89.7,71.1,60.5,3,Survey & Measurement,36.9,Medium,27.4435,95.09049,train,,,,True,True,,True
SNAP-000101-1,SIH26017-PRJ-000101,2019-05-04,Bihar,Muzaffarpur,National Highway,NHAI,Linear,"National Highways Act, 1956",182.59,9,5104.47,Government-Wasteland,False,2017-12-11,2021-05-04,1240,509,6,Award Declaration (Sec 23),55.6,115,5,5,0,False,6.7,False,0,False,False,73.8,18.7,,Fully Digitized,18,2.6,True,1,9,Medium,Neutral,1,Delayed,53.7,True,21.5,66.7,55.6,6,Award Declaration (Sec 23),21.8,Low,26.25452,85.2884,train,True,Major Delay (6-18mo),279.0,True,True,79.0,True
SNAP-000101-2,SIH26017-PRJ-000101,2020-10-02,Bihar,Muzaffarpur,National Highway,NHAI,Linear,"National Highways Act, 1956",182.59,9,5104.47,Government-Wasteland,False,2017-12-11,2021-05-04,1240,1026,8,Possession,77.8,291,5,5,0,False,51.4,True,1,False,True,74.8,17.9,,Fully Digitized,18,56.8,True,2,9,Medium,Neutral,1,Adequate,80.4,True,20.4,68.8,56.2,8,Possession,32.6,Medium,26.25452,85.2884,train,True,Major Delay (6-18mo),279.0,True,True,202.0,True
SNAP-000102-1,SIH26017-PRJ-000102,2025-11-27,Kerala,Thiruvananthapuram,Mining Project,State Mining Corp,Area,"Coal Bearing Areas Acquisition Act, 1957",1072.27,28,2480.68,Government-Wasteland,False,2021-05-20,2027-10-09,2333,1652,7,Compensation Disbursement,66.7,854,5,5,0,False,53.5,False,0,False,False,55.0,40.3,,Not Digitized,394,29.9,True,47,23,Medium,Opposing,9,Insufficient,54.1,False,100.0,45.8,83.3,7,Compensation Disbursement,54.3,Medium,8.54122,76.73208,train,,,,False,True,289.0,True
SNAP-000103-1,SIH26017-PRJ-000103,2017-05-02,Madhya Pradesh,Indore,Power Transmission Line,POWERGRID/State Transco,Linear,"RFCTLARR Act, 2013",15.05,3,264.95,Agricultural,False,2016-12-20,2017-03-24,94,133,1,Preliminary Notification (Sec 11),11.1,-12,4,3,1,True,0.0,False,0,False,False,71.5,30.0,,Not Digitized,4,0.0,False,0,0,Medium,Supportive,1,Adequate,6.1,False,-34.0,,,2,Social Impact Assessment (SIA),20.5,Low,22.86965,75.9354,train,,,,True,True,,True
SNAP-000103-2,SIH26017-PRJ-000103,2017-08-16,Madhya Pradesh,Indore,Power Transmission Line,POWERGRID/State Transco,Linear,"RFCTLARR Act, 2013",15.05,3,264.95,Agricultural,False,2016-12-20,2017-03-24,94,239,1,Preliminary Notification (Sec 11),11.1,-12,4,3,1,True,0.0,False,0,False,False,70.3,30.0,,Not Digitized,4,0.0,False,0,0,Medium,Supportive,1,Delayed,6.9,False,-34.0,100.0,100.0,2,Social Impact Assessment (SIA),19.4,Low,22.86965,75.9354,train,,,,True,True,,True
SNAP-000104-1,SIH26017-PRJ-000104,2024-07-30,Karnataka,Mysuru,Urban Metro Rail,State Metro Rail Corp,Linear,"RFCTLARR Act, 2013",57.09,3,7491.54,Agricultural,False,2023-11-26,2025-03-13,473,247,4,Draft Declaration,33.3,-54,5,3,2,True,0.0,False,0,False,False,87.1,10.2,,Partially Digitized,19,0.0,True,0,15,Low,Neutral,1,Delayed,30.6,True,38.6,63.6,81.8,4,Draft Declaration,14.5,Low,12.41382,76.64372,test,,,,True,True,36.0,True
SNAP-000104-2,SIH26017-PRJ-000104,2025-03-18,Karnataka,Mysuru,Urban Metro Rail,State Metro Rail Corp,Linear,"RFCTLARR Act, 2013",57.09,3,7491.54,Agricultural,False,2023-11-26,2025-03-13,473,478,5,Final Declaration (Sec 19),55.6,-30,5,4,0,False,6.1,False,0,False,False,88.5,9.3,,Partially Digitized,19,1.2,True,1,15,Low,Neutral,0,Delayed,50.7,True,36.8,58.3,83.3,6,Award Declaration (Sec 23),4.1,Low,12.41382,76.64372,test,,,,True,True,,True
SNAP-000105-1,SIH26017-PRJ-000105,2023-10-31,West Bengal,Purulia,Power Transmission Line,POWERGRID/State Transco,Linear,"RFCTLARR Act, 2013",17.01,5,1488.69,Forest,False,2022-08-06,2028-09-13,2230,451,3,Survey & Measurement,22.2,146,6,6,0,False,0.0,False,0,False,False,68.7,33.7,,Fully Digitized,1,0.0,True,0,11,Low,Neutral,0,Insufficient,21.3,True,52.9,71.4,54.3,3,Survey & Measurement,33.3,Medium,23.29482,86.48219,train,,,,False,True,196.0,True
SNAP-000105-2,SIH26017-PRJ-000105,2025-05-01,West Bengal,Purulia,Power Transmission Line,POWERGRID/State Transco,Linear,"RFCTLARR Act, 2013",17.01,5,1488.69,Forest,False,2022-08-06,2028-09-13,2230,999,6,Award Declaration (Sec 23),55.6,604,6,6,0,False,13.6,True,1,False,False,67.4,34.9,,Fully Digitized,1,7.2,True,0,11,Low,Neutral,1,Delayed,35.0,True,58.8,65.1,58.1,6,Award Declaration (Sec 23),35.7,Medium,23.29482,86.48219,train,,,,False,True,163.0,True
SNAP-000106-1,SIH26017-PRJ-000106,2018-07-05,Odisha,Khordha,State Highway,State PWD,Linear,"RFCTLARR Act, 2013",79.41,8,134.1,Homestead-Residential,False,2015-11-03,2023-06-07,2773,975,3,Survey & Measurement,22.2,587,3,3,0,False,0.0,False,0,False,False,50.6,42.3,,Fully Digitized,29,0.0,True,1,12,Medium,Opposing,1,Delayed,27.6,True,,100.0,0.0,3,Survey & Measurement,36.3,Medium,20.25724,85.49022,train,False,Minor Delay (<=6mo),61.0,True,True,256.0,True
SNAP-000106-2,SIH26017-PRJ-000106,2021-01-02,Odisha,Khordha,State Highway,State PWD,Linear,"RFCTLARR Act, 2013",79.41,8,134.1,Homestead-Residential,False,2015-11-03,2023-06-07,2773,1887,7,Compensation Disbursement,66.7,1223,3,3,0,False,52.9,False,0,False,False,49.7,42.2,,Fully Digitized,29,50.1,True,3,12,Medium,Opposing,2,Insufficient,67.8,True,81.5,83.3,58.3,7,Compensation Disbursement,39.5,Medium,20.25724,85.49022,train,False,Minor Delay (<=6mo),61.0,True,True,611.0,True
SNAP-000107-1,SIH26017-PRJ-000107,2022-04-18,Gujarat,Ahmedabad,National Highway,NHAI,Linear,"National Highways Act, 1956",52.54,2,2388.1,Agricultural,False,2020-06-18,2022-12-06,901,669,6,Award Declaration (Sec 23),55.6,219,5,5,0,False,21.1,False,0,False,False,70.1,21.1,,Fully Digitized,4,14.0,True,1,11,Medium,Opposing,2,Delayed,53.8,True,69.0,60.7,60.7,6,Award Declaration (Sec 23),30.1,Medium,22.75071,72.53392,train,,,,True,True,148.0,True
SNAP-000108-1,SIH26017-PRJ-000108,2025-12-17,Chhattisgarh,Bastar,Special Economic Zone,State SEZ Authority,Area,"RFCTLARR Act, 2013",1151.97,32,12703.64,Mixed,False,2023-11-29,2031-05-27,2736,749,3,Survey & Measurement,22.2,276,4,4,0,False,0.0,False,0,False,False,54.2,46.3,68.4,Partially Digitized,586,0.0,True,23,40,Medium,Opposing,1,Insufficient,24.1,True,91.0,33.3,83.3,3,Survey & Measurement,50.6,Medium,19.52347,81.84718,validation,,,,False,True,213.0,True
SNAP-000109-1,SIH26017-PRJ-000109,2023-02-06,Madhya Pradesh,Chhindwara,Renewable Energy Park,State Renewable Energy Agency,Area,"RFCTLARR Act, 2013",428.16,16,9747.54,Agricultural,True,2022-08-27,2024-01-31,522,163,3,Survey & Measurement,22.2,-66,4,2,1,True,0.0,False,0,False,False,91.4,11.3,63.5,Fully Digitized,34,0.0,True,0,15,Low,Neutral,0,Delayed,20.2,True,4.0,54.5,77.3,3,Survey & Measurement,10.2,Low,22.14856,78.95803,train,False,On-Time,9.0,True,False,-7.0,True
SNAP-000110-1,SIH26017-PRJ-000110,2022-11-24,Chhattisgarh,Durg,Irrigation Canal/Dam,State Irrigation Dept,Linear,"RFCTLARR Act, 2013",1504.98,38,4706.65,Forest,False,2020-11-26,2027-08-03,2441,728,5,Final Declaration (Sec 19),44.4,266,5,5,0,False,6.5,False,0,False,False,59.7,46.0,,Not Digitized,126,0.9,True,11,41,Medium,Opposing,2,Insufficient,35.7,False,60.2,38.5,76.9,5,Final Declaration (Sec 19),40.3,Medium,21.20485,81.24579,train,,,,False,True,183.0,True
SNAP-000111-1,SIH26017-PRJ-000111,2024-01-06,Uttar Pradesh,Gautam Buddh Nagar,Urban Water Supply/Sewerage,State Water/Municipal Board,Point,"RFCTLARR Act, 2013",20.87,3,1416.73,Government-Wasteland,False,2022-09-16,2024-08-16,700,477,7,Compensation Disbursement,66.7,-72,4,4,0,False,48.0,False,0,False,False,84.9,13.3,,Not Digitized,2,36.2,True,0,6,Low,Supportive,1,Adequate,66.0,False,41.4,74.4,48.7,7,Compensation Disbursement,0.0,Low,28.36627,77.43169,train,False,On-Time,-4.0,True,True,33.0,True
SNAP-000112-1,SIH26017-PRJ-000112,2016-07-16,Madhya Pradesh,Bhopal,Urban Metro Rail,State Metro Rail Corp,Linear,"RFCTLARR Act, 2013",36.01,1,10583.49,Agricultural,False,2016-01-18,2017-11-28,680,180,3,Survey & Measurement,22.2,-21,4,3,1,True,0.0,False,0,False,False,81.9,19.3,,Not Digitized,19,0.0,True,0,4,Low,Neutral,0,Adequate,20.2,False,,0.0,100.0,3,Survey & Measurement,13.3,Low,23.30443,77.38343,test,False,On-Time,0.0,True,False,-1.0,True
SNAP-000113-1,SIH26017-PRJ-000113,2025-04-22,Rajasthan,Udaipur,Renewable Energy Park,State Renewable Energy Agency,Area,"RFCTLARR Act, 2013",442.1,17,438.59,Forest,False,2022-02-01,2031-10-30,3558,1176,2,Social Impact Assessment (SIA),11.1,131,5,5,0,False,0.0,False,0,False,False,55.2,45.4,52.7,Partially Digitized,30,0.0,False,1,26,High,Opposing,4,Insufficient,14.8,False,89.0,57.1,68.6,2,Social Impact Assessment (SIA),54.1,Medium,24.61626,73.74254,train,,,,False,True,916.0,True
SNAP-000114-1,SIH26017-PRJ-000114,2020-08-26,Madhya Pradesh,Indore,Irrigation Canal/Dam,State Irrigation Dept,Linear,"RFCTLARR Act, 2013",1780.03,55,1837.87,Forest,False,2018-10-20,2024-07-04,2084,676,5,Final Declaration (Sec 19),44.4,227,5,5,0,False,6.3,False,0,False,False,89.7,6.9,,Not Digitized,147,1.1,True,7,38,Low,Neutral,6,Adequate,36.1,False,-5.1,0.0,100.0,5,Final Declaration (Sec 19),29.4,Low,22.85873,75.73711,train,False,Minor Delay (<=6mo),107.0,True,False,22.0,True
SNAP-000115-1,SIH26017-PRJ-000115,2016-12-02,Assam,Kamrup,Urban Metro Rail,State Metro Rail Corp,Linear,"RFCTLARR Act, 2013",11.65,2,3036.19,Agricultural,False,2016-06-08,2020-09-19,1564,177,1,Preliminary Notification (Sec 11),0.0,0,5,3,2,True,0.0,False,0,False,False,55.1,33.2,,Fully Digitized,2,0.0,False,0,0,Medium,Neutral,1,Delayed,6.5,True,,0.0,100.0,1,Preliminary Notification (Sec 11),20.3,Low,26.0885,91.77386,train,False,Minor Delay (<=6mo),65.0,True,True,119.0,True
SNAP-000116-1,SIH26017-PRJ-000116,2019-03-21,Telangana,Warangal,Urban Water Supply/Sewerage,State Water/Municipal Board,Point,"RFCTLARR Act, 2013",35.66,5,1548.81,Homestead-Residential,False,2018-10-19,2020-04-03,532,153,3,Survey & Measurement,22.2,-66,4,3,0,False,0.0,False,0,False,False,94.3,7.7,,Partially Digitized,13,0.0,True,0,7,Low,Neutral,2,Adequate,26.1,True,-28.0,63.6,36.4,3,Survey & Measurement,5.4,Low,18.0715,79.70876,train,False,On-Time,4.0,True,False,1.0,True
SNAP-000116-2,SIH26017-PRJ-000116,2019-07-10,Telangana,Warangal,Urban Water Supply/Sewerage,State Water/Municipal Board,Point,"RFCTLARR Act, 2013",35.66,5,1548.81,Homestead-Residential,False,2018-10-19,2020-04-03,532,264,5,Final Declaration (Sec 19),44.4,-86,4,3,1,True,5.3,False,0,False,False,93.6,6.3,,Partially Digitized,13,0.5,True,0,7,Low,Neutral,0,Adequate,50.6,True,-28.0,53.3,46.7,5,Final Declaration (Sec 19),0.0,Low,18.0715,79.70876,train,False,On-Time,4.0,True,False,-1.0,True
SNAP-000116-3,SIH26017-PRJ-000116,2019-11-13,Telangana,Warangal,Urban Water Supply/Sewerage,State Water/Municipal Board,Point,"RFCTLARR Act, 2013",35.66,5,1548.81,Homestead-Residential,False,2018-10-19,2020-04-03,532,390,7,Compensation Disbursement,66.7,-105,4,3,1,True,32.6,False,0,False,False,93.9,6.9,,Partially Digitized,13,36.4,True,1,7,Low,Neutral,0,Adequate,65.4,True,-24.0,61.1,44.4,7,Compensation Disbursement,1.7,Low,18.0715,79.70876,train,False,On-Time,4.0,True,False,-69.0,True
SNAP-000117-1,SIH26017-PRJ-000117,2020-07-20,Bihar,Muzaffarpur,Renewable Energy Park,State Renewable Energy Agency,Area,"RFCTLARR Act, 2013",839.37,24,851.33,Forest,False,2019-08-18,2022-05-16,1002,337,3,Survey & Measurement,22.2,57,5,4,1,True,0.0,False,0,False,False,78.3,26.7,86.7,Fully Digitized,60,0.0,True,1,20,Low,Neutral,1,Adequate,22.2,True,24.3,40.0,60.0,3,Survey & Measurement,22.2,Low,26.19119,85.20268,train,,,,True,True,49.0,True
SNAP-000117-2,SIH26017-PRJ-000117,2021-05-11,Bihar,Muzaffarpur,Renewable Energy Park,State Renewable Energy Agency,Area,"RFCTLARR Act, 2013",839.37,24,851.33,Forest,False,2019-08-18,2022-05-16,1002,632,6,Award Declaration (Sec 23),55.6,122,5,5,0,False,25.7,False,0,False,False,79.1,26.9,86.7,Fully Digitized,60,19.8,True,3,20,Low,Neutral,1,Adequate,48.5,True,21.0,44.4,66.7,6,Award Declaration (Sec 23),18.1,Low,26.19119,85.20268,train,,,,True,True,136.0,True
SNAP-000117-3,SIH26017-PRJ-000117,2021-12-21,Bihar,Muzaffarpur,Renewable Energy Park,State Renewable Energy Agency,Area,"RFCTLARR Act, 2013",839.37,24,851.33,Forest,False,2019-08-18,2022-05-16,1002,856,7,Compensation Disbursement,66.7,258,5,5,0,False,35.7,False,0,False,False,79.1,28.6,86.7,Fully Digitized,60,38.3,True,4,20,Low,Neutral,1,Delayed,56.6,True,21.0,46.2,69.2,7,Compensation Disbursement,27.4,Low,26.19119,85.20268,train,,,,True,False,-21.0,True
SNAP-000118-1,SIH26017-PRJ-000118,2020-09-12,Telangana,Karimnagar,Mining Project,State Mining Corp,Area,"Coal Bearing Areas Acquisition Act, 1957",307.15,14,3246.68,Agricultural,False,2017-12-08,2025-05-15,2715,1009,6,Award Declaration (Sec 23),55.6,354,5,5,0,False,25.1,False,1,False,True,71.9,27.8,,Partially Digitized,110,19.8,True,7,21,Medium,Neutral,1,Adequate,69.2,True,-14.7,50.0,50.0,6,Award Declaration (Sec 23),37.4,Medium,18.502,78.72532,test,False,Minor Delay (<=6mo),156.0,True,True,522.0,True
SNAP-000118-2,SIH26017-PRJ-000118,2023-04-11,Telangana,Karimnagar,Mining Project,State Mining Corp,Area,"Coal Bearing Areas Acquisition Act, 1957",307.15,14,3246.68,Agricultural,False,2017-12-08,2025-05-15,2715,1950,7,Compensation Disbursement,66.7,876,5,5,0,False,45.6,False,0,False,False,69.5,26.8,,Partially Digitized,110,41.8,True,8,21,Medium,Neutral,8,Delayed,70.8,True,40.6,33.3,77.8,7,Compensation Disbursement,41.9,Medium,18.502,78.72532,test,False,Minor Delay (<=6mo),156.0,True,True,565.0,True
SNAP-000119-1,SIH26017-PRJ-000119,2024-10-16,Madhya Pradesh,Chhindwara,Urban Metro Rail,State Metro Rail Corp,Linear,"RFCTLARR Act, 2013",119.18,2,12862.98,Government-Wasteland,False,2024-04-20,2025-12-13,602,179,4,Draft Declaration,33.3,-125,4,3,1,True,0.0,False,0,False,False,79.9,30.9,,Not Digitized,32,0.0,True,1,5,Low,Supportive,0,Adequate,28.2,False,10.3,58.3,83.3,4,Draft Declaration,12.8,Low,22.14248,78.82139,train,False,On-Time,1.0,True,False,-7.0,True
SNAP-000120-1,SIH26017-PRJ-000120,2022-07-26,Jharkhand,Ranchi,Mining Project,State Mining Corp,Area,"Coal Bearing Areas Acquisition Act, 1957",795.24,31,4673.63,Government-Wasteland,False,2020-05-30,2028-01-10,2781,787,5,Final Declaration (Sec 19),44.4,386,5,5,0,False,0.0,False,0,False,False,71.7,35.1,,Partially Digitized,273,0.0,True,18,31,Low,Neutral,6,Delayed,40.0,False,69.5,33.3,77.8,5,Final Declaration (Sec 19),47.8,Medium,23.23604,85.23662,train,,,,False,True,229.0,True
SNAP-000121-1,SIH26017-PRJ-000121,2016-04-17,Jharkhand,Dhanbad,Railway Line/Doubling,Indian Railways,Linear,"Railways Act, 1989",469.77,15,1296.97,Agricultural,True,2015-09-10,2020-06-03,1728,220,2,Social Impact Assessment (SIA),11.1,136,5,3,2,True,0.0,False,0,False,False,54.6,43.8,,Not Digitized,36,0.0,False,0,0,High,Opposing,0,Insufficient,6.5,False,,,,2,Social Impact Assessment (SIA),38.3,Medium,23.85457,86.62088,train,,,,True,True,279.0,True
SNAP-000122-1,SIH26017-PRJ-000122,2024-05-28,Bihar,Muzaffarpur,Industrial Corridor,State Industrial Dev. Corp,Area,"RFCTLARR Act, 2013",1213.57,38,8096.48,Mixed,False,2023-10-12,2025-05-24,590,229,2,Social Impact Assessment (SIA),11.1,138,4,3,1,True,0.0,False,0,False,False,58.3,39.0,49.3,Partially Digitized,638,0.0,False,3,29,Low,Opposing,3,Delayed,8.3,True,27.9,40.0,93.3,2,Social Impact Assessment (SIA),36.4,Medium,26.25549,85.51753,test,,,,True,True,187.0,True
SNAP-000122-2,SIH26017-PRJ-000122,2024-11-19,Bihar,Muzaffarpur,Industrial Corridor,State Industrial Dev. Corp,Area,"RFCTLARR Act, 2013",1213.57,38,8096.48,Mixed,False,2023-10-12,2025-05-24,590,404,2,Social Impact Assessment (SIA),11.1,138,4,4,0,False,0.0,False,0,False,False,58.9,39.1,49.3,Partially Digitized,638,0.0,False,11,29,Low,Opposing,0,Delayed,18.3,True,27.6,40.0,93.3,2,Social Impact Assessment (SIA),31.6,Medium,26.25549,85.51753,test,,,,True,True,187.0,True
SNAP-000122-3,SIH26017-PRJ-000122,2025-05-09,Bihar,Muzaffarpur,Industrial Corridor,State Industrial Dev. Corp,Area,"RFCTLARR Act, 2013",1213.57,38,8096.48,Mixed,False,2023-10-12,2025-05-24,590,575,2,Social Impact Assessment (SIA),22.2,325,4,4,0,False,0.0,False,0,False,False,59.3,38.1,49.3,Partially Digitized,638,0.0,True,11,29,Low,Opposing,4,Insufficient,17.7,True,24.8,44.4,94.4,3,Survey & Measurement,47.1,Medium,26.25549,85.51753,test,,,,True,True,,True
SNAP-000123-1,SIH26017-PRJ-000123,2025-05-30,Tamil Nadu,Tiruchirappalli,Airport Expansion,Airports Authority of India,Point,"RFCTLARR Act, 2013",1050.86,30,10129.58,Homestead-Residential,False,2021-12-11,2031-07-28,3516,1266,6,Award Declaration (Sec 23),55.6,650,5,5,0,False,22.2,False,0,False,False,64.9,35.6,,Partially Digitized,534,22.1,True,55,24,Medium,Opposing,7,Insufficient,59.9,False,53.6,29.4,88.2,6,Award Declaration (Sec 23),51.8,Medium,10.82096,78.51264,train,,,,False,,,False
SNAP-000124-1,SIH26017-PRJ-000124,2018-07-29,Tamil Nadu,Madurai,Airport Expansion,Airports Authority of India,Point,"RFCTLARR Act, 2013",1261.83,40,1547.79,Mixed,False,2016-07-08,2022-01-21,2023,751,5,Final Declaration (Sec 19),44.4,260,5,5,0,False,6.0,False,0,False,False,79.7,24.0,,Partially Digitized,624,1.1,True,47,26,Medium,Opposing,4,Insufficient,46.7,True,27.0,0.0,100.0,5,Final Declaration (Sec 19),43.6,Medium,9.84772,78.22746,train,,,,True,True,139.0,True
SNAP-000124-2,SIH26017-PRJ-000124,2020-08-26,Tamil Nadu,Madurai,Airport Expansion,Airports Authority of India,Point,"RFCTLARR Act, 2013",1261.83,40,1547.79,Mixed,False,2016-07-08,2022-01-21,2023,1510,7,Compensation Disbursement,66.7,611,5,5,0,False,43.4,False,0,False,False,78.7,21.3,,Partially Digitized,624,46.5,True,70,26,Medium,Opposing,4,Delayed,67.0,True,19.0,20.0,80.0,7,Compensation Disbursement,44.2,Medium,9.84772,78.22746,train,,,,True,True,634.0,True
SNAP-000125-1,SIH26017-PRJ-000125,2020-04-29,Karnataka,Ballari,Railway Line/Doubling,Indian Railways,Linear,"Railways Act, 1989",560.73,16,4402.35,Agricultural,False,2017-01-01,2020-10-01,1369,1214,8,Possession,77.8,506,5,5,0,False,65.6,False,0,False,False,73.1,32.3,,Fully Digitized,47,66.0,True,4,11,Low,Supportive,6,Adequate,78.2,True,-6.3,50.0,50.0,8,Possession,33.1,Medium,15.23701,76.9214,train,,,,True,True,53.0,True
SNAP-000126-1,SIH26017-PRJ-000126,2020-01-12,Karnataka,Ballari,Special Economic Zone,State SEZ Authority,Area,"RFCTLARR Act, 2013",446.5,15,2795.26,Government-Wasteland,False,2018-08-16,2022-04-19,1342,514,3,Survey & Measurement,22.2,115,4,4,0,False,0.0,False,1,False,True,91.7,11.4,52.9,Not Digitized,174,0.0,True,4,21,Low,Neutral,2,Delayed,30.5,False,3.0,0.0,100.0,3,Survey & Measurement,30.8,Medium,15.35747,76.59727,train,False,On-Time,23.0,True,True,158.0,True
SNAP-000126-2,SIH26017-PRJ-000126,2021-03-11,Karnataka,Ballari,Special Economic Zone,State SEZ Authority,Area,"RFCTLARR Act, 2013",446.5,15,2795.26,Government-Wasteland,False,2018-08-16,2022-04-19,1342,938,6,Award Declaration (Sec 23),55.6,388,4,4,0,False,33.8,False,1,False,True,91.0,13.2,52.9,Not Digitized,174,24.1,True,10,21,Low,Neutral,6,Delayed,61.8,False,-6.2,0.0,100.0,6,Award Declaration (Sec 23),41.4,Medium,15.35747,76.59727,train,False,On-Time,23.0,True,True,57.0,True
SNAP-000127-1,SIH26017-PRJ-000127,2025-06-16,Jharkhand,Ranchi,Railway Line/Doubling,Indian Railways,Linear,"Railways Act, 1989",324.57,13,8390.94,Homestead-Residential,False,2024-05-09,2034-02-26,3580,403,2,Social Impact Assessment (SIA),11.1,75,5,5,0,False,0.0,False,0,False,False,78.6,23.3,,Not Digitized,166,0.0,False,4,14,Low,Opposing,4,Insufficient,14.3,False,93.3,52.4,76.2,2,Social Impact Assessment (SIA),24.6,Low,23.1391,85.27386,validation,,,,False,,,False
SNAP-000128-1,SIH26017-PRJ-000128,2017-08-23,Kerala,Thiruvananthapuram,Urban Water Supply/Sewerage,State Water/Municipal Board,Point,"RFCTLARR Act, 2013",7.13,4,1462.99,Mixed,False,2016-11-25,2018-06-21,573,271,3,Survey & Measurement,22.2,38,4,3,1,True,0.0,False,0,False,False,69.2,31.1,,Not Digitized,4,0.0,True,0,6,Low,Neutral,0,Insufficient,27.3,False,,,,3,Survey & Measurement,17.3,Low,8.64994,76.8654,test,,,,True,True,52.0,True
SNAP-000129-1,SIH26017-PRJ-000129,2019-11-25,Kerala,Thiruvananthapuram,Railway Line/Doubling,Indian Railways,Linear,"Railways Act, 1989",69.48,2,5577.32,Homestead-Residential,True,2019-09-10,2020-07-23,317,76,1,Preliminary Notification (Sec 11),0.0,0,5,0,4,True,0.0,False,0,False,False,78.8,20.0,,Partially Digitized,30,0.0,False,0,0,Medium,Opposing,0,Delayed,6.1,False,,50.0,50.0,1,Preliminary Notification (Sec 11),18.6,Low,8.72145,77.01495,train,,,,True,True,40.0,True
SNAP-000130-1,SIH26017-PRJ-000130,2019-11-04,Madhya Pradesh,Jabalpur,State Highway,State PWD,Linear,"RFCTLARR Act, 2013",170.74,3,860.36,Homestead-Residential,False,2019-06-17,2021-12-06,903,140,2,Social Impact Assessment (SIA),11.1,-27,4,3,1,True,0.0,False,0,False,False,83.3,19.7,,Fully Digitized,92,0.0,False,1,5,Low,Not Sought,0,Adequate,19.5,True,-5.1,75.0,50.0,2,Social Impact Assessment (SIA),8.7,Low,23.52872,80.1326,train,False,On-Time,-24.0,True,True,60.0,True
SNAP-000131-1,SIH26017-PRJ-000131,2025-06-04,Karnataka,Belagavi,Railway Line/Doubling,Indian Railways,Linear,"Railways Act, 1989",518.5,10,3323.73,Government-Wasteland,False,2023-10-16,2025-12-23,799,597,6,Award Declaration (Sec 23),55.6,58,5,5,0,False,35.6,False,0,False,False,63.7,40.3,,Partially Digitized,27,21.6,True,2,7,Low,Neutral,2,Delayed,56.5,True,40.2,52.4,76.2,6,Award Declaration (Sec 23),26.6,Low,15.89497,74.35511,train,,,,True,True,42.0,True
SNAP-000132-1,SIH26017-PRJ-000132,2017-05-24,Madhya Pradesh,Chhindwara,Urban Water Supply/Sewerage,State Water/Municipal Board,Point,"RFCTLARR Act, 2013",43.28,5,1538.12,Homestead-Residential,False,2017-01-27,2018-06-12,501,117,2,Social Impact Assessment (SIA),22.2,-53,4,2,2,True,0.0,False,0,False,False,78.5,15.0,,Partially Digitized,20,0.0,True,0,6,Low,Supportive,0,Adequate,20.7,False,-34.0,,,3,Survey & Measurement,7.5,Low,22.11597,78.9971,train,False,On-Time,-3.0,True,False,-31.0,True
SNAP-000133-1,SIH26017-PRJ-000133,2018-02-28,Madhya Pradesh,Bhopal,Special Economic Zone,State SEZ Authority,Area,"RFCTLARR Act, 2013",1965.94,48,12936.36,Government-Wasteland,False,2017-12-24,2024-04-14,2303,66,1,Preliminary Notification (Sec 11),0.0,0,4,0,2,True,0.0,False,0,False,False,64.0,25.7,54.1,Partially Digitized,689,0.0,False,1,0,Medium,Opposing,0,Delayed,5.7,False,-16.3,0.0,100.0,1,Preliminary Notification (Sec 11),25.9,Low,23.49848,77.6187,validation,False,Minor Delay (<=6mo),141.0,True,True,33.0,True
SNAP-000134-1,SIH26017-PRJ-000134,2020-09-05,Madhya Pradesh,Chhindwara,Industrial Corridor,State Industrial Dev. Corp,Area,"RFCTLARR Act, 2013",1701.96,58,1987.49,Agricultural,True,2019-06-08,2022-11-09,1250,455,5,Final Declaration (Sec 19),44.4,40,4,3,0,False,5.8,False,0,False,False,62.2,38.4,56.9,Fully Digitized,136,0.0,True,9,43,Medium,Opposing,1,Insufficient,45.4,True,-5.1,0.0,100.0,5,Final Declaration (Sec 19),35.5,Medium,21.87833,78.80058,test,False,Minor Delay (<=6mo),55.0,True,True,88.0,True
SNAP-000134-2,SIH26017-PRJ-000134,2021-10-08,Madhya Pradesh,Chhindwara,Industrial Corridor,State Industrial Dev. Corp,Area,"RFCTLARR Act, 2013",1701.96,58,1987.49,Agricultural,True,2019-06-08,2022-11-09,1250,853,7,Compensation Disbursement,66.7,161,4,3,0,False,51.9,True,1,False,True,61.5,39.1,56.9,Fully Digitized,136,47.4,True,14,43,Medium,Opposing,6,Delayed,65.6,True,-3.3,40.0,100.0,7,Compensation Disbursement,50.0,Medium,21.87833,78.80058,test,False,Minor Delay (<=6mo),55.0,True,True,179.0,True
SNAP-000135-1,SIH26017-PRJ-000135,2025-01-22,Odisha,Khordha,Renewable Energy Park,State Renewable Energy Agency,Area,"RFCTLARR Act, 2013",225.44,9,1452.76,Agricultural,False,2024-06-13,2030-03-01,2087,223,2,Social Impact Assessment (SIA),11.1,58,4,3,1,True,0.0,False,0,False,False,63.7,31.8,43.1,Partially Digitized,21,0.0,False,1,23,Low,Opposing,2,Insufficient,15.1,True,84.7,55.9,67.6,2,Social Impact Assessment (SIA),29.1,Low,20.11169,85.50536,train,,,,False,True,115.0,True
SNAP-000136-1,SIH26017-PRJ-000136,2020-09-23,Uttar Pradesh,Gautam Buddh Nagar,National Highway,NHAI,Linear,"National Highways Act, 1956",241.19,6,2849.88,Agricultural,False,2019-12-16,2022-02-09,786,282,4,Draft Declaration,33.3,-7,5,5,0,False,0.0,False,0,False,False,76.6,20.3,,Fully Digitized,15,0.0,True,0,9,Low,Supportive,0,Insufficient,28.3,True,30.6,66.7,53.3,4,Draft Declaration,13.5,Low,28.58998,77.41397,train,False,On-Time,-28.0,True,False,9.0,True
SNAP-000136-2,SIH26017-PRJ-000136,2021-05-14,Uttar Pradesh,Gautam Buddh Nagar,National Highway,NHAI,Linear,"National Highways Act, 1956",241.19,6,2849.88,Agricultural,False,2019-12-16,2022-02-09,786,515,7,Compensation Disbursement,66.7,2,5,5,0,False,34.7,False,0,False,False,74.6,20.3,,Fully Digitized,15,31.2,True,1,9,Low,Supportive,3,Delayed,56.9,True,30.0,65.0,60.0,7,Compensation Disbursement,18.6,Low,28.58998,77.41397,train,False,On-Time,-28.0,True,False,-4.0,True
SNAP-000137-1,SIH26017-PRJ-000137,2024-02-29,Chhattisgarh,Raipur,National Highway,NHAI,Linear,"National Highways Act, 1956",81.06,5,2714.16,Agricultural,False,2022-10-29,2026-01-04,1163,488,5,Final Declaration (Sec 19),44.4,96,5,5,0,False,5.1,False,0,False,False,72.3,28.3,,Fully Digitized,3,0.0,True,0,12,Medium,Neutral,0,Delayed,42.9,True,60.5,65.9,63.6,5,Final Declaration (Sec 19),19.8,Low,21.23483,81.52803,test,False,Minor Delay (<=6mo),109.0,True,True,162.0,True
SNAP-000137-2,SIH26017-PRJ-000137,2025-03-24,Chhattisgarh,Raipur,National Highway,NHAI,Linear,"National Highways Act, 1956",81.06,5,2714.16,Agricultural,False,2022-10-29,2026-01-04,1163,877,7,Compensation Disbursement,66.7,352,5,5,0,False,32.3,False,0,False,False,71.9,27.5,,Fully Digitized,3,32.2,True,0,12,Medium,Neutral,2,Insufficient,56.9,True,65.6,63.8,69.0,7,Compensation Disbursement,44.9,Medium,21.23483,81.52803,test,False,Minor Delay (<=6mo),109.0,True,False,24.0,True
SNAP-000138-1,SIH26017-PRJ-000138,2020-06-16,Madhya Pradesh,Chhindwara,Airport Expansion,Airports Authority of India,Point,"RFCTLARR Act, 2013",57.08,7,18316.13,Agricultural,True,2018-10-21,2021-03-14,875,604,7,Compensation Disbursement,66.7,45,5,5,0,False,40.3,False,0,False,False,92.9,2.1,,Not Digitized,4,29.1,True,0,9,Medium,Neutral,4,Adequate,68.7,False,-5.1,20.0,80.0,7,Compensation Disbursement,14.6,Low,22.18,78.81724,train,False,On-Time,-10.0,True,False,-22.0,True
SNAP-000139-1,SIH26017-PRJ-000139,2023-04-27,Rajasthan,Udaipur,Urban Water Supply/Sewerage,State Water/Municipal Board,Point,"RFCTLARR Act, 2013",5.43,1,2049.17,Mixed,True,2022-05-18,2023-05-07,354,344,3,Survey & Measurement,33.3,55,4,3,1,True,0.0,False,0,False,False,70.8,26.4,,Partially Digitized,2,0.0,True,0,9,High,Neutral,2,Insufficient,20.7,False,94.8,72.7,45.5,4,Draft Declaration,37.0,Medium,24.61383,73.65252,train,,,,True,True,,True
SNAP-000140-1,SIH26017-PRJ-000140,2025-04-24,Uttar Pradesh,Agra,Urban Water Supply/Sewerage,State Water/Municipal Board,Point,"RFCTLARR Act, 2013",59.68,6,2013.98,Homestead-Residential,False,2022-03-17,2025-01-29,1049,1134,8,Possession,88.9,305,4,4,0,False,64.2,False,0,False,False,80.2,16.7,,Partially Digitized,29,87.1,True,2,14,Medium,Neutral,2,Delayed,67.0,False,37.9,74.0,50.0,9,Mutation & Handover,33.0,Medium,27.46235,77.96507,test,,,,True,True,,True
SNAP-000141-1,SIH26017-PRJ-000141,2020-12-29,Jharkhand,Paschimi Singhbhum,Irrigation Canal/Dam,State Irrigation Dept,Linear,"RFCTLARR Act, 2013",936.91,33,232.17,Agricultural,False,2015-09-18,2022-01-24,2320,1929,6,Award Declaration (Sec 23),55.6,1111,4,4,0,False,29.3,True,1,False,True,49.6,50.9,,Partially Digitized,75,21.2,True,8,25,Medium,Opposing,10,Delayed,66.9,False,72.7,25.0,75.0,6,Award Declaration (Sec 23),52.4,Medium,22.54473,85.26493,test,False,Minor Delay (<=6mo),60.0,True,True,321.0,True
SNAP-000142-1,SIH26017-PRJ-000142,2019-06-02,Assam,Dibrugarh,Renewable Energy Park,State Renewable Energy Agency,Area,"RFCTLARR Act, 2013",1534.73,56,1287.72,Mixed,False,2019-02-24,2025-01-12,2149,98,1,Preliminary Notification (Sec 11),0.0,0,4,1,3,True,0.0,False,0,False,False,76.8,13.9,56.4,Partially Digitized,767,0.0,False,1,0,Medium,Opposing,0,Insufficient,4.4,False,,25.0,75.0,1,Preliminary Notification (Sec 11),22.4,Low,27.74975,95.23503,test,False,Minor Delay (<=6mo),35.0,True,True,64.0,True
SNAP-000143-1,SIH26017-PRJ-000143,2018-02-05,Telangana,Karimnagar,National Highway,NHAI,Linear,"National Highways Act, 1956",179.2,9,3078.52,Agricultural,False,2017-07-23,2018-12-14,509,197,5,Final Declaration (Sec 19),44.4,-133,5,3,2,True,0.0,False,0,False,False,77.1,27.5,,Partially Digitized,12,0.0,True,0,8,Low,Supportive,0,Adequate,51.9,False,,50.0,50.0,5,Final Declaration (Sec 19),12.9,Low,18.27638,79.04632,train,False,On-Time,-28.0,True,False,-12.0,True
SNAP-000143-2,SIH26017-PRJ-000143,2018-06-01,Telangana,Karimnagar,National Highway,NHAI,Linear,"National Highways Act, 1956",179.2,9,3078.52,Agricultural,False,2017-07-23,2018-12-14,509,313,7,Compensation Disbursement,66.7,-192,5,4,1,False,36.4,False,0,False,False,73.7,26.9,,Partially Digitized,12,20.6,True,0,8,Low,Supportive,0,Adequate,69.5,False,,50.0,66.7,7,Compensation Disbursement,6.9,Low,18.27638,79.04632,train,False,On-Time,-28.0,True,False,-46.0,True
SNAP-000144-1,SIH26017-PRJ-000144,2024-10-19,Madhya Pradesh,Jabalpur,State Highway,State PWD,Linear,"RFCTLARR Act, 2013",194.34,8,1896.61,Agricultural,False,2022-11-26,2025-01-30,796,693,7,Compensation Disbursement,66.7,57,4,3,0,False,56.2,True,1,False,True,92.6,8.8,,Fully Digitized,7,35.6,True,0,12,Low,Supportive,2,Adequate,57.2,True,10.3,81.6,57.9,7,Compensation Disbursement,21.8,Low,23.28239,80.0709,validation,False,On-Time,-9.0,True,True,37.0,True
SNAP-000145-1,SIH26017-PRJ-000145,2021-12-22,West Bengal,Howrah,Special Economic Zone,State SEZ Authority,Area,"RFCTLARR Act, 2013",1127.68,33,12398.02,Homestead-Residential,False,2015-09-29,2028-11-20,4801,2276,5,Final Declaration (Sec 19),44.4,1423,4,4,0,False,4.5,False,0,False,False,61.0,35.9,42.3,Partially Digitized,574,0.8,True,45,30,Medium,Neutral,9,Insufficient,39.1,True,45.8,0.0,100.0,5,Final Declaration (Sec 19),51.5,Medium,22.51183,88.54626,train,,,,False,True,510.0,True
SNAP-000146-1,SIH26017-PRJ-000146,2024-04-26,Rajasthan,Udaipur,Renewable Energy Park,State Renewable Energy Agency,Area,"RFCTLARR Act, 2013",401.36,15,5410.48,Forest,False,2023-12-02,2027-08-14,1351,146,2,Social Impact Assessment (SIA),11.1,15,5,1,3,True,0.0,False,0,False,False,65.3,34.5,71.7,Partially Digitized,31,0.0,False,1,20,Low,Opposing,2,Insufficient,11.2,True,102.5,53.3,73.3,2,Social Impact Assessment (SIA),29.5,Low,24.73483,73.6833,train,,,,False,True,202.0,True
SNAP-000147-1,SIH26017-PRJ-000147,2020-10-31,West Bengal,Purulia,Special Economic Zone,State SEZ Authority,Area,"RFCTLARR Act, 2013",882.3,31,10427.49,Homestead-Residential,False,2019-03-30,2023-08-07,1591,581,4,Draft Declaration,33.3,236,4,4,0,False,0.0,False,0,False,False,59.1,49.9,69.0,Partially Digitized,415,0.0,True,20,23,Medium,Opposing,1,Insufficient,27.6,False,27.7,0.0,100.0,4,Draft Declaration,49.6,Medium,23.37269,86.33311,train,False,Minor Delay (<=6mo),122.0,True,True,131.0,True
SNAP-000147-2,SIH26017-PRJ-000147,2022-06-08,West Bengal,Purulia,Special Economic Zone,State SEZ Authority,Area,"RFCTLARR Act, 2013",882.3,31,10427.49,Homestead-Residential,False,2019-03-30,2023-08-07,1591,1166,7,Compensation Disbursement,66.7,522,4,4,0,False,45.2,False,0,False,False,58.0,49.1,69.0,Partially Digitized,415,23.4,True,39,23,Medium,Opposing,1,Delayed,45.0,False,49.7,14.3,85.7,7,Compensation Disbursement,46.6,Medium,23.37269,86.33311,train,False,Minor Delay (<=6mo),122.0,True,True,134.0,True
SNAP-000148-1,SIH26017-PRJ-000148,2023-07-11,Madhya Pradesh,Indore,Urban Water Supply/Sewerage,State Water/Municipal Board,Point,"RFCTLARR Act, 2013",56.5,5,2122.03,Mixed,False,2023-05-16,2025-09-24,862,56,1,Preliminary Notification (Sec 11),11.1,1,4,1,2,True,0.0,False,0,False,False,87.6,7.6,,Partially Digitized,30,0.0,False,0,0,Low,Neutral,0,Adequate,6.0,False,4.8,73.5,44.1,2,Social Impact Assessment (SIA),11.5,Low,22.5781,75.62937,train,False,On-Time,-19.0,True,False,-28.0,True
SNAP-000149-1,SIH26017-PRJ-000149,2024-04-17,Kerala,Ernakulam,Special Economic Zone,State SEZ Authority,Area,"RFCTLARR Act, 2013",920.47,21,7380.99,Mixed,False,2022-09-05,2032-02-14,3449,590,3,Survey & Measurement,22.2,358,4,3,1,True,0.0,False,0,False,False,53.0,51.2,71.5,Partially Digitized,474,0.0,True,14,14,Medium,Neutral,4,Insufficient,19.4,True,64.0,33.3,75.0,3,Survey & Measurement,55.6,High,9.99677,76.36283,train,,,,False,True,563.0,True
SNAP-000150-1,SIH26017-PRJ-000150,2022-01-27,Gujarat,Vadodara,Renewable Energy Park,State Renewable Energy Agency,Area,"RFCTLARR Act, 2013",2671.84,74,877.25,Agricultural,False,2020-07-20,2029-09-30,3359,556,3,Survey & Measurement,22.2,144,4,4,0,False,0.0,False,0,False,False,63.0,39.2,61.5,Partially Digitized,194,0.0,True,8,65,Medium,Opposing,1,Insufficient,27.4,False,69.0,46.2,69.2,3,Survey & Measurement,44.9,Medium,21.98999,73.22112,train,,,,False,True,244.0,True
SNAP-000150-2,SIH26017-PRJ-000150,2023-01-31,Gujarat,Vadodara,Renewable Energy Park,State Renewable Energy Agency,Area,"RFCTLARR Act, 2013",2671.84,74,877.25,Agricultural,False,2020-07-20,2029-09-30,3359,925,5,Final Declaration (Sec 19),44.4,562,4,4,0,False,0.0,False,0,False,False,65.7,38.1,61.5,Partially Digitized,194,0.0,True,14,65,Medium,Opposing,5,Insufficient,39.1,False,61.4,54.5,77.3,5,Final Declaration (Sec 19),52.2,Medium,21.98999,73.22112,train,,,,False,True,367.0,True
SNAP-000150-3,SIH26017-PRJ-000150,2025-01-06,Gujarat,Vadodara,Renewable Energy Park,State Renewable Energy Agency,Area,"RFCTLARR Act, 2013",2671.84,74,877.25,Agricultural,False,2020-07-20,2029-09-30,3359,1631,6,Award Declaration (Sec 23),55.6,929,4,4,0,False,31.1,False,0,False,False,63.7,37.6,61.5,Partially Digitized,194,15.9,True,20,65,Medium,Opposing,10,Insufficient,56.3,False,109.0,55.9,67.6,6,Award Declaration (Sec 23),58.0,High,21.98999,73.22112,train,,,,False,True,307.0,True
SNAP-000151-1,SIH26017-PRJ-000151,2023-12-25,Jharkhand,Ranchi,Urban Metro Rail,State Metro Rail Corp,Linear,"RFCTLARR Act, 2013",57.63,7,13246.03,Mixed,False,2018-02-14,2026-07-18,3076,2140,7,Compensation Disbursement,66.7,633,4,4,0,False,48.7,False,0,False,False,77.9,17.8,,Not Digitized,37,32.3,True,4,11,Medium,Neutral,9,Delayed,73.4,False,90.6,60.0,80.0,7,Compensation Disbursement,38.6,Medium,23.29473,85.34723,test,,,,False,True,1242.0,True
SNAP-000152-1,SIH26017-PRJ-000152,2017-10-28,Rajasthan,Alwar,Railway Line/Doubling,Indian Railways,Linear,"Railways Act, 1989",215.45,6,8398.29,Agricultural,False,2017-05-22,2017-11-27,189,159,1,Preliminary Notification (Sec 11),11.1,63,5,3,2,True,0.0,False,0,False,False,80.2,7.5,,Not Digitized,14,0.0,False,0,0,Medium,Opposing,3,Insufficient,5.5,False,,0.0,100.0,2,Social Impact Assessment (SIA),26.7,Low,27.60084,76.43853,train,,,,True,True,,True
SNAP-000152-2,SIH26017-PRJ-000152,2018-03-14,Rajasthan,Alwar,Railway Line/Doubling,Indian Railways,Linear,"Railways Act, 1989",215.45,6,8398.29,Agricultural,False,2017-05-22,2017-11-27,189,296,1,Preliminary Notification (Sec 11),11.1,63,5,3,2,True,0.0,False,0,False,False,77.6,7.1,,Not Digitized,14,0.0,False,0,0,Medium,Opposing,2,Insufficient,5.1,False,,0.0,100.0,2,Social Impact Assessment (SIA),23.5,Low,27.60084,76.43853,train,,,,True,True,,True
SNAP-000153-1,SIH26017-PRJ-000153,2020-01-03,Odisha,Sundargarh,Airport Expansion,Airports Authority of India,Point,"RFCTLARR Act, 2013",1116.41,36,14607.76,Homestead-Residential,True,2017-11-03,2027-08-24,3581,791,2,Social Impact Assessment (SIA),11.1,169,5,5,0,False,0.0,False,0,False,False,57.6,39.9,,Partially Digitized,570,0.0,False,12,39,High,Opposing,4,Insufficient,15.7,False,32.0,20.0,80.0,2,Social Impact Assessment (SIA),51.6,Medium,22.11844,83.95046,validation,,,,False,True,690.0,True
SNAP-000153-2,SIH26017-PRJ-000153,2022-08-14,Odisha,Sundargarh,Airport Expansion,Airports Authority of India,Point,"RFCTLARR Act, 2013",1116.41,36,14607.76,Homestead-Residential,True,2017-11-03,2027-08-24,3581,1745,6,Award Declaration (Sec 23),55.6,1065,5,5,0,False,25.8,False,0,False,False,57.0,39.7,,Partially Digitized,570,15.0,True,58,39,High,Opposing,10,Insufficient,57.9,False,68.7,25.0,83.3,6,Award Declaration (Sec 23),57.0,High,22.11844,83.95046,validation,,,,False,True,241.0,True
SNAP-000153-3,SIH26017-PRJ-000153,2024-09-22,Odisha,Sundargarh,Airport Expansion,Airports Authority of India,Point,"RFCTLARR Act, 2013",1116.41,36,14607.76,Homestead-Residential,True,2017-11-03,2027-08-24,3581,2515,7,Compensation Disbursement,66.7,1306,5,5,0,False,44.7,False,0,False,False,60.5,39.3,,Partially Digitized,570,28.2,True,69,39,High,Opposing,10,Delayed,66.0,False,84.7,31.2,87.5,7,Compensation Disbursement,55.1,High,22.11844,83.95046,validation,,,,False,,,False
SNAP-000154-1,SIH26017-PRJ-000154,2024-02-11,Jharkhand,Paschimi Singhbhum,Urban Water Supply/Sewerage,State Water/Municipal Board,Point,"RFCTLARR Act, 2013",10.22,2,1213.88,Agricultural,True,2023-11-17,2024-04-18,153,86,1,Preliminary Notification (Sec 11),0.0,0,4,1,2,True,0.0,False,1,False,True,62.9,34.7,,Fully Digitized,0,0.0,False,0,0,Medium,Opposing,0,Insufficient,6.4,True,90.6,75.0,50.0,1,Preliminary Notification (Sec 11),34.0,Medium,22.73475,85.41868,test,,,,True,True,38.0,True
SNAP-000155-1,SIH26017-PRJ-000155,2021-07-02,Jharkhand,Dhanbad,Mining Project,State Mining Corp,Area,"Coal Bearing Areas Acquisition Act, 1957",1818.43,42,3869.06,Government-Wasteland,False,2016-05-08,2023-04-12,2530,1881,7,Compensation Disbursement,66.7,781,5,5,0,False,43.2,False,1,False,False,55.8,36.5,,Fully Digitized,670,44.9,True,80,36,Low,Opposing,10,Delayed,69.0,True,72.7,40.0,60.0,7,Compensation Disbursement,45.9,Medium,23.89622,86.64222,train,True,Major Delay (6-18mo),221.0,True,True,752.0,True
SNAP-000156-1,SIH26017-PRJ-000156,2023-12-27,Odisha,Sundargarh,State Highway,State PWD,Linear,"RFCTLARR Act, 2013",94.77,7,770.43,Forest,False,2023-02-16,2025-11-28,1016,314,3,Survey & Measurement,22.2,100,5,3,2,True,0.0,False,0,False,False,64.1,30.3,,Partially Digitized,9,0.0,True,0,18,Medium,Opposing,0,Delayed,26.8,False,87.4,79.4,58.8,3,Survey & Measurement,35.3,Medium,22.24726,84.30334,test,False,Minor Delay (<=6mo),55.0,True,True,113.0,True
SNAP-000156-2,SIH26017-PRJ-000156,2024-08-27,Odisha,Sundargarh,State Highway,State PWD,Linear,"RFCTLARR Act, 2013",94.77,7,770.43,Forest,False,2023-02-16,2025-11-28,1016,558,4,Draft Declaration,33.3,213,5,4,1,True,0.0,False,1,True,False,68.4,30.2,,Partially Digitized,9,0.0,True,1,18,Medium,Opposing,2,Delayed,39.2,False,84.7,81.6,57.9,4,Draft Declaration,60.3,High,22.24726,84.30334,test,False,Minor Delay (<=6mo),55.0,True,True,112.0,True
SNAP-000156-3,SIH26017-PRJ-000156,2025-05-08,Odisha,Sundargarh,State Highway,State PWD,Linear,"RFCTLARR Act, 2013",94.77,7,770.43,Forest,False,2023-02-16,2025-11-28,1016,812,7,Compensation Disbursement,66.7,315,5,5,0,False,35.8,True,4,True,False,65.2,31.1,,Partially Digitized,9,24.9,True,1,18,Medium,Opposing,4,Delayed,66.1,False,102.2,82.5,55.0,7,Compensation Disbursement,60.8,High,22.24726,84.30334,test,False,Minor Delay (<=6mo),55.0,True,False,-74.0,True
SNAP-000157-1,SIH26017-PRJ-000157,2018-09-26,Gujarat,Vadodara,Railway Line/Doubling,Indian Railways,Linear,"Railways Act, 1989",107.93,7,7252.65,Government-Wasteland,False,2015-08-28,2024-01-09,3056,1125,5,Final Declaration (Sec 19),44.4,746,6,6,0,False,0.7,False,0,False,False,71.7,29.8,,Not Digitized,9,0.0,True,1,12,Medium,Opposing,7,Insufficient,33.6,False,,0.0,100.0,5,Final Declaration (Sec 19),45.3,Medium,22.53273,72.96619,validation,True,Major Delay (6-18mo),257.0,True,True,456.0,True
SNAP-000157-2,SIH26017-PRJ-000157,2022-01-24,Gujarat,Vadodara,Railway Line/Doubling,Indian Railways,Linear,"Railways Act, 1989",107.93,7,7252.65,Government-Wasteland,False,2015-08-28,2024-01-09,3056,2341,7,Compensation Disbursement,66.7,1521,6,6,0,False,43.1,False,0,False,False,73.3,29.0,,Not Digitized,9,39.9,True,1,12,Medium,Opposing,10,Insufficient,56.1,False,69.0,50.0,70.0,7,Compensation Disbursement,41.8,Medium,22.53273,72.96619,validation,True,Major Delay (6-18mo),257.0,True,True,459.0,True
SNAP-000158-1,SIH26017-PRJ-000158,2018-07-15,Maharashtra,Nashik,Airport Expansion,Airports Authority of India,Point,"RFCTLARR Act, 2013",1053.45,29,6636.06,Homestead-Residential,False,2017-09-15,2018-03-19,185,303,1,Preliminary Notification (Sec 11),11.1,64,5,4,1,True,0.0,False,0,False,False,61.4,27.7,,Partially Digitized,543,0.0,False,1,0,Medium,Opposing,2,Insufficient,6.5,False,,0.0,100.0,2,Social Impact Assessment (SIA),33.3,Medium,20.01128,74.05706,train,,,,True,True,,True
SNAP-000159-1,SIH26017-PRJ-000159,2025-01-26,Karnataka,Bengaluru Rural,Power Transmission Line,POWERGRID/State Transco,Linear,"RFCTLARR Act, 2013",10.9,3,145.72,Agricultural,False,2023-11-29,2025-04-27,515,424,5,Final Declaration (Sec 19),44.4,76,3,3,0,False,3.7,False,0,False,False,71.3,35.5,,Fully Digitized,0,0.0,True,0,8,Low,Opposing,3,Delayed,41.0,True,37.1,64.3,59.5,5,Final Declaration (Sec 19),25.8,Low,13.21698,77.53704,train,,,,True,True,32.0,True
SNAP-000160-1,SIH26017-PRJ-000160,2018-01-03,Telangana,Karimnagar,Renewable Energy Park,State Renewable Energy Agency,Area,"RFCTLARR Act, 2013",1361.57,40,3670.98,Homestead-Residential,False,2015-01-24,2022-02-27,2591,1075,3,Survey & Measurement,22.2,471,4,4,0,False,0.0,False,0,False,False,72.7,33.5,47.0,Partially Digitized,676,0.0,True,23,38,Medium,Opposing,6,Insufficient,27.6,False,,0.0,100.0,3,Survey & Measurement,60.3,High,18.45353,79.04608,validation,False,Minor Delay (<=6mo),180.0,True,True,435.0,True
SNAP-000160-2,SIH26017-PRJ-000160,2019-12-24,Telangana,Karimnagar,Renewable Energy Park,State Renewable Energy Agency,Area,"RFCTLARR Act, 2013",1361.57,40,3670.98,Homestead-Residential,False,2015-01-24,2022-02-27,2591,1795,6,Award Declaration (Sec 23),55.6,1220,4,4,0,False,22.2,False,0,False,False,70.0,32.9,47.0,Partially Digitized,676,17.6,True,56,38,Medium,Opposing,10,Delayed,54.0,False,-24.0,25.0,75.0,6,Award Declaration (Sec 23),43.5,Medium,18.45353,79.04608,validation,False,Minor Delay (<=6mo),180.0,True,True,439.0,True
SNAP-000161-1,SIH26017-PRJ-000161,2016-06-28,Uttar Pradesh,Gautam Buddh Nagar,Urban Water Supply/Sewerage,State Water/Municipal Board,Point,"RFCTLARR Act, 2013",32.13,6,1298.48,Mixed,False,2015-06-28,2017-09-05,800,366,6,Award Declaration (Sec 23),55.6,-27,4,4,0,False,7.1,False,0,False,False,84.4,15.5,,Partially Digitized,14,2.0,True,0,7,Medium,Neutral,3,Delayed,47.2,False,,,,6,Award Declaration (Sec 23),16.0,Low,28.69651,77.29499,train,False,On-Time,0.0,True,True,47.0,True
SNAP-000162-1,SIH26017-PRJ-000162,2026-07-30,Kerala,Thiruvananthapuram,Special Economic Zone,State SEZ Authority,Area,"RFCTLARR Act, 2013",1060.86,36,2676.75,Agricultural,False,2022-11-24,2030-03-21,2674,1344,4,Draft Declaration,33.3,798,4,3,0,False,0.0,False,0,False,False,73.8,23.8,49.2,Partially Digitized,391,0.0,True,23,35,Low,Neutral,4,Insufficient,31.6,True,100.0,40.9,81.8,4,Draft Declaration,56.7,High,8.61503,77.04811,test,,,,False,,,False
SNAP-000163-1,SIH26017-PRJ-000163,2022-12-30,Uttar Pradesh,Gautam Buddh Nagar,Renewable Energy Park,State Renewable Energy Agency,Area,"RFCTLARR Act, 2013",511.93,18,2052.06,Government-Wasteland,False,2021-10-30,2024-06-01,945,426,5,Final Declaration (Sec 19),44.4,5,4,4,0,False,8.4,False,0,False,False,83.5,13.0,50.4,Not Digitized,45,1.2,True,2,15,Medium,Supportive,3,Delayed,45.7,False,28.7,54.5,77.3,5,Final Declaration (Sec 19),24.1,Low,28.56814,77.05831,train,False,On-Time,-7.0,True,True,100.0,True
SNAP-000164-1,SIH26017-PRJ-000164,2017-12-14,Chhattisgarh,Raipur,Airport Expansion,Airports Authority of India,Point,"RFCTLARR Act, 2013",485.56,15,8765.9,Mixed,False,2017-03-10,2018-06-13,460,279,2,Social Impact Assessment (SIA),11.1,81,6,6,0,False,0.0,False,0,False,False,70.0,36.0,,Partially Digitized,258,0.0,False,6,27,High,Opposing,3,Insufficient,12.4,False,,0.0,100.0,2,Social Impact Assessment (SIA),39.2,Medium,21.20081,81.65204,train,,,,True,True,148.0,True
SNAP-000165-1,SIH26017-PRJ-000165,2022-07-11,Uttar Pradesh,Varanasi,Renewable Energy Park,State Renewable Energy Agency,Area,"RFCTLARR Act, 2013",2865.38,69,1182.58,Homestead-Residential,False,2021-02-23,2025-08-22,1641,503,3,Survey & Measurement,22.2,156,4,3,1,True,0.0,False,0,False,False,38.6,60.6,36.8,Partially Digitized,1453,0.0,True,54,57,Low,Opposing,0,Insufficient,24.6,True,33.2,50.0,71.4,3,Survey & Measurement,54.5,Medium,25.41835,83.10338,train,False,Minor Delay (<=6mo),84.0,True,True,94.0,True
SNAP-000165-2,SIH26017-PRJ-000165,2023-05-27,Uttar Pradesh,Varanasi,Renewable Energy Park,State Renewable Energy Agency,Area,"RFCTLARR Act, 2013",2865.38,69,1182.58,Homestead-Residential,False,2021-02-23,2025-08-22,1641,823,5,Final Declaration (Sec 19),55.6,418,4,4,0,False,4.6,False,0,False,False,37.4,59.3,36.8,Partially Digitized,1453,1.0,True,106,57,Low,Opposing,5,Delayed,49.9,True,31.6,54.2,75.0,6,Award Declaration (Sec 23),56.0,High,25.41835,83.10338,train,False,Minor Delay (<=6mo),84.0,True,True,60.0,True
SNAP-000165-3,SIH26017-PRJ-000165,2024-08-12,Uttar Pradesh,Varanasi,Renewable Energy Park,State Renewable Energy Agency,Area,"RFCTLARR Act, 2013",2865.38,69,1182.58,Homestead-Residential,False,2021-02-23,2025-08-22,1641,1266,7,Compensation Disbursement,66.7,478,4,4,0,False,31.5,True,2,False,True,41.6,59.5,36.8,Partially Digitized,1453,41.4,True,116,57,Low,Opposing,5,Insufficient,63.2,True,40.1,56.2,68.8,7,Compensation Disbursement,66.5,High,25.41835,83.10338,train,False,Minor Delay (<=6mo),84.0,True,True,302.0,True
SNAP-000166-1,SIH26017-PRJ-000166,2020-09-23,West Bengal,Purba Bardhaman,State Highway,State PWD,Linear,"RFCTLARR Act, 2013",25.88,2,262.82,Government-Wasteland,False,2020-02-24,2021-12-16,661,212,2,Social Impact Assessment (SIA),11.1,-17,3,3,0,False,0.0,False,0,False,False,69.4,30.2,,Fully Digitized,7,0.0,False,0,7,Low,Neutral,2,Delayed,20.6,True,21.4,81.8,63.6,2,Social Impact Assessment (SIA),12.5,Low,23.38615,87.71283,train,,,,True,True,164.0,True
SNAP-000167-1,SIH26017-PRJ-000167,2025-04-21,Assam,Dibrugarh,Urban Metro Rail,State Metro Rail Corp,Linear,"RFCTLARR Act, 2013",92.66,6,13381.29,Homestead-Residential,False,2023-12-09,2027-03-03,1180,499,3,Survey & Measurement,22.2,187,4,4,0,False,0.0,False,0,False,False,68.1,32.7,,Partially Digitized,41,0.0,True,2,17,Low,Opposing,0,Insufficient,24.8,True,90.3,58.3,83.3,3,Survey & Measurement,46.1,Medium,27.48196,95.01917,train,,,,False,True,296.0,True
SNAP-000168-1,SIH26017-PRJ-000168,2021-12-29,Telangana,Hyderabad,Mining Project,State Mining Corp,Area,"Coal Bearing Areas Acquisition Act, 1957",1815.83,44,2202.05,Agricultural,False,2019-09-11,2025-07-02,2121,840,6,Award Declaration (Sec 23),55.6,101,5,5,0,False,32.8,False,0,False,False,58.4,43.3,,Partially Digitized,644,16.7,True,50,38,Medium,Neutral,7,Delayed,50.1,False,15.0,33.3,66.7,6,Award Declaration (Sec 23),37.0,Medium,17.47915,78.51544,train,,,,True,True,659.0,True
SNAP-000168-2,SIH26017-PRJ-000168,2024-05-22,Telangana,Hyderabad,Mining Project,State Mining Corp,Area,"Coal Bearing Areas Acquisition Act, 1957",1815.83,44,2202.05,Agricultural,False,2019-09-11,2025-07-02,2121,1715,7,Compensation Disbursement,66.7,760,5,5,0,False,54.7,False,0,False,False,59.0,42.5,,Partially Digitized,644,29.7,True,60,38,Medium,Neutral,10,Adequate,66.7,False,35.5,46.7,80.0,7,Compensation Disbursement,41.7,Medium,17.47915,78.51544,train,,,,True,True,481.0,True
SNAP-000169-1,SIH26017-PRJ-000169,2020-01-15,Chhattisgarh,Bastar,National Highway,NHAI,Linear,"National Highways Act, 1956",370.12,12,5723.62,Agricultural,True,2018-02-01,2020-07-03,883,713,5,Final Declaration (Sec 19),44.4,398,5,4,0,False,0.0,False,0,False,False,69.0,34.4,,Not Digitized,30,0.0,True,1,11,Medium,Opposing,2,Insufficient,32.6,False,14.5,60.0,60.0,5,Final Declaration (Sec 19),38.6,Medium,19.15035,82.1017,train,,,,True,True,49.0,True
SNAP-000170-1,SIH26017-PRJ-000170,2024-08-17,Jharkhand,Paschimi Singhbhum,Renewable Energy Park,State Renewable Energy Agency,Area,"RFCTLARR Act, 2013",1920.65,67,6119.16,Homestead-Residential,False,2023-06-11,2031-10-28,3061,433,2,Social Impact Assessment (SIA),11.1,66,4,4,0,False,0.0,False,0,False,False,62.8,33.2,50.9,Fully Digitized,945,0.0,False,22,42,Medium,Opposing,7,Insufficient,10.2,True,90.7,56.2,68.8,2,Social Impact Assessment (SIA),50.4,Medium,22.71143,85.36367,train,,,,False,True,247.0,True
SNAP-000171-1,SIH26017-PRJ-000171,2024-05-21,Tamil Nadu,Chennai,Railway Line/Doubling,Indian Railways,Linear,"Railways Act, 1989",248.72,9,7060.23,Mixed,False,2022-08-20,2028-09-10,2213,640,5,Final Declaration (Sec 19),44.4,205,5,5,0,False,6.1,False,0,False,False,70.4,24.4,,Not Digitized,127,0.6,True,7,9,Medium,Neutral,2,Delayed,46.9,False,36.3,50.0,68.8,5,Final Declaration (Sec 19),43.7,Medium,13.32568,80.14064,train,,,,False,True,261.0,True
SNAP-000172-1,SIH26017-PRJ-000172,2021-11-24,Assam,Dibrugarh,Railway Line/Doubling,Indian Railways,Linear,"Railways Act, 1989",352.55,9,4501.6,Agricultural,False,2020-05-29,2024-07-19,1512,544,2,Social Impact Assessment (SIA),11.1,138,5,5,0,False,0.0,False,0,False,False,52.5,43.5,,Partially Digitized,27,0.0,False,1,8,Medium,Opposing,4,Insufficient,10.7,False,56.7,44.4,66.7,2,Social Impact Assessment (SIA),34.8,Medium,27.21221,95.09762,test,,,,True,True,627.0,True
SNAP-000172-2,SIH26017-PRJ-000172,2023-05-31,Assam,Dibrugarh,Railway Line/Doubling,Indian Railways,Linear,"Railways Act, 1989",352.55,9,4501.6,Agricultural,False,2020-05-29,2024-07-19,1512,1097,3,Survey & Measurement,22.2,765,5,5,0,False,0.0,True,2,False,True,55.0,44.3,,Partially Digitized,27,0.0,True,1,8,Medium,Opposing,6,Insufficient,17.0,False,89.7,50.0,75.0,3,Survey & Measurement,52.3,Medium,27.21221,95.09762,test,,,,True,True,417.0,True
SNAP-000173-1,SIH26017-PRJ-000173,2025-06-01,Odisha,Khordha,Renewable Energy Park,State Renewable Energy Agency,Area,"RFCTLARR Act, 2013",2750.6,67,9624.63,Government-Wasteland,False,2023-12-01,2027-06-09,1286,548,4,Draft Declaration,33.3,252,4,4,0,False,0.0,True,2,True,False,81.8,22.6,35.2,Fully Digitized,196,0.0,True,12,57,Low,Opposing,5,Delayed,32.5,True,102.2,55.6,69.4,4,Draft Declaration,57.8,High,20.41322,85.6411,validation,,,,False,True,103.0,True
SNAP-000174-1,SIH26017-PRJ-000174,2018-04-23,West Bengal,Purulia,Urban Water Supply/Sewerage,State Water/Municipal Board,Point,"RFCTLARR Act, 2013",32.72,7,2389.96,Mixed,False,2018-02-26,2023-11-20,2093,56,1,Preliminary Notification (Sec 11),0.0,0,4,0,2,True,0.0,False,0,False,False,60.1,20.8,,Not Digitized,9,0.0,False,0,0,Medium,Opposing,0,Insufficient,4.3,False,104.0,50.0,50.0,1,Preliminary Notification (Sec 11),20.3,Low,23.29786,86.24276,train,False,Minor Delay (<=6mo),63.0,True,True,38.0,True
SNAP-000175-1,SIH26017-PRJ-000175,2021-05-18,Jharkhand,Ranchi,State Highway,State PWD,Linear,"RFCTLARR Act, 2013",108.45,8,1388.14,Homestead-Residential,False,2019-09-24,2023-09-14,1451,602,6,Award Declaration (Sec 23),55.6,69,4,3,0,False,24.7,False,0,False,False,76.6,26.0,,Fully Digitized,57,24.9,True,4,22,Low,Opposing,6,Delayed,54.8,True,72.7,85.7,50.0,6,Award Declaration (Sec 23),18.9,Low,23.45708,85.44932,validation,False,Minor Delay (<=6mo),73.0,True,True,141.0,True
SNAP-000175-2,SIH26017-PRJ-000175,2022-07-21,Jharkhand,Ranchi,State Highway,State PWD,Linear,"RFCTLARR Act, 2013",108.45,8,1388.14,Homestead-Residential,False,2019-09-24,2023-09-14,1451,1031,7,Compensation Disbursement,66.7,210,4,3,0,False,40.6,False,0,False,False,73.5,28.1,,Fully Digitized,57,45.9,True,5,22,Low,Opposing,7,Insufficient,64.8,True,69.5,78.3,47.8,7,Compensation Disbursement,41.9,Medium,23.45708,85.44932,validation,False,Minor Delay (<=6mo),73.0,True,True,409.0,True
SNAP-000176-1,SIH26017-PRJ-000176,2020-09-01,Chhattisgarh,Durg,Urban Water Supply/Sewerage,State Water/Municipal Board,Point,"RFCTLARR Act, 2013",20.27,5,2336.01,Mixed,False,2016-02-24,2022-07-09,2327,1651,7,Compensation Disbursement,66.7,586,4,4,0,False,55.8,False,0,False,False,81.9,20.4,,Partially Digitized,12,26.9,True,1,11,Medium,Neutral,6,Delayed,69.5,True,32.2,68.2,40.9,7,Compensation Disbursement,39.5,Medium,21.27916,81.46702,validation,False,On-Time,6.0,True,True,908.0,True
SNAP-000177-1,SIH26017-PRJ-000177,2024-08-09,Tamil Nadu,Tiruchirappalli,Power Transmission Line,POWERGRID/State Transco,Linear,"RFCTLARR Act, 2013",21.68,4,1254.36,Mixed,False,2022-12-18,2027-12-04,1812,600,5,Final Declaration (Sec 19),44.4,161,4,4,0,False,6.7,False,0,False,False,76.6,18.6,,Not Digitized,8,0.9,True,1,15,Low,Opposing,3,Insufficient,46.9,False,36.3,66.7,59.0,5,Final Declaration (Sec 19),27.1,Low,10.71448,78.59949,train,,,,False,True,224.0,True
SNAP-000178-1,SIH26017-PRJ-000178,2023-10-06,Chhattisgarh,Bastar,State Highway,State PWD,Linear,"RFCTLARR Act, 2013",88.48,3,540.68,Homestead-Residential,True,2022-10-14,2030-06-15,2801,357,2,Social Impact Assessment (SIA),11.1,20,4,4,0,False,0.0,False,0,False,False,74.1,26.4,,Partially Digitized,32,0.0,False,1,11,Medium,Opposing,2,Insufficient,17.0,False,57.5,78.1,56.2,2,Social Impact Assessment (SIA),25.1,Low,19.22651,81.98888,test,,,,False,True,376.0,True
SNAP-000178-2,SIH26017-PRJ-000178,2024-09-16,Chhattisgarh,Bastar,State Highway,State PWD,Linear,"RFCTLARR Act, 2013",88.48,3,540.68,Homestead-Residential,True,2022-10-14,2030-06-15,2801,703,3,Survey & Measurement,22.2,396,4,4,0,False,0.0,False,0,False,False,72.7,26.3,,Partially Digitized,32,0.0,True,1,11,Medium,Opposing,3,Insufficient,28.9,False,60.5,81.6,57.9,3,Survey & Measurement,36.4,Medium,19.22651,81.98888,test,,,,False,True,594.0,True
SNAP-000178-3,SIH26017-PRJ-000178,2025-06-30,Chhattisgarh,Bastar,State Highway,State PWD,Linear,"RFCTLARR Act, 2013",88.48,3,540.68,Homestead-Residential,True,2022-10-14,2030-06-15,2801,990,3,Survey & Measurement,22.2,396,4,4,0,False,0.0,True,1,False,False,74.5,25.9,,Partially Digitized,32,0.0,True,1,11,Medium,Opposing,3,Insufficient,28.8,False,76.4,82.9,53.7,3,Survey & Measurement,43.7,Medium,19.22651,81.98888,test,,,,False,True,594.0,True
SNAP-000179-1,SIH26017-PRJ-000179,2018-12-16,Kerala,Thiruvananthapuram,Power Transmission Line,POWERGRID/State Transco,Linear,"RFCTLARR Act, 2013",102.97,6,647.14,Homestead-Residential,False,2018-03-06,2023-03-07,1827,285,2,Social Impact Assessment (SIA),11.1,57,4,3,1,True,0.0,False,0,False,False,79.9,11.7,,Partially Digitized,54,0.0,False,1,16,Low,Opposing,2,Delayed,16.0,True,,28.6,85.7,2,Social Impact Assessment (SIA),19.2,Low,8.63451,77.02695,train,False,Minor Delay (<=6mo),50.0,True,True,250.0,True
SNAP-000180-1,SIH26017-PRJ-000180,2017-06-20,West Bengal,Purba Bardhaman,Power Transmission Line,POWERGRID/State Transco,Linear,"RFCTLARR Act, 2013",25.52,2,208.1,Homestead-Residential,True,2015-11-03,2018-03-18,866,595,2,Social Impact Assessment (SIA),11.1,345,3,3,0,False,0.0,False,0,False,False,84.2,10.6,,Partially Digitized,18,0.0,False,0,6,Medium,Neutral,6,Delayed,19.7,True,,100.0,100.0,2,Social Impact Assessment (SIA),29.1,Low,23.25109,87.83648,train,,,,True,True,158.0,True
SNAP-000181-1,SIH26017-PRJ-000181,2026-01-07,Assam,Dibrugarh,Special Economic Zone,State SEZ Authority,Area,"RFCTLARR Act, 2013",126.27,5,14910.17,Forest,False,2023-05-17,2029-07-06,2242,966,4,Draft Declaration,33.3,636,5,4,0,False,0.0,False,0,False,False,65.0,33.5,47.0,Not Digitized,51,0.0,True,2,11,Medium,Opposing,3,Insufficient,25.2,False,82.9,35.0,85.0,4,Draft Declaration,45.1,Medium,27.31491,94.91766,validation,,,,False,,,False
SNAP-000182-1,SIH26017-PRJ-000182,2022-01-04,Telangana,Hyderabad,National Highway,NHAI,Linear,"National Highways Act, 1956",155.07,7,4314.69,Mixed,False,2020-07-11,2022-08-29,779,542,7,Compensation Disbursement,66.7,-51,5,5,0,False,49.9,False,0,False,False,73.9,21.4,,Fully Digitized,83,51.4,True,3,9,Low,Supportive,1,Adequate,56.4,True,39.4,64.0,60.0,7,Compensation Disbursement,6.1,Low,17.34985,78.47788,train,False,On-Time,-19.0,True,True,93.0,True
SNAP-000183-1,SIH26017-PRJ-000183,2025-02-28,Chhattisgarh,Durg,Power Transmission Line,POWERGRID/State Transco,Linear,"RFCTLARR Act, 2013",119.91,3,619.9,Agricultural,False,2024-06-01,2026-12-21,933,272,4,Draft Declaration,33.3,18,4,3,1,True,0.0,False,0,False,False,76.7,24.0,,Partially Digitized,9,0.0,True,0,15,Low,Neutral,3,Delayed,27.1,False,58.3,64.3,59.5,4,Draft Declaration,19.2,Low,21.18051,81.15613,train,,,,False,False,9.0,True
SNAP-000183-2,SIH26017-PRJ-000183,2025-11-03,Chhattisgarh,Durg,Power Transmission Line,POWERGRID/State Transco,Linear,"RFCTLARR Act, 2013",119.91,3,619.9,Agricultural,False,2024-06-01,2026-12-21,933,520,6,Award Declaration (Sec 23),55.6,124,4,4,0,False,16.5,False,0,False,False,76.6,25.6,,Partially Digitized,9,8.3,True,0,15,Low,Neutral,6,Insufficient,46.6,False,91.0,64.4,57.8,6,Award Declaration (Sec 23),33.7,Medium,21.18051,81.15613,train,,,,False,True,68.0,True
SNAP-000184-1,SIH26017-PRJ-000184,2023-09-08,West Bengal,Kolkata,Industrial Corridor,State Industrial Dev. Corp,Area,"RFCTLARR Act, 2013",3778.94,96,4345.29,Forest,False,2022-08-07,2030-01-30,2733,397,2,Social Impact Assessment (SIA),11.1,16,5,4,1,True,0.0,False,0,False,False,62.6,34.5,54.5,Fully Digitized,298,0.0,False,7,60,Medium,Opposing,0,Insufficient,13.6,True,45.9,41.7,91.7,2,Social Impact Assessment (SIA),35.4,Medium,22.60693,88.51097,train,,,,False,True,209.0,True
SNAP-000184-2,SIH26017-PRJ-000184,2024-10-04,West Bengal,Kolkata,Industrial Corridor,State Industrial Dev. Corp,Area,"RFCTLARR Act, 2013",3778.94,96,4345.29,Forest,False,2022-08-07,2030-01-30,2733,789,5,Final Declaration (Sec 19),44.4,420,5,5,0,False,0.0,True,1,False,False,64.8,34.2,54.5,Fully Digitized,298,0.0,True,20,60,Medium,Opposing,0,Insufficient,30.4,True,58.8,40.0,93.3,5,Final Declaration (Sec 19),51.6,Medium,22.60693,88.51097,train,,,,False,True,308.0,True
SNAP-000184-3,SIH26017-PRJ-000184,2025-07-03,West Bengal,Kolkata,Industrial Corridor,State Industrial Dev. Corp,Area,"RFCTLARR Act, 2013",3778.94,96,4345.29,Forest,False,2022-08-07,2030-01-30,2733,1061,5,Final Declaration (Sec 19),44.4,420,5,5,0,False,5.3,True,1,False,False,63.5,34.5,54.5,Fully Digitized,298,0.8,True,26,60,Medium,Opposing,3,Insufficient,38.8,True,56.9,44.4,94.4,5,Final Declaration (Sec 19),52.9,Medium,22.60693,88.51097,train,,,,False,True,308.0,True
SNAP-000185-1,SIH26017-PRJ-000185,2018-01-05,Maharashtra,Nagpur,Mining Project,State Mining Corp,Area,"Coal Bearing Areas Acquisition Act, 1957",1364.03,44,3517.77,Mixed,True,2017-07-20,2018-01-17,181,169,1,Preliminary Notification (Sec 11),11.1,41,5,2,3,True,0.0,False,0,False,False,37.7,52.3,,Partially Digitized,681,0.0,False,1,0,Medium,Opposing,1,Insufficient,5.5,False,,50.0,50.0,2,Social Impact Assessment (SIA),39.2,Medium,21.25652,79.17125,train,,,,True,True,,True
SNAP-000185-2,SIH26017-PRJ-000185,2018-04-09,Maharashtra,Nagpur,Mining Project,State Mining Corp,Area,"Coal Bearing Areas Acquisition Act, 1957",1364.03,44,3517.77,Mixed,True,2017-07-20,2018-01-17,181,263,1,Preliminary Notification (Sec 11),11.1,41,5,3,2,True,0.0,False,0,False,False,38.0,53.4,,Partially Digitized,681,0.0,False,1,0,Medium,Opposing,5,Insufficient,5.6,False,,50.0,50.0,2,Social Impact Assessment (SIA),42.3,Medium,21.25652,79.17125,train,,,,True,True,,True
SNAP-000186-1,SIH26017-PRJ-000186,2018-04-07,Gujarat,Surat,Power Transmission Line,POWERGRID/State Transco,Linear,"RFCTLARR Act, 2013",5.95,3,132.08,Government-Wasteland,False,2017-07-31,2019-04-22,630,250,2,Social Impact Assessment (SIA),11.1,23,3,3,0,False,0.0,False,0,False,False,67.0,37.6,,Partially Digitized,0,0.0,False,0,7,Low,Opposing,1,Insufficient,14.1,False,,33.3,100.0,2,Social Impact Assessment (SIA),20.2,Low,21.10738,72.83693,train,,,,True,True,157.0,True
SNAP-000186-2,SIH26017-PRJ-000186,2018-09-05,Gujarat,Surat,Power Transmission Line,POWERGRID/State Transco,Linear,"RFCTLARR Act, 2013",5.95,3,132.08,Government-Wasteland,False,2017-07-31,2019-04-22,630,401,3,Survey & Measurement,22.2,180,3,3,0,False,0.0,False,0,False,False,70.1,35.9,,Partially Digitized,0,0.0,True,0,7,Low,Opposing,0,Delayed,23.3,False,,33.3,83.3,3,Survey & Measurement,35.0,Medium,21.10738,72.83693,train,,,,True,True,183.0,True
SNAP-000186-3,SIH26017-PRJ-000186,2019-04-29,Gujarat,Surat,Power Transmission Line,POWERGRID/State Transco,Linear,"RFCTLARR Act, 2013",5.95,3,132.08,Government-Wasteland,False,2017-07-31,2019-04-22,630,637,3,Survey & Measurement,33.3,363,3,3,0,False,0.0,False,0,False,False,71.3,38.4,,Partially Digitized,0,0.0,True,0,7,Low,Opposing,4,Insufficient,23.7,False,,28.6,85.7,4,Draft Declaration,33.0,Medium,21.10738,72.83693,train,,,,True,True,,True
SNAP-000187-1,SIH26017-PRJ-000187,2026-04-09,Telangana,Hyderabad,Power Transmission Line,POWERGRID/State Transco,Linear,"RFCTLARR Act, 2013",73.49,11,1473.99,Government-Wasteland,False,2022-12-16,2026-05-15,1246,1210,9,Mutation & Handover,88.9,541,4,4,0,False,74.4,False,0,False,False,79.1,22.1,,Partially Digitized,6,97.1,True,0,12,Low,Neutral,4,Delayed,78.1,True,36.4,63.8,59.6,9,Mutation & Handover,29.3,Low,17.42483,78.37236,test,,,,False,,,False
SNAP-000188-1,SIH26017-PRJ-000188,2025-01-28,Uttar Pradesh,Varanasi,Renewable Energy Park,State Renewable Energy Agency,Area,"RFCTLARR Act, 2013",2849.9,78,4684.91,Government-Wasteland,False,2022-07-15,2025-07-29,1110,928,8,Possession,77.8,222,4,4,0,False,87.8,False,1,False,False,90.6,12.7,82.8,Partially Digitized,257,40.3,True,21,53,Low,Neutral,2,Delayed,66.4,True,36.4,55.9,67.6,8,Possession,43.3,Medium,25.42576,82.94442,validation,False,Minor Delay (<=6mo),169.0,True,True,111.0,True
SNAP-000189-1,SIH26017-PRJ-000189,2020-12-13,Bihar,Patna,Industrial Corridor,State Industrial Dev. Corp,Area,"RFCTLARR Act, 2013",1568.85,33,3660.43,Mixed,False,2018-04-13,2022-10-01,1632,975,6,Award Declaration (Sec 23),55.6,262,4,4,0,False,28.8,False,0,False,False,67.4,32.2,61.4,Fully Digitized,755,19.5,True,61,26,Low,Opposing,2,Adequate,58.0,True,20.4,50.0,100.0,6,Award Declaration (Sec 23),37.5,Medium,25.59506,85.17935,train,False,On-Time,1.0,True,True,183.0,True
SNAP-000190-1,SIH26017-PRJ-000190,2019-07-11,West Bengal,Purba Bardhaman,Renewable Energy Park,State Renewable Energy Agency,Area,"RFCTLARR Act, 2013",397.33,14,8706.37,Agricultural,True,2018-12-22,2020-02-12,417,201,2,Social Impact Assessment (SIA),11.1,26,4,3,1,True,0.0,False,0,False,False,74.1,28.0,52.5,Fully Digitized,36,0.0,False,1,24,High,Opposing,1,Delayed,15.1,True,104.0,25.0,75.0,2,Social Impact Assessment (SIA),30.8,Medium,23.14061,87.94954,train,,,,True,True,95.0,True
SNAP-000190-2,SIH26017-PRJ-000190,2019-11-03,West Bengal,Purba Bardhaman,Renewable Energy Park,State Renewable Energy Agency,Area,"RFCTLARR Act, 2013",397.33,14,8706.37,Agricultural,True,2018-12-22,2020-02-12,417,316,3,Survey & Measurement,22.2,121,4,3,1,True,0.0,False,0,False,False,71.4,28.0,52.5,Fully Digitized,36,0.0,True,1,24,High,Opposing,1,Insufficient,20.2,True,47.5,25.0,75.0,3,Survey & Measurement,34.0,Medium,23.14061,87.94954,train,,,,True,False,0.0,True
SNAP-000190-3,SIH26017-PRJ-000190,2020-02-18,West Bengal,Purba Bardhaman,Renewable Energy Park,State Renewable Energy Agency,Area,"RFCTLARR Act, 2013",397.33,14,8706.37,Agricultural,True,2018-12-22,2020-02-12,417,423,3,Survey & Measurement,33.3,121,4,4,0,False,0.0,False,0,False,False,73.6,29.6,52.5,Fully Digitized,36,0.0,True,1,24,High,Opposing,1,Delayed,24.9,True,31.7,25.0,75.0,4,Draft Declaration,40.5,Medium,23.14061,87.94954,train,,,,True,True,,True
SNAP-000191-1,SIH26017-PRJ-000191,2024-09-16,Bihar,Muzaffarpur,Urban Water Supply/Sewerage,State Water/Municipal Board,Point,"RFCTLARR Act, 2013",40.61,9,697.47,Government-Wasteland,False,2021-03-18,2025-01-27,1411,1278,8,Possession,77.8,622,4,4,0,False,64.3,False,0,False,False,73.8,21.8,,Fully Digitized,5,63.1,True,0,11,Low,Supportive,4,Adequate,68.4,True,27.6,76.7,48.8,8,Possession,26.9,Low,26.23072,85.32762,validation,False,On-Time,-7.0,True,True,56.0,True
SNAP-000192-1,SIH26017-PRJ-000192,2017-05-23,Uttar Pradesh,Lucknow,Industrial Corridor,State Industrial Dev. Corp,Area,"RFCTLARR Act, 2013",905.94,21,14562.32,Homestead-Residential,False,2016-02-04,2020-10-16,1716,474,4,Draft Declaration,33.3,117,4,3,1,True,0.0,False,0,False,False,66.8,34.5,53.3,Not Digitized,444,0.0,True,20,18,Medium,Neutral,2,Insufficient,38.1,False,,,,4,Draft Declaration,45.7,Medium,26.93017,81.09698,train,False,Minor Delay (<=6mo),33.0,True,True,70.0,True
SNAP-000192-2,SIH26017-PRJ-000192,2018-09-08,Uttar Pradesh,Lucknow,Industrial Corridor,State Industrial Dev. Corp,Area,"RFCTLARR Act, 2013",905.94,21,14562.32,Homestead-Residential,False,2016-02-04,2020-10-16,1716,947,7,Compensation Disbursement,66.7,350,4,4,0,False,34.4,False,0,False,False,70.3,33.5,53.3,Not Digitized,444,30.0,True,36,18,Medium,Neutral,3,Delayed,73.6,False,0.0,,,7,Compensation Disbursement,45.4,Medium,26.93017,81.09698,train,False,Minor Delay (<=6mo),33.0,True,True,123.0,True
SNAP-000192-3,SIH26017-PRJ-000192,2019-10-06,Uttar Pradesh,Lucknow,Industrial Corridor,State Industrial Dev. Corp,Area,"RFCTLARR Act, 2013",905.94,21,14562.32,Homestead-Residential,False,2016-02-04,2020-10-16,1716,1340,8,Possession,77.8,473,4,4,0,False,71.5,False,0,False,False,66.9,32.8,53.3,Not Digitized,444,75.4,True,46,18,Medium,Neutral,4,Delayed,98.4,False,0.0,,,8,Possession,47.3,Medium,26.93017,81.09698,train,False,Minor Delay (<=6mo),33.0,True,True,377.0,True
SNAP-000193-1,SIH26017-PRJ-000193,2022-07-31,Uttar Pradesh,Lucknow,Urban Water Supply/Sewerage,State Water/Municipal Board,Point,"RFCTLARR Act, 2013",49.19,4,1793.37,Government-Wasteland,False,2022-05-12,2026-04-28,1447,80,2,Social Impact Assessment (SIA),11.1,23,4,1,2,True,0.0,False,0,False,False,82.7,20.6,,Partially Digitized,2,0.0,False,0,0,Low,Neutral,0,Adequate,6.0,False,33.2,73.3,40.0,2,Social Impact Assessment (SIA),10.1,Low,26.72755,81.07444,train,False,On-Time,-8.0,True,True,111.0,True
SNAP-000194-1,SIH26017-PRJ-000194,2018-11-29,Assam,Kamrup,Urban Water Supply/Sewerage,State Water/Municipal Board,Point,"RFCTLARR Act, 2013",22.72,2,2368.5,Agricultural,False,2018-01-03,2020-10-19,1020,330,4,Draft Declaration,33.3,40,4,4,0,False,0.0,False,0,False,False,60.4,35.5,,Fully Digitized,2,0.0,True,0,9,Low,Opposing,1,Delayed,37.3,True,,75.0,25.0,4,Draft Declaration,14.4,Low,26.09144,91.6576,train,False,On-Time,22.0,True,True,49.0,True
SNAP-000194-2,SIH26017-PRJ-000194,2019-12-19,Assam,Kamrup,Urban Water Supply/Sewerage,State Water/Municipal Board,Point,"RFCTLARR Act, 2013",22.72,2,2368.5,Agricultural,False,2018-01-03,2020-10-19,1020,715,7,Compensation Disbursement,66.7,184,4,4,0,False,35.3,False,0,False,False,61.1,34.6,,Fully Digitized,2,24.8,True,0,9,Low,Opposing,1,Adequate,71.6,True,,61.1,44.4,7,Compensation Disbursement,19.6,Low,26.09144,91.6576,train,False,On-Time,22.0,True,False,20.0,True
SNAP-000195-1,SIH26017-PRJ-000195,2020-01-13,Rajasthan,Jodhpur,Urban Water Supply/Sewerage,State Water/Municipal Board,Point,"RFCTLARR Act, 2013",21.91,4,2077.42,Homestead-Residential,False,2017-06-02,2025-03-15,2843,955,5,Final Declaration (Sec 19),55.6,583,4,4,0,False,6.1,False,0,False,False,56.0,39.7,,Fully Digitized,6,0.8,True,1,10,Medium,Neutral,4,Insufficient,44.4,True,26.5,61.1,44.4,6,Award Declaration (Sec 23),44.5,Medium,26.39647,72.95342,train,False,On-Time,8.0,True,True,243.0,True
SNAP-000196-1,SIH26017-PRJ-000196,2023-08-10,Jharkhand,Ranchi,Mining Project,State Mining Corp,Area,"Coal Bearing Areas Acquisition Act, 1957",1460.05,38,2241.63,Government-Wasteland,False,2022-03-16,2031-12-16,3562,512,2,Social Impact Assessment (SIA),11.1,67,5,4,1,True,0.0,False,0,False,False,65.9,35.2,,Fully Digitized,505,0.0,False,11,35,Medium,Opposing,3,Insufficient,13.7,True,69.5,40.0,70.0,2,Social Impact Assessment (SIA),37.7,Medium,23.41523,85.16117,test,,,,False,True,288.0,True
SNAP-000196-2,SIH26017-PRJ-000196,2024-09-04,Jharkhand,Ranchi,Mining Project,State Mining Corp,Area,"Coal Bearing Areas Acquisition Act, 1957",1460.05,38,2241.63,Government-Wasteland,False,2022-03-16,2031-12-16,3562,903,3,Survey & Measurement,22.2,355,5,5,0,False,0.0,False,0,False,False,64.0,35.0,,Fully Digitized,505,0.0,True,21,35,Medium,Opposing,3,Delayed,24.0,True,90.7,50.0,75.0,3,Survey & Measurement,40.3,Medium,23.41523,85.16117,test,,,,False,True,555.0,True
SNAP-000196-3,SIH26017-PRJ-000196,2025-06-04,Jharkhand,Ranchi,Mining Project,State Mining Corp,Area,"Coal Bearing Areas Acquisition Act, 1957",1460.05,38,2241.63,Government-Wasteland,False,2022-03-16,2031-12-16,3562,1176,3,Survey & Measurement,22.2,355,5,5,0,False,0.0,False,0,False,False,66.9,33.8,,Fully Digitized,505,0.0,True,21,35,Medium,Opposing,4,Insufficient,22.4,True,93.3,45.5,81.8,3,Survey & Measurement,50.0,Medium,23.41523,85.16117,test,,,,False,True,555.0,True
SNAP-000197-1,SIH26017-PRJ-000197,2021-01-05,Kerala,Thiruvananthapuram,Industrial Corridor,State Industrial Dev. Corp,Area,"RFCTLARR Act, 2013",1753.23,40,10903.82,Government-Wasteland,False,2016-10-22,2023-09-17,2521,1536,7,Compensation Disbursement,66.7,794,4,4,0,False,42.7,False,0,False,False,51.2,46.9,60.0,Not Digitized,136,29.6,True,16,40,Medium,Neutral,7,Delayed,54.0,False,-6.0,25.0,100.0,7,Compensation Disbursement,55.8,High,8.65608,77.08024,train,False,Minor Delay (<=6mo),136.0,True,True,608.0,True
SNAP-000198-1,SIH26017-PRJ-000198,2021-11-22,Chhattisgarh,Bastar,Power Transmission Line,POWERGRID/State Transco,Linear,"RFCTLARR Act, 2013",96.0,6,416.15,Agricultural,False,2021-04-22,2022-06-18,422,214,2,Social Impact Assessment (SIA),11.1,50,4,3,1,True,0.0,False,0,False,False,60.1,41.8,,Fully Digitized,11,0.0,False,0,9,Low,Neutral,1,Delayed,14.2,True,43.8,61.9,52.4,2,Social Impact Assessment (SIA),20.8,Low,19.14533,82.02467,train,,,,True,True,147.0,True
SNAP-000198-2,SIH26017-PRJ-000198,2022-05-29,Chhattisgarh,Bastar,Power Transmission Line,POWERGRID/State Transco,Linear,"RFCTLARR Act, 2013",96.0,6,416.15,Agricultural,False,2021-04-22,2022-06-18,422,402,2,Social Impact Assessment (SIA),22.2,197,4,4,0,False,0.0,False,0,False,False,62.8,39.3,,Fully Digitized,11,0.0,True,0,9,Low,Neutral,2,Insufficient,14.8,True,55.3,66.7,45.8,3,Survey & Measurement,31.6,Medium,19.14533,82.02467,train,,,,True,True,,True
SNAP-000199-1,SIH26017-PRJ-000199,2026-08-06,Odisha,Khordha,Industrial Corridor,State Industrial Dev. Corp,Area,"RFCTLARR Act, 2013",3293.29,79,9532.57,Forest,False,2024-01-14,2026-11-22,1043,935,3,Survey & Measurement,22.2,329,5,5,0,False,0.0,False,0,False,False,43.2,57.5,41.0,Partially Digitized,268,0.0,True,12,55,Medium,Opposing,4,Insufficient,25.6,True,106.5,41.7,95.8,3,Survey & Measurement,55.8,High,20.1977,85.7455,train,,,,False,,,False
SNAP-000200-1,SIH26017-PRJ-000200,2023-02-27,Kerala,Thiruvananthapuram,State Highway,State PWD,Linear,"RFCTLARR Act, 2013",99.82,8,1471.33,Forest,True,2021-06-09,2027-10-03,2307,628,3,Survey & Measurement,22.2,250,5,5,0,False,0.0,False,0,False,False,83.9,14.4,,Not Digitized,8,0.0,True,1,13,Medium,Opposing,2,Insufficient,27.4,False,34.7,75.9,55.2,3,Survey & Measurement,36.6,Medium,8.41987,76.9241,train,,,,False,True,153.0,True
SNAP-000201-1,SIH26017-PRJ-000201,2026-06-18,Maharashtra,Pune,Irrigation Canal/Dam,State Irrigation Dept,Linear,"RFCTLARR Act, 2013",1074.87,35,1406.01,Government-Wasteland,False,2021-12-05,2029-01-29,2612,1656,7,Compensation Disbursement,66.7,972,4,4,0,False,45.5,False,0,False,False,68.9,33.2,,Fully Digitized,88,34.7,True,10,28,Medium,Opposing,7,Insufficient,75.5,True,42.8,41.7,75.0,7,Compensation Disbursement,49.0,Medium,18.64036,73.80947,train,,,,False,,,False
SNAP-000202-1,SIH26017-PRJ-000202,2025-11-01,Chhattisgarh,Bastar,Power Transmission Line,POWERGRID/State Transco,Linear,"RFCTLARR Act, 2013",13.61,3,622.48,Homestead-Residential,False,2022-05-31,2025-11-16,1265,1250,9,Mutation & Handover,88.9,547,4,4,0,False,63.0,False,1,False,False,71.3,26.1,,Partially Digitized,6,70.8,True,1,8,Low,Opposing,1,Delayed,86.5,True,91.0,64.4,57.8,9,Mutation & Handover,30.7,Medium,19.0305,81.96304,test,False,Minor Delay (<=6mo),99.0,True,True,99.0,True
SNAP-000203-1,SIH26017-PRJ-000203,2024-09-21,Gujarat,Surat,Renewable Energy Park,State Renewable Energy Agency,Area,"RFCTLARR Act, 2013",2975.15,68,3206.32,Agricultural,False,2023-09-13,2030-04-11,2402,374,2,Social Impact Assessment (SIA),11.1,92,4,3,1,True,0.0,False,0,False,False,53.4,48.0,59.9,Fully Digitized,252,0.0,False,6,68,Medium,Opposing,2,Delayed,13.3,True,97.6,56.2,68.8,2,Social Impact Assessment (SIA),44.1,Medium,21.06086,72.91,train,,,,False,True,266.0,True
SNAP-000203-2,SIH26017-PRJ-000203,2025-10-19,Gujarat,Surat,Renewable Energy Park,State Renewable Energy Agency,Area,"RFCTLARR Act, 2013",2975.15,68,3206.32,Agricultural,False,2023-09-13,2030-04-11,2402,767,3,Survey & Measurement,22.2,358,4,4,0,False,0.0,False,0,False,False,52.9,46.7,59.9,Fully Digitized,252,0.0,True,11,68,Medium,Opposing,3,Insufficient,21.5,True,101.0,57.5,72.5,3,Survey & Measurement,46.6,Medium,21.06086,72.91,train,,,,False,True,251.0,True
SNAP-000204-1,SIH26017-PRJ-000204,2023-03-06,Assam,Dibrugarh,Railway Line/Doubling,Indian Railways,Linear,"Railways Act, 1989",358.06,10,1404.48,Agricultural,True,2020-09-01,2023-01-28,879,916,5,Final Declaration (Sec 19),55.6,423,5,4,0,False,8.1,False,0,False,False,55.2,44.4,,Not Digitized,32,1.1,True,2,19,Medium,Neutral,9,Insufficient,44.9,False,89.7,45.5,72.7,6,Award Declaration (Sec 23),41.6,Medium,27.3327,94.58745,train,,,,True,True,,True
SNAP-000205-1,SIH26017-PRJ-000205,2024-02-19,Rajasthan,Alwar,Airport Expansion,Airports Authority of India,Point,"RFCTLARR Act, 2013",613.0,18,12486.24,Homestead-Residential,False,2024-01-03,2024-05-16,134,47,1,Preliminary Notification (Sec 11),0.0,0,5,0,2,True,0.0,False,0,False,False,46.2,24.3,,Not Digitized,290,0.0,False,0,0,Medium,Opposing,0,Insufficient,3.0,False,102.5,26.7,86.7,1,Preliminary Notification (Sec 11),18.3,Low,27.78008,76.50832,train,,,,True,False,18.0,True
SNAP-000206-1,SIH26017-PRJ-000206,2020-10-20,Maharashtra,Pune,Urban Metro Rail,State Metro Rail Corp,Linear,"RFCTLARR Act, 2013",5.67,7,6081.05,Homestead-Residential,False,2019-03-25,2023-01-27,1404,575,2,Social Impact Assessment (SIA),11.1,91,4,2,1,True,0.0,False,0,False,False,71.7,29.1,,Fully Digitized,3,0.0,False,0,19,Medium,Supportive,3,Delayed,13.5,True,21.8,60.0,60.0,2,Social Impact Assessment (SIA),30.7,Medium,18.29271,73.94366,train,,,,True,True,382.0,True
SNAP-000206-2,SIH26017-PRJ-000206,2022-03-08,Maharashtra,Pune,Urban Metro Rail,State Metro Rail Corp,Linear,"RFCTLARR Act, 2013",5.67,7,6081.05,Homestead-Residential,False,2019-03-25,2023-01-27,1404,1079,4,Draft Declaration,33.3,800,4,3,0,False,0.0,False,0,False,False,71.5,31.0,,Fully Digitized,3,0.0,True,0,19,Medium,Supportive,2,Delayed,23.2,True,21.8,71.4,71.4,4,Draft Declaration,36.9,Medium,18.29271,73.94366,train,,,,True,True,59.0,True
SNAP-000207-1,SIH26017-PRJ-000207,2021-01-25,Tamil Nadu,Tiruchirappalli,Renewable Energy Park,State Renewable Energy Agency,Area,"RFCTLARR Act, 2013",1838.69,42,7457.99,Agricultural,False,2017-10-04,2022-02-06,1586,1209,3,Survey & Measurement,22.2,686,5,5,0,False,0.0,False,0,False,False,70.8,34.7,52.7,Fully Digitized,143,0.0,True,5,35,Medium,Opposing,8,Delayed,29.7,True,19.0,44.4,66.7,3,Survey & Measurement,46.4,Medium,10.53961,78.73714,train,,,,True,True,295.0,True
SNAP-000208-1,SIH26017-PRJ-000208,2023-12-15,Maharashtra,Nagpur,Renewable Energy Park,State Renewable Energy Agency,Area,"RFCTLARR Act, 2013",2136.17,53,7708.34,Mixed,False,2022-08-18,2028-09-18,2223,484,3,Survey & Measurement,22.2,238,4,4,0,False,0.0,False,1,True,False,73.5,26.2,49.3,Not Digitized,1156,0.0,True,45,47,Low,Opposing,2,Insufficient,21.2,False,38.0,51.9,74.1,3,Survey & Measurement,66.7,High,20.94164,79.01125,train,,,,False,True,514.0,True
SNAP-000208-2,SIH26017-PRJ-000208,2025-03-15,Maharashtra,Nagpur,Renewable Energy Park,State Renewable Energy Agency,Area,"RFCTLARR Act, 2013",2136.17,53,7708.34,Mixed,False,2022-08-18,2028-09-18,2223,940,3,Survey & Measurement,22.2,238,4,4,0,False,0.0,False,0,False,False,74.0,24.3,49.3,Not Digitized,1156,0.0,True,48,47,Low,Opposing,8,Insufficient,22.6,False,38.9,57.1,68.6,3,Survey & Measurement,46.9,Medium,20.94164,79.01125,train,,,,False,True,514.0,True
SNAP-000209-1,SIH26017-PRJ-000209,2023-05-05,Odisha,Cuttack,Urban Metro Rail,State Metro Rail Corp,Linear,"RFCTLARR Act, 2013",58.37,2,6609.91,Government-Wasteland,False,2022-05-17,2026-05-05,1449,353,2,Social Impact Assessment (SIA),11.1,55,4,3,1,True,0.0,False,0,False,False,52.3,48.7,,Partially Digitized,19,0.0,False,1,9,Medium,Opposing,1,Insufficient,12.3,False,78.4,62.5,75.0,2,Social Impact Assessment (SIA),31.3,Medium,20.75177,85.97845,train,,,,False,True,159.0,True
SNAP-000209-2,SIH26017-PRJ-000209,2024-08-11,Odisha,Cuttack,Urban Metro Rail,State Metro Rail Corp,Linear,"RFCTLARR Act, 2013",58.37,2,6609.91,Government-Wasteland,False,2022-05-17,2026-05-05,1449,817,5,Final Declaration (Sec 19),44.4,387,4,4,0,False,5.6,False,0,False,False,49.1,50.4,,Partially Digitized,19,0.0,True,1,9,Medium,Opposing,5,Delayed,40.5,False,84.7,63.6,81.8,5,Final Declaration (Sec 19),41.8,Medium,20.75177,85.97845,train,,,,False,True,33.0,True
SNAP-000209-3,SIH26017-PRJ-000209,2025-08-01,Odisha,Cuttack,Urban Metro Rail,State Metro Rail Corp,Linear,"RFCTLARR Act, 2013",58.37,2,6609.91,Government-Wasteland,False,2022-05-17,2026-05-05,1449,1172,7,Compensation Disbursement,66.7,438,4,4,0,False,52.2,False,0,False,False,52.9,49.9,,Partially Digitized,19,42.1,True,2,9,Medium,Opposing,5,Insufficient,53.9,False,102.2,58.3,83.3,7,Compensation Disbursement,51.3,Medium,20.75177,85.97845,train,,,,False,True,85.0,True
SNAP-000210-1,SIH26017-PRJ-000210,2018-07-24,Assam,Dibrugarh,Industrial Corridor,State Industrial Dev. Corp,Area,"RFCTLARR Act, 2013",4204.35,100,952.5,Agricultural,False,2018-01-01,2022-04-18,1568,204,2,Social Impact Assessment (SIA),11.1,44,4,3,1,True,0.0,False,0,False,False,55.3,55.0,55.0,Partially Digitized,342,0.0,False,5,78,Medium,Opposing,0,Insufficient,11.8,False,,,,2,Social Impact Assessment (SIA),48.5,Medium,27.35088,95.13005,train,True,Major Delay (6-18mo),265.0,True,True,142.0,True
SNAP-000211-1,SIH26017-PRJ-000211,2017-11-02,Madhya Pradesh,Indore,National Highway,NHAI,Linear,"National Highways Act, 1956",393.27,6,1569.59,Forest,False,2015-12-21,2017-12-31,741,682,8,Possession,88.9,6,6,5,0,False,90.2,False,0,False,False,96.4,0.0,,Fully Digitized,30,66.1,True,2,8,Medium,Supportive,0,Adequate,78.2,True,-34.0,,,9,Mutation & Handover,9.0,Low,22.52456,75.99613,train,False,On-Time,-15.0,True,False,-15.0,True
SNAP-000212-1,SIH26017-PRJ-000212,2017-07-06,Rajasthan,Alwar,State Highway,State PWD,Linear,"RFCTLARR Act, 2013",110.82,4,813.31,Agricultural,False,2016-07-08,2018-05-13,674,363,4,Draft Declaration,44.4,78,4,4,0,False,0.0,False,0,False,False,83.8,15.4,,Partially Digitized,11,0.0,True,0,12,Low,Neutral,3,Delayed,31.2,False,,,,5,Final Declaration (Sec 19),21.6,Low,27.63192,76.78438,train,,,,True,False,9.0,True
SNAP-000212-2,SIH26017-PRJ-000212,2018-03-24,Rajasthan,Alwar,State Highway,State PWD,Linear,"RFCTLARR Act, 2013",110.82,4,813.31,Agricultural,False,2016-07-08,2018-05-13,674,624,6,Award Declaration (Sec 23),66.7,161,4,4,0,False,29.8,False,0,False,False,82.3,14.7,,Partially Digitized,11,29.5,True,0,12,Low,Neutral,2,Adequate,55.1,False,,100.0,0.0,7,Compensation Disbursement,22.3,Low,27.63192,76.78438,train,,,,True,True,,True
SNAP-000213-1,SIH26017-PRJ-000213,2022-01-10,Karnataka,Bengaluru Rural,Industrial Corridor,State Industrial Dev. Corp,Area,"RFCTLARR Act, 2013",2818.91,82,13039.79,Government-Wasteland,False,2020-07-12,2025-01-23,1656,547,4,Draft Declaration,33.3,230,4,3,0,False,0.0,False,0,False,False,81.6,23.4,73.6,Fully Digitized,200,0.0,True,9,53,Low,Opposing,0,Delayed,24.0,True,3.5,33.3,100.0,4,Draft Declaration,36.7,Medium,13.53512,77.44622,train,False,Minor Delay (<=6mo),31.0,True,False,30.0,True
SNAP-000213-2,SIH26017-PRJ-000213,2023-09-30,Karnataka,Bengaluru Rural,Industrial Corridor,State Industrial Dev. Corp,Area,"RFCTLARR Act, 2013",2818.91,82,13039.79,Government-Wasteland,False,2020-07-12,2025-01-23,1656,1175,7,Compensation Disbursement,66.7,423,4,3,0,False,45.0,False,1,False,True,80.6,23.8,73.6,Fully Digitized,200,31.1,True,22,53,Low,Opposing,5,Delayed,64.1,True,22.2,41.7,91.7,7,Compensation Disbursement,53.3,Medium,13.53512,77.44622,train,False,Minor Delay (<=6mo),31.0,True,True,167.0,True
SNAP-000214-1,SIH26017-PRJ-000214,2016-11-28,Maharashtra,Pune,National Highway,NHAI,Linear,"National Highways Act, 1956",134.36,14,663.14,Homestead-Residential,False,2016-05-02,2019-02-04,1008,210,2,Social Impact Assessment (SIA),11.1,2,6,4,2,True,0.0,False,0,False,False,95.9,5.4,,Partially Digitized,73,0.0,False,1,23,Medium,Opposing,2,Insufficient,15.1,False,,,,2,Social Impact Assessment (SIA),18.1,Low,18.26107,73.97884,test,False,Minor Delay (<=6mo),87.0,True,True,82.0,True
SNAP-000215-1,SIH26017-PRJ-000215,2020-02-26,Odisha,Kalahandi,Irrigation Canal/Dam,State Irrigation Dept,Linear,"RFCTLARR Act, 2013",1680.08,50,4617.71,Agricultural,False,2018-12-16,2021-12-20,1100,437,2,Social Impact Assessment (SIA),11.1,43,5,4,1,True,0.0,False,0,False,False,64.4,39.8,,Partially Digitized,123,0.0,False,2,48,High,Opposing,2,Insufficient,12.7,True,32.0,0.0,100.0,2,Social Impact Assessment (SIA),31.6,Medium,20.15646,83.01462,train,,,,True,True,248.0,True
SNAP-000216-1,SIH26017-PRJ-000216,2022-08-19,Assam,Dibrugarh,State Highway,State PWD,Linear,"RFCTLARR Act, 2013",147.55,10,1122.63,Agricultural,False,2021-04-06,2028-06-02,2614,500,3,Survey & Measurement,22.2,74,4,3,1,True,0.0,False,0,False,False,59.5,48.4,,Partially Digitized,13,0.0,True,1,13,Low,Neutral,0,Insufficient,20.9,False,41.8,76.0,52.0,3,Survey & Measurement,22.2,Low,27.66802,95.10583,validation,,,,False,True,223.0,True
SNAP-000216-2,SIH26017-PRJ-000216,2023-12-03,Assam,Dibrugarh,State Highway,State PWD,Linear,"RFCTLARR Act, 2013",147.55,10,1122.63,Agricultural,False,2021-04-06,2028-06-02,2614,971,5,Final Declaration (Sec 19),44.4,434,4,4,0,False,5.8,False,0,False,False,61.4,46.3,,Partially Digitized,13,1.0,True,1,13,Low,Neutral,4,Insufficient,39.7,False,89.7,78.8,57.6,5,Final Declaration (Sec 19),42.8,Medium,27.66802,95.10583,validation,,,,False,True,481.0,True
SNAP-000216-3,SIH26017-PRJ-000216,2025-07-09,Assam,Dibrugarh,State Highway,State PWD,Linear,"RFCTLARR Act, 2013",147.55,10,1122.63,Agricultural,False,2021-04-06,2028-06-02,2614,1555,6,Award Declaration (Sec 23),55.6,915,4,4,0,False,21.1,False,0,False,False,60.9,47.5,,Partially Digitized,13,21.7,True,1,13,Low,Neutral,9,Insufficient,48.0,False,90.3,82.9,53.7,6,Award Declaration (Sec 23),44.8,Medium,27.66802,95.10583,validation,,,,False,True,411.0,True
SNAP-000217-1,SIH26017-PRJ-000217,2022-02-05,Tamil Nadu,Madurai,Renewable Energy Park,State Renewable Energy Agency,Area,"RFCTLARR Act, 2013",682.46,23,3175.88,Mixed,True,2019-10-12,2023-11-20,1500,847,7,Compensation Disbursement,66.7,246,4,3,0,False,45.7,False,0,False,False,65.2,33.9,73.2,Fully Digitized,319,36.0,True,25,21,Medium,Supportive,3,Delayed,74.2,True,43.7,46.2,69.2,7,Compensation Disbursement,52.5,Medium,10.04825,77.83315,train,False,On-Time,13.0,True,True,363.0,True
SNAP-000218-1,SIH26017-PRJ-000218,2020-04-01,Gujarat,Surat,Special Economic Zone,State SEZ Authority,Area,"RFCTLARR Act, 2013",841.95,27,12486.4,Government-Wasteland,False,2018-09-14,2022-06-29,1384,565,3,Survey & Measurement,22.2,351,4,3,0,False,0.0,False,0,False,False,81.3,19.4,67.6,Partially Digitized,324,0.0,True,8,17,Medium,Opposing,8,Insufficient,17.7,False,87.5,0.0,100.0,3,Survey & Measurement,45.7,Medium,21.34534,73.19287,validation,,,,True,True,218.0,True
SNAP-000218-2,SIH26017-PRJ-000218,2021-07-16,Gujarat,Surat,Special Economic Zone,State SEZ Authority,Area,"RFCTLARR Act, 2013",841.95,27,12486.4,Government-Wasteland,False,2018-09-14,2022-06-29,1384,1036,4,Draft Declaration,33.3,569,4,3,0,False,0.0,False,0,False,False,82.1,21.0,67.6,Partially Digitized,324,0.0,True,19,17,Medium,Opposing,3,Delayed,34.9,False,68.0,0.0,100.0,4,Draft Declaration,44.3,Medium,21.34534,73.19287,validation,,,,True,True,139.0,True
SNAP-000219-1,SIH26017-PRJ-000219,2022-04-20,Assam,Dibrugarh,Irrigation Canal/Dam,State Irrigation Dept,Linear,"RFCTLARR Act, 2013",1365.46,41,2596.99,Agricultural,False,2020-05-09,2025-12-22,2053,711,5,Final Declaration (Sec 19),44.4,243,4,3,0,False,6.4,False,0,False,False,91.6,7.1,,Partially Digitized,98,1.0,True,8,34,Low,Opposing,5,Insufficient,46.1,True,41.8,33.3,88.9,5,Final Declaration (Sec 19),37.1,Medium,27.51223,94.80251,validation,True,Major Delay (6-18mo),215.0,True,True,238.0,True
SNAP-000219-2,SIH26017-PRJ-000219,2022-12-13,Assam,Dibrugarh,Irrigation Canal/Dam,State Irrigation Dept,Linear,"RFCTLARR Act, 2013",1365.46,41,2596.99,Agricultural,False,2020-05-09,2025-12-22,2053,948,6,Award Declaration (Sec 23),55.6,481,4,3,0,False,14.9,False,0,False,False,85.8,5.9,,Partially Digitized,98,9.3,True,9,34,Low,Opposing,6,Insufficient,47.4,True,60.5,38.5,76.9,6,Award Declaration (Sec 23),41.0,Medium,27.51223,94.80251,validation,True,Major Delay (6-18mo),215.0,True,True,157.0,True
SNAP-000219-3,SIH26017-PRJ-000219,2025-04-18,Assam,Dibrugarh,Irrigation Canal/Dam,State Irrigation Dept,Linear,"RFCTLARR Act, 2013",1365.46,41,2596.99,Agricultural,False,2020-05-09,2025-12-22,2053,1805,8,Possession,77.8,987,4,3,0,False,63.8,False,0,False,False,89.9,5.3,,Partially Digitized,98,64.2,True,15,34,Low,Opposing,10,Delayed,72.3,True,90.3,52.6,68.4,8,Possession,46.1,Medium,27.51223,94.80251,validation,True,Major Delay (6-18mo),215.0,True,True,232.0,True
SNAP-000220-1,SIH26017-PRJ-000220,2022-11-12,Madhya Pradesh,Jabalpur,Mining Project,State Mining Corp,Area,"Coal Bearing Areas Acquisition Act, 1957",1558.55,38,3431.31,Homestead-Residential,False,2019-04-25,2023-07-17,1544,1297,7,Compensation Disbursement,66.7,446,5,5,0,False,54.4,False,0,False,False,83.8,17.6,,Not Digitized,734,51.3,True,42,29,Low,Neutral,2,Delayed,69.8,False,2.1,33.3,77.8,7,Compensation Disbursement,32.0,Medium,23.09979,80.1795,validation,False,On-Time,14.0,True,True,173.0,True
SNAP-000221-1,SIH26017-PRJ-000221,2025-04-13,Bihar,Patna,Urban Water Supply/Sewerage,State Water/Municipal Board,Point,"RFCTLARR Act, 2013",22.62,1,1760.42,Mixed,False,2023-06-21,2025-07-16,756,662,8,Possession,77.8,11,4,4,0,False,85.0,False,0,False,False,100.0,1.0,,Partially Digitized,4,87.4,True,0,6,Low,Supportive,1,Adequate,90.1,False,25.7,74.0,50.0,8,Possession,4.7,Low,25.86898,85.54446,train,False,Minor Delay (<=6mo),52.0,True,True,33.0,True
SNAP-000222-1,SIH26017-PRJ-000222,2018-06-22,West Bengal,Purulia,Airport Expansion,Airports Authority of India,Point,"RFCTLARR Act, 2013",1359.34,51,10624.95,Mixed,False,2017-09-13,2023-05-31,2086,282,2,Social Impact Assessment (SIA),11.1,38,5,4,1,False,0.0,False,0,False,False,59.7,48.0,,Partially Digitized,698,0.0,False,15,47,Medium,Opposing,2,Insufficient,14.3,True,104.0,0.0,100.0,2,Social Impact Assessment (SIA),44.3,Medium,23.32041,86.34294,train,False,Minor Delay (<=6mo),130.0,True,True,190.0,True
SNAP-000223-1,SIH26017-PRJ-000223,2020-06-23,Chhattisgarh,Bastar,Irrigation Canal/Dam,State Irrigation Dept,Linear,"RFCTLARR Act, 2013",506.89,18,1502.94,Mixed,True,2019-02-16,2021-01-28,712,493,3,Survey & Measurement,22.2,211,4,4,0,False,0.0,False,0,False,False,41.8,58.7,,Fully Digitized,237,0.0,True,10,8,Medium,Opposing,3,Delayed,31.6,True,33.3,0.0,100.0,3,Survey & Measurement,52.4,Medium,19.23729,82.15378,train,,,,True,True,166.0,True
SNAP-000224-1,SIH26017-PRJ-000224,2019-01-20,Uttar Pradesh,Gautam Buddh Nagar,Railway Line/Doubling,Indian Railways,Linear,"Railways Act, 1989",124.26,4,918.42,Mixed,False,2018-01-20,2021-04-28,1194,365,4,Draft Declaration,33.3,104,6,6,0,False,0.0,False,0,False,False,81.4,11.0,,Fully Digitized,67,0.0,True,2,12,Low,Neutral,1,Delayed,23.2,True,0.0,0.0,100.0,4,Draft Declaration,19.6,Low,28.5305,77.473,train,False,Minor Delay (<=6mo),56.0,True,True,47.0,True
SNAP-000224-2,SIH26017-PRJ-000224,2019-10-07,Uttar Pradesh,Gautam Buddh Nagar,Railway Line/Doubling,Indian Railways,Linear,"Railways Act, 1989",124.26,4,918.42,Mixed,False,2018-01-20,2021-04-28,1194,625,6,Award Declaration (Sec 23),55.6,187,6,6,0,False,19.8,False,0,False,False,83.8,13.0,,Fully Digitized,67,9.1,True,4,12,Low,Neutral,4,Insufficient,42.0,True,0.0,50.0,50.0,6,Award Declaration (Sec 23),30.5,Medium,28.5305,77.473,train,False,Minor Delay (<=6mo),56.0,True,True,43.0,True
SNAP-000224-3,SIH26017-PRJ-000224,2020-09-11,Uttar Pradesh,Gautam Buddh Nagar,Railway Line/Doubling,Indian Railways,Linear,"Railways Act, 1989",124.26,4,918.42,Mixed,False,2018-01-20,2021-04-28,1194,965,7,Compensation Disbursement,66.7,230,6,6,0,False,46.0,False,0,False,False,81.1,13.1,,Fully Digitized,67,30.7,True,5,12,Low,Neutral,3,Adequate,51.9,True,30.6,60.0,40.0,7,Compensation Disbursement,20.4,Low,28.5305,77.473,train,False,Minor Delay (<=6mo),56.0,True,True,94.0,True
SNAP-000225-1,SIH26017-PRJ-000225,2017-04-19,Bihar,Gaya,Renewable Energy Park,State Renewable Energy Agency,Area,"RFCTLARR Act, 2013",1598.89,43,4963.91,Agricultural,False,2016-08-22,2018-05-02,618,240,4,Draft Declaration,33.3,-28,4,3,1,True,0.0,False,0,False,False,76.0,21.8,54.9,Partially Digitized,108,0.0,True,2,31,Low,Neutral,0,Adequate,39.6,True,,,,4,Draft Declaration,13.7,Low,24.67993,85.10356,train,False,On-Time,8.0,True,False,4.0,True
SNAP-000226-1,SIH26017-PRJ-000226,2021-12-27,Bihar,Muzaffarpur,Renewable Energy Park,State Renewable Energy Agency,Area,"RFCTLARR Act, 2013",272.65,7,9398.41,Government-Wasteland,False,2020-12-29,2022-12-30,731,363,6,Award Declaration (Sec 23),55.6,-22,5,5,0,False,9.8,False,0,False,False,78.1,22.1,68.1,Partially Digitized,20,3.2,True,1,6,Low,Supportive,3,Adequate,47.6,True,21.0,46.2,69.2,6,Award Declaration (Sec 23),5.9,Low,26.01178,85.49624,test,False,On-Time,-14.0,True,False,-50.0,True
SNAP-000227-1,SIH26017-PRJ-000227,2022-10-31,Kerala,Thiruvananthapuram,Urban Water Supply/Sewerage,State Water/Municipal Board,Point,"RFCTLARR Act, 2013",9.2,4,693.81,Homestead-Residential,False,2021-03-25,2028-04-26,2589,585,2,Social Impact Assessment (SIA),11.1,172,4,3,1,True,0.0,False,0,False,False,78.5,29.6,,Fully Digitized,3,0.0,False,0,13,Medium,Opposing,2,Insufficient,14.0,True,34.7,73.3,40.0,2,Social Impact Assessment (SIA),41.5,Medium,8.4201,77.26868,train,,,,False,True,280.0,True
SNAP-000227-2,SIH26017-PRJ-000227,2024-12-12,Kerala,Thiruvananthapuram,Urban Water Supply/Sewerage,State Water/Municipal Board,Point,"RFCTLARR Act, 2013",9.2,4,693.81,Homestead-Residential,False,2021-03-25,2028-04-26,2589,1358,6,Award Declaration (Sec 23),55.6,937,4,4,0,False,24.6,False,0,False,False,79.1,27.8,,Fully Digitized,3,19.6,True,0,13,Medium,Opposing,5,Insufficient,52.1,True,84.3,71.7,52.2,6,Award Declaration (Sec 23),37.8,Medium,8.4201,77.26868,train,,,,False,True,116.0,True
SNAP-000228-1,SIH26017-PRJ-000228,2025-04-17,Tamil Nadu,Coimbatore,State Highway,State PWD,Linear,"RFCTLARR Act, 2013",111.18,13,259.01,Agricultural,False,2024-04-27,2027-01-05,983,355,3,Survey & Measurement,22.2,146,4,4,0,False,0.0,False,0,False,False,53.2,56.2,,Partially Digitized,8,0.0,True,0,26,High,Opposing,0,Delayed,22.3,True,53.6,82.5,55.0,3,Survey & Measurement,40.2,Medium,10.99538,76.96468,train,,,,False,False,-5.0,True
SNAP-000229-1,SIH26017-PRJ-000229,2022-03-17,Telangana,Hyderabad,National Highway,NHAI,Linear,"National Highways Act, 1956",344.88,10,5283.24,Homestead-Residential,False,2021-01-21,2023-08-23,944,420,4,Draft Declaration,33.3,146,5,2,1,False,0.0,False,0,False,False,77.2,27.1,,Fully Digitized,172,0.0,True,4,11,Low,Opposing,0,Adequate,34.3,True,39.4,60.7,60.7,4,Draft Declaration,21.0,Low,17.22349,78.42387,validation,,,,True,True,50.0,True
SNAP-000229-2,SIH26017-PRJ-000229,2023-02-22,Telangana,Hyderabad,National Highway,NHAI,Linear,"National Highways Act, 1956",344.88,10,5283.24,Homestead-Residential,False,2021-01-21,2023-08-23,944,762,7,Compensation Disbursement,66.7,237,5,3,0,False,29.7,False,0,False,False,73.8,26.9,,Fully Digitized,172,22.4,True,10,11,Low,Opposing,4,Delayed,63.4,True,40.6,69.4,61.1,7,Compensation Disbursement,37.4,Medium,17.22349,78.42387,validation,,,,True,False,-17.0,True
SNAP-000230-1,SIH26017-PRJ-000230,2019-06-01,Bihar,Muzaffarpur,National Highway,NHAI,Linear,"National Highways Act, 1956",151.18,9,5353.7,Government-Wasteland,False,2017-08-02,2020-05-24,1026,668,6,Award Declaration (Sec 23),55.6,115,5,4,0,False,30.8,False,0,False,False,77.0,16.8,,Not Digitized,11,27.2,True,0,9,Low,Supportive,1,Adequate,68.4,False,21.5,66.7,55.6,6,Award Declaration (Sec 23),1.0,Low,26.12483,85.13213,validation,,,,True,True,72.0,True
SNAP-000231-1,SIH26017-PRJ-000231,2018-08-09,Odisha,Khordha,National Highway,NHAI,Linear,"National Highways Act, 1956",249.79,8,1114.23,Forest,False,2017-11-23,2025-08-11,2818,259,2,Social Impact Assessment (SIA),11.1,27,7,3,4,True,0.0,False,0,False,False,61.9,37.6,,Not Digitized,25,0.0,False,1,22,Medium,Opposing,1,Insufficient,13.1,False,,50.0,66.7,2,Social Impact Assessment (SIA),34.0,Medium,19.93761,85.58021,train,False,Minor Delay (<=6mo),102.0,True,True,66.0,True
SNAP-000232-1,SIH26017-PRJ-000232,2022-11-10,Odisha,Cuttack,Urban Metro Rail,State Metro Rail Corp,Linear,"RFCTLARR Act, 2013",77.07,4,13859.67,Homestead-Residential,False,2021-03-24,2028-11-27,2805,596,2,Social Impact Assessment (SIA),11.1,44,4,4,0,False,0.0,False,0,False,False,45.7,51.0,,Partially Digitized,43,0.0,False,1,11,Medium,Opposing,4,Insufficient,16.1,False,68.7,71.4,71.4,2,Social Impact Assessment (SIA),31.1,Medium,20.56293,85.85311,train,,,,False,True,380.0,True
SNAP-000232-2,SIH26017-PRJ-000232,2024-12-17,Odisha,Cuttack,Urban Metro Rail,State Metro Rail Corp,Linear,"RFCTLARR Act, 2013",77.07,4,13859.67,Homestead-Residential,False,2021-03-24,2028-11-27,2805,1364,6,Award Declaration (Sec 23),55.6,832,4,4,0,False,26.2,False,0,False,False,47.1,48.5,,Partially Digitized,43,21.3,True,4,11,Medium,Opposing,6,Insufficient,64.0,False,84.7,58.3,83.3,6,Award Declaration (Sec 23),46.0,Medium,20.56293,85.85311,train,,,,False,True,194.0,True
SNAP-000233-1,SIH26017-PRJ-000233,2023-01-14,Kerala,Thiruvananthapuram,Railway Line/Doubling,Indian Railways,Linear,"Railways Act, 1989",160.93,7,6377.76,Mixed,False,2019-03-20,2026-06-30,2659,1396,5,Final Declaration (Sec 19),44.4,1014,5,5,0,False,0.0,False,0,False,False,90.0,12.4,,Fully Digitized,72,0.0,True,3,14,Medium,Neutral,8,Delayed,46.1,True,34.7,45.5,72.7,5,Final Declaration (Sec 19),30.9,Medium,8.44901,76.85845,train,,,,False,True,271.0,True
SNAP-000234-1,SIH26017-PRJ-000234,2018-08-22,Odisha,Sundargarh,Urban Water Supply/Sewerage,State Water/Municipal Board,Point,"RFCTLARR Act, 2013",14.86,6,770.75,Homestead-Residential,False,2016-10-21,2023-09-16,2521,670,3,Survey & Measurement,22.2,306,4,3,1,True,0.0,False,0,False,False,64.1,36.0,,Partially Digitized,8,0.0,True,1,11,Low,Neutral,1,Insufficient,20.2,False,,71.4,28.6,3,Survey & Measurement,37.7,Medium,21.92781,84.04989,train,False,Minor Delay (<=6mo),63.0,True,True,152.0,True
SNAP-000234-2,SIH26017-PRJ-000234,2020-05-15,Odisha,Sundargarh,Urban Water Supply/Sewerage,State Water/Municipal Board,Point,"RFCTLARR Act, 2013",14.86,6,770.75,Homestead-Residential,False,2016-10-21,2023-09-16,2521,1302,5,Final Declaration (Sec 19),44.4,709,4,4,0,False,5.1,False,0,False,False,66.3,40.2,,Partially Digitized,8,1.0,True,1,11,Low,Neutral,6,Delayed,38.4,False,32.0,65.0,40.0,5,Final Declaration (Sec 19),37.0,Medium,21.92781,84.04989,train,False,Minor Delay (<=6mo),63.0,True,True,274.0,True
SNAP-000234-3,SIH26017-PRJ-000234,2022-03-23,Odisha,Sundargarh,Urban Water Supply/Sewerage,State Water/Municipal Board,Point,"RFCTLARR Act, 2013",14.86,6,770.75,Homestead-Residential,False,2016-10-21,2023-09-16,2521,1979,7,Compensation Disbursement,66.7,1228,4,4,0,False,37.2,False,0,False,False,64.7,40.7,,Partially Digitized,8,38.7,True,1,11,Low,Neutral,10,Insufficient,53.3,False,68.7,72.4,41.4,7,Compensation Disbursement,43.5,Medium,21.92781,84.04989,train,False,Minor Delay (<=6mo),63.0,True,True,417.0,True
SNAP-000235-1,SIH26017-PRJ-000235,2020-11-18,West Bengal,Purba Bardhaman,Renewable Energy Park,State Renewable Energy Agency,Area,"RFCTLARR Act, 2013",100.14,4,5542.5,Agricultural,False,2018-01-06,2025-03-28,2638,1047,6,Award Declaration (Sec 23),55.6,238,4,4,0,False,29.3,False,0,False,False,57.1,43.8,63.1,Fully Digitized,5,23.2,True,1,12,Medium,Supportive,1,Delayed,52.5,True,27.7,50.0,62.5,6,Award Declaration (Sec 23),37.7,Medium,23.31608,87.70376,train,,,,True,True,427.0,True
SNAP-000235-2,SIH26017-PRJ-000235,2023-06-04,West Bengal,Purba Bardhaman,Renewable Energy Park,State Renewable Energy Agency,Area,"RFCTLARR Act, 2013",100.14,4,5542.5,Agricultural,False,2018-01-06,2025-03-28,2638,1975,7,Compensation Disbursement,66.7,665,4,4,0,False,57.0,False,0,False,False,57.1,44.4,63.1,Fully Digitized,5,40.8,True,1,12,Medium,Supportive,10,Adequate,61.3,True,45.9,54.2,75.0,7,Compensation Disbursement,35.9,Medium,23.31608,87.70376,train,,,,True,True,795.0,True
SNAP-000236-1,SIH26017-PRJ-000236,2023-12-20,Tamil Nadu,Chennai,Irrigation Canal/Dam,State Irrigation Dept,Linear,"RFCTLARR Act, 2013",430.38,12,4880.45,Forest,False,2022-10-10,2025-08-07,1032,436,4,Draft Declaration,33.3,138,5,3,2,True,0.0,False,0,False,False,73.6,30.4,,Partially Digitized,29,0.0,True,1,25,Medium,Opposing,4,Insufficient,29.2,False,36.7,46.7,66.7,4,Draft Declaration,38.6,Medium,13.2108,80.22387,train,,,,True,True,40.0,True
SNAP-000236-2,SIH26017-PRJ-000236,2025-03-20,Tamil Nadu,Chennai,Irrigation Canal/Dam,State Irrigation Dept,Linear,"RFCTLARR Act, 2013",430.38,12,4880.45,Forest,False,2022-10-10,2025-08-07,1032,892,6,Award Declaration (Sec 23),55.6,257,5,4,0,False,31.5,False,1,False,False,76.2,30.1,,Partially Digitized,29,21.0,True,3,25,Medium,Opposing,3,Delayed,55.7,False,53.6,52.6,68.4,6,Award Declaration (Sec 23),44.3,Medium,13.2108,80.22387,train,,,,True,True,168.0,True
SNAP-000237-1,SIH26017-PRJ-000237,2016-05-29,Bihar,Gaya,State Highway,State PWD,Linear,"RFCTLARR Act, 2013",10.05,7,949.91,Forest,False,2015-04-23,2018-01-29,1012,402,4,Draft Declaration,33.3,78,6,4,1,True,0.0,True,1,False,False,57.0,39.8,,Fully Digitized,0,0.0,True,0,9,Medium,Neutral,0,Insufficient,35.6,True,,,,4,Draft Declaration,34.6,Medium,24.72999,85.0604,validation,False,On-Time,28.0,True,True,34.0,True
SNAP-000237-2,SIH26017-PRJ-000237,2017-02-20,Bihar,Gaya,State Highway,State PWD,Linear,"RFCTLARR Act, 2013",10.05,7,949.91,Forest,False,2015-04-23,2018-01-29,1012,669,7,Compensation Disbursement,66.7,186,6,5,0,False,31.6,True,1,False,False,58.0,40.2,,Fully Digitized,0,0.0,True,0,9,Medium,Neutral,1,Delayed,59.0,True,,,,7,Compensation Disbursement,35.3,Medium,24.72999,85.0604,validation,False,On-Time,28.0,True,False,-64.0,True
SNAP-000238-1,SIH26017-PRJ-000238,2021-07-29,Odisha,Khordha,Renewable Energy Park,State Renewable Energy Agency,Area,"RFCTLARR Act, 2013",840.3,18,8428.41,Homestead-Residential,False,2019-03-16,2027-07-17,3045,866,4,Draft Declaration,33.3,533,4,4,0,False,0.0,False,0,False,False,56.8,36.5,49.4,Fully Digitized,409,0.0,True,26,20,Medium,Opposing,3,Delayed,33.4,True,74.4,40.0,70.0,4,Draft Declaration,47.0,Medium,20.53454,85.89327,train,,,,False,True,98.0,True
SNAP-000238-2,SIH26017-PRJ-000238,2024-07-02,Odisha,Khordha,Renewable Energy Park,State Renewable Energy Agency,Area,"RFCTLARR Act, 2013",840.3,18,8428.41,Homestead-Residential,False,2019-03-16,2027-07-17,3045,1935,7,Compensation Disbursement,66.7,1066,4,4,0,False,53.2,False,0,False,False,57.9,35.3,49.4,Fully Digitized,409,38.5,True,51,20,Medium,Opposing,8,Delayed,62.7,True,85.8,56.2,68.8,7,Compensation Disbursement,53.3,Medium,20.53454,85.89327,train,,,,False,True,936.0,True
SNAP-000239-1,SIH26017-PRJ-000239,2022-02-22,Uttar Pradesh,Lucknow,State Highway,State PWD,Linear,"RFCTLARR Act, 2013",56.46,6,183.95,Forest,False,2021-01-16,2024-02-19,1129,402,3,Survey & Measurement,22.2,196,4,4,0,False,0.0,False,0,False,False,85.0,17.1,,Partially Digitized,2,0.0,True,0,12,Low,Opposing,2,Delayed,20.9,True,26.4,77.3,50.0,3,Survey & Measurement,28.9,Low,26.78712,81.13165,validation,False,Minor Delay (<=6mo),112.0,True,True,47.0,True
SNAP-000239-2,SIH26017-PRJ-000239,2023-04-10,Uttar Pradesh,Lucknow,State Highway,State PWD,Linear,"RFCTLARR Act, 2013",56.46,6,183.95,Forest,False,2021-01-16,2024-02-19,1129,814,7,Compensation Disbursement,66.7,234,4,4,0,False,46.4,False,0,False,False,84.7,15.3,,Partially Digitized,2,43.5,True,0,12,Low,Opposing,8,Adequate,61.1,True,31.6,75.9,55.2,7,Compensation Disbursement,23.1,Low,26.78712,81.13165,validation,False,Minor Delay (<=6mo),112.0,True,True,91.0,True
SNAP-000240-1,SIH26017-PRJ-000240,2020-03-21,Gujarat,Surat,Urban Water Supply/Sewerage,State Water/Municipal Board,Point,"RFCTLARR Act, 2013",50.58,3,1014.54,Government-Wasteland,False,2019-02-11,2023-05-12,1551,404,3,Survey & Measurement,22.2,126,5,5,0,False,0.0,False,0,False,False,82.3,14.2,,Partially Digitized,4,0.0,True,0,11,Medium,Neutral,0,Delayed,31.8,False,87.5,61.1,44.4,3,Survey & Measurement,25.2,Low,21.01973,72.78053,validation,False,Minor Delay (<=6mo),152.0,True,True,68.0,True
SNAP-000241-1,SIH26017-PRJ-000241,2021-08-13,Telangana,Hyderabad,Irrigation Canal/Dam,State Irrigation Dept,Linear,"RFCTLARR Act, 2013",1829.24,44,3462.05,Government-Wasteland,False,2019-03-15,2026-11-30,2817,882,2,Social Impact Assessment (SIA),11.1,152,4,3,0,False,0.0,False,0,False,False,75.0,27.7,,Partially Digitized,137,0.0,False,2,33,Low,Supportive,2,Delayed,15.8,False,15.0,20.0,80.0,2,Social Impact Assessment (SIA),29.6,Low,17.46023,78.3044,test,,,,False,True,763.0,True
SNAP-000241-2,SIH26017-PRJ-000241,2024-03-14,Telangana,Hyderabad,Irrigation Canal/Dam,State Irrigation Dept,Linear,"RFCTLARR Act, 2013",1829.24,44,3462.05,Government-Wasteland,False,2019-03-15,2026-11-30,2817,1826,4,Draft Declaration,33.3,1180,4,3,0,False,0.0,False,0,False,False,75.1,26.8,,Partially Digitized,137,0.0,True,6,33,Low,Supportive,6,Delayed,37.0,False,35.5,50.0,68.8,4,Draft Declaration,29.3,Low,17.46023,78.3044,test,,,,False,True,334.0,True
SNAP-000242-1,SIH26017-PRJ-000242,2024-08-10,Assam,Dibrugarh,State Highway,State PWD,Linear,"RFCTLARR Act, 2013",147.56,4,1219.04,Agricultural,True,2023-09-21,2032-09-12,3279,324,2,Social Impact Assessment (SIA),11.1,43,4,3,1,True,0.0,False,0,False,False,53.0,56.0,,Not Digitized,11,0.0,False,0,9,Medium,Neutral,1,Delayed,13.9,False,89.7,81.1,56.8,2,Social Impact Assessment (SIA),29.0,Low,27.40564,95.24039,train,,,,False,True,231.0,True
SNAP-000242-2,SIH26017-PRJ-000242,2025-07-18,Assam,Dibrugarh,State Highway,State PWD,Linear,"RFCTLARR Act, 2013",147.56,4,1219.04,Agricultural,True,2023-09-21,2032-09-12,3279,666,3,Survey & Measurement,22.2,274,4,4,0,False,0.0,False,0,False,False,52.1,53.3,,Not Digitized,11,0.0,True,1,9,Medium,Neutral,2,Insufficient,22.7,False,90.3,82.9,53.7,3,Survey & Measurement,40.1,Medium,27.40564,95.24039,train,,,,False,True,213.0,True
SNAP-000243-1,SIH26017-PRJ-000243,2024-04-11,Telangana,Karimnagar,Industrial Corridor,State Industrial Dev. Corp,Area,"RFCTLARR Act, 2013",3914.41,111,12553.66,Mixed,False,2023-02-14,2029-06-21,2319,422,2,Social Impact Assessment (SIA),11.1,6,4,4,0,False,0.0,False,0,False,False,60.5,32.1,48.4,Partially Digitized,2006,0.0,False,45,78,Medium,Opposing,2,Insufficient,14.7,True,35.5,40.0,93.3,2,Social Impact Assessment (SIA),26.2,Low,18.07389,79.15614,validation,,,,False,True,233.0,True
SNAP-000243-2,SIH26017-PRJ-000243,2025-07-12,Telangana,Karimnagar,Industrial Corridor,State Industrial Dev. Corp,Area,"RFCTLARR Act, 2013",3914.41,111,12553.66,Mixed,False,2023-02-14,2029-06-21,2319,879,4,Draft Declaration,33.3,466,4,4,0,False,0.0,False,0,False,False,61.0,32.1,48.4,Partially Digitized,2006,0.0,True,125,78,Medium,Opposing,6,Insufficient,32.7,True,31.3,44.4,94.4,4,Draft Declaration,50.7,Medium,18.07389,79.15614,validation,,,,False,True,289.0,True
SNAP-000244-1,SIH26017-PRJ-000244,2020-01-15,Chhattisgarh,Durg,Urban Water Supply/Sewerage,State Water/Municipal Board,Point,"RFCTLARR Act, 2013",51.76,3,2438.96,Agricultural,False,2018-10-19,2021-10-28,1105,453,6,Award Declaration (Sec 23),55.6,51,4,4,0,False,13.4,False,0,False,False,88.2,14.0,,Partially Digitized,5,5.2,True,0,11,Low,Neutral,0,Delayed,46.1,True,14.5,61.1,44.4,6,Award Declaration (Sec 23),13.7,Low,20.99295,81.30276,train,False,Minor Delay (<=6mo),111.0,True,True,61.0,True
SNAP-000244-2,SIH26017-PRJ-000244,2021-01-26,Chhattisgarh,Durg,Urban Water Supply/Sewerage,State Water/Municipal Board,Point,"RFCTLARR Act, 2013",51.76,3,2438.96,Agricultural,False,2018-10-19,2021-10-28,1105,830,7,Compensation Disbursement,66.7,112,4,4,0,False,54.6,False,0,False,False,84.8,13.0,,Partially Digitized,5,33.1,True,0,11,Low,Neutral,1,Delayed,68.0,True,42.6,72.0,36.0,7,Compensation Disbursement,22.4,Low,20.99295,81.30276,train,False,Minor Delay (<=6mo),111.0,True,True,195.0,True
SNAP-000245-1,SIH26017-PRJ-000245,2021-05-25,Rajasthan,Jaipur,Mining Project,State Mining Corp,Area,"Coal Bearing Areas Acquisition Act, 1957",790.12,22,1417.02,Forest,False,2019-05-28,2024-11-16,1999,728,4,Draft Declaration,33.3,438,6,6,0,False,0.0,False,0,False,False,56.1,43.8,,Fully Digitized,252,0.0,True,12,21,Low,Neutral,5,Delayed,23.3,True,53.3,40.0,60.0,4,Draft Declaration,44.8,Medium,26.77305,75.91737,train,True,Major Delay (6-18mo),217.0,True,True,104.0,True
SNAP-000245-2,SIH26017-PRJ-000245,2023-06-01,Rajasthan,Jaipur,Mining Project,State Mining Corp,Area,"Coal Bearing Areas Acquisition Act, 1957",790.12,22,1417.02,Forest,False,2019-05-28,2024-11-16,1999,1465,7,Compensation Disbursement,66.7,843,6,6,0,False,34.5,False,0,False,False,54.9,45.2,,Fully Digitized,252,43.3,True,29,21,Low,Neutral,10,Insufficient,54.4,True,94.8,33.3,77.8,7,Compensation Disbursement,40.3,Medium,26.77305,75.91737,train,True,Major Delay (6-18mo),217.0,True,True,122.0,True
SNAP-000246-1,SIH26017-PRJ-000246,2019-09-30,Gujarat,Ahmedabad,Special Economic Zone,State SEZ Authority,Area,"RFCTLARR Act, 2013",2124.35,49,1991.16,Government-Wasteland,False,2018-09-25,2028-01-30,3414,370,2,Social Impact Assessment (SIA),11.1,89,4,4,0,False,0.0,False,0,False,False,45.2,56.9,60.8,Fully Digitized,736,0.0,False,17,35,Medium,Opposing,0,Insufficient,14.2,True,,0.0,100.0,2,Social Impact Assessment (SIA),48.4,Medium,22.962,72.66257,test,,,,False,True,169.0,True
SNAP-000247-1,SIH26017-PRJ-000247,2017-01-20,Rajasthan,Jaipur,Power Transmission Line,POWERGRID/State Transco,Linear,"RFCTLARR Act, 2013",144.84,6,121.43,Agricultural,False,2015-04-13,2019-11-03,1665,648,5,Final Declaration (Sec 19),44.4,207,3,3,0,False,5.7,False,0,False,False,70.6,25.8,,Not Digitized,19,0.9,True,1,18,Low,Neutral,2,Delayed,46.7,False,,,,5,Final Declaration (Sec 19),26.7,Low,26.94733,75.60372,train,False,Minor Delay (<=6mo),58.0,True,True,68.0,True
SNAP-000247-2,SIH26017-PRJ-000247,2018-06-30,Rajasthan,Jaipur,Power Transmission Line,POWERGRID/State Transco,Linear,"RFCTLARR Act, 2013",144.84,6,121.43,Agricultural,False,2015-04-13,2019-11-03,1665,1174,7,Compensation Disbursement,66.7,420,3,3,0,False,48.2,False,1,True,True,71.2,26.7,,Not Digitized,19,34.0,True,2,18,Low,Neutral,3,Adequate,73.6,False,,40.0,80.0,7,Compensation Disbursement,43.2,Medium,26.94733,75.60372,train,False,Minor Delay (<=6mo),58.0,True,True,329.0,True
SNAP-000248-1,SIH26017-PRJ-000248,2018-02-02,West Bengal,Kolkata,Airport Expansion,Airports Authority of India,Point,"RFCTLARR Act, 2013",123.97,2,11058.61,Mixed,False,2016-11-04,2020-12-18,1505,455,3,Survey & Measurement,22.2,154,6,4,1,True,0.0,False,0,False,False,57.9,33.0,,Partially Digitized,58,0.0,True,2,14,Low,Opposing,7,Insufficient,26.2,True,,0.0,100.0,3,Survey & Measurement,31.3,Medium,22.44024,88.3079,train,True,Major Delay (6-18mo),201.0,True,True,67.0,True
SNAP-000248-2,SIH26017-PRJ-000248,2019-04-12,West Bengal,Kolkata,Airport Expansion,Airports Authority of India,Point,"RFCTLARR Act, 2013",123.97,2,11058.61,Mixed,False,2016-11-04,2020-12-18,1505,889,6,Award Declaration (Sec 23),55.6,368,6,5,0,False,26.5,False,0,False,False,62.7,33.1,,Partially Digitized,58,23.1,True,5,14,Low,Opposing,2,Delayed,54.2,True,104.0,0.0,100.0,6,Award Declaration (Sec 23),32.4,Medium,22.44024,88.3079,train,True,Major Delay (6-18mo),201.0,True,True,202.0,True
SNAP-000248-3,SIH26017-PRJ-000248,2020-05-14,West Bengal,Kolkata,Airport Expansion,Airports Authority of India,Point,"RFCTLARR Act, 2013",123.97,2,11058.61,Mixed,False,2016-11-04,2020-12-18,1505,1287,7,Compensation Disbursement,66.7,570,6,5,0,False,46.3,False,1,False,True,61.7,34.7,,Partially Digitized,58,41.9,True,6,14,Low,Opposing,9,Insufficient,64.7,True,24.2,20.0,80.0,7,Compensation Disbursement,45.2,Medium,22.44024,88.3079,train,True,Major Delay (6-18mo),201.0,True,True,107.0,True
SNAP-000249-1,SIH26017-PRJ-000249,2020-09-11,Madhya Pradesh,Chhindwara,Power Transmission Line,POWERGRID/State Transco,Linear,"RFCTLARR Act, 2013",111.18,7,897.24,Government-Wasteland,True,2020-07-20,2022-03-22,610,53,2,Social Impact Assessment (SIA),11.1,2,4,1,2,True,0.0,False,0,False,False,98.3,3.6,,Partially Digitized,9,0.0,False,0,0,Low,Supportive,0,Adequate,6.3,False,-7.0,50.0,62.5,2,Social Impact Assessment (SIA),10.7,Low,21.98295,79.00783,train,False,On-Time,11.0,True,False,-27.0,True
SNAP-000250-1,SIH26017-PRJ-000250,2020-01-07,Assam,Kamrup,Urban Metro Rail,State Metro Rail Corp,Linear,"RFCTLARR Act, 2013",38.28,6,3497.63,Mixed,False,2017-05-26,2024-02-23,2464,956,4,Draft Declaration,33.3,633,4,4,0,False,0.0,False,0,False,False,81.1,16.5,,Fully Digitized,16,0.0,True,1,14,Low,Neutral,2,Insufficient,35.8,True,,60.0,60.0,4,Draft Declaration,34.4,Medium,26.1296,91.88425,test,True,Major Delay (6-18mo),187.0,True,True,33.0,True
SNAP-000250-2,SIH26017-PRJ-000250,2022-04-16,Assam,Kamrup,Urban Metro Rail,State Metro Rail Corp,Linear,"RFCTLARR Act, 2013",38.28,6,3497.63,Mixed,False,2017-05-26,2024-02-23,2464,1786,7,Compensation Disbursement,66.7,1116,4,4,0,False,41.7,False,1,False,False,78.9,17.7,,Fully Digitized,16,31.8,True,2,14,Low,Neutral,10,Insufficient,65.0,True,41.8,71.4,71.4,7,Compensation Disbursement,37.1,Medium,26.1296,91.88425,test,True,Major Delay (6-18mo),187.0,True,True,266.0,True
SNAP-000251-1,SIH26017-PRJ-000251,2016-12-03,Maharashtra,Pune,Power Transmission Line,POWERGRID/State Transco,Linear,"RFCTLARR Act, 2013",66.76,3,364.8,Government-Wasteland,True,2015-12-30,2019-11-18,1419,339,4,Draft Declaration,33.3,50,4,3,0,False,0.0,False,0,False,False,54.8,52.1,,Not Digitized,7,0.0,True,1,7,Low,Neutral,4,Insufficient,34.2,False,,,,4,Draft Declaration,24.0,Low,18.45502,73.78806,train,False,On-Time,9.0,True,True,54.0,True
SNAP-000251-2,SIH26017-PRJ-000251,2017-12-30,Maharashtra,Pune,Power Transmission Line,POWERGRID/State Transco,Linear,"RFCTLARR Act, 2013",66.76,3,364.8,Government-Wasteland,True,2015-12-30,2019-11-18,1419,731,7,Compensation Disbursement,66.7,164,4,3,0,False,44.3,False,2,False,False,59.2,51.8,,Not Digitized,7,31.1,True,1,7,Low,Neutral,3,Delayed,61.8,False,,33.3,100.0,7,Compensation Disbursement,43.3,Medium,18.45502,73.78806,train,False,On-Time,9.0,True,True,406.0,True
SNAP-000251-3,SIH26017-PRJ-000251,2018-12-07,Maharashtra,Pune,Power Transmission Line,POWERGRID/State Transco,Linear,"RFCTLARR Act, 2013",66.76,3,364.8,Government-Wasteland,True,2015-12-30,2019-11-18,1419,1073,7,Compensation Disbursement,66.7,164,4,3,0,False,52.8,False,0,False,False,56.4,53.3,,Not Digitized,7,33.9,True,1,7,Low,Neutral,7,Adequate,58.9,False,-4.0,28.6,85.7,7,Compensation Disbursement,34.7,Medium,18.45502,73.78806,train,False,On-Time,9.0,True,True,406.0,True
SNAP-000252-1,SIH26017-PRJ-000252,2019-11-11,Karnataka,Bengaluru Rural,Power Transmission Line,POWERGRID/State Transco,Linear,"RFCTLARR Act, 2013",37.31,3,1016.08,Forest,False,2019-01-02,2021-05-31,880,313,4,Draft Declaration,33.3,44,5,3,2,True,0.0,False,0,False,False,86.1,17.2,,Partially Digitized,3,0.0,True,0,7,Low,Supportive,1,Delayed,33.0,True,3.0,36.4,72.7,4,Draft Declaration,14.7,Low,13.21514,77.55896,train,False,On-Time,2.0,True,False,1.0,True
SNAP-000252-2,SIH26017-PRJ-000252,2020-07-31,Karnataka,Bengaluru Rural,Power Transmission Line,POWERGRID/State Transco,Linear,"RFCTLARR Act, 2013",37.31,3,1016.08,Forest,False,2019-01-02,2021-05-31,880,576,7,Compensation Disbursement,66.7,104,5,5,0,False,33.0,False,0,False,False,87.3,18.1,,Partially Digitized,3,23.4,True,0,7,Low,Supportive,2,Adequate,57.2,True,-6.2,50.0,62.5,7,Compensation Disbursement,13.2,Low,13.21514,77.55896,train,False,On-Time,2.0,True,False,15.0,True
SNAP-000253-1,SIH26017-PRJ-000253,2015-11-01,Rajasthan,Udaipur,Airport Expansion,Airports Authority of India,Point,"RFCTLARR Act, 2013",728.1,22,9542.8,Homestead-Residential,False,2015-07-29,2016-04-22,268,95,1,Preliminary Notification (Sec 11),0.0,0,5,1,2,True,0.0,False,0,False,False,60.7,33.5,,Partially Digitized,373,0.0,False,1,0,Medium,Opposing,0,Insufficient,6.7,True,,,,1,Preliminary Notification (Sec 11),21.4,Low,24.63976,73.81832,test,,,,True,True,152.0,True
SNAP-000254-1,SIH26017-PRJ-000254,2020-07-28,Odisha,Khordha,National Highway,NHAI,Linear,"National Highways Act, 1956",218.97,14,797.64,Government-Wasteland,False,2017-11-28,2025-02-07,2628,973,5,Final Declaration (Sec 19),44.4,545,6,6,0,False,7.1,False,0,False,False,69.5,23.9,,Partially Digitized,20,1.0,True,1,12,Low,Neutral,2,Delayed,50.0,False,81.5,69.2,53.8,5,Final Declaration (Sec 19),29.4,Low,20.264,85.6573,train,False,Minor Delay (<=6mo),67.0,True,True,252.0,True
SNAP-000254-2,SIH26017-PRJ-000254,2022-10-13,Odisha,Khordha,National Highway,NHAI,Linear,"National Highways Act, 1956",218.97,14,797.64,Government-Wasteland,False,2017-11-28,2025-02-07,2628,1780,6,Award Declaration (Sec 23),55.6,797,6,6,0,False,29.1,False,0,False,False,68.5,24.4,,Partially Digitized,20,21.1,True,2,12,Low,Neutral,4,Delayed,63.0,False,68.7,65.6,62.5,6,Award Declaration (Sec 23),36.9,Medium,20.264,85.6573,train,False,Minor Delay (<=6mo),67.0,True,True,736.0,True
SNAP-000255-1,SIH26017-PRJ-000255,2021-07-12,Jharkhand,Ranchi,Power Transmission Line,POWERGRID/State Transco,Linear,"RFCTLARR Act, 2013",130.8,9,84.41,Agricultural,False,2019-10-28,2023-11-14,1478,623,5,Final Declaration (Sec 19),44.4,219,3,2,0,False,7.6,False,0,False,False,51.4,51.1,,Not Digitized,9,0.8,True,1,10,Low,Opposing,2,Insufficient,37.3,False,72.7,57.9,52.6,5,Final Declaration (Sec 19),32.1,Medium,23.75461,85.48669,train,,,,True,True,98.0,True
SNAP-000256-1,SIH26017-PRJ-000256,2022-06-19,Assam,Dibrugarh,National Highway,NHAI,Linear,"National Highways Act, 1956",64.76,4,1210.35,Government-Wasteland,True,2020-11-07,2025-08-14,1741,589,6,Award Declaration (Sec 23),55.6,204,5,5,0,False,10.0,False,0,False,False,72.9,26.9,,Fully Digitized,7,5.3,True,1,10,Medium,Neutral,4,Insufficient,46.3,True,41.8,60.7,60.7,6,Award Declaration (Sec 23),39.4,Medium,27.50977,95.06218,test,False,Minor Delay (<=6mo),33.0,True,True,623.0,True
SNAP-000256-2,SIH26017-PRJ-000256,2023-11-10,Assam,Dibrugarh,National Highway,NHAI,Linear,"National Highways Act, 1956",64.76,4,1210.35,Government-Wasteland,True,2020-11-07,2025-08-14,1741,1098,6,Award Declaration (Sec 23),55.6,204,5,5,0,False,26.2,False,0,False,False,70.1,26.1,,Fully Digitized,7,18.4,True,1,10,Medium,Neutral,8,Delayed,46.8,True,89.7,66.7,61.9,6,Award Declaration (Sec 23),32.7,Medium,27.50977,95.06218,test,False,Minor Delay (<=6mo),33.0,True,True,623.0,True
SNAP-000257-1,SIH26017-PRJ-000257,2025-02-21,Uttar Pradesh,Varanasi,State Highway,State PWD,Linear,"RFCTLARR Act, 2013",78.89,9,378.09,Agricultural,False,2024-05-12,2026-06-29,778,285,3,Survey & Measurement,22.2,6,4,4,0,False,0.0,False,0,False,False,71.9,33.4,,Partially Digitized,7,0.0,True,0,9,Low,Neutral,1,Insufficient,32.3,True,36.4,82.5,55.0,3,Survey & Measurement,17.6,Low,25.27553,82.86049,train,False,On-Time,-17.0,True,True,32.0,True
SNAP-000258-1,SIH26017-PRJ-000258,2017-10-23,Uttar Pradesh,Lucknow,Mining Project,State Mining Corp,Area,"Coal Bearing Areas Acquisition Act, 1957",389.06,12,4450.49,Government-Wasteland,False,2016-07-26,2019-09-29,1160,454,6,Award Declaration (Sec 23),55.6,-50,5,5,0,False,18.1,False,0,False,False,77.5,17.6,,Partially Digitized,119,13.5,True,5,12,Medium,Neutral,2,Adequate,45.7,True,0.0,50.0,50.0,6,Award Declaration (Sec 23),15.2,Low,26.63953,80.71082,test,False,On-Time,14.0,True,True,37.0,True
SNAP-000259-1,SIH26017-PRJ-000259,2020-12-27,Odisha,Kalahandi,Urban Water Supply/Sewerage,State Water/Municipal Board,Point,"RFCTLARR Act, 2013",3.1,5,1313.64,Homestead-Residential,True,2015-01-01,2023-05-15,3056,2187,6,Award Declaration (Sec 23),55.6,1096,4,4,0,False,29.3,False,0,False,False,67.2,40.5,,Partially Digitized,7,15.1,True,1,18,High,Opposing,9,Insufficient,60.5,False,81.5,72.0,36.0,6,Award Declaration (Sec 23),43.4,Medium,19.60478,82.99291,train,False,On-Time,17.0,True,True,649.0,True
SNAP-000260-1,SIH26017-PRJ-000260,2021-12-20,Madhya Pradesh,Chhindwara,Special Economic Zone,State SEZ Authority,Area,"RFCTLARR Act, 2013",1711.71,43,14011.94,Mixed,False,2019-12-20,2028-06-29,3114,731,4,Draft Declaration,33.3,283,5,5,0,False,0.0,False,0,False,False,56.2,43.8,51.4,Fully Digitized,833,0.0,True,37,29,Low,Neutral,3,Delayed,34.9,True,-4.5,0.0,100.0,4,Draft Declaration,45.6,Medium,21.91948,78.78619,train,,,,False,True,179.0,True
SNAP-000261-1,SIH26017-PRJ-000261,2020-08-27,Chhattisgarh,Raipur,Irrigation Canal/Dam,State Irrigation Dept,Linear,"RFCTLARR Act, 2013",1689.14,48,2090.47,Mixed,False,2015-11-08,2021-10-17,2170,1754,7,Compensation Disbursement,66.7,1089,4,4,0,False,40.2,True,1,False,False,57.3,37.6,,Fully Digitized,897,27.7,True,101,44,Low,Opposing,5,Insufficient,71.0,True,32.2,0.0,100.0,7,Compensation Disbursement,54.6,Medium,21.20011,81.48855,train,False,Minor Delay (<=6mo),45.0,True,True,134.0,True
SNAP-000262-1,SIH26017-PRJ-000262,2016-06-05,Bihar,Gaya,Urban Metro Rail,State Metro Rail Corp,Linear,"RFCTLARR Act, 2013",12.33,5,888.73,Mixed,False,2015-02-07,2019-09-03,1669,484,3,Survey & Measurement,22.2,128,4,3,1,True,0.0,False,0,False,False,84.3,11.4,,Partially Digitized,5,0.0,True,0,20,Low,Opposing,3,Delayed,24.3,False,,,,3,Survey & Measurement,31.9,Medium,24.81626,84.7136,train,False,Minor Delay (<=6mo),65.0,True,True,113.0,True
SNAP-000262-2,SIH26017-PRJ-000262,2017-07-26,Bihar,Gaya,Urban Metro Rail,State Metro Rail Corp,Linear,"RFCTLARR Act, 2013",12.33,5,888.73,Mixed,False,2015-02-07,2019-09-03,1669,900,7,Compensation Disbursement,66.7,247,4,4,0,False,50.2,False,0,False,False,82.1,11.2,,Partially Digitized,5,50.7,True,1,20,Low,Opposing,6,Delayed,64.4,False,34.0,0.0,100.0,7,Compensation Disbursement,28.0,Low,24.81626,84.7136,train,False,Minor Delay (<=6mo),65.0,True,True,342.0,True
SNAP-000262-3,SIH26017-PRJ-000262,2018-09-14,Bihar,Gaya,Urban Metro Rail,State Metro Rail Corp,Linear,"RFCTLARR Act, 2013",12.33,5,888.73,Mixed,False,2015-02-07,2019-09-03,1669,1315,8,Possession,77.8,589,4,4,0,False,61.5,False,0,False,False,81.8,11.9,,Partially Digitized,5,67.0,True,1,20,Low,Opposing,6,Adequate,70.5,False,21.5,66.7,33.3,8,Possession,19.8,Low,24.81626,84.7136,train,False,Minor Delay (<=6mo),65.0,True,True,243.0,True
SNAP-000263-1,SIH26017-PRJ-000263,2021-08-06,Telangana,Karimnagar,Special Economic Zone,State SEZ Authority,Area,"RFCTLARR Act, 2013",84.84,3,5189.82,Agricultural,False,2021-01-07,2023-02-11,765,211,3,Survey & Measurement,22.2,-37,4,3,1,True,0.0,False,0,False,False,82.8,12.6,41.7,Partially Digitized,30,0.0,True,0,7,Low,Not Sought,0,Adequate,26.3,True,18.6,0.0,100.0,3,Survey & Measurement,6.9,Low,18.50951,79.06684,validation,False,On-Time,-31.0,True,False,1.0,True
SNAP-000263-2,SIH26017-PRJ-000263,2022-02-23,Telangana,Karimnagar,Special Economic Zone,State SEZ Authority,Area,"RFCTLARR Act, 2013",84.84,3,5189.82,Agricultural,False,2021-01-07,2023-02-11,765,412,5,Final Declaration (Sec 19),44.4,-61,4,4,0,False,8.3,False,0,False,False,81.2,14.6,41.7,Partially Digitized,30,1.5,True,1,7,Low,Not Sought,1,Adequate,54.3,True,39.4,0.0,100.0,5,Final Declaration (Sec 19),10.6,Low,18.50951,79.06684,validation,False,On-Time,-31.0,True,False,30.0,True
SNAP-000263-3,SIH26017-PRJ-000263,2022-07-09,Telangana,Karimnagar,Special Economic Zone,State SEZ Authority,Area,"RFCTLARR Act, 2013",84.84,3,5189.82,Agricultural,False,2021-01-07,2023-02-11,765,548,7,Compensation Disbursement,66.7,-21,4,4,0,False,35.2,True,1,False,False,82.2,12.5,41.7,Partially Digitized,30,31.1,True,1,7,Low,Not Sought,2,Adequate,64.7,True,39.4,14.3,85.7,7,Compensation Disbursement,12.7,Low,18.50951,79.06684,validation,False,On-Time,-31.0,True,False,-62.0,True
SNAP-000264-1,SIH26017-PRJ-000264,2024-03-13,Assam,Dibrugarh,National Highway,NHAI,Linear,"National Highways Act, 1956",358.21,14,5056.27,Forest,False,2021-07-31,2024-04-17,991,956,4,Draft Declaration,44.4,614,6,6,0,False,0.0,False,1,False,False,70.0,24.3,,Partially Digitized,32,0.0,True,2,18,Medium,Opposing,2,Insufficient,34.0,False,89.7,65.9,63.6,5,Final Declaration (Sec 19),47.4,Medium,27.7454,94.99737,train,,,,True,True,,True
SNAP-000265-1,SIH26017-PRJ-000265,2021-06-20,Assam,Kamrup,Power Transmission Line,POWERGRID/State Transco,Linear,"RFCTLARR Act, 2013",118.48,10,509.88,Agricultural,False,2018-07-27,2022-01-05,1258,1059,7,Compensation Disbursement,66.7,544,4,3,0,False,38.4,True,3,True,True,53.3,52.3,,Partially Digitized,9,22.1,True,1,16,Low,Opposing,5,Delayed,57.4,False,56.7,57.9,52.6,7,Compensation Disbursement,66.9,High,25.9648,91.71193,train,False,On-Time,11.0,True,False,-22.0,True
SNAP-000266-1,SIH26017-PRJ-000266,2024-12-21,Telangana,Karimnagar,Industrial Corridor,State Industrial Dev. Corp,Area,"RFCTLARR Act, 2013",4176.48,100,1982.66,Homestead-Residential,False,2024-07-29,2034-02-10,3483,145,2,Social Impact Assessment (SIA),11.1,20,4,3,1,True,0.0,False,0,False,False,71.9,37.5,71.9,Fully Digitized,2068,0.0,False,20,66,Medium,Neutral,0,Insufficient,9.2,True,31.3,40.0,93.3,2,Social Impact Assessment (SIA),39.8,Medium,18.331,78.93536,train,,,,False,True,127.0,True
SNAP-000267-1,SIH26017-PRJ-000267,2025-05-06,Rajasthan,Alwar,Mining Project,State Mining Corp,Area,"Coal Bearing Areas Acquisition Act, 1957",864.7,28,4621.34,Forest,False,2024-07-18,2034-09-06,3702,292,2,Social Impact Assessment (SIA),11.1,163,6,3,3,True,0.0,False,0,False,False,74.6,25.7,,Partially Digitized,298,0.0,False,3,29,Low,Opposing,1,Insufficient,10.3,True,89.0,47.6,81.0,2,Social Impact Assessment (SIA),41.0,Medium,27.76324,76.63398,train,,,,False,True,388.0,True
SNAP-000267-2,SIH26017-PRJ-000267,2025-12-14,Rajasthan,Alwar,Mining Project,State Mining Corp,Area,"Coal Bearing Areas Acquisition Act, 1957",864.7,28,4621.34,Forest,False,2024-07-18,2034-09-06,3702,514,2,Social Impact Assessment (SIA),11.1,163,6,6,0,False,0.0,False,0,False,False,77.4,26.2,,Partially Digitized,298,0.0,False,7,29,Low,Opposing,2,Insufficient,15.3,True,122.9,45.8,83.3,2,Social Impact Assessment (SIA),33.4,Medium,27.76324,76.63398,train,,,,False,True,388.0,True
SNAP-000268-1,SIH26017-PRJ-000268,2017-04-21,Chhattisgarh,Bastar,National Highway,NHAI,Linear,"National Highways Act, 1956",73.58,5,2207.8,Homestead-Residential,True,2016-12-17,2017-10-01,288,125,2,Social Impact Assessment (SIA),11.1,-13,5,2,1,True,0.0,False,0,False,False,48.3,45.6,,Partially Digitized,40,0.0,False,1,20,Medium,Opposing,0,Insufficient,10.8,True,,,,2,Social Impact Assessment (SIA),25.6,Low,19.29,82.01144,train,,,,True,False,-22.0,True
SNAP-000268-2,SIH26017-PRJ-000268,2017-08-05,Chhattisgarh,Bastar,National Highway,NHAI,Linear,"National Highways Act, 1956",73.58,5,2207.8,Homestead-Residential,True,2016-12-17,2017-10-01,288,231,3,Survey & Measurement,33.3,-28,5,4,1,True,0.0,False,0,False,False,46.3,46.1,,Partially Digitized,40,0.0,True,1,20,Medium,Opposing,1,Delayed,21.8,True,,,,4,Draft Declaration,28.7,Low,19.29,82.01144,train,,,,True,True,,True
SNAP-000268-3,SIH26017-PRJ-000268,2017-11-16,Chhattisgarh,Bastar,National Highway,NHAI,Linear,"National Highways Act, 1956",73.58,5,2207.8,Homestead-Residential,True,2016-12-17,2017-10-01,288,334,3,Survey & Measurement,33.3,-28,5,4,1,True,0.0,False,0,False,False,50.9,48.2,,Partially Digitized,40,0.0,True,1,20,Medium,Opposing,3,Insufficient,22.8,True,,0.0,100.0,4,Draft Declaration,32.0,Medium,19.29,82.01144,train,,,,True,True,,True
SNAP-000269-1,SIH26017-PRJ-000269,2024-02-07,Bihar,Gaya,Power Transmission Line,POWERGRID/State Transco,Linear,"RFCTLARR Act, 2013",66.94,4,1132.39,Homestead-Residential,False,2022-10-21,2024-04-09,536,474,5,Final Declaration (Sec 19),55.6,102,4,3,0,False,5.7,False,0,False,False,79.6,18.6,,Partially Digitized,34,1.5,True,2,8,Low,Opposing,3,Delayed,46.7,True,28.9,70.3,56.8,6,Award Declaration (Sec 23),24.0,Low,25.0434,85.02698,train,,,,True,True,,True
SNAP-000270-1,SIH26017-PRJ-000270,2024-12-29,West Bengal,Howrah,Industrial Corridor,State Industrial Dev. Corp,Area,"RFCTLARR Act, 2013",3164.32,87,16439.92,Agricultural,False,2021-08-09,2024-07-25,1081,1238,2,Social Impact Assessment (SIA),22.2,819,4,4,0,False,0.0,True,1,False,False,78.0,22.9,52.6,Partially Digitized,234,0.0,True,5,61,Medium,Opposing,3,Insufficient,12.5,False,58.8,40.0,93.3,3,Survey & Measurement,53.6,Medium,22.89812,88.3477,train,,,,True,True,,True
SNAP-000271-1,SIH26017-PRJ-000271,2019-10-01,Karnataka,Bengaluru Rural,State Highway,State PWD,Linear,"RFCTLARR Act, 2013",64.23,5,1783.92,Agricultural,False,2017-01-26,2022-03-06,1865,978,6,Award Declaration (Sec 23),55.6,466,4,4,0,False,28.3,True,1,False,True,73.3,22.9,,Not Digitized,3,21.8,True,0,11,Medium,Neutral,2,Delayed,48.4,False,3.0,75.0,50.0,6,Award Declaration (Sec 23),37.5,Medium,12.93175,77.56176,train,True,Major Delay (6-18mo),214.0,True,True,198.0,True
SNAP-000272-1,SIH26017-PRJ-000272,2021-01-07,Karnataka,Ballari,Power Transmission Line,POWERGRID/State Transco,Linear,"RFCTLARR Act, 2013",65.08,5,828.98,Agricultural,False,2018-03-17,2023-09-03,1996,1027,7,Compensation Disbursement,66.7,338,4,4,0,False,39.9,False,0,False,False,67.4,30.9,,Partially Digitized,7,38.4,True,1,9,Low,Opposing,1,Insufficient,68.8,False,-6.2,52.9,58.8,7,Compensation Disbursement,33.9,Medium,15.20264,76.78356,validation,True,Major Delay (6-18mo),251.0,True,True,572.0,True
SNAP-000273-1,SIH26017-PRJ-000273,2025-03-12,Gujarat,Ahmedabad,Urban Water Supply/Sewerage,State Water/Municipal Board,Point,"RFCTLARR Act, 2013",39.39,3,1748.62,Mixed,False,2022-05-24,2025-09-24,1219,1023,7,Compensation Disbursement,77.8,409,4,4,0,False,40.5,True,2,False,True,80.2,23.2,,Not Digitized,13,49.3,True,1,14,Medium,Neutral,4,Delayed,54.6,False,109.0,72.9,50.0,8,Possession,47.2,Medium,23.01956,72.70401,train,False,On-Time,12.0,True,True,72.0,True
SNAP-000274-1,SIH26017-PRJ-000274,2021-03-13,Karnataka,Belagavi,Industrial Corridor,State Industrial Dev. Corp,Area,"RFCTLARR Act, 2013",1082.31,33,9246.5,Homestead-Residential,False,2017-03-20,2029-09-21,4568,1454,5,Final Declaration (Sec 19),44.4,1005,4,4,0,False,2.6,True,1,False,False,60.2,39.8,70.4,Partially Digitized,541,0.0,True,43,30,Medium,Opposing,3,Insufficient,45.2,True,-6.2,25.0,100.0,5,Final Declaration (Sec 19),56.4,High,15.74024,74.59347,train,,,,False,True,411.0,True
SNAP-000275-1,SIH26017-PRJ-000275,2017-04-16,Odisha,Cuttack,Irrigation Canal/Dam,State Irrigation Dept,Linear,"RFCTLARR Act, 2013",858.73,30,1541.78,Agricultural,False,2016-05-13,2018-05-10,727,338,4,Draft Declaration,33.3,-9,5,4,1,True,0.0,False,0,False,False,69.5,20.7,,Partially Digitized,78,0.0,True,4,15,Low,Neutral,2,Delayed,35.4,True,,,,4,Draft Declaration,13.4,Low,20.65182,85.6767,validation,,,,True,True,73.0,True
SNAP-000275-2,SIH26017-PRJ-000275,2017-12-21,Odisha,Cuttack,Irrigation Canal/Dam,State Irrigation Dept,Linear,"RFCTLARR Act, 2013",858.73,30,1541.78,Agricultural,False,2016-05-13,2018-05-10,727,587,5,Final Declaration (Sec 19),44.4,64,5,4,1,True,4.7,False,0,False,False,69.5,21.5,,Partially Digitized,78,0.9,True,6,15,Low,Neutral,4,Insufficient,48.6,True,,,,5,Final Declaration (Sec 19),38.8,Medium,20.65182,85.6767,validation,,,,True,True,141.0,True
SNAP-000276-1,SIH26017-PRJ-000276,2022-01-29,Chhattisgarh,Durg,Railway Line/Doubling,Indian Railways,Linear,"Railways Act, 1989",293.48,7,8813.94,Agricultural,False,2021-04-09,2028-08-22,2692,295,2,Social Impact Assessment (SIA),11.1,105,5,3,1,True,0.0,False,0,False,False,65.0,35.2,,Fully Digitized,21,0.0,False,1,14,Medium,Neutral,2,Insufficient,17.5,True,44.0,50.0,70.0,2,Social Impact Assessment (SIA),33.1,Medium,21.11012,81.44425,validation,,,,False,True,280.0,True
SNAP-000277-1,SIH26017-PRJ-000277,2025-06-17,Telangana,Karimnagar,Renewable Energy Park,State Renewable Energy Agency,Area,"RFCTLARR Act, 2013",2403.13,66,4686.44,Forest,False,2022-09-09,2025-07-10,1035,1012,9,Mutation & Handover,88.9,266,6,6,0,False,69.6,False,0,False,False,65.3,35.5,56.6,Partially Digitized,170,48.2,True,16,47,Low,Neutral,3,Delayed,70.0,False,31.3,55.6,69.4,9,Mutation & Handover,47.1,Medium,18.52318,78.91463,train,False,Minor Delay (<=6mo),42.0,True,True,42.0,True
SNAP-000278-1,SIH26017-PRJ-000278,2018-07-19,Gujarat,Surat,State Highway,State PWD,Linear,"RFCTLARR Act, 2013",107.59,6,1588.97,Agricultural,False,2017-02-19,2022-09-26,2045,515,4,Draft Declaration,33.3,143,4,4,0,False,0.0,False,0,False,False,60.0,42.2,,Partially Digitized,9,0.0,True,1,10,Low,Opposing,0,Insufficient,35.7,False,,100.0,0.0,4,Draft Declaration,30.4,Medium,20.82939,72.84536,test,False,Minor Delay (<=6mo),139.0,True,True,109.0,True
SNAP-000278-2,SIH26017-PRJ-000278,2019-11-20,Gujarat,Surat,State Highway,State PWD,Linear,"RFCTLARR Act, 2013",107.59,6,1588.97,Agricultural,False,2017-02-19,2022-09-26,2045,1004,6,Award Declaration (Sec 23),55.6,301,4,4,0,False,29.1,False,0,False,False,60.1,41.4,,Partially Digitized,9,22.6,True,1,10,Low,Opposing,2,Delayed,49.3,False,129.0,80.0,60.0,6,Award Declaration (Sec 23),37.6,Medium,20.82939,72.84536,test,False,Minor Delay (<=6mo),139.0,True,True,443.0,True
SNAP-000278-3,SIH26017-PRJ-000278,2021-11-04,Gujarat,Surat,State Highway,State PWD,Linear,"RFCTLARR Act, 2013",107.59,6,1588.97,Agricultural,False,2017-02-19,2022-09-26,2045,1719,7,Compensation Disbursement,77.8,1137,4,4,0,False,48.9,False,0,False,False,59.2,39.9,,Partially Digitized,9,45.2,True,1,10,Low,Opposing,8,Delayed,64.7,False,68.0,81.2,50.0,8,Possession,34.4,Medium,20.82939,72.84536,test,False,Minor Delay (<=6mo),139.0,True,True,197.0,True
SNAP-000279-1,SIH26017-PRJ-000279,2019-05-18,Jharkhand,Ranchi,Mining Project,State Mining Corp,Area,"Coal Bearing Areas Acquisition Act, 1957",718.79,25,3812.7,Mixed,False,2017-06-02,2023-01-10,2048,715,5,Final Declaration (Sec 19),44.4,204,5,5,0,False,5.9,False,0,False,False,64.3,31.8,,Not Digitized,360,0.9,True,28,21,Medium,Opposing,7,Insufficient,46.9,False,,33.3,66.7,5,Final Declaration (Sec 19),42.9,Medium,23.4193,85.26079,validation,,,,True,True,274.0,True
SNAP-000279-2,SIH26017-PRJ-000279,2020-10-02,Jharkhand,Ranchi,Mining Project,State Mining Corp,Area,"Coal Bearing Areas Acquisition Act, 1957",718.79,25,3812.7,Mixed,False,2017-06-02,2023-01-10,2048,1218,6,Award Declaration (Sec 23),55.6,478,5,5,0,False,23.8,False,0,False,False,65.3,32.5,,Not Digitized,360,19.3,True,35,21,Medium,Opposing,5,Insufficient,56.9,False,72.7,50.0,50.0,6,Award Declaration (Sec 23),57.3,High,23.4193,85.26079,validation,,,,True,True,181.0,True
SNAP-000279-3,SIH26017-PRJ-000279,2022-03-31,Jharkhand,Ranchi,Mining Project,State Mining Corp,Area,"Coal Bearing Areas Acquisition Act, 1957",718.79,25,3812.7,Mixed,False,2017-06-02,2023-01-10,2048,1763,7,Compensation Disbursement,66.7,659,5,5,0,False,43.7,False,0,False,False,66.2,31.2,,Not Digitized,360,36.4,True,41,21,Medium,Opposing,3,Insufficient,68.8,False,69.5,37.5,75.0,7,Compensation Disbursement,55.7,High,23.4193,85.26079,validation,,,,True,True,540.0,True
SNAP-000280-1,SIH26017-PRJ-000280,2022-08-07,Maharashtra,Nagpur,Urban Water Supply/Sewerage,State Water/Municipal Board,Point,"RFCTLARR Act, 2013",7.56,6,729.09,Homestead-Residential,False,2021-02-05,2023-09-21,958,548,6,Award Declaration (Sec 23),55.6,192,4,4,0,False,12.8,True,1,False,False,76.6,23.5,,Fully Digitized,5,4.5,True,0,5,Medium,Supportive,3,Delayed,54.1,True,21.8,73.3,40.0,6,Award Declaration (Sec 23),39.5,Medium,21.16873,79.03565,train,False,On-Time,-8.0,True,True,45.0,True
SNAP-000281-1,SIH26017-PRJ-000281,2026-04-27,Assam,Kamrup,Special Economic Zone,State SEZ Authority,Area,"RFCTLARR Act, 2013",2874.1,82,3971.75,Homestead-Residential,False,2024-07-05,2034-11-16,3786,661,3,Survey & Measurement,22.2,426,4,4,0,False,0.0,False,0,False,False,78.9,21.2,38.6,Fully Digitized,1392,0.0,True,42,57,Medium,Opposing,2,Insufficient,15.9,True,95.9,35.0,85.0,3,Survey & Measurement,42.2,Medium,26.16165,91.76232,test,,,,False,,,False
SNAP-000282-1,SIH26017-PRJ-000282,2020-12-05,Odisha,Cuttack,Renewable Energy Park,State Renewable Energy Agency,Area,"RFCTLARR Act, 2013",1376.69,45,9108.63,Mixed,False,2020-07-23,2022-03-12,597,135,2,Social Impact Assessment (SIA),11.1,2,5,3,2,True,0.0,False,0,False,False,63.9,39.8,62.1,Not Digitized,701,0.0,False,9,32,Medium,Opposing,1,Insufficient,9.1,False,81.5,50.0,62.5,2,Social Impact Assessment (SIA),33.4,Medium,20.38851,85.83644,train,,,,True,True,341.0,True
SNAP-000283-1,SIH26017-PRJ-000283,2023-03-29,Bihar,Muzaffarpur,Power Transmission Line,POWERGRID/State Transco,Linear,"RFCTLARR Act, 2013",114.34,3,1331.7,Mixed,False,2022-10-24,2023-05-19,207,156,2,Social Impact Assessment (SIA),22.2,-17,4,3,1,True,0.0,False,0,False,False,83.4,15.9,,Partially Digitized,80,0.0,True,1,13,Low,Neutral,1,Delayed,13.8,False,28.9,68.8,50.0,3,Survey & Measurement,17.1,Low,25.97541,85.06642,train,,,,True,True,,True
SNAP-000283-2,SIH26017-PRJ-000283,2023-06-27,Bihar,Muzaffarpur,Power Transmission Line,POWERGRID/State Transco,Linear,"RFCTLARR Act, 2013",114.34,3,1331.7,Mixed,False,2022-10-24,2023-05-19,207,246,2,Social Impact Assessment (SIA),22.2,-17,4,4,0,False,0.0,False,0,False,False,88.2,15.1,,Partially Digitized,80,0.0,True,1,13,Low,Neutral,0,Delayed,13.6,False,28.9,70.6,52.9,3,Survey & Measurement,5.7,Low,25.97541,85.06642,train,,,,True,True,,True
SNAP-000284-1,SIH26017-PRJ-000284,2019-10-04,Odisha,Kalahandi,National Highway,NHAI,Linear,"National Highways Act, 1956",112.11,4,473.47,Agricultural,False,2018-10-07,2021-02-08,855,362,4,Draft Declaration,33.3,46,5,3,2,True,0.0,False,1,False,True,65.0,39.4,,Not Digitized,7,0.0,True,1,18,Low,Opposing,0,Delayed,37.9,False,32.0,66.7,55.6,4,Draft Declaration,24.7,Low,19.88788,83.25422,train,False,Minor Delay (<=6mo),46.0,True,True,33.0,True
SNAP-000284-2,SIH26017-PRJ-000284,2020-05-11,Odisha,Kalahandi,National Highway,NHAI,Linear,"National Highways Act, 1956",112.11,4,473.47,Agricultural,False,2018-10-07,2021-02-08,855,582,6,Award Declaration (Sec 23),55.6,143,5,5,0,False,18.1,False,1,False,True,62.1,37.0,,Not Digitized,7,13.3,True,1,18,Low,Opposing,2,Delayed,50.8,False,32.0,63.6,54.5,6,Award Declaration (Sec 23),37.3,Medium,19.88788,83.25422,train,False,Minor Delay (<=6mo),46.0,True,False,8.0,True
SNAP-000285-1,SIH26017-PRJ-000285,2023-12-23,Bihar,Muzaffarpur,State Highway,State PWD,Linear,"RFCTLARR Act, 2013",187.59,7,923.06,Agricultural,False,2023-04-24,2025-05-02,739,243,3,Survey & Measurement,22.2,8,4,3,1,True,0.0,False,1,True,False,88.0,16.7,,Partially Digitized,19,0.0,True,0,13,Low,Opposing,2,Delayed,32.1,False,28.9,79.4,58.8,3,Survey & Measurement,29.9,Low,26.31067,85.65304,validation,False,On-Time,18.0,True,False,5.0,True
SNAP-000285-2,SIH26017-PRJ-000285,2024-08-29,Bihar,Muzaffarpur,State Highway,State PWD,Linear,"RFCTLARR Act, 2013",187.59,7,923.06,Agricultural,False,2023-04-24,2025-05-02,739,493,7,Compensation Disbursement,66.7,15,4,4,0,False,39.7,False,0,False,False,86.3,15.1,,Partially Digitized,19,28.7,True,1,13,Low,Opposing,1,Delayed,75.4,False,27.6,81.6,57.9,7,Compensation Disbursement,8.3,Low,26.31067,85.65304,validation,False,On-Time,18.0,True,False,16.0,True
SNAP-000286-1,SIH26017-PRJ-000286,2015-10-15,Madhya Pradesh,Jabalpur,Mining Project,State Mining Corp,Area,"Coal Bearing Areas Acquisition Act, 1957",71.06,7,6135.63,Forest,False,2015-03-03,2016-11-25,633,226,3,Survey & Measurement,22.2,-107,6,3,3,True,0.0,False,0,False,False,100.0,0.8,,Partially Digitized,24,0.0,True,0,8,Low,Not Sought,0,Delayed,32.7,False,,,,3,Survey & Measurement,13.0,Low,23.50464,79.98294,train,False,On-Time,-34.0,True,False,19.0,True
SNAP-000286-2,SIH26017-PRJ-000286,2016-04-19,Madhya Pradesh,Jabalpur,Mining Project,State Mining Corp,Area,"Coal Bearing Areas Acquisition Act, 1957",71.06,7,6135.63,Forest,False,2015-03-03,2016-11-25,633,413,7,Compensation Disbursement,66.7,-189,6,4,2,True,29.2,False,0,False,False,100.0,2.0,,Partially Digitized,24,29.0,True,1,8,Low,Not Sought,0,Adequate,67.2,False,,,,7,Compensation Disbursement,8.7,Low,23.50464,79.98294,train,False,On-Time,-34.0,True,False,-84.0,True
SNAP-000287-1,SIH26017-PRJ-000287,2021-07-22,Uttar Pradesh,Gautam Buddh Nagar,Mining Project,State Mining Corp,Area,"Coal Bearing Areas Acquisition Act, 1957",1505.04,34,6921.85,Government-Wasteland,False,2018-08-02,2024-12-16,2328,1085,7,Compensation Disbursement,66.7,364,5,4,0,False,45.2,False,0,False,False,79.1,23.1,,Not Digitized,504,26.0,True,35,25,Medium,Neutral,0,Delayed,66.6,False,33.2,40.0,60.0,7,Compensation Disbursement,39.7,Medium,28.67867,77.73038,train,False,Minor Delay (<=6mo),69.0,True,True,826.0,True
SNAP-000288-1,SIH26017-PRJ-000288,2017-01-23,Rajasthan,Jaipur,Special Economic Zone,State SEZ Authority,Area,"RFCTLARR Act, 2013",1378.44,38,9328.02,Forest,False,2015-12-02,2016-06-18,199,418,1,Preliminary Notification (Sec 11),11.1,57,6,6,0,False,0.0,False,0,False,False,53.4,43.0,66.9,Partially Digitized,532,0.0,False,1,0,Medium,Opposing,3,Insufficient,6.4,True,,0.0,100.0,2,Social Impact Assessment (SIA),36.6,Medium,26.81854,75.7412,test,,,,True,True,,True
SNAP-000289-1,SIH26017-PRJ-000289,2020-03-06,Gujarat,Rajkot,State Highway,State PWD,Linear,"RFCTLARR Act, 2013",115.19,5,516.46,Agricultural,False,2019-04-23,2022-06-26,1160,318,3,Survey & Measurement,22.2,79,4,2,1,True,0.0,False,0,False,False,69.0,35.1,,Fully Digitized,9,0.0,True,0,10,Low,Neutral,4,Delayed,29.1,True,87.5,77.8,66.7,3,Survey & Measurement,30.3,Medium,22.2312,70.95377,validation,False,Minor Delay (<=6mo),31.0,True,True,43.0,True
SNAP-000289-2,SIH26017-PRJ-000289,2021-02-03,Gujarat,Rajkot,State Highway,State PWD,Linear,"RFCTLARR Act, 2013",115.19,5,516.46,Agricultural,False,2019-04-23,2022-06-26,1160,652,5,Final Declaration (Sec 19),44.4,186,4,3,0,False,6.2,False,0,False,False,68.1,35.2,,Fully Digitized,9,1.1,True,0,10,Low,Neutral,4,Delayed,49.6,True,68.0,85.7,50.0,5,Final Declaration (Sec 19),31.1,Medium,22.2312,70.95377,validation,False,Minor Delay (<=6mo),31.0,True,True,163.0,True
SNAP-000289-3,SIH26017-PRJ-000289,2021-10-02,Gujarat,Rajkot,State Highway,State PWD,Linear,"RFCTLARR Act, 2013",115.19,5,516.46,Agricultural,False,2019-04-23,2022-06-26,1160,893,7,Compensation Disbursement,66.7,416,4,3,0,False,25.5,False,0,False,False,67.7,35.7,,Fully Digitized,9,25.4,True,0,10,Low,Neutral,4,Delayed,66.5,True,68.0,81.2,50.0,7,Compensation Disbursement,29.6,Low,22.2312,70.95377,validation,False,Minor Delay (<=6mo),31.0,True,False,-5.0,True
SNAP-000290-1,SIH26017-PRJ-000290,2018-08-28,Kerala,Ernakulam,Irrigation Canal/Dam,State Irrigation Dept,Linear,"RFCTLARR Act, 2013",1849.48,55,4314.57,Agricultural,False,2016-03-25,2024-05-05,2963,886,5,Final Declaration (Sec 19),44.4,472,4,4,0,False,1.3,False,0,False,False,70.4,37.8,,Partially Digitized,145,0.0,True,12,64,High,Opposing,8,Insufficient,41.0,False,,,,5,Final Declaration (Sec 19),45.6,Medium,10.02214,76.36071,validation,,,,True,True,103.0,True
SNAP-000290-2,SIH26017-PRJ-000290,2020-06-23,Kerala,Ernakulam,Irrigation Canal/Dam,State Irrigation Dept,Linear,"RFCTLARR Act, 2013",1849.48,55,4314.57,Agricultural,False,2016-03-25,2024-05-05,2963,1551,7,Compensation Disbursement,66.7,940,4,4,0,False,17.1,False,0,False,False,71.4,35.4,,Partially Digitized,145,18.6,True,17,64,High,Opposing,6,Insufficient,55.6,False,,0.0,100.0,7,Compensation Disbursement,50.6,Medium,10.02214,76.36071,validation,,,,True,True,1232.0,True
SNAP-000290-3,SIH26017-PRJ-000290,2022-06-02,Kerala,Ernakulam,Irrigation Canal/Dam,State Irrigation Dept,Linear,"RFCTLARR Act, 2013",1849.48,55,4314.57,Agricultural,False,2016-03-25,2024-05-05,2963,2260,7,Compensation Disbursement,66.7,940,4,4,0,False,24.3,True,1,False,False,70.3,36.5,,Partially Digitized,145,29.0,True,18,64,High,Opposing,10,Insufficient,57.2,False,-6.0,36.4,81.8,7,Compensation Disbursement,56.6,High,10.02214,76.36071,validation,,,,True,True,1232.0,True
SNAP-000291-1,SIH26017-PRJ-000291,2018-02-01,Gujarat,Vadodara,Urban Water Supply/Sewerage,State Water/Municipal Board,Point,"RFCTLARR Act, 2013",54.99,3,1077.26,Government-Wasteland,False,2016-07-23,2020-07-09,1447,558,3,Survey & Measurement,22.2,157,4,4,0,False,0.0,False,0,False,False,79.2,19.5,,Not Digitized,7,0.0,True,0,6,Low,Neutral,1,Adequate,28.3,False,,100.0,0.0,3,Survey & Measurement,18.0,Low,22.0642,73.3658,train,False,On-Time,29.0,True,True,166.0,True
SNAP-000291-2,SIH26017-PRJ-000291,2019-02-04,Gujarat,Vadodara,Urban Water Supply/Sewerage,State Water/Municipal Board,Point,"RFCTLARR Act, 2013",54.99,3,1077.26,Government-Wasteland,False,2016-07-23,2020-07-09,1447,926,6,Award Declaration (Sec 23),55.6,528,4,4,0,False,13.5,False,0,False,False,79.1,20.5,,Not Digitized,7,7.3,True,0,6,Low,Neutral,4,Adequate,49.7,False,,63.6,36.4,6,Award Declaration (Sec 23),23.0,Low,22.0642,73.3658,train,False,On-Time,29.0,True,True,74.0,True
SNAP-000292-1,SIH26017-PRJ-000292,2022-01-05,Karnataka,Belagavi,Mining Project,State Mining Corp,Area,"Coal Bearing Areas Acquisition Act, 1957",149.73,3,3366.59,Forest,True,2020-12-26,2021-05-31,156,375,1,Preliminary Notification (Sec 11),11.1,14,7,4,3,True,0.0,False,0,False,False,55.0,39.9,,Fully Digitized,47,0.0,False,0,0,Medium,Opposing,0,Insufficient,4.0,True,3.5,33.3,66.7,2,Social Impact Assessment (SIA),28.9,Low,16.09032,74.73923,train,,,,True,True,,True
SNAP-000293-1,SIH26017-PRJ-000293,2022-03-15,Telangana,Karimnagar,Mining Project,State Mining Corp,Area,"Coal Bearing Areas Acquisition Act, 1957",298.11,10,6944.67,Government-Wasteland,False,2021-04-25,2024-05-28,1129,324,2,Social Impact Assessment (SIA),11.1,56,5,4,1,True,0.0,False,0,False,False,82.0,20.1,,Fully Digitized,114,0.0,False,1,23,Low,Neutral,0,Delayed,19.6,True,39.4,37.5,75.0,2,Social Impact Assessment (SIA),16.8,Low,18.53259,78.99192,train,False,On-Time,4.0,True,True,118.0,True
SNAP-000293-2,SIH26017-PRJ-000293,2022-12-01,Telangana,Karimnagar,Mining Project,State Mining Corp,Area,"Coal Bearing Areas Acquisition Act, 1957",298.11,10,6944.67,Government-Wasteland,False,2021-04-25,2024-05-28,1129,585,4,Draft Declaration,44.4,197,5,5,0,False,0.0,False,0,False,False,81.8,19.3,,Fully Digitized,114,0.0,True,4,23,Low,Neutral,3,Delayed,40.8,True,47.1,33.3,77.8,5,Final Declaration (Sec 19),30.4,Medium,18.53259,78.99192,train,False,On-Time,4.0,True,False,12.0,True
SNAP-000293-3,SIH26017-PRJ-000293,2023-08-24,Telangana,Karimnagar,Mining Project,State Mining Corp,Area,"Coal Bearing Areas Acquisition Act, 1957",298.11,10,6944.67,Government-Wasteland,False,2021-04-25,2024-05-28,1129,851,7,Compensation Disbursement,66.7,180,5,5,0,False,37.5,False,1,False,False,79.9,18.2,,Fully Digitized,114,37.2,True,8,23,Low,Neutral,4,Insufficient,74.6,True,35.5,41.7,75.0,7,Compensation Disbursement,49.1,Medium,18.53259,78.99192,train,False,On-Time,4.0,True,False,2.0,True
SNAP-000294-1,SIH26017-PRJ-000294,2018-10-06,Rajasthan,Jodhpur,State Highway,State PWD,Linear,"RFCTLARR Act, 2013",141.82,6,1396.81,Mixed,False,2017-01-29,2020-12-02,1403,615,4,Draft Declaration,33.3,357,4,4,0,False,0.0,False,0,False,False,70.7,31.6,,Partially Digitized,67,0.0,True,3,20,Low,Opposing,2,Insufficient,29.1,False,,100.0,0.0,4,Draft Declaration,37.0,Medium,26.27865,73.08085,train,,,,True,True,104.0,True
SNAP-000294-2,SIH26017-PRJ-000294,2020-04-08,Rajasthan,Jodhpur,State Highway,State PWD,Linear,"RFCTLARR Act, 2013",141.82,6,1396.81,Mixed,False,2017-01-29,2020-12-02,1403,1165,6,Award Declaration (Sec 23),55.6,763,4,4,0,False,12.2,False,0,False,False,68.2,31.2,,Partially Digitized,67,6.0,True,6,20,Low,Opposing,5,Delayed,47.3,False,26.5,80.0,60.0,6,Award Declaration (Sec 23),35.5,Medium,26.27865,73.08085,train,,,,True,True,122.0,True
SNAP-000295-1,SIH26017-PRJ-000295,2023-01-01,Uttar Pradesh,Lucknow,Special Economic Zone,State SEZ Authority,Area,"RFCTLARR Act, 2013",2430.88,55,12039.26,Agricultural,False,2022-03-24,2023-12-18,634,283,2,Social Impact Assessment (SIA),11.1,24,4,2,1,True,0.0,False,0,False,False,68.6,35.5,78.6,Partially Digitized,931,0.0,False,16,29,Low,Neutral,3,Insufficient,11.3,True,28.7,14.3,85.7,2,Social Impact Assessment (SIA),35.8,Medium,27.12628,80.78921,train,,,,True,True,322.0,True
SNAP-000296-1,SIH26017-PRJ-000296,2018-09-20,Kerala,Ernakulam,Power Transmission Line,POWERGRID/State Transco,Linear,"RFCTLARR Act, 2013",20.97,2,712.02,Agricultural,False,2018-06-14,2020-12-01,901,98,2,Social Impact Assessment (SIA),11.1,29,5,1,2,True,0.0,False,0,False,False,71.1,26.6,,Partially Digitized,1,0.0,False,0,0,Low,Neutral,0,Adequate,8.6,False,,28.6,85.7,2,Social Impact Assessment (SIA),14.3,Low,10.12508,76.55746,train,False,On-Time,-6.0,True,True,94.0,True
SNAP-000297-1,SIH26017-PRJ-000297,2022-03-20,Telangana,Warangal,Irrigation Canal/Dam,State Irrigation Dept,Linear,"RFCTLARR Act, 2013",1215.3,33,3327.9,Agricultural,False,2021-04-06,2021-08-13,129,348,1,Preliminary Notification (Sec 11),11.1,16,4,4,0,False,0.0,False,0,False,False,58.6,37.8,,Fully Digitized,129,0.0,False,0,0,Medium,Neutral,0,Insufficient,4.8,True,39.4,33.3,83.3,2,Social Impact Assessment (SIA),28.9,Low,18.17734,79.5439,train,,,,True,True,,True
SNAP-000298-1,SIH26017-PRJ-000298,2023-05-23,Chhattisgarh,Raipur,Industrial Corridor,State Industrial Dev. Corp,Area,"RFCTLARR Act, 2013",2512.19,58,14466.56,Homestead-Residential,False,2020-07-26,2025-04-16,1725,1031,5,Final Declaration (Sec 19),44.4,507,6,5,0,False,6.4,True,2,False,False,88.1,10.0,47.7,Not Digitized,1238,0.4,True,100,42,Medium,Opposing,2,Delayed,49.2,False,57.5,50.0,90.0,5,Final Declaration (Sec 19),56.6,High,21.2168,81.58533,train,False,Minor Delay (<=6mo),89.0,True,True,175.0,True
SNAP-000299-1,SIH26017-PRJ-000299,2021-06-29,Karnataka,Bengaluru Rural,Power Transmission Line,POWERGRID/State Transco,Linear,"RFCTLARR Act, 2013",78.42,9,376.41,Homestead-Residential,False,2020-12-12,2023-02-17,797,199,3,Survey & Measurement,22.2,5,4,3,1,True,0.0,False,0,False,False,68.8,34.8,,Partially Digitized,48,0.0,True,1,13,Low,Supportive,0,Delayed,21.2,False,-4.6,57.9,52.6,3,Survey & Measurement,23.2,Low,13.04097,77.69858,test,False,On-Time,9.0,True,True,80.0,True
SNAP-000299-2,SIH26017-PRJ-000299,2022-02-05,Karnataka,Bengaluru Rural,Power Transmission Line,POWERGRID/State Transco,Linear,"RFCTLARR Act, 2013",78.42,9,376.41,Homestead-Residential,False,2020-12-12,2023-02-17,797,420,5,Final Declaration (Sec 19),44.4,116,4,4,0,False,0.0,False,1,True,True,69.0,34.1,,Partially Digitized,48,0.0,True,2,13,Low,Supportive,0,Delayed,39.6,False,3.5,65.2,47.8,5,Final Declaration (Sec 19),38.9,Medium,13.04097,77.69858,test,False,On-Time,9.0,True,True,40.0,True
SNAP-000299-3,SIH26017-PRJ-000299,2022-09-09,Karnataka,Bengaluru Rural,Power Transmission Line,POWERGRID/State Transco,Linear,"RFCTLARR Act, 2013",78.42,9,376.41,Homestead-Residential,False,2020-12-12,2023-02-17,797,636,7,Compensation Disbursement,66.7,126,4,4,0,False,45.4,False,1,True,True,67.7,34.9,,Partially Digitized,48,27.4,True,3,13,Low,Supportive,0,Adequate,57.6,False,6.6,66.7,51.9,7,Compensation Disbursement,37.5,Medium,13.04097,77.69858,test,False,On-Time,9.0,True,False,-28.0,True
SNAP-000300-1,SIH26017-PRJ-000300,2016-05-11,Chhattisgarh,Bastar,Urban Water Supply/Sewerage,State Water/Municipal Board,Point,"RFCTLARR Act, 2013",58.36,4,992.27,Agricultural,False,2015-10-12,2018-05-22,953,212,2,Social Impact Assessment (SIA),11.1,25,4,3,1,True,0.0,False,0,False,False,86.7,23.3,,Fully Digitized,2,0.0,False,0,8,Low,Neutral,0,Adequate,18.6,True,,,,2,Social Impact Assessment (SIA),15.1,Low,19.09128,81.91035,train,False,On-Time,29.0,True,True,76.0,True
SNAP-000301-1,SIH26017-PRJ-000301,2019-07-03,Odisha,Sundargarh,Power Transmission Line,POWERGRID/State Transco,Linear,"RFCTLARR Act, 2013",123.48,7,398.46,Government-Wasteland,False,2018-01-13,2021-09-04,1330,536,5,Final Declaration (Sec 19),44.4,243,4,4,0,False,0.0,False,0,False,False,74.0,21.5,,Fully Digitized,9,0.0,True,1,14,Low,Neutral,2,Delayed,33.3,True,32.0,33.3,77.8,5,Final Declaration (Sec 19),25.9,Low,22.10449,83.92691,train,False,Minor Delay (<=6mo),47.0,True,True,75.0,True
SNAP-000302-1,SIH26017-PRJ-000302,2023-09-02,Uttar Pradesh,Lucknow,National Highway,NHAI,Linear,"National Highways Act, 1956",362.8,20,5889.77,Agricultural,True,2018-12-21,2024-01-08,1844,1716,7,Compensation Disbursement,66.7,1070,5,5,0,False,53.8,True,1,False,True,76.2,21.3,,Fully Digitized,30,50.0,True,2,24,Low,Opposing,6,Adequate,70.3,True,41.4,71.8,59.0,7,Compensation Disbursement,25.5,Low,26.91762,80.81663,validation,,,,True,True,85.0,True
SNAP-000303-1,SIH26017-PRJ-000303,2023-03-08,Uttar Pradesh,Varanasi,Urban Water Supply/Sewerage,State Water/Municipal Board,Point,"RFCTLARR Act, 2013",20.55,2,356.29,Homestead-Residential,False,2022-05-12,2025-01-15,979,300,3,Survey & Measurement,22.2,86,4,3,1,True,0.0,False,0,False,False,59.3,41.1,,Fully Digitized,11,0.0,True,0,6,Low,Opposing,1,Adequate,26.2,True,35.8,72.7,45.5,3,Survey & Measurement,22.7,Low,25.36945,82.87269,train,False,On-Time,9.0,True,False,21.0,True
SNAP-000303-2,SIH26017-PRJ-000303,2023-10-09,Uttar Pradesh,Varanasi,Urban Water Supply/Sewerage,State Water/Municipal Board,Point,"RFCTLARR Act, 2013",20.55,2,356.29,Homestead-Residential,False,2022-05-12,2025-01-15,979,515,5,Final Declaration (Sec 19),44.4,130,4,3,0,False,4.4,False,1,False,False,57.4,40.9,,Fully Digitized,11,0.0,True,0,6,Low,Opposing,0,Delayed,57.6,True,41.4,74.3,42.9,5,Final Declaration (Sec 19),32.0,Medium,25.36945,82.87269,train,False,On-Time,9.0,True,True,50.0,True
SNAP-000303-3,SIH26017-PRJ-000303,2024-05-02,Uttar Pradesh,Varanasi,Urban Water Supply/Sewerage,State Water/Municipal Board,Point,"RFCTLARR Act, 2013",20.55,2,356.29,Homestead-Residential,False,2022-05-12,2025-01-15,979,721,7,Compensation Disbursement,66.7,171,4,3,0,False,30.8,False,1,False,False,61.2,40.4,,Fully Digitized,11,37.1,True,1,6,Low,Opposing,3,Delayed,72.2,True,38.6,75.6,51.2,7,Compensation Disbursement,34.8,Medium,25.36945,82.87269,train,False,On-Time,9.0,True,False,29.0,True
SNAP-000304-1,SIH26017-PRJ-000304,2022-12-14,Bihar,Muzaffarpur,Power Transmission Line,POWERGRID/State Transco,Linear,"RFCTLARR Act, 2013",120.23,4,1366.94,Government-Wasteland,False,2021-10-29,2023-03-28,515,411,7,Compensation Disbursement,66.7,-131,4,4,0,False,53.2,False,0,False,False,100.0,4.6,,Partially Digitized,9,34.6,True,0,9,Low,Not Sought,0,Adequate,60.6,True,40.2,67.9,53.6,7,Compensation Disbursement,0.0,Low,26.10039,85.71083,train,False,On-Time,-23.0,True,False,-34.0,True
SNAP-000305-1,SIH26017-PRJ-000305,2024-09-06,Jharkhand,Paschimi Singhbhum,National Highway,NHAI,Linear,"National Highways Act, 1956",268.4,9,2233.0,Agricultural,True,2020-07-25,2028-05-05,2841,1504,6,Award Declaration (Sec 23),55.6,1037,5,5,0,False,20.7,False,0,False,False,55.0,36.9,,Fully Digitized,25,13.3,True,2,14,Low,Opposing,6,Insufficient,56.0,True,90.7,63.0,68.5,6,Award Declaration (Sec 23),38.4,Medium,22.73597,85.40547,test,,,,False,True,210.0,True
SNAP-000306-1,SIH26017-PRJ-000306,2021-06-24,Karnataka,Ballari,Urban Water Supply/Sewerage,State Water/Municipal Board,Point,"RFCTLARR Act, 2013",8.02,5,1237.37,Agricultural,False,2019-12-07,2021-11-24,718,565,8,Possession,77.8,-98,4,4,0,False,72.9,False,0,False,False,80.2,23.1,,Fully Digitized,0,0.0,True,0,8,Low,Supportive,1,Adequate,76.0,True,-4.6,70.4,40.7,8,Possession,2.0,Low,15.29361,77.28001,test,False,On-Time,14.0,True,True,46.0,True
SNAP-000307-1,SIH26017-PRJ-000307,2019-01-01,Madhya Pradesh,Indore,Urban Water Supply/Sewerage,State Water/Municipal Board,Point,"RFCTLARR Act, 2013",14.87,3,2164.17,Government-Wasteland,False,2018-04-02,2020-09-29,911,274,4,Draft Declaration,33.3,-32,5,3,2,True,0.0,False,0,False,False,87.4,9.1,,Fully Digitized,4,0.0,True,0,5,Low,Not Sought,0,Adequate,30.8,True,-3.0,70.0,30.0,4,Draft Declaration,8.2,Low,22.74044,75.81097,train,False,On-Time,2.0,True,False,9.0,True
SNAP-000307-2,SIH26017-PRJ-000307,2019-12-11,Madhya Pradesh,Indore,Urban Water Supply/Sewerage,State Water/Municipal Board,Point,"RFCTLARR Act, 2013",14.87,3,2164.17,Government-Wasteland,False,2018-04-02,2020-09-29,911,618,7,Compensation Disbursement,66.7,-68,5,5,0,False,55.7,False,0,False,False,88.5,10.5,,Fully Digitized,4,58.5,True,0,5,Low,Not Sought,1,Adequate,64.5,True,-5.1,61.1,44.4,7,Compensation Disbursement,13.1,Low,22.74044,75.81097,train,False,On-Time,2.0,True,True,144.0,True
SNAP-000308-1,SIH26017-PRJ-000308,2021-08-05,Uttar Pradesh,Gautam Buddh Nagar,National Highway,NHAI,Linear,"National Highways Act, 1956",340.86,5,2724.41,Agricultural,False,2020-10-07,2022-11-30,784,302,5,Final Declaration (Sec 19),44.4,-28,5,3,2,True,0.0,False,0,False,False,66.2,25.7,,Partially Digitized,31,0.0,True,1,7,Medium,Supportive,0,Delayed,38.5,False,33.2,66.7,61.9,5,Final Declaration (Sec 19),17.0,Low,28.53333,77.1399,train,False,On-Time,-26.0,True,True,31.0,True
SNAP-000308-2,SIH26017-PRJ-000308,2022-02-08,Uttar Pradesh,Gautam Buddh Nagar,National Highway,NHAI,Linear,"National Highways Act, 1956",340.86,5,2724.41,Agricultural,False,2020-10-07,2022-11-30,784,489,6,Award Declaration (Sec 23),66.7,32,5,5,0,False,32.7,False,0,False,False,71.9,21.4,,Partially Digitized,31,22.8,True,1,7,Medium,Supportive,0,Adequate,65.1,False,26.4,63.0,59.3,7,Compensation Disbursement,14.6,Low,28.53333,77.1399,train,False,On-Time,-26.0,True,True,55.0,True
SNAP-000309-1,SIH26017-PRJ-000309,2020-09-18,Bihar,Gaya,Power Transmission Line,POWERGRID/State Transco,Linear,"RFCTLARR Act, 2013",31.87,5,1260.31,Homestead-Residential,False,2019-12-08,2022-01-04,758,285,4,Draft Declaration,33.3,1,4,3,1,True,0.0,False,0,False,False,86.1,16.2,,Not Digitized,14,0.0,True,0,6,Medium,Neutral,2,Delayed,34.6,False,20.4,50.0,62.5,4,Draft Declaration,25.5,Low,25.164,85.04513,train,False,On-Time,1.0,True,True,37.0,True
SNAP-000309-2,SIH26017-PRJ-000309,2021-04-02,Bihar,Gaya,Power Transmission Line,POWERGRID/State Transco,Linear,"RFCTLARR Act, 2013",31.87,5,1260.31,Homestead-Residential,False,2019-12-08,2022-01-04,758,481,6,Award Declaration (Sec 23),55.6,39,4,4,0,False,23.9,False,0,False,False,82.4,14.2,,Not Digitized,14,13.8,True,1,6,Medium,Neutral,3,Delayed,60.0,False,21.0,55.6,55.6,6,Award Declaration (Sec 23),20.8,Low,25.164,85.04513,train,False,On-Time,1.0,True,False,8.0,True
SNAP-000310-1,SIH26017-PRJ-000310,2017-10-23,Chhattisgarh,Raipur,National Highway,NHAI,Linear,"National Highways Act, 1956",238.57,8,3655.21,Government-Wasteland,False,2016-08-18,2017-10-10,418,431,2,Social Impact Assessment (SIA),22.2,197,5,4,1,False,0.0,False,0,False,False,76.5,19.5,,Fully Digitized,21,0.0,True,1,7,Medium,Neutral,2,Insufficient,14.3,True,,,,3,Survey & Measurement,34.1,Medium,21.21516,81.39189,train,,,,True,True,,True
SNAP-000311-1,SIH26017-PRJ-000311,2023-10-27,Tamil Nadu,Madurai,Renewable Energy Park,State Renewable Energy Agency,Area,"RFCTLARR Act, 2013",967.57,20,4628.11,Agricultural,False,2022-06-23,2023-06-02,344,491,2,Social Impact Assessment (SIA),22.2,103,4,4,0,False,0.0,False,0,False,False,67.6,35.2,52.9,Not Digitized,71,0.0,True,1,14,Low,Opposing,1,Insufficient,18.4,False,41.4,52.0,76.0,3,Survey & Measurement,27.2,Low,9.77335,78.04878,train,,,,True,True,,True
SNAP-000312-1,SIH26017-PRJ-000312,2020-03-14,Chhattisgarh,Bastar,Renewable Energy Park,State Renewable Energy Agency,Area,"RFCTLARR Act, 2013",1069.52,32,4996.34,Forest,True,2019-06-18,2020-11-19,520,270,3,Survey & Measurement,22.2,30,6,3,3,True,0.0,False,0,False,False,72.3,30.0,47.8,Partially Digitized,90,0.0,True,3,23,Medium,Neutral,2,Insufficient,16.8,False,14.5,25.0,75.0,3,Survey & Measurement,37.9,Medium,19.09969,82.26321,train,,,,True,True,32.0,True
SNAP-000312-2,SIH26017-PRJ-000312,2020-11-07,Chhattisgarh,Bastar,Renewable Energy Park,State Renewable Energy Agency,Area,"RFCTLARR Act, 2013",1069.52,32,4996.34,Forest,True,2019-06-18,2020-11-19,520,508,5,Final Declaration (Sec 19),55.6,67,6,5,1,False,5.5,False,0,False,False,72.3,28.5,47.8,Partially Digitized,90,0.7,True,7,23,Medium,Neutral,2,Delayed,35.3,False,32.2,50.0,62.5,6,Award Declaration (Sec 23),35.2,Medium,19.09969,82.26321,train,,,,True,True,,True
SNAP-000313-1,SIH26017-PRJ-000313,2025-05-18,Odisha,Sundargarh,Urban Metro Rail,State Metro Rail Corp,Linear,"RFCTLARR Act, 2013",36.91,8,12504.11,Homestead-Residential,False,2024-01-22,2031-02-05,2571,482,2,Social Impact Assessment (SIA),11.1,36,4,2,1,True,0.0,False,0,False,False,74.2,23.7,,Fully Digitized,17,0.0,False,1,15,Low,Opposing,2,Delayed,13.3,True,102.2,58.3,83.3,2,Social Impact Assessment (SIA),22.1,Low,22.13616,84.04776,train,,,,False,True,268.0,True
SNAP-000314-1,SIH26017-PRJ-000314,2025-05-26,Odisha,Kalahandi,Airport Expansion,Airports Authority of India,Point,"RFCTLARR Act, 2013",182.48,7,7663.41,Mixed,False,2024-09-18,2030-02-17,1978,250,2,Social Impact Assessment (SIA),11.1,70,5,3,2,True,0.0,False,0,False,False,69.5,23.6,,Fully Digitized,83,0.0,False,1,17,High,Neutral,2,Delayed,17.6,True,102.2,29.4,88.2,2,Social Impact Assessment (SIA),35.5,Medium,19.88918,83.23811,train,,,,False,,,False
SNAP-000314-2,SIH26017-PRJ-000314,2025-12-14,Odisha,Kalahandi,Airport Expansion,Airports Authority of India,Point,"RFCTLARR Act, 2013",182.48,7,7663.41,Mixed,False,2024-09-18,2030-02-17,1978,452,2,Social Impact Assessment (SIA),11.1,70,5,4,1,True,0.0,False,0,False,False,69.3,24.6,,Fully Digitized,83,0.0,False,1,17,High,Neutral,1,Insufficient,18.7,True,108.7,30.0,90.0,2,Social Impact Assessment (SIA),22.7,Low,19.88918,83.23811,train,,,,False,,,False
SNAP-000315-1,SIH26017-PRJ-000315,2019-09-18,Rajasthan,Alwar,State Highway,State PWD,Linear,"RFCTLARR Act, 2013",97.69,9,225.35,Agricultural,False,2017-07-03,2023-02-12,2050,807,4,Draft Declaration,33.3,493,3,3,0,False,0.0,False,0,False,False,63.1,33.9,,Partially Digitized,7,0.0,True,1,13,Medium,Neutral,0,Delayed,34.7,False,-5.0,75.0,50.0,4,Draft Declaration,41.1,Medium,27.34246,76.69836,train,False,Minor Delay (<=6mo),115.0,True,True,114.0,True
SNAP-000315-2,SIH26017-PRJ-000315,2021-09-04,Rajasthan,Alwar,State Highway,State PWD,Linear,"RFCTLARR Act, 2013",97.69,9,225.35,Agricultural,False,2017-07-03,2023-02-12,2050,1524,6,Award Declaration (Sec 23),55.6,803,3,3,0,False,29.3,False,0,False,False,63.9,32.5,,Partially Digitized,7,18.9,True,1,13,Medium,Neutral,9,Delayed,58.3,False,53.3,81.2,50.0,6,Award Declaration (Sec 23),45.3,Medium,27.34246,76.69836,train,False,Minor Delay (<=6mo),115.0,True,True,311.0,True
SNAP-000316-1,SIH26017-PRJ-000316,2021-07-16,Karnataka,Belagavi,Renewable Energy Park,State Renewable Energy Agency,Area,"RFCTLARR Act, 2013",2023.11,51,308.52,Forest,False,2020-03-20,2025-03-28,1834,483,5,Final Declaration (Sec 19),44.4,179,5,5,0,False,0.0,False,0,False,False,69.7,33.2,67.3,Partially Digitized,150,0.0,True,9,30,Low,Neutral,2,Insufficient,34.1,True,-0.5,40.0,70.0,5,Final Declaration (Sec 19),46.8,Medium,16.00973,74.71584,train,False,Minor Delay (<=6mo),86.0,True,True,178.0,True
SNAP-000316-2,SIH26017-PRJ-000316,2022-09-18,Karnataka,Belagavi,Renewable Energy Park,State Renewable Energy Agency,Area,"RFCTLARR Act, 2013",2023.11,51,308.52,Forest,False,2020-03-20,2025-03-28,1834,912,6,Award Declaration (Sec 23),55.6,357,5,5,0,False,25.6,False,0,False,False,69.5,33.2,67.3,Partially Digitized,150,19.5,True,15,30,Low,Neutral,5,Insufficient,50.2,True,6.6,50.0,77.8,6,Award Declaration (Sec 23),45.3,Medium,16.00973,74.71584,train,False,Minor Delay (<=6mo),86.0,True,True,434.0,True
SNAP-000316-3,SIH26017-PRJ-000316,2023-12-12,Karnataka,Belagavi,Renewable Energy Park,State Renewable Energy Agency,Area,"RFCTLARR Act, 2013",2023.11,51,308.52,Forest,False,2020-03-20,2025-03-28,1834,1362,7,Compensation Disbursement,66.7,791,5,5,0,False,38.6,False,0,False,False,69.0,33.2,67.3,Partially Digitized,150,33.8,True,17,30,Low,Neutral,10,Insufficient,60.1,True,22.2,51.9,74.1,7,Compensation Disbursement,44.8,Medium,16.00973,74.71584,train,False,Minor Delay (<=6mo),86.0,True,True,156.0,True
SNAP-000317-1,SIH26017-PRJ-000317,2016-08-06,Madhya Pradesh,Jabalpur,Urban Metro Rail,State Metro Rail Corp,Linear,"RFCTLARR Act, 2013",72.37,5,10106.18,Agricultural,False,2015-09-24,2018-07-06,1016,317,4,Draft Declaration,33.3,-9,4,3,1,True,0.0,False,0,False,False,76.8,18.4,,Fully Digitized,24,0.0,True,1,5,Low,Supportive,1,Adequate,36.3,True,,0.0,100.0,4,Draft Declaration,7.5,Low,23.02661,79.79469,test,False,On-Time,17.0,True,True,44.0,True
SNAP-000317-2,SIH26017-PRJ-000317,2017-03-17,Madhya Pradesh,Jabalpur,Urban Metro Rail,State Metro Rail Corp,Linear,"RFCTLARR Act, 2013",72.37,5,10106.18,Agricultural,False,2015-09-24,2018-07-06,1016,540,6,Award Declaration (Sec 23),55.6,63,4,4,0,False,19.0,False,0,False,False,79.1,18.5,,Fully Digitized,24,9.5,True,1,5,Low,Supportive,3,Adequate,54.4,True,-34.0,0.0,100.0,6,Award Declaration (Sec 23),12.0,Low,23.02661,79.79469,test,False,On-Time,17.0,True,False,8.0,True
SNAP-000317-3,SIH26017-PRJ-000317,2018-01-10,Madhya Pradesh,Jabalpur,Urban Metro Rail,State Metro Rail Corp,Linear,"RFCTLARR Act, 2013",72.37,5,10106.18,Agricultural,False,2015-09-24,2018-07-06,1016,839,8,Possession,77.8,73,4,4,0,False,76.6,False,0,False,False,77.1,19.6,,Fully Digitized,24,45.3,True,1,5,Low,Supportive,4,Adequate,78.2,True,-16.3,50.0,50.0,8,Possession,18.0,Low,23.02661,79.79469,test,False,On-Time,17.0,True,True,87.0,True
SNAP-000318-1,SIH26017-PRJ-000318,2025-07-03,Gujarat,Rajkot,National Highway,NHAI,Linear,"National Highways Act, 1956",131.2,2,3557.11,Government-Wasteland,False,2023-06-24,2026-12-23,1278,740,6,Award Declaration (Sec 23),55.6,336,5,5,0,False,10.3,False,0,False,False,73.0,28.9,,Partially Digitized,8,3.6,True,1,8,Medium,Opposing,4,Delayed,50.8,True,106.9,65.6,67.2,6,Award Declaration (Sec 23),39.0,Medium,22.36049,70.77961,train,,,,False,True,85.0,True
SNAP-000319-1,SIH26017-PRJ-000319,2019-10-07,Rajasthan,Udaipur,Renewable Energy Park,State Renewable Energy Agency,Area,"RFCTLARR Act, 2013",2785.51,60,2591.94,Agricultural,False,2019-02-24,2029-01-01,3599,225,2,Social Impact Assessment (SIA),11.1,81,4,3,1,True,0.0,False,0,False,False,64.5,36.6,41.4,Partially Digitized,229,0.0,False,4,44,Medium,Opposing,2,Insufficient,12.6,True,-5.0,25.0,75.0,2,Social Impact Assessment (SIA),36.6,Medium,24.54305,73.619,train,,,,False,True,210.0,True
SNAP-000320-1,SIH26017-PRJ-000320,2020-06-22,Gujarat,Ahmedabad,Railway Line/Doubling,Indian Railways,Linear,"Railways Act, 1989",349.28,15,5579.83,Homestead-Residential,False,2019-06-16,2029-04-03,3579,372,2,Social Impact Assessment (SIA),11.1,29,5,4,1,True,0.0,False,0,False,False,53.3,49.5,,Fully Digitized,166,0.0,False,3,13,Medium,Neutral,1,Insufficient,12.8,True,87.5,60.0,40.0,2,Social Impact Assessment (SIA),34.2,Medium,23.35865,72.74868,train,,,,False,True,178.0,True
SNAP-000321-1,SIH26017-PRJ-000321,2026-01-09,Assam,Dibrugarh,Airport Expansion,Airports Authority of India,Point,"RFCTLARR Act, 2013",982.1,23,8471.68,Agricultural,False,2022-05-04,2031-08-03,3378,1346,5,Final Declaration (Sec 19),44.4,660,5,4,0,False,5.8,False,1,False,True,67.9,38.0,,Partially Digitized,71,0.8,True,5,22,Medium,Opposing,4,Insufficient,45.0,False,82.9,30.0,90.0,5,Final Declaration (Sec 19),49.6,Medium,27.31829,94.92516,validation,,,,False,True,363.0,True
SNAP-000322-1,SIH26017-PRJ-000322,2021-06-01,Karnataka,Ballari,National Highway,NHAI,Linear,"National Highways Act, 1956",168.49,10,1765.17,Agricultural,False,2021-03-26,2023-08-05,862,67,2,Social Impact Assessment (SIA),11.1,-21,5,0,3,True,0.0,False,0,False,False,52.0,55.9,,Partially Digitized,16,0.0,False,0,12,Medium,Neutral,0,Insufficient,7.6,False,-6.2,65.0,60.0,2,Social Impact Assessment (SIA),28.4,Low,15.09998,76.96717,validation,False,On-Time,0.0,True,False,-12.0,True
SNAP-000323-1,SIH26017-PRJ-000323,2020-02-03,Rajasthan,Udaipur,Power Transmission Line,POWERGRID/State Transco,Linear,"RFCTLARR Act, 2013",127.65,2,1349.13,Homestead-Residential,False,2019-02-28,2022-01-28,1065,340,2,Social Impact Assessment (SIA),11.1,41,5,2,2,True,0.0,False,0,False,False,65.6,40.4,,Not Digitized,66,0.0,False,1,10,Low,Opposing,4,Insufficient,17.1,False,26.5,46.2,69.2,2,Social Impact Assessment (SIA),37.3,Medium,24.66835,73.88166,train,,,,True,True,376.0,True
SNAP-000323-2,SIH26017-PRJ-000323,2021-01-20,Rajasthan,Udaipur,Power Transmission Line,POWERGRID/State Transco,Linear,"RFCTLARR Act, 2013",127.65,2,1349.13,Homestead-Residential,False,2019-02-28,2022-01-28,1065,692,3,Survey & Measurement,22.2,417,5,3,1,True,0.0,False,0,False,False,68.4,41.8,,Not Digitized,66,0.0,True,2,10,Low,Opposing,3,Insufficient,25.3,False,26.5,52.9,58.8,3,Survey & Measurement,36.4,Medium,24.66835,73.88166,train,,,,True,True,77.0,True
SNAP-000323-3,SIH26017-PRJ-000323,2022-01-06,Rajasthan,Udaipur,Power Transmission Line,POWERGRID/State Transco,Linear,"RFCTLARR Act, 2013",127.65,2,1349.13,Homestead-Residential,False,2019-02-28,2022-01-28,1065,1043,5,Final Declaration (Sec 19),55.6,628,5,3,1,True,7.2,False,0,False,False,69.8,41.3,,Not Digitized,66,0.9,True,5,10,Low,Opposing,2,Delayed,49.6,False,53.3,63.6,50.0,6,Award Declaration (Sec 23),43.5,Medium,24.66835,73.88166,train,,,,True,True,,True
SNAP-000324-1,SIH26017-PRJ-000324,2023-04-03,West Bengal,Purba Bardhaman,Railway Line/Doubling,Indian Railways,Linear,"Railways Act, 1989",452.41,24,4060.79,Forest,False,2021-10-14,2025-07-10,1365,536,4,Draft Declaration,33.3,179,6,6,0,False,0.0,False,1,True,False,91.3,7.0,,Fully Digitized,34,0.0,True,2,24,Medium,Opposing,2,Delayed,31.6,True,48.5,45.5,72.7,4,Draft Declaration,36.7,Medium,23.52548,87.84818,train,,,,True,True,73.0,True
SNAP-000324-2,SIH26017-PRJ-000324,2024-08-13,West Bengal,Purba Bardhaman,Railway Line/Doubling,Indian Railways,Linear,"Railways Act, 1989",452.41,24,4060.79,Forest,False,2021-10-14,2025-07-10,1365,1034,6,Award Declaration (Sec 23),55.6,442,6,6,0,False,25.7,False,2,True,True,89.9,7.0,,Fully Digitized,34,21.7,True,3,24,Medium,Opposing,5,Insufficient,53.5,True,54.8,50.0,68.8,6,Award Declaration (Sec 23),60.1,High,23.52548,87.84818,train,,,,True,True,355.0,True
SNAP-000325-1,SIH26017-PRJ-000325,2026-05-11,Bihar,Gaya,Renewable Energy Park,State Renewable Energy Agency,Area,"RFCTLARR Act, 2013",1605.49,39,2567.67,Agricultural,False,2024-09-11,2028-08-25,1444,607,6,Award Declaration (Sec 23),55.6,215,4,4,0,False,8.3,False,1,False,True,76.8,21.3,64.2,Fully Digitized,104,5.2,True,5,28,Low,Opposing,2,Delayed,42.2,True,25.1,60.5,74.4,6,Award Declaration (Sec 23),44.6,Medium,24.82294,84.81602,train,,,,False,,,False
SNAP-000326-1,SIH26017-PRJ-000326,2019-12-13,Gujarat,Vadodara,Industrial Corridor,State Industrial Dev. Corp,Area,"RFCTLARR Act, 2013",603.42,21,18085.06,Government-Wasteland,False,2017-11-17,2023-01-19,1889,756,6,Award Declaration (Sec 23),55.6,301,4,4,0,False,9.1,False,0,False,False,59.6,39.6,48.9,Fully Digitized,47,3.8,True,3,23,Low,Opposing,4,Delayed,46.5,True,129.0,0.0,100.0,6,Award Declaration (Sec 23),39.6,Medium,22.52388,73.01175,train,True,Major Delay (6-18mo),261.0,True,True,38.0,True
SNAP-000326-2,SIH26017-PRJ-000326,2022-02-21,Gujarat,Vadodara,Industrial Corridor,State Industrial Dev. Corp,Area,"RFCTLARR Act, 2013",603.42,21,18085.06,Government-Wasteland,False,2017-11-17,2023-01-19,1889,1557,8,Possession,77.8,783,4,4,0,False,50.1,False,0,False,False,62.3,39.2,48.9,Fully Digitized,47,43.7,True,6,23,Low,Opposing,10,Delayed,67.3,True,69.0,33.3,100.0,8,Possession,42.3,Medium,22.52388,73.01175,train,True,Major Delay (6-18mo),261.0,True,True,204.0,True
SNAP-000327-1,SIH26017-PRJ-000327,2024-07-21,Uttar Pradesh,Agra,National Highway,NHAI,Linear,"National Highways Act, 1956",288.05,9,1731.23,Agricultural,True,2023-10-05,2025-12-21,808,290,3,Survey & Measurement,22.2,114,6,6,0,False,0.0,True,1,False,False,77.6,16.2,,Partially Digitized,26,0.0,True,0,12,Medium,Neutral,1,Delayed,19.0,False,40.1,64.2,67.9,3,Survey & Measurement,31.2,Medium,27.25313,77.92126,test,False,On-Time,-13.0,True,False,28.0,True
SNAP-000327-2,SIH26017-PRJ-000327,2025-02-18,Uttar Pradesh,Agra,National Highway,NHAI,Linear,"National Highways Act, 1956",288.05,9,1731.23,Agricultural,True,2023-10-05,2025-12-21,808,502,6,Award Declaration (Sec 23),55.6,102,6,6,0,False,16.2,True,2,False,True,74.1,16.6,,Partially Digitized,26,6.7,True,1,12,Medium,Neutral,1,Adequate,56.0,False,36.4,63.8,69.0,6,Award Declaration (Sec 23),23.9,Low,27.25313,77.92126,test,False,On-Time,-13.0,True,False,-36.0,True
SNAP-000328-1,SIH26017-PRJ-000328,2021-05-03,Tamil Nadu,Coimbatore,Urban Water Supply/Sewerage,State Water/Municipal Board,Point,"RFCTLARR Act, 2013",59.68,3,1692.1,Agricultural,False,2019-04-19,2026-08-06,2666,745,5,Final Declaration (Sec 19),44.4,255,5,4,0,False,6.7,False,1,False,True,68.6,28.2,,Fully Digitized,3,1.3,True,0,7,Low,Opposing,7,Delayed,46.1,True,19.0,73.1,38.5,5,Final Declaration (Sec 19),28.7,Low,11.08252,76.8848,train,,,,False,True,205.0,True
SNAP-000328-2,SIH26017-PRJ-000328,2023-03-12,Tamil Nadu,Coimbatore,Urban Water Supply/Sewerage,State Water/Municipal Board,Point,"RFCTLARR Act, 2013",59.68,3,1692.1,Agricultural,False,2019-04-19,2026-08-06,2666,1423,7,Compensation Disbursement,66.7,741,5,4,0,False,51.0,False,0,False,False,69.1,27.3,,Fully Digitized,3,53.6,True,1,7,Low,Opposing,4,Delayed,60.5,True,37.0,72.7,45.5,7,Compensation Disbursement,28.7,Low,11.08252,76.8848,train,,,,False,True,894.0,True
SNAP-000328-3,SIH26017-PRJ-000328,2024-07-16,Tamil Nadu,Coimbatore,Urban Water Supply/Sewerage,State Water/Municipal Board,Point,"RFCTLARR Act, 2013",59.68,3,1692.1,Agricultural,False,2019-04-19,2026-08-06,2666,1915,7,Compensation Disbursement,66.7,741,5,4,0,False,50.8,False,0,False,False,71.6,27.2,,Fully Digitized,3,59.5,True,1,7,Low,Opposing,8,Delayed,68.4,True,36.3,75.6,51.2,7,Compensation Disbursement,25.4,Low,11.08252,76.8848,train,,,,False,True,894.0,True
SNAP-000329-1,SIH26017-PRJ-000329,2022-08-31,West Bengal,Kolkata,Special Economic Zone,State SEZ Authority,Area,"RFCTLARR Act, 2013",2372.76,69,1222.47,Forest,False,2020-05-30,2029-07-31,3349,823,5,Final Declaration (Sec 19),44.4,396,5,5,0,False,7.1,False,0,False,False,58.6,35.3,33.8,Partially Digitized,855,0.6,True,73,42,Low,Opposing,2,Delayed,29.9,False,48.5,14.3,85.7,5,Final Declaration (Sec 19),40.4,Medium,22.54505,88.15945,train,,,,False,True,534.0,True
SNAP-000329-2,SIH26017-PRJ-000329,2024-04-25,West Bengal,Kolkata,Special Economic Zone,State SEZ Authority,Area,"RFCTLARR Act, 2013",2372.76,69,1222.47,Forest,False,2020-05-30,2029-07-31,3349,1426,6,Award Declaration (Sec 23),55.6,930,5,5,0,False,21.1,False,1,True,True,58.8,35.0,33.8,Partially Digitized,855,9.5,True,84,42,Low,Opposing,1,Insufficient,31.3,False,57.8,33.3,75.0,6,Award Declaration (Sec 23),63.4,High,22.54505,88.15945,train,,,,False,True,205.0,True
SNAP-000330-1,SIH26017-PRJ-000330,2022-07-16,Chhattisgarh,Bastar,National Highway,NHAI,Linear,"National Highways Act, 1956",31.9,4,5183.86,Agricultural,False,2020-03-26,2025-10-30,2044,842,5,Final Declaration (Sec 19),55.6,463,5,5,0,False,5.6,False,0,False,False,64.3,30.8,,Partially Digitized,2,0.9,True,0,12,Low,Neutral,0,Insufficient,49.3,False,50.4,60.7,60.7,6,Award Declaration (Sec 23),36.9,Medium,18.8154,82.05766,train,True,Major Delay (6-18mo),199.0,True,True,143.0,True
SNAP-000330-2,SIH26017-PRJ-000330,2024-03-20,Chhattisgarh,Bastar,National Highway,NHAI,Linear,"National Highways Act, 1956",31.9,4,5183.86,Agricultural,False,2020-03-26,2025-10-30,2044,1455,7,Compensation Disbursement,66.7,606,5,5,0,False,38.5,False,0,False,False,61.4,31.5,,Partially Digitized,2,37.6,True,0,12,Low,Neutral,3,Delayed,71.1,False,60.5,64.4,64.4,7,Compensation Disbursement,33.3,Medium,18.8154,82.05766,train,True,Major Delay (6-18mo),199.0,True,True,545.0,True
SNAP-000331-1,SIH26017-PRJ-000331,2018-01-16,Odisha,Sundargarh,National Highway,NHAI,Linear,"National Highways Act, 1956",340.64,10,3014.82,Agricultural,True,2015-07-05,2022-06-05,2527,926,5,Final Declaration (Sec 19),44.4,545,5,5,0,False,6.5,False,0,False,False,48.9,47.9,,Partially Digitized,34,1.0,True,2,15,Medium,Opposing,10,Insufficient,44.4,True,,50.0,50.0,5,Final Declaration (Sec 19),48.6,Medium,21.90443,84.04425,train,False,Minor Delay (<=6mo),173.0,True,True,200.0,True
SNAP-000331-2,SIH26017-PRJ-000331,2020-06-17,Odisha,Sundargarh,National Highway,NHAI,Linear,"National Highways Act, 1956",340.64,10,3014.82,Agricultural,True,2015-07-05,2022-06-05,2527,1809,7,Compensation Disbursement,66.7,1063,5,5,0,False,43.7,False,0,False,False,49.1,47.8,,Partially Digitized,34,37.8,True,4,15,Medium,Opposing,6,Insufficient,61.7,True,32.0,66.7,58.3,7,Compensation Disbursement,43.4,Medium,21.90443,84.04425,train,False,Minor Delay (<=6mo),173.0,True,True,276.0,True
SNAP-000332-1,SIH26017-PRJ-000332,2023-06-15,West Bengal,Purba Bardhaman,Power Transmission Line,POWERGRID/State Transco,Linear,"RFCTLARR Act, 2013",74.92,7,277.2,Agricultural,False,2022-10-09,2025-04-30,934,249,2,Social Impact Assessment (SIA),11.1,61,3,3,0,False,0.0,False,0,False,False,64.4,34.3,,Not Digitized,10,0.0,False,0,14,Low,Neutral,0,Delayed,15.0,False,45.9,70.6,52.9,2,Social Impact Assessment (SIA),10.6,Low,23.06657,87.99005,test,False,On-Time,22.0,True,True,61.0,True
SNAP-000332-2,SIH26017-PRJ-000332,2024-01-08,West Bengal,Purba Bardhaman,Power Transmission Line,POWERGRID/State Transco,Linear,"RFCTLARR Act, 2013",74.92,7,277.2,Agricultural,False,2022-10-09,2025-04-30,934,456,3,Survey & Measurement,22.2,122,3,3,0,False,0.0,False,0,False,False,67.5,33.7,,Not Digitized,10,0.0,True,0,14,Low,Neutral,4,Delayed,23.9,False,57.9,70.3,56.8,3,Survey & Measurement,30.7,Medium,23.06657,87.99005,test,False,On-Time,22.0,True,True,127.0,True
SNAP-000332-3,SIH26017-PRJ-000332,2024-09-14,West Bengal,Purba Bardhaman,Power Transmission Line,POWERGRID/State Transco,Linear,"RFCTLARR Act, 2013",74.92,7,277.2,Agricultural,False,2022-10-09,2025-04-30,934,706,6,Award Declaration (Sec 23),55.6,293,3,3,0,False,21.0,False,1,False,False,68.3,31.9,,Not Digitized,10,16.0,True,0,14,Low,Neutral,4,Insufficient,50.4,False,54.8,66.7,59.0,6,Award Declaration (Sec 23),40.7,Medium,23.06657,87.99005,test,False,On-Time,22.0,True,False,-25.0,True
SNAP-000333-1,SIH26017-PRJ-000333,2019-07-28,Odisha,Kalahandi,National Highway,NHAI,Linear,"National Highways Act, 1956",361.84,13,3210.37,Forest,False,2018-05-01,2019-03-19,322,453,2,Social Impact Assessment (SIA),22.2,82,6,5,1,True,0.0,False,0,False,False,87.0,11.7,,Not Digitized,29,0.0,True,1,12,Medium,Opposing,4,Insufficient,15.4,False,32.0,66.7,55.6,3,Survey & Measurement,25.9,Low,19.98217,83.30612,train,,,,True,True,,True
SNAP-000334-1,SIH26017-PRJ-000334,2022-12-22,Bihar,Patna,National Highway,NHAI,Linear,"National Highways Act, 1956",354.15,8,3960.18,Forest,False,2022-06-25,2023-04-10,289,180,3,Survey & Measurement,22.2,-36,6,3,3,True,0.0,False,0,False,False,72.7,26.7,,Partially Digitized,30,0.0,True,0,5,Low,Neutral,1,Delayed,24.8,True,36.1,68.6,62.9,3,Survey & Measurement,15.6,Low,25.58058,85.0803,validation,,,,True,False,25.0,True
SNAP-000335-1,SIH26017-PRJ-000335,2023-12-29,Gujarat,Vadodara,Mining Project,State Mining Corp,Area,"Coal Bearing Areas Acquisition Act, 1957",1989.01,43,3980.32,Mixed,False,2022-07-31,2030-05-29,2859,516,4,Draft Declaration,33.3,189,5,5,0,False,0.0,False,0,False,False,53.0,50.2,,Not Digitized,980,0.0,True,57,50,High,Opposing,2,Insufficient,34.7,False,117.8,38.5,76.9,4,Draft Declaration,54.2,Medium,21.9335,73.32567,train,,,,False,True,119.0,True
SNAP-000335-2,SIH26017-PRJ-000335,2025-06-26,Gujarat,Vadodara,Mining Project,State Mining Corp,Area,"Coal Bearing Areas Acquisition Act, 1957",1989.01,43,3980.32,Mixed,False,2022-07-31,2030-05-29,2859,1061,6,Award Declaration (Sec 23),55.6,567,5,5,0,False,12.0,False,0,False,False,51.1,50.4,,Not Digitized,980,7.9,True,91,50,High,Opposing,6,Insufficient,49.1,False,106.9,43.5,82.6,6,Award Declaration (Sec 23),60.2,High,21.9335,73.32567,train,,,,False,True,251.0,True
SNAP-000336-1,SIH26017-PRJ-000336,2021-09-07,Madhya Pradesh,Indore,State Highway,State PWD,Linear,"RFCTLARR Act, 2013",194.48,5,1981.84,Government-Wasteland,True,2019-08-17,2021-04-25,617,752,7,Compensation Disbursement,77.8,-25,4,4,0,False,44.9,False,0,False,False,70.8,27.4,,Not Digitized,13,52.4,True,1,8,Medium,Neutral,7,Delayed,59.3,False,-2.6,81.2,50.0,8,Possession,18.2,Low,22.91569,75.95532,train,,,,True,True,,True
SNAP-000337-1,SIH26017-PRJ-000337,2023-11-27,Chhattisgarh,Raipur,Power Transmission Line,POWERGRID/State Transco,Linear,"RFCTLARR Act, 2013",7.28,3,778.61,Agricultural,False,2022-12-06,2027-07-19,1686,356,2,Social Impact Assessment (SIA),11.1,72,4,3,1,True,0.0,False,0,False,False,64.9,30.3,,Partially Digitized,0,0.0,False,0,6,Low,Opposing,0,Insufficient,16.5,True,57.5,69.4,55.6,2,Social Impact Assessment (SIA),22.9,Low,21.29716,81.71479,train,,,,False,True,245.0,True
SNAP-000337-2,SIH26017-PRJ-000337,2024-10-21,Chhattisgarh,Raipur,Power Transmission Line,POWERGRID/State Transco,Linear,"RFCTLARR Act, 2013",7.28,3,778.61,Agricultural,False,2022-12-06,2027-07-19,1686,685,4,Draft Declaration,33.3,370,4,4,0,False,0.0,False,0,False,False,67.3,31.1,,Partially Digitized,0,0.0,True,0,6,Low,Opposing,2,Insufficient,40.4,True,60.5,66.7,59.0,4,Draft Declaration,39.6,Medium,21.29716,81.71479,train,,,,False,True,42.0,True
SNAP-000337-3,SIH26017-PRJ-000337,2025-09-30,Chhattisgarh,Raipur,Power Transmission Line,POWERGRID/State Transco,Linear,"RFCTLARR Act, 2013",7.28,3,778.61,Agricultural,False,2022-12-06,2027-07-19,1686,1029,6,Award Declaration (Sec 23),55.6,517,4,4,0,False,32.3,False,0,False,False,70.6,30.2,,Partially Digitized,0,0.0,True,0,6,Low,Opposing,6,Delayed,54.8,True,91.0,64.4,57.8,6,Award Declaration (Sec 23),30.6,Medium,21.29716,81.71479,train,,,,False,True,107.0,True
SNAP-000338-1,SIH26017-PRJ-000338,2016-10-10,Chhattisgarh,Durg,Power Transmission Line,POWERGRID/State Transco,Linear,"RFCTLARR Act, 2013",147.27,8,787.99,Agricultural,False,2015-12-28,2018-06-15,900,287,4,Draft Declaration,44.4,1,4,3,1,True,0.0,False,0,False,False,85.8,11.6,,Not Digitized,13,0.0,True,0,11,Low,Neutral,0,Delayed,29.0,False,,,,5,Final Declaration (Sec 19),7.7,Low,21.06885,81.04421,train,False,On-Time,0.0,True,False,18.0,True
SNAP-000338-2,SIH26017-PRJ-000338,2017-08-08,Chhattisgarh,Durg,Power Transmission Line,POWERGRID/State Transco,Linear,"RFCTLARR Act, 2013",147.27,8,787.99,Agricultural,False,2015-12-28,2018-06-15,900,589,7,Compensation Disbursement,66.7,71,4,4,0,False,34.6,False,0,False,False,82.8,10.2,,Not Digitized,13,17.8,True,1,11,Low,Neutral,0,Adequate,51.3,False,,100.0,100.0,7,Compensation Disbursement,5.4,Low,21.06885,81.04421,train,False,On-Time,0.0,True,True,77.0,True
SNAP-000339-1,SIH26017-PRJ-000339,2018-08-31,West Bengal,Purulia,Irrigation Canal/Dam,State Irrigation Dept,Linear,"RFCTLARR Act, 2013",1283.91,42,1437.6,Forest,True,2016-05-29,2023-04-12,2509,824,4,Draft Declaration,33.3,473,6,5,0,False,0.0,False,0,False,False,75.8,20.6,,Fully Digitized,113,0.0,True,7,41,High,Neutral,3,Insufficient,31.0,True,104.0,,,4,Draft Declaration,46.5,Medium,23.47995,85.93838,train,False,On-Time,20.0,True,True,138.0,True
SNAP-000339-2,SIH26017-PRJ-000339,2020-11-09,West Bengal,Purulia,Irrigation Canal/Dam,State Irrigation Dept,Linear,"RFCTLARR Act, 2013",1283.91,42,1437.6,Forest,True,2016-05-29,2023-04-12,2509,1625,6,Award Declaration (Sec 23),55.6,881,6,5,0,False,22.7,False,0,False,False,76.5,20.9,,Fully Digitized,113,21.1,True,11,41,High,Neutral,2,Insufficient,44.3,True,27.7,25.0,75.0,6,Award Declaration (Sec 23),46.3,Medium,23.47995,85.93838,train,False,On-Time,20.0,True,True,459.0,True
SNAP-000340-1,SIH26017-PRJ-000340,2021-05-13,Odisha,Sundargarh,Railway Line/Doubling,Indian Railways,Linear,"Railways Act, 1989",277.96,8,5916.26,Mixed,False,2015-12-16,2023-02-06,2609,1975,7,Compensation Disbursement,66.7,981,5,5,0,False,46.9,False,0,False,False,75.5,26.8,,Partially Digitized,143,29.5,True,16,20,Low,Opposing,7,Delayed,55.7,False,74.4,37.5,62.5,7,Compensation Disbursement,37.8,Medium,22.01519,83.93065,test,False,Minor Delay (<=6mo),103.0,True,True,577.0,True
SNAP-000341-1,SIH26017-PRJ-000341,2024-09-19,Odisha,Kalahandi,Railway Line/Doubling,Indian Railways,Linear,"Railways Act, 1989",281.89,12,6786.45,Agricultural,True,2023-07-28,2027-08-11,1475,419,3,Survey & Measurement,22.2,214,5,5,0,False,0.0,False,1,True,True,69.2,28.0,,Fully Digitized,20,0.0,True,1,18,Medium,Neutral,6,Insufficient,19.5,True,84.7,50.0,68.8,3,Survey & Measurement,61.3,High,19.41563,83.389,train,,,,False,True,347.0,True
SNAP-000341-2,SIH26017-PRJ-000341,2025-08-11,Odisha,Kalahandi,Railway Line/Doubling,Indian Railways,Linear,"Railways Act, 1989",281.89,12,6786.45,Agricultural,True,2023-07-28,2027-08-11,1475,745,3,Survey & Measurement,22.2,214,5,5,0,False,0.0,False,3,True,True,69.4,29.6,,Fully Digitized,20,0.0,True,1,18,Medium,Neutral,1,Insufficient,23.7,True,102.2,52.4,76.2,3,Survey & Measurement,62.0,High,19.41563,83.389,train,,,,False,True,347.0,True
SNAP-000342-1,SIH26017-PRJ-000342,2018-03-17,Maharashtra,Nashik,Urban Water Supply/Sewerage,State Water/Municipal Board,Point,"RFCTLARR Act, 2013",51.3,3,1260.39,Mixed,False,2017-07-15,2018-11-11,484,245,2,Social Impact Assessment (SIA),11.1,45,4,3,1,True,0.0,False,0,False,False,67.7,26.0,,Partially Digitized,15,0.0,False,0,11,Low,Opposing,0,Delayed,16.0,False,,100.0,0.0,2,Social Impact Assessment (SIA),29.4,Low,20.09523,74.18733,train,,,,True,True,38.0,True
SNAP-000342-2,SIH26017-PRJ-000342,2018-09-24,Maharashtra,Nashik,Urban Water Supply/Sewerage,State Water/Municipal Board,Point,"RFCTLARR Act, 2013",51.3,3,1260.39,Mixed,False,2017-07-15,2018-11-11,484,436,3,Survey & Measurement,33.3,172,4,4,0,False,0.0,False,0,False,False,68.0,27.1,,Partially Digitized,15,0.0,True,0,11,Low,Opposing,0,Insufficient,24.4,False,,71.4,28.6,4,Draft Declaration,30.9,Medium,20.09523,74.18733,train,,,,True,True,,True
SNAP-000343-1,SIH26017-PRJ-000343,2024-03-29,Tamil Nadu,Chennai,Railway Line/Doubling,Indian Railways,Linear,"Railways Act, 1989",71.83,3,4863.22,Forest,False,2023-06-09,2029-06-29,2212,294,2,Social Impact Assessment (SIA),11.1,123,6,3,3,True,0.0,False,0,False,False,68.7,23.7,,Partially Digitized,1,0.0,False,0,12,Medium,Opposing,1,Insufficient,14.1,True,36.3,50.0,71.4,2,Social Impact Assessment (SIA),32.2,Medium,12.91829,80.34549,validation,,,,False,True,81.0,True
SNAP-000343-2,SIH26017-PRJ-000343,2025-01-14,Tamil Nadu,Chennai,Railway Line/Doubling,Indian Railways,Linear,"Railways Act, 1989",71.83,3,4863.22,Forest,False,2023-06-09,2029-06-29,2212,585,3,Survey & Measurement,22.2,204,6,5,0,False,0.0,False,0,False,False,66.3,25.0,,Partially Digitized,1,0.0,True,0,12,Medium,Opposing,4,Insufficient,26.3,True,53.6,44.4,72.2,3,Survey & Measurement,38.9,Medium,12.91829,80.34549,validation,,,,False,True,130.0,True
SNAP-000343-3,SIH26017-PRJ-000343,2025-10-21,Tamil Nadu,Chennai,Railway Line/Doubling,Indian Railways,Linear,"Railways Act, 1989",71.83,3,4863.22,Forest,False,2023-06-09,2029-06-29,2212,865,5,Final Declaration (Sec 19),44.4,506,6,5,0,False,0.0,False,0,False,False,68.8,25.1,,Partially Digitized,1,0.0,True,0,12,Medium,Opposing,2,Insufficient,39.2,True,51.3,54.2,79.2,5,Final Declaration (Sec 19),32.3,Medium,12.91829,80.34549,validation,,,,False,,,False
SNAP-000344-1,SIH26017-PRJ-000344,2020-06-04,Madhya Pradesh,Jabalpur,National Highway,NHAI,Linear,"National Highways Act, 1956",145.77,3,1340.8,Mixed,False,2019-11-27,2021-04-10,500,190,5,Final Declaration (Sec 19),44.4,-146,5,3,2,True,0.0,False,0,False,False,82.0,21.3,,Partially Digitized,84,0.0,True,1,2,Low,Supportive,0,Adequate,40.2,False,-5.1,63.6,54.5,5,Final Declaration (Sec 19),10.2,Low,23.31226,80.06651,validation,False,On-Time,-23.0,True,False,-17.0,True
SNAP-000344-2,SIH26017-PRJ-000344,2020-10-15,Madhya Pradesh,Jabalpur,National Highway,NHAI,Linear,"National Highways Act, 1956",145.77,3,1340.8,Mixed,False,2019-11-27,2021-04-10,500,323,7,Compensation Disbursement,66.7,-148,5,5,0,False,37.7,False,0,False,False,81.6,21.6,,Partially Digitized,84,28.4,True,2,2,Low,Supportive,0,Adequate,58.2,False,-6.2,68.8,56.2,7,Compensation Disbursement,16.4,Low,23.31226,80.06651,validation,False,On-Time,-23.0,True,False,-65.0,True
SNAP-000345-1,SIH26017-PRJ-000345,2022-01-17,Tamil Nadu,Chennai,National Highway,NHAI,Linear,"National Highways Act, 1956",227.6,9,1536.52,Agricultural,False,2020-10-07,2024-05-25,1326,467,3,Survey & Measurement,22.2,170,5,5,0,False,0.0,False,0,False,False,67.7,29.8,,Partially Digitized,24,0.0,True,1,13,Medium,Opposing,3,Delayed,21.2,True,43.7,65.4,57.7,3,Survey & Measurement,39.5,Medium,13.00477,79.96452,train,False,Minor Delay (<=6mo),175.0,True,True,93.0,True
SNAP-000345-2,SIH26017-PRJ-000345,2023-05-24,Tamil Nadu,Chennai,National Highway,NHAI,Linear,"National Highways Act, 1956",227.6,9,1536.52,Agricultural,False,2020-10-07,2024-05-25,1326,959,7,Compensation Disbursement,66.7,352,5,5,0,False,37.5,False,1,False,True,65.9,32.7,,Partially Digitized,24,43.2,True,2,13,Medium,Opposing,9,Insufficient,55.6,True,37.0,70.3,59.5,7,Compensation Disbursement,43.1,Medium,13.00477,79.96452,train,False,Minor Delay (<=6mo),175.0,True,True,75.0,True
SNAP-000346-1,SIH26017-PRJ-000346,2026-03-23,Karnataka,Bengaluru Rural,Industrial Corridor,State Industrial Dev. Corp,Area,"RFCTLARR Act, 2013",3915.04,93,19354.81,Mixed,False,2020-09-15,2029-01-07,3036,2015,7,Compensation Disbursement,66.7,1315,4,4,0,False,51.7,False,0,False,False,72.4,29.5,51.8,Fully Digitized,1947,26.4,True,126,75,Medium,Opposing,3,Insufficient,63.3,True,55.0,43.5,95.7,7,Compensation Disbursement,55.1,High,13.30351,77.69048,test,,,,False,,,False
SNAP-000347-1,SIH26017-PRJ-000347,2019-04-29,Madhya Pradesh,Jabalpur,Irrigation Canal/Dam,State Irrigation Dept,Linear,"RFCTLARR Act, 2013",938.11,32,866.66,Forest,False,2019-02-12,2022-04-23,1166,76,2,Social Impact Assessment (SIA),11.1,5,5,2,1,True,0.0,False,0,False,False,87.7,7.5,,Fully Digitized,77,0.0,False,0,0,Low,Supportive,1,Delayed,5.3,True,-5.1,0.0,100.0,2,Social Impact Assessment (SIA),13.5,Low,23.32496,80.00878,test,False,On-Time,10.0,True,True,83.0,True
SNAP-000348-1,SIH26017-PRJ-000348,2024-08-20,Jharkhand,Dhanbad,State Highway,State PWD,Linear,"RFCTLARR Act, 2013",55.99,4,1684.43,Agricultural,False,2023-07-15,2026-08-29,1141,402,4,Draft Declaration,33.3,179,4,4,0,False,0.0,False,0,False,False,59.7,35.0,,Partially Digitized,5,0.0,True,0,17,Medium,Supportive,2,Insufficient,30.1,False,90.7,81.6,57.9,4,Draft Declaration,34.0,Medium,23.7339,86.38688,train,,,,False,True,81.0,True
SNAP-000348-2,SIH26017-PRJ-000348,2025-08-14,Jharkhand,Dhanbad,State Highway,State PWD,Linear,"RFCTLARR Act, 2013",55.99,4,1684.43,Agricultural,False,2023-07-15,2026-08-29,1141,761,6,Award Declaration (Sec 23),55.6,278,4,4,0,False,33.5,False,0,False,False,58.0,36.1,,Partially Digitized,5,24.0,True,1,17,Medium,Supportive,10,Delayed,57.4,False,93.3,82.9,53.7,6,Award Declaration (Sec 23),39.1,Medium,23.7339,86.38688,train,,,,False,True,46.0,True
SNAP-000349-1,SIH26017-PRJ-000349,2021-01-16,Bihar,Gaya,Power Transmission Line,POWERGRID/State Transco,Linear,"RFCTLARR Act, 2013",91.4,1,666.56,Forest,False,2020-09-09,2022-09-17,738,129,2,Social Impact Assessment (SIA),11.1,4,6,2,3,True,0.0,False,0,False,False,91.7,3.1,,Not Digitized,7,0.0,False,0,5,Low,Supportive,1,Adequate,9.4,False,20.4,52.9,58.8,2,Social Impact Assessment (SIA),8.5,Low,24.70368,84.801,train,False,Minor Delay (<=6mo),34.0,True,False,-6.0,True
SNAP-000350-1,SIH26017-PRJ-000350,2020-02-16,Karnataka,Belagavi,State Highway,State PWD,Linear,"RFCTLARR Act, 2013",88.71,6,194.73,Agricultural,False,2019-06-09,2021-06-11,733,252,4,Draft Declaration,33.3,-31,3,3,0,False,0.0,False,0,False,False,55.7,42.9,,Fully Digitized,7,0.0,True,0,9,Low,Neutral,2,Adequate,31.1,True,3.0,75.0,62.5,4,Draft Declaration,8.1,Low,15.87507,74.38538,train,False,On-Time,20.0,True,False,-4.0,True
SNAP-000350-2,SIH26017-PRJ-000350,2020-11-07,Karnataka,Belagavi,State Highway,State PWD,Linear,"RFCTLARR Act, 2013",88.71,6,194.73,Agricultural,False,2019-06-09,2021-06-11,733,517,7,Compensation Disbursement,66.7,6,3,3,0,False,27.6,False,0,False,False,57.6,43.2,,Fully Digitized,7,26.0,True,0,9,Low,Neutral,1,Adequate,52.8,True,-6.2,81.8,63.6,7,Compensation Disbursement,9.8,Low,15.87507,74.38538,train,False,On-Time,20.0,True,False,-32.0,True
SNAP-000351-1,SIH26017-PRJ-000351,2023-05-12,Karnataka,Ballari,Mining Project,State Mining Corp,Area,"Coal Bearing Areas Acquisition Act, 1957",1742.89,49,7141.02,Homestead-Residential,False,2021-08-02,2031-04-27,3555,648,4,Draft Declaration,33.3,285,5,4,0,False,0.0,False,0,False,False,78.3,18.6,,Fully Digitized,917,0.0,True,57,36,Low,Opposing,2,Insufficient,27.1,True,24.1,33.3,77.8,4,Draft Declaration,38.5,Medium,15.13035,77.12696,train,,,,False,True,185.0,True
SNAP-000352-1,SIH26017-PRJ-000352,2024-11-02,Gujarat,Rajkot,Industrial Corridor,State Industrial Dev. Corp,Area,"RFCTLARR Act, 2013",2520.1,61,3827.34,Mixed,False,2023-09-12,2025-04-26,592,417,4,Draft Declaration,33.3,114,4,4,0,False,0.0,False,0,False,False,49.4,54.9,51.8,Partially Digitized,1254,0.0,True,57,52,Medium,Opposing,2,Insufficient,28.3,False,109.0,40.0,93.3,4,Draft Declaration,53.1,Medium,22.21751,70.8638,validation,,,,True,True,48.0,True
SNAP-000353-1,SIH26017-PRJ-000353,2025-01-23,Maharashtra,Pune,Airport Expansion,Airports Authority of India,Point,"RFCTLARR Act, 2013",1076.97,28,16957.61,Homestead-Residential,False,2024-05-18,2032-12-04,3122,250,2,Social Impact Assessment (SIA),11.1,74,5,3,2,True,0.0,False,0,False,False,62.5,38.7,,Partially Digitized,559,0.0,False,12,21,Medium,Neutral,3,Insufficient,15.3,False,38.9,29.4,88.2,2,Social Impact Assessment (SIA),37.7,Medium,18.45514,73.90113,train,,,,False,True,55.0,True
SNAP-000353-2,SIH26017-PRJ-000353,2025-06-27,Maharashtra,Pune,Airport Expansion,Airports Authority of India,Point,"RFCTLARR Act, 2013",1076.97,28,16957.61,Homestead-Residential,False,2024-05-18,2032-12-04,3122,405,3,Survey & Measurement,22.2,129,5,4,1,False,0.0,False,0,False,False,61.4,36.9,,Partially Digitized,559,0.0,True,23,21,Medium,Neutral,1,Insufficient,25.8,False,38.9,27.8,88.9,3,Survey & Measurement,47.4,Medium,18.45514,73.90113,train,,,,False,True,107.0,True
SNAP-000353-3,SIH26017-PRJ-000353,2025-12-22,Maharashtra,Pune,Airport Expansion,Airports Authority of India,Point,"RFCTLARR Act, 2013",1076.97,28,16957.61,Homestead-Residential,False,2024-05-18,2032-12-04,3122,583,4,Draft Declaration,33.3,236,5,5,0,False,0.0,False,0,False,False,63.5,37.8,,Partially Digitized,559,0.0,True,34,21,Medium,Neutral,4,Delayed,37.9,False,42.8,30.0,90.0,4,Draft Declaration,38.7,Medium,18.45514,73.90113,train,,,,False,True,69.0,True
SNAP-000354-1,SIH26017-PRJ-000354,2026-07-02,Assam,Kamrup,Urban Metro Rail,State Metro Rail Corp,Linear,"RFCTLARR Act, 2013",36.15,7,9545.87,Government-Wasteland,False,2024-08-22,2028-05-26,1373,679,6,Award Declaration (Sec 23),55.6,141,4,4,0,False,27.7,False,0,False,False,85.2,11.1,,Partially Digitized,12,16.1,True,1,14,Low,Neutral,4,Insufficient,56.6,False,95.9,56.2,75.0,6,Award Declaration (Sec 23),26.8,Low,26.06178,91.88379,train,,,,False,,,False
SNAP-000355-1,SIH26017-PRJ-000355,2026-01-18,Maharashtra,Nashik,Industrial Corridor,State Industrial Dev. Corp,Area,"RFCTLARR Act, 2013",1286.17,32,2698.31,Homestead-Residential,False,2023-04-15,2028-08-08,1942,1009,4,Draft Declaration,33.3,558,4,4,0,False,0.0,True,2,False,False,76.1,24.2,58.3,Fully Digitized,687,0.0,True,39,36,Medium,Opposing,3,Insufficient,36.1,True,42.8,45.5,95.5,4,Draft Declaration,63.5,High,19.90705,73.88065,train,,,,False,,,False
SNAP-000356-1,SIH26017-PRJ-000356,2024-06-04,Rajasthan,Alwar,Urban Metro Rail,State Metro Rail Corp,Linear,"RFCTLARR Act, 2013",70.24,3,10492.92,Homestead-Residential,False,2022-11-30,2027-04-12,1594,552,4,Draft Declaration,33.3,179,4,4,0,False,0.0,False,0,False,False,64.6,31.1,,Not Digitized,32,0.0,True,2,13,Low,Opposing,4,Insufficient,25.9,False,102.5,63.6,81.8,4,Draft Declaration,32.0,Medium,27.51758,76.6209,train,,,,False,True,110.0,True
SNAP-000356-2,SIH26017-PRJ-000356,2025-06-04,Rajasthan,Alwar,Urban Metro Rail,State Metro Rail Corp,Linear,"RFCTLARR Act, 2013",70.24,3,10492.92,Homestead-Residential,False,2022-11-30,2027-04-12,1594,917,6,Award Declaration (Sec 23),55.6,376,4,4,0,False,30.8,False,0,False,False,63.2,33.0,,Not Digitized,32,21.3,True,3,13,Low,Opposing,4,Insufficient,42.2,False,105.9,58.3,83.3,6,Award Declaration (Sec 23),29.6,Low,27.51758,76.6209,train,,,,False,True,217.0,True
SNAP-000357-1,SIH26017-PRJ-000357,2019-02-20,Kerala,Thiruvananthapuram,Industrial Corridor,State Industrial Dev. Corp,Area,"RFCTLARR Act, 2013",3608.02,102,8234.67,Agricultural,False,2018-09-26,2019-03-19,174,147,1,Preliminary Notification (Sec 11),11.1,31,4,3,0,False,0.0,False,0,False,False,65.6,23.7,65.3,Fully Digitized,268,0.0,False,1,0,Medium,Neutral,3,Insufficient,4.5,True,,,,2,Social Impact Assessment (SIA),33.6,Medium,8.46219,76.97153,validation,,,,True,True,,True
SNAP-000357-2,SIH26017-PRJ-000357,2019-05-14,Kerala,Thiruvananthapuram,Industrial Corridor,State Industrial Dev. Corp,Area,"RFCTLARR Act, 2013",3608.02,102,8234.67,Agricultural,False,2018-09-26,2019-03-19,174,230,1,Preliminary Notification (Sec 11),11.1,31,4,3,1,True,0.0,False,0,False,False,62.3,21.4,65.3,Fully Digitized,268,0.0,False,1,0,Medium,Neutral,1,Insufficient,4.1,True,,,,2,Social Impact Assessment (SIA),28.7,Low,8.46219,76.97153,validation,,,,True,True,,True
SNAP-000357-3,SIH26017-PRJ-000357,2019-09-01,Kerala,Thiruvananthapuram,Industrial Corridor,State Industrial Dev. Corp,Area,"RFCTLARR Act, 2013",3608.02,102,8234.67,Agricultural,False,2018-09-26,2019-03-19,174,340,1,Preliminary Notification (Sec 11),11.1,31,4,3,1,True,0.0,False,0,False,False,64.4,23.7,65.3,Fully Digitized,268,0.0,False,1,0,Medium,Neutral,2,Insufficient,4.6,True,,,,2,Social Impact Assessment (SIA),30.0,Medium,8.46219,76.97153,validation,,,,True,True,,True
SNAP-000358-1,SIH26017-PRJ-000358,2022-01-26,Chhattisgarh,Durg,Airport Expansion,Airports Authority of India,Point,"RFCTLARR Act, 2013",1339.8,33,996.76,Homestead-Residential,False,2020-09-04,2022-03-30,572,509,2,Social Impact Assessment (SIA),22.2,314,5,4,1,True,0.0,False,1,False,True,72.9,27.5,,Not Digitized,719,0.0,True,12,23,Medium,Neutral,0,Insufficient,14.9,False,44.0,25.0,75.0,3,Survey & Measurement,50.3,Medium,21.38722,81.27506,train,,,,True,True,,True
SNAP-000359-1,SIH26017-PRJ-000359,2020-08-01,Telangana,Hyderabad,Irrigation Canal/Dam,State Irrigation Dept,Linear,"RFCTLARR Act, 2013",1765.42,50,502.97,Homestead-Residential,False,2018-08-11,2025-06-04,2489,721,4,Draft Declaration,33.3,323,5,5,0,False,0.0,True,1,False,True,57.4,53.3,,Not Digitized,891,0.0,True,52,35,Medium,Opposing,4,Insufficient,29.3,False,-14.7,0.0,100.0,4,Draft Declaration,58.3,High,17.62137,78.63987,train,,,,False,True,111.0,True
SNAP-000359-2,SIH26017-PRJ-000359,2022-02-14,Telangana,Hyderabad,Irrigation Canal/Dam,State Irrigation Dept,Linear,"RFCTLARR Act, 2013",1765.42,50,502.97,Homestead-Residential,False,2018-08-11,2025-06-04,2489,1283,7,Compensation Disbursement,66.7,694,5,5,0,False,31.8,False,0,False,False,56.0,53.2,,Not Digitized,891,31.3,True,90,35,Medium,Opposing,6,Delayed,47.7,False,39.4,33.3,83.3,7,Compensation Disbursement,50.3,Medium,17.62137,78.63987,train,,,,False,True,671.0,True
SNAP-000359-3,SIH26017-PRJ-000359,2024-08-24,Telangana,Hyderabad,Irrigation Canal/Dam,State Irrigation Dept,Linear,"RFCTLARR Act, 2013",1765.42,50,502.97,Homestead-Residential,False,2018-08-11,2025-06-04,2489,2205,8,Possession,77.8,1365,5,5,0,False,62.4,True,1,False,False,57.4,54.6,,Not Digitized,891,75.5,True,118,35,Medium,Opposing,8,Delayed,61.8,False,31.3,50.0,68.8,8,Possession,48.8,Medium,17.62137,78.63987,train,,,,False,True,280.0,True
SNAP-000360-1,SIH26017-PRJ-000360,2018-05-20,Jharkhand,Paschimi Singhbhum,National Highway,NHAI,Linear,"National Highways Act, 1956",369.85,11,5549.73,Homestead-Residential,True,2015-05-07,2024-01-18,3178,1109,5,Final Declaration (Sec 19),44.4,628,5,5,0,False,5.9,False,0,False,False,61.7,45.6,,Partially Digitized,175,0.8,True,14,13,Medium,Opposing,6,Insufficient,39.7,False,,50.0,66.7,5,Final Declaration (Sec 19),47.3,Medium,22.57993,85.55857,validation,False,Minor Delay (<=6mo),73.0,True,True,401.0,True
SNAP-000360-2,SIH26017-PRJ-000360,2021-05-30,Jharkhand,Paschimi Singhbhum,National Highway,NHAI,Linear,"National Highways Act, 1956",369.85,11,5549.73,Homestead-Residential,True,2015-05-07,2024-01-18,3178,2215,7,Compensation Disbursement,66.7,1290,5,5,0,False,37.1,False,0,False,False,60.7,44.9,,Partially Digitized,175,36.5,True,20,13,Medium,Opposing,10,Adequate,56.9,False,72.7,65.0,60.0,7,Compensation Disbursement,45.1,Medium,22.57993,85.55857,validation,False,Minor Delay (<=6mo),73.0,True,True,908.0,True
SNAP-000361-1,SIH26017-PRJ-000361,2016-04-13,Tamil Nadu,Tiruchirappalli,Urban Water Supply/Sewerage,State Water/Municipal Board,Point,"RFCTLARR Act, 2013",23.23,8,1078.96,Mixed,False,2015-04-20,2018-04-28,1104,359,4,Draft Declaration,33.3,56,5,3,2,True,0.0,False,0,False,False,74.3,29.7,,Partially Digitized,7,0.0,True,1,11,Low,Opposing,1,Insufficient,37.1,True,,,,4,Draft Declaration,26.9,Low,10.8693,78.65801,test,False,On-Time,27.0,True,True,33.0,True
SNAP-000361-2,SIH26017-PRJ-000361,2016-11-23,Tamil Nadu,Tiruchirappalli,Urban Water Supply/Sewerage,State Water/Municipal Board,Point,"RFCTLARR Act, 2013",23.23,8,1078.96,Mixed,False,2015-04-20,2018-04-28,1104,583,6,Award Declaration (Sec 23),55.6,109,5,5,0,False,28.9,False,0,False,False,73.0,28.3,,Partially Digitized,7,24.9,True,1,11,Low,Opposing,3,Delayed,58.6,True,,,,6,Award Declaration (Sec 23),26.8,Low,10.8693,78.65801,test,False,On-Time,27.0,True,True,64.0,True
SNAP-000361-3,SIH26017-PRJ-000361,2017-08-05,Tamil Nadu,Tiruchirappalli,Urban Water Supply/Sewerage,State Water/Municipal Board,Point,"RFCTLARR Act, 2013",23.23,8,1078.96,Mixed,False,2015-04-20,2018-04-28,1104,838,7,Compensation Disbursement,66.7,173,5,5,0,False,51.6,False,0,False,False,72.4,26.9,,Partially Digitized,7,44.5,True,1,11,Low,Opposing,4,Insufficient,65.2,True,,,,7,Compensation Disbursement,34.1,Medium,10.8693,78.65801,test,False,On-Time,27.0,True,True,162.0,True
SNAP-000362-1,SIH26017-PRJ-000362,2020-01-21,Gujarat,Surat,National Highway,NHAI,Linear,"National Highways Act, 1956",279.01,7,4828.34,Government-Wasteland,True,2018-07-15,2023-03-01,1690,555,5,Final Declaration (Sec 19),44.4,-7,5,5,0,False,7.8,False,0,False,False,77.5,20.8,,Partially Digitized,23,1.2,True,2,3,Medium,Opposing,0,Delayed,41.2,True,129.0,60.0,60.0,5,Final Declaration (Sec 19),22.5,Low,21.31452,72.91525,train,False,Minor Delay (<=6mo),85.0,True,True,222.0,True
SNAP-000362-2,SIH26017-PRJ-000362,2020-12-01,Gujarat,Surat,National Highway,NHAI,Linear,"National Highways Act, 1956",279.01,7,4828.34,Government-Wasteland,True,2018-07-15,2023-03-01,1690,870,7,Compensation Disbursement,66.7,259,5,5,0,False,54.8,False,0,False,False,72.9,20.8,,Partially Digitized,23,45.5,True,2,3,Medium,Opposing,4,Delayed,57.2,True,68.0,68.8,56.2,7,Compensation Disbursement,39.2,Medium,21.31452,72.91525,train,False,Minor Delay (<=6mo),85.0,True,True,486.0,True
SNAP-000362-3,SIH26017-PRJ-000362,2022-06-07,Gujarat,Surat,National Highway,NHAI,Linear,"National Highways Act, 1956",279.01,7,4828.34,Government-Wasteland,True,2018-07-15,2023-03-01,1690,1423,8,Possession,77.8,745,5,5,0,False,71.4,True,1,False,False,77.9,20.9,,Partially Digitized,23,69.6,True,2,3,Medium,Opposing,6,Delayed,62.7,True,69.0,60.7,60.7,8,Possession,43.6,Medium,21.31452,72.91525,train,False,Minor Delay (<=6mo),85.0,True,True,178.0,True
SNAP-000363-1,SIH26017-PRJ-000363,2019-01-18,Madhya Pradesh,Bhopal,Industrial Corridor,State Industrial Dev. Corp,Area,"RFCTLARR Act, 2013",522.99,10,3761.47,Agricultural,False,2018-03-23,2021-05-02,1136,301,3,Survey & Measurement,22.2,14,4,3,1,True,0.0,False,0,False,False,73.8,28.0,78.3,Not Digitized,46,0.0,True,1,11,Medium,Supportive,1,Delayed,24.7,False,-3.0,,,3,Survey & Measurement,18.9,Low,23.23189,77.2733,train,False,Minor Delay (<=6mo),65.0,True,True,77.0,True
SNAP-000363-2,SIH26017-PRJ-000363,2019-12-11,Madhya Pradesh,Bhopal,Industrial Corridor,State Industrial Dev. Corp,Area,"RFCTLARR Act, 2013",522.99,10,3761.47,Agricultural,False,2018-03-23,2021-05-02,1136,628,7,Compensation Disbursement,66.7,49,4,4,0,False,45.0,True,1,False,False,71.9,28.8,78.3,Not Digitized,46,26.9,True,2,11,Medium,Supportive,1,Adequate,58.1,False,-5.1,0.0,100.0,7,Compensation Disbursement,26.7,Low,23.23189,77.2733,train,False,Minor Delay (<=6mo),65.0,True,True,70.0,True
SNAP-000363-3,SIH26017-PRJ-000363,2020-09-13,Madhya Pradesh,Bhopal,Industrial Corridor,State Industrial Dev. Corp,Area,"RFCTLARR Act, 2013",522.99,10,3761.47,Agricultural,False,2018-03-23,2021-05-02,1136,905,8,Possession,77.8,119,4,4,0,False,96.5,True,1,False,True,72.0,26.8,78.3,Not Digitized,46,56.8,True,3,11,Medium,Supportive,2,Adequate,77.8,False,-7.0,0.0,100.0,8,Possession,34.0,Medium,23.23189,77.2733,train,False,Minor Delay (<=6mo),65.0,True,True,149.0,True
SNAP-000364-1,SIH26017-PRJ-000364,2020-06-02,Assam,Dibrugarh,Industrial Corridor,State Industrial Dev. Corp,Area,"RFCTLARR Act, 2013",1996.53,52,16722.72,Agricultural,False,2016-11-25,2027-03-23,3770,1285,4,Draft Declaration,33.3,781,4,4,0,False,0.0,False,0,False,False,63.8,42.3,61.3,Partially Digitized,163,0.0,True,11,37,Medium,Opposing,7,Insufficient,24.2,False,,0.0,100.0,4,Draft Declaration,56.3,High,27.34259,94.86932,train,,,,False,True,278.0,True
SNAP-000364-2,SIH26017-PRJ-000364,2022-11-19,Assam,Dibrugarh,Industrial Corridor,State Industrial Dev. Corp,Area,"RFCTLARR Act, 2013",1996.53,52,16722.72,Agricultural,False,2016-11-25,2027-03-23,3770,2185,6,Award Declaration (Sec 23),55.6,1670,4,4,0,False,17.9,False,0,False,False,63.3,43.7,61.3,Partially Digitized,163,6.9,True,16,37,Medium,Opposing,10,Insufficient,31.9,False,60.5,50.0,87.5,6,Award Declaration (Sec 23),60.1,High,27.34259,94.86932,train,,,,False,True,526.0,True
SNAP-000365-1,SIH26017-PRJ-000365,2021-11-27,Uttar Pradesh,Gautam Buddh Nagar,Railway Line/Doubling,Indian Railways,Linear,"Railways Act, 1989",573.84,20,3489.5,Homestead-Residential,False,2021-03-28,2024-01-21,1029,244,3,Survey & Measurement,22.2,36,5,4,1,True,0.0,False,0,False,False,72.1,27.1,,Fully Digitized,288,0.0,True,3,10,Medium,Supportive,0,Delayed,16.2,True,33.2,44.4,66.7,3,Survey & Measurement,25.0,Low,28.48387,77.38663,validation,False,On-Time,-4.0,True,False,-29.0,True
SNAP-000365-2,SIH26017-PRJ-000365,2022-09-12,Uttar Pradesh,Gautam Buddh Nagar,Railway Line/Doubling,Indian Railways,Linear,"Railways Act, 1989",573.84,20,3489.5,Homestead-Residential,False,2021-03-28,2024-01-21,1029,533,6,Award Declaration (Sec 23),55.6,96,5,5,0,False,12.9,False,0,False,False,68.3,27.4,,Fully Digitized,288,3.9,True,9,10,Medium,Supportive,6,Adequate,47.7,True,33.2,50.0,70.0,6,Award Declaration (Sec 23),26.2,Low,28.48387,77.38663,validation,False,On-Time,-4.0,True,True,153.0,True
SNAP-000365-3,SIH26017-PRJ-000365,2023-05-18,Uttar Pradesh,Gautam Buddh Nagar,Railway Line/Doubling,Indian Railways,Linear,"Railways Act, 1989",573.84,20,3489.5,Homestead-Residential,False,2021-03-28,2024-01-21,1029,781,7,Compensation Disbursement,66.7,249,5,5,0,False,38.2,False,0,False,False,67.5,27.4,,Fully Digitized,288,21.5,True,11,10,Medium,Supportive,1,Adequate,58.3,True,31.6,45.5,72.7,7,Compensation Disbursement,35.4,Medium,28.48387,77.38663,validation,False,On-Time,-4.0,True,False,-14.0,True
SNAP-000366-1,SIH26017-PRJ-000366,2018-12-20,Tamil Nadu,Madurai,Urban Metro Rail,State Metro Rail Corp,Linear,"RFCTLARR Act, 2013",76.72,3,7322.32,Homestead-Residential,False,2017-11-29,2018-10-03,308,386,2,Social Impact Assessment (SIA),22.2,65,5,4,1,True,0.0,False,0,False,False,88.9,16.6,,Partially Digitized,37,0.0,True,0,6,Low,Supportive,2,Delayed,16.5,False,27.0,66.7,33.3,3,Survey & Measurement,23.3,Low,9.76376,78.31396,validation,,,,True,True,,True
SNAP-000367-1,SIH26017-PRJ-000367,2023-04-22,Maharashtra,Chhatrapati Sambhajinagar,Industrial Corridor,State Industrial Dev. Corp,Area,"RFCTLARR Act, 2013",4804.14,96,2424.77,Government-Wasteland,True,2022-01-25,2023-10-11,624,452,3,Survey & Measurement,22.2,184,4,4,0,False,0.0,False,0,False,False,51.4,45.1,70.3,Fully Digitized,402,0.0,True,17,59,Medium,Opposing,1,Insufficient,25.6,True,23.8,50.0,90.0,3,Survey & Measurement,48.3,Medium,19.53017,75.23961,train,,,,True,True,92.0,True
SNAP-000368-1,SIH26017-PRJ-000368,2017-12-01,Bihar,Patna,National Highway,NHAI,Linear,"National Highways Act, 1956",332.95,11,371.88,Government-Wasteland,False,2015-11-22,2018-08-27,1009,740,7,Compensation Disbursement,66.7,266,6,6,0,False,30.9,False,1,False,True,73.9,22.9,,Partially Digitized,33,27.5,True,2,14,Low,Neutral,2,Delayed,68.7,False,34.0,0.0,100.0,7,Compensation Disbursement,31.4,Medium,25.48917,85.12522,train,False,On-Time,16.0,True,False,1.0,True
SNAP-000369-1,SIH26017-PRJ-000369,2017-06-26,Rajasthan,Jaipur,Airport Expansion,Airports Authority of India,Point,"RFCTLARR Act, 2013",580.24,12,12277.61,Agricultural,False,2016-03-04,2019-07-22,1235,479,4,Draft Declaration,33.3,138,6,6,0,False,0.0,False,0,False,False,65.6,33.8,,Partially Digitized,42,0.0,True,2,11,Low,Neutral,1,Insufficient,32.1,False,,0.0,100.0,4,Draft Declaration,24.4,Low,26.69766,75.89198,test,False,On-Time,-5.0,True,True,36.0,True
SNAP-000369-2,SIH26017-PRJ-000369,2018-05-25,Rajasthan,Jaipur,Airport Expansion,Airports Authority of India,Point,"RFCTLARR Act, 2013",580.24,12,12277.61,Agricultural,False,2016-03-04,2019-07-22,1235,812,6,Award Declaration (Sec 23),55.6,209,6,6,0,False,24.7,False,0,False,False,66.9,36.0,,Partially Digitized,42,21.0,True,3,11,Low,Neutral,1,Delayed,50.6,False,,0.0,100.0,6,Award Declaration (Sec 23),31.1,Medium,26.69766,75.89198,test,False,On-Time,-5.0,True,True,113.0,True
SNAP-000370-1,SIH26017-PRJ-000370,2017-02-05,Odisha,Cuttack,Irrigation Canal/Dam,State Irrigation Dept,Linear,"RFCTLARR Act, 2013",74.28,5,525.28,Government-Wasteland,True,2015-02-23,2019-11-11,1722,713,6,Award Declaration (Sec 23),55.6,189,4,4,0,False,20.4,False,0,False,False,60.9,41.2,,Partially Digitized,7,19.8,True,1,12,Medium,Neutral,1,Insufficient,56.8,False,,,,6,Award Declaration (Sec 23),41.6,Medium,20.52148,85.76286,train,True,Major Delay (6-18mo),242.0,True,True,155.0,True
SNAP-000370-2,SIH26017-PRJ-000370,2018-10-15,Odisha,Cuttack,Irrigation Canal/Dam,State Irrigation Dept,Linear,"RFCTLARR Act, 2013",74.28,5,525.28,Government-Wasteland,True,2015-02-23,2019-11-11,1722,1330,7,Compensation Disbursement,66.7,344,4,4,0,False,36.5,False,0,False,False,62.5,40.8,,Partially Digitized,7,33.7,True,1,12,Medium,Neutral,3,Delayed,67.3,False,,,,7,Compensation Disbursement,37.7,Medium,20.52148,85.76286,train,True,Major Delay (6-18mo),242.0,True,True,393.0,True
SNAP-000371-1,SIH26017-PRJ-000371,2020-11-24,Odisha,Sundargarh,Industrial Corridor,State Industrial Dev. Corp,Area,"RFCTLARR Act, 2013",4931.38,115,11121.36,Agricultural,False,2020-02-24,2025-06-12,1935,274,3,Survey & Measurement,22.2,24,5,4,1,True,0.0,False,0,False,False,70.3,25.3,49.0,Partially Digitized,368,0.0,True,13,74,Medium,Opposing,1,Insufficient,14.8,True,81.5,50.0,100.0,3,Survey & Measurement,37.8,Medium,22.02859,83.93429,validation,False,Minor Delay (<=6mo),106.0,True,True,175.0,True
SNAP-000372-1,SIH26017-PRJ-000372,2026-01-09,Assam,Kamrup,National Highway,NHAI,Linear,"National Highways Act, 1956",177.53,5,4159.03,Government-Wasteland,False,2024-01-21,2030-11-14,2489,719,3,Survey & Measurement,22.2,382,5,4,0,False,0.0,False,0,False,False,81.8,12.5,,Partially Digitized,13,0.0,True,1,12,Medium,Opposing,1,Delayed,25.4,True,82.9,67.6,66.2,3,Survey & Measurement,29.2,Low,26.05645,91.84875,train,,,,False,True,184.0,True
SNAP-000373-1,SIH26017-PRJ-000373,2018-07-05,West Bengal,Purba Bardhaman,State Highway,State PWD,Linear,"RFCTLARR Act, 2013",75.68,7,758.13,Agricultural,False,2017-09-16,2019-11-26,801,292,3,Survey & Measurement,22.2,39,4,3,1,True,0.0,False,0,False,False,68.5,26.8,,Fully Digitized,8,0.0,True,0,12,Low,Supportive,0,Insufficient,25.6,True,104.0,100.0,0.0,3,Survey & Measurement,20.1,Low,22.68116,87.72862,train,False,On-Time,0.0,True,False,19.0,True
SNAP-000373-2,SIH26017-PRJ-000373,2019-03-28,West Bengal,Purba Bardhaman,State Highway,State PWD,Linear,"RFCTLARR Act, 2013",75.68,7,758.13,Agricultural,False,2017-09-16,2019-11-26,801,558,7,Compensation Disbursement,66.7,28,4,4,0,False,30.8,False,0,False,False,69.4,29.2,,Fully Digitized,8,26.9,True,0,12,Low,Supportive,1,Delayed,63.6,True,104.0,75.0,50.0,7,Compensation Disbursement,20.2,Low,22.68116,87.72862,train,False,On-Time,0.0,True,False,-8.0,True
SNAP-000374-1,SIH26017-PRJ-000374,2020-02-04,Uttar Pradesh,Agra,Special Economic Zone,State SEZ Authority,Area,"RFCTLARR Act, 2013",595.75,19,10749.74,Agricultural,False,2019-02-03,2023-04-10,1527,366,3,Survey & Measurement,22.2,95,4,3,1,True,0.0,False,0,False,False,78.4,23.5,66.1,Fully Digitized,200,0.0,True,4,16,Low,Supportive,1,Delayed,30.1,True,7.0,0.0,100.0,3,Survey & Measurement,28.3,Low,27.26109,77.92326,train,False,On-Time,-22.0,True,True,33.0,True
SNAP-000375-1,SIH26017-PRJ-000375,2022-05-02,Odisha,Sundargarh,Urban Water Supply/Sewerage,State Water/Municipal Board,Point,"RFCTLARR Act, 2013",57.98,2,1319.45,Mixed,False,2017-10-10,2022-11-14,1861,1665,8,Possession,77.8,997,4,4,0,False,61.1,False,0,False,False,71.7,25.2,,Fully Digitized,25,75.2,True,4,14,Medium,Opposing,5,Delayed,57.3,True,68.7,72.4,41.4,8,Possession,44.3,Medium,22.06128,84.07088,train,False,Minor Delay (<=6mo),78.0,True,True,137.0,True
SNAP-000376-1,SIH26017-PRJ-000376,2024-11-08,Madhya Pradesh,Indore,National Highway,NHAI,Linear,"National Highways Act, 1956",218.38,3,3188.79,Government-Wasteland,False,2024-05-20,2026-04-11,691,172,3,Survey & Measurement,22.2,-13,5,3,2,True,0.0,False,0,False,False,77.8,21.8,,Partially Digitized,16,0.0,True,0,8,Low,Neutral,1,Adequate,22.9,False,13.1,62.5,69.6,3,Survey & Measurement,1.4,Low,22.61438,75.98975,train,False,On-Time,-20.0,True,False,-9.0,True
SNAP-000377-1,SIH26017-PRJ-000377,2026-03-14,Tamil Nadu,Tiruchirappalli,Industrial Corridor,State Industrial Dev. Corp,Area,"RFCTLARR Act, 2013",2942.17,86,10395.41,Mixed,False,2024-08-08,2028-12-09,1584,583,4,Draft Declaration,33.3,226,4,4,0,False,0.0,False,0,False,False,57.5,48.9,67.2,Partially Digitized,1386,0.0,True,89,60,Medium,Opposing,4,Insufficient,37.9,False,69.0,43.5,95.7,4,Draft Declaration,52.3,Medium,10.80157,78.77891,train,,,,False,True,85.0,True
SNAP-000378-1,SIH26017-PRJ-000378,2018-07-21,Madhya Pradesh,Chhindwara,Renewable Energy Park,State Renewable Energy Agency,Area,"RFCTLARR Act, 2013",2787.21,75,366.96,Forest,True,2017-12-17,2022-07-06,1662,216,1,Preliminary Notification (Sec 11),0.0,0,5,2,2,True,0.0,False,0,False,False,64.7,25.9,53.9,Partially Digitized,225,0.0,False,0,0,Medium,Neutral,4,Insufficient,6.1,True,-4.4,25.0,75.0,1,Preliminary Notification (Sec 11),24.1,Low,22.2497,79.08101,train,False,Minor Delay (<=6mo),96.0,True,True,303.0,True
SNAP-000379-1,SIH26017-PRJ-000379,2023-02-10,Assam,Kamrup,Irrigation Canal/Dam,State Irrigation Dept,Linear,"RFCTLARR Act, 2013",115.89,5,2366.59,Forest,False,2019-05-27,2026-04-11,2511,1355,7,Compensation Disbursement,66.7,626,6,6,0,False,44.6,False,0,False,False,78.5,21.2,,Partially Digitized,15,35.3,True,2,9,Low,Opposing,4,Insufficient,59.4,False,89.7,38.5,76.9,7,Compensation Disbursement,33.1,Medium,26.04322,91.66046,train,,,,False,True,835.0,True
SNAP-000380-1,SIH26017-PRJ-000380,2026-01-29,Kerala,Ernakulam,Irrigation Canal/Dam,State Irrigation Dept,Linear,"RFCTLARR Act, 2013",1470.44,44,4400.22,Homestead-Residential,False,2022-10-30,2027-02-23,1577,1187,7,Compensation Disbursement,66.7,411,4,4,0,False,40.6,False,0,False,False,69.2,30.9,,Partially Digitized,750,26.9,True,91,39,Medium,Opposing,6,Insufficient,60.1,True,100.0,47.6,71.4,7,Compensation Disbursement,51.2,Medium,9.77394,76.3824,train,,,,False,True,103.0,True
SNAP-000381-1,SIH26017-PRJ-000381,2016-05-05,Odisha,Cuttack,Renewable Energy Park,State Renewable Energy Agency,Area,"RFCTLARR Act, 2013",1171.52,31,8221.27,Forest,False,2015-03-19,2017-10-10,936,413,2,Social Impact Assessment (SIA),11.1,64,5,4,1,True,0.0,False,0,False,False,68.9,28.6,55.2,Not Digitized,93,0.0,False,2,20,Medium,Opposing,2,Insufficient,15.0,False,,,,2,Social Impact Assessment (SIA),32.3,Medium,20.53969,85.85553,train,,,,True,True,282.0,True
SNAP-000381-2,SIH26017-PRJ-000381,2017-05-27,Odisha,Cuttack,Renewable Energy Park,State Renewable Energy Agency,Area,"RFCTLARR Act, 2013",1171.52,31,8221.27,Forest,False,2015-03-19,2017-10-10,936,800,4,Draft Declaration,33.3,480,5,5,0,False,0.0,False,0,False,False,68.2,28.6,55.2,Not Digitized,93,0.0,True,5,20,Medium,Opposing,3,Delayed,33.3,False,,0.0,100.0,4,Draft Declaration,51.9,Medium,20.53969,85.85553,train,,,,True,True,80.0,True
SNAP-000382-1,SIH26017-PRJ-000382,2024-07-31,Jharkhand,Ranchi,Irrigation Canal/Dam,State Irrigation Dept,Linear,"RFCTLARR Act, 2013",1981.17,51,4547.29,Agricultural,False,2023-06-23,2030-05-27,2530,404,2,Social Impact Assessment (SIA),11.1,90,4,2,1,True,0.0,False,0,False,False,62.4,30.0,,Partially Digitized,176,0.0,False,4,36,Medium,Opposing,1,Insufficient,17.6,False,90.7,50.0,68.8,2,Social Impact Assessment (SIA),32.5,Medium,23.42863,85.27111,train,,,,False,True,366.0,True
SNAP-000382-2,SIH26017-PRJ-000382,2025-07-14,Jharkhand,Ranchi,Irrigation Canal/Dam,State Irrigation Dept,Linear,"RFCTLARR Act, 2013",1981.17,51,4547.29,Agricultural,False,2023-06-23,2030-05-27,2530,752,3,Survey & Measurement,22.2,456,4,3,0,False,0.0,False,0,False,False,63.5,32.2,,Partially Digitized,176,0.0,True,7,36,Medium,Opposing,4,Insufficient,29.5,False,93.3,52.6,68.4,3,Survey & Measurement,46.5,Medium,23.42863,85.27111,train,,,,False,True,234.0,True
SNAP-000383-1,SIH26017-PRJ-000383,2022-11-19,Maharashtra,Nashik,Railway Line/Doubling,Indian Railways,Linear,"Railways Act, 1989",66.42,6,3734.78,Agricultural,False,2022-01-29,2023-10-16,625,294,3,Survey & Measurement,22.2,52,6,3,3,True,0.0,False,0,False,False,87.5,9.9,,Not Digitized,4,0.0,True,0,4,Low,Neutral,0,Delayed,26.5,False,23.8,50.0,70.0,3,Survey & Measurement,19.2,Low,19.70184,73.8217,train,,,,True,True,137.0,True
SNAP-000384-1,SIH26017-PRJ-000384,2021-10-24,Telangana,Karimnagar,State Highway,State PWD,Linear,"RFCTLARR Act, 2013",32.91,6,190.46,Agricultural,False,2020-12-24,2023-06-06,894,304,5,Final Declaration (Sec 19),44.4,-38,3,3,0,False,5.2,False,0,False,False,87.7,2.0,,Partially Digitized,0,0.0,True,0,7,Low,Supportive,0,Delayed,54.7,True,15.0,81.2,50.0,5,Final Declaration (Sec 19),7.5,Low,18.46746,79.19279,train,False,On-Time,-25.0,True,False,24.0,True
SNAP-000385-1,SIH26017-PRJ-000385,2019-12-24,Kerala,Ernakulam,Renewable Energy Park,State Renewable Energy Agency,Area,"RFCTLARR Act, 2013",2246.25,67,8265.91,Government-Wasteland,False,2016-05-23,2022-07-23,2252,1310,7,Compensation Disbursement,66.7,680,4,4,0,False,38.2,True,1,False,False,82.4,18.7,63.2,Partially Digitized,187,31.2,True,22,59,Medium,Opposing,5,Insufficient,82.4,False,,25.0,75.0,7,Compensation Disbursement,53.7,Medium,9.99534,76.26714,test,False,Minor Delay (<=6mo),77.0,True,True,503.0,True
SNAP-000386-1,SIH26017-PRJ-000386,2025-12-16,Telangana,Karimnagar,Power Transmission Line,POWERGRID/State Transco,Linear,"RFCTLARR Act, 2013",119.46,2,747.9,Forest,False,2021-04-20,2027-06-18,2250,1701,7,Compensation Disbursement,66.7,786,5,5,0,False,59.5,False,0,False,False,75.3,28.0,,Partially Digitized,9,48.1,True,0,7,Medium,Opposing,10,Delayed,72.6,False,39.2,63.0,58.7,7,Compensation Disbursement,35.9,Medium,18.52483,79.25559,train,,,,False,True,559.0,True
SNAP-000387-1,SIH26017-PRJ-000387,2024-05-07,Jharkhand,Dhanbad,National Highway,NHAI,Linear,"National Highways Act, 1956",54.61,4,689.62,Agricultural,False,2023-02-14,2025-06-06,843,448,6,Award Declaration (Sec 23),55.6,22,5,5,0,False,15.3,False,0,False,False,74.1,22.7,,Partially Digitized,2,10.1,True,0,8,Low,Neutral,0,Delayed,51.4,False,90.7,64.6,66.7,6,Award Declaration (Sec 23),14.5,Low,23.75132,86.3853,test,False,Minor Delay (<=6mo),90.0,True,True,45.0,True
SNAP-000388-1,SIH26017-PRJ-000388,2019-07-12,Rajasthan,Udaipur,Mining Project,State Mining Corp,Area,"Coal Bearing Areas Acquisition Act, 1957",2295.53,70,4841.46,Agricultural,False,2016-07-08,2024-09-25,3001,1099,4,Draft Declaration,33.3,612,5,5,0,False,0.0,False,0,False,False,63.3,31.8,,Partially Digitized,775,0.0,True,50,43,Low,Opposing,5,Insufficient,36.2,False,,33.3,66.7,4,Draft Declaration,45.0,Medium,24.6861,73.51555,train,True,Major Delay (6-18mo),224.0,True,True,181.0,True
SNAP-000388-2,SIH26017-PRJ-000388,2022-01-09,Rajasthan,Udaipur,Mining Project,State Mining Corp,Area,"Coal Bearing Areas Acquisition Act, 1957",2295.53,70,4841.46,Agricultural,False,2016-07-08,2024-09-25,3001,2011,7,Compensation Disbursement,66.7,1301,5,5,0,False,43.1,False,0,False,False,63.5,30.4,,Partially Digitized,775,31.1,True,93,43,Low,Opposing,10,Insufficient,63.4,False,53.3,33.3,66.7,7,Compensation Disbursement,42.4,Medium,24.6861,73.51555,train,True,Major Delay (6-18mo),224.0,True,True,537.0,True
SNAP-000389-1,SIH26017-PRJ-000389,2024-12-20,Odisha,Sundargarh,Industrial Corridor,State Industrial Dev. Corp,Area,"RFCTLARR Act, 2013",3726.04,111,10155.29,Forest,False,2024-05-11,2032-02-20,2841,223,2,Social Impact Assessment (SIA),11.1,121,6,3,3,True,0.0,False,0,False,False,75.6,21.2,50.9,Partially Digitized,276,0.0,False,2,73,Medium,Neutral,2,Insufficient,6.0,False,84.7,40.0,93.3,2,Social Impact Assessment (SIA),38.9,Medium,22.4051,84.02478,train,,,,False,True,285.0,True
SNAP-000389-2,SIH26017-PRJ-000389,2025-07-27,Odisha,Sundargarh,Industrial Corridor,State Industrial Dev. Corp,Area,"RFCTLARR Act, 2013",3726.04,111,10155.29,Forest,False,2024-05-11,2032-02-20,2841,442,2,Social Impact Assessment (SIA),11.1,121,6,4,2,True,0.0,False,0,False,False,76.0,21.1,50.9,Partially Digitized,276,0.0,False,6,73,Medium,Neutral,5,Insufficient,10.8,False,102.2,47.4,94.7,2,Social Impact Assessment (SIA),50.2,Medium,22.4051,84.02478,train,,,,False,True,285.0,True
SNAP-000389-3,SIH26017-PRJ-000389,2026-01-06,Odisha,Sundargarh,Industrial Corridor,State Industrial Dev. Corp,Area,"RFCTLARR Act, 2013",3726.04,111,10155.29,Forest,False,2024-05-11,2032-02-20,2841,605,3,Survey & Measurement,22.2,406,6,5,1,True,0.0,False,0,False,False,74.9,22.9,50.9,Partially Digitized,276,0.0,True,7,73,Medium,Neutral,2,Insufficient,11.5,False,108.7,45.5,95.5,3,Survey & Measurement,46.5,Medium,22.4051,84.02478,train,,,,False,,,False
SNAP-000390-1,SIH26017-PRJ-000390,2024-03-24,Telangana,Hyderabad,National Highway,NHAI,Linear,"National Highways Act, 1956",231.76,3,3660.38,Mixed,False,2022-07-18,2027-05-01,1748,615,5,Final Declaration (Sec 19),44.4,188,5,5,0,False,5.9,False,0,False,False,66.9,36.3,,Fully Digitized,116,1.0,True,8,9,Low,Opposing,4,Delayed,36.8,True,35.5,64.4,64.4,5,Final Declaration (Sec 19),41.4,Medium,17.45064,78.32119,train,,,,False,True,151.0,True
SNAP-000391-1,SIH26017-PRJ-000391,2020-11-16,Karnataka,Bengaluru Rural,Airport Expansion,Airports Authority of India,Point,"RFCTLARR Act, 2013",797.63,25,12237.59,Homestead-Residential,False,2020-02-22,2021-07-24,518,268,2,Social Impact Assessment (SIA),11.1,107,5,4,1,False,0.0,False,0,False,False,75.7,28.4,,Partially Digitized,399,0.0,False,5,23,Low,Opposing,2,Delayed,15.1,True,-6.2,20.0,80.0,2,Social Impact Assessment (SIA),23.4,Low,13.29862,77.77511,train,,,,True,False,30.0,True
SNAP-000391-2,SIH26017-PRJ-000391,2021-06-16,Karnataka,Bengaluru Rural,Airport Expansion,Airports Authority of India,Point,"RFCTLARR Act, 2013",797.63,25,12237.59,Homestead-Residential,False,2020-02-22,2021-07-24,518,480,4,Draft Declaration,44.4,153,5,5,0,False,0.0,False,0,False,False,75.4,29.0,,Partially Digitized,399,0.0,True,15,23,Low,Opposing,2,Delayed,33.2,True,-4.6,33.3,66.7,5,Final Declaration (Sec 19),43.1,Medium,13.29862,77.77511,train,,,,True,True,,True
SNAP-000392-1,SIH26017-PRJ-000392,2019-03-31,Jharkhand,Ranchi,Irrigation Canal/Dam,State Irrigation Dept,Linear,"RFCTLARR Act, 2013",1533.43,47,1460.09,Government-Wasteland,False,2018-07-22,2018-12-04,135,252,1,Preliminary Notification (Sec 11),11.1,10,4,3,1,True,0.0,False,0,False,False,59.3,34.6,,Partially Digitized,147,0.0,False,0,0,Low,Neutral,3,Insufficient,5.1,False,,0.0,100.0,2,Social Impact Assessment (SIA),25.4,Low,23.33506,85.31944,test,,,,True,True,,True
SNAP-000393-1,SIH26017-PRJ-000393,2020-01-21,Assam,Kamrup,State Highway,State PWD,Linear,"RFCTLARR Act, 2013",158.31,9,1189.66,Agricultural,False,2018-04-09,2022-05-12,1494,652,7,Compensation Disbursement,66.7,156,4,4,0,False,27.0,False,0,False,False,74.2,27.0,,Partially Digitized,16,20.7,True,1,16,Medium,Neutral,5,Delayed,65.3,False,,75.0,62.5,7,Compensation Disbursement,36.4,Medium,25.95277,91.58811,validation,False,Minor Delay (<=6mo),154.0,True,True,292.0,True
SNAP-000393-2,SIH26017-PRJ-000393,2021-03-22,Assam,Kamrup,State Highway,State PWD,Linear,"RFCTLARR Act, 2013",158.31,9,1189.66,Agricultural,False,2018-04-09,2022-05-12,1494,1078,8,Possession,77.8,448,4,4,0,False,45.8,False,0,False,False,73.5,27.8,,Partially Digitized,16,39.1,True,1,16,Medium,Neutral,4,Delayed,77.1,False,56.7,85.7,50.0,8,Possession,38.2,Medium,25.95277,91.58811,validation,False,Minor Delay (<=6mo),154.0,True,True,299.0,True
SNAP-000394-1,SIH26017-PRJ-000394,2016-11-05,Odisha,Kalahandi,Mining Project,State Mining Corp,Area,"Coal Bearing Areas Acquisition Act, 1957",343.76,10,5670.64,Homestead-Residential,False,2016-03-27,2016-09-02,159,223,1,Preliminary Notification (Sec 11),11.1,37,5,3,2,True,0.0,False,0,False,False,68.1,23.3,,Partially Digitized,168,0.0,False,1,0,Medium,Opposing,2,Insufficient,4.8,False,,100.0,0.0,2,Social Impact Assessment (SIA),25.2,Low,19.85715,83.22365,train,,,,True,True,,True
SNAP-000395-1,SIH26017-PRJ-000395,2020-08-14,Rajasthan,Udaipur,Urban Water Supply/Sewerage,State Water/Municipal Board,Point,"RFCTLARR Act, 2013",51.84,3,1840.06,Mixed,False,2017-01-24,2020-12-27,1433,1298,7,Compensation Disbursement,77.8,679,4,3,0,False,45.3,False,0,False,False,71.3,31.0,,Partially Digitized,25,47.9,True,3,18,Low,Opposing,0,Delayed,78.1,True,26.5,68.2,40.9,8,Possession,28.1,Low,24.46345,73.568,train,False,Minor Delay (<=6mo),107.0,True,False,14.0,True
SNAP-000396-1,SIH26017-PRJ-000396,2018-07-05,Gujarat,Ahmedabad,National Highway,NHAI,Linear,"National Highways Act, 1956",153.31,7,1211.71,Homestead-Residential,False,2015-08-20,2024-03-30,3145,1050,5,Final Declaration (Sec 19),44.4,524,5,5,0,False,7.1,False,0,False,False,90.3,8.2,,Partially Digitized,72,0.9,True,5,13,Medium,Opposing,7,Insufficient,44.1,False,,50.0,66.7,5,Final Declaration (Sec 19),47.3,Medium,22.85292,73.15014,validation,False,Minor Delay (<=6mo),44.0,True,True,298.0,True
SNAP-000396-2,SIH26017-PRJ-000396,2021-08-02,Gujarat,Ahmedabad,National Highway,NHAI,Linear,"National Highways Act, 1956",153.31,7,1211.71,Homestead-Residential,False,2015-08-20,2024-03-30,3145,2174,7,Compensation Disbursement,66.7,1032,5,5,0,False,50.4,False,0,False,False,92.1,8.0,,Partially Digitized,72,32.5,True,8,13,Medium,Opposing,10,Delayed,61.8,False,68.0,66.7,61.9,7,Compensation Disbursement,40.8,Medium,22.85292,73.15014,validation,False,Minor Delay (<=6mo),44.0,True,True,1012.0,True
SNAP-000397-1,SIH26017-PRJ-000397,2026-04-26,Tamil Nadu,Chennai,Special Economic Zone,State SEZ Authority,Area,"RFCTLARR Act, 2013",190.85,8,933.38,Government-Wasteland,False,2024-09-24,2027-03-01,888,579,3,Survey & Measurement,22.2,325,4,3,0,False,0.0,False,1,True,False,60.0,46.3,53.1,Not Digitized,57,0.0,True,2,10,Low,Opposing,0,Insufficient,19.8,False,69.0,35.0,85.0,3,Survey & Measurement,63.1,High,13.07902,80.47927,test,,,,False,,,False
SNAP-000398-1,SIH26017-PRJ-000398,2017-11-03,Madhya Pradesh,Indore,Railway Line/Doubling,Indian Railways,Linear,"Railways Act, 1989",160.71,13,4488.23,Agricultural,False,2017-02-20,2019-03-07,745,256,5,Final Declaration (Sec 19),44.4,-67,5,4,1,True,0.0,False,0,False,False,77.0,29.3,,Not Digitized,15,0.0,True,0,5,Low,Supportive,1,Adequate,35.3,False,-34.0,0.0,100.0,5,Final Declaration (Sec 19),4.1,Low,22.95354,76.05027,train,False,On-Time,4.0,True,False,-31.0,True
SNAP-000398-2,SIH26017-PRJ-000398,2018-06-27,Madhya Pradesh,Indore,Railway Line/Doubling,Indian Railways,Linear,"Railways Act, 1989",160.71,13,4488.23,Agricultural,False,2017-02-20,2019-03-07,745,492,7,Compensation Disbursement,66.7,-86,5,4,1,True,43.7,False,0,False,False,78.5,27.1,,Not Digitized,15,34.0,True,0,5,Low,Supportive,1,Adequate,56.9,False,-4.4,0.0,100.0,7,Compensation Disbursement,13.4,Low,22.95354,76.05027,train,False,On-Time,4.0,True,True,55.0,True
SNAP-000399-1,SIH26017-PRJ-000399,2023-05-02,Karnataka,Belagavi,Urban Water Supply/Sewerage,State Water/Municipal Board,Point,"RFCTLARR Act, 2013",33.88,3,1316.74,Homestead-Residential,False,2021-09-02,2026-02-17,1629,607,5,Final Declaration (Sec 19),44.4,266,4,4,0,False,0.0,False,0,False,False,82.4,30.3,,Partially Digitized,15,0.0,True,0,10,Medium,Neutral,3,Delayed,36.4,True,24.1,72.7,45.5,5,Final Declaration (Sec 19),39.1,Medium,15.90598,74.72248,train,False,Minor Delay (<=6mo),67.0,True,False,15.0,True
SNAP-000399-2,SIH26017-PRJ-000399,2025-02-24,Karnataka,Belagavi,Urban Water Supply/Sewerage,State Water/Municipal Board,Point,"RFCTLARR Act, 2013",33.88,3,1316.74,Homestead-Residential,False,2021-09-02,2026-02-17,1629,1271,8,Possession,77.8,623,4,4,0,False,50.4,False,0,False,False,82.7,29.5,,Partially Digitized,15,71.1,True,1,10,Medium,Neutral,3,Delayed,57.5,True,36.8,72.9,50.0,8,Possession,28.8,Low,15.90598,74.72248,train,False,Minor Delay (<=6mo),67.0,True,True,255.0,True
SNAP-000400-1,SIH26017-PRJ-000400,2018-05-05,Gujarat,Rajkot,Special Economic Zone,State SEZ Authority,Area,"RFCTLARR Act, 2013",2040.6,53,2316.13,Government-Wasteland,False,2015-10-14,2027-06-27,4274,934,5,Final Declaration (Sec 19),44.4,414,4,4,0,False,7.6,False,0,False,False,54.5,46.1,43.2,Not Digitized,719,1.0,True,61,42,Low,Opposing,7,Insufficient,53.7,False,,0.0,100.0,5,Final Declaration (Sec 19),60.5,High,22.07883,70.89367,train,,,,False,True,299.0,True
SNAP-000401-1,SIH26017-PRJ-000401,2025-03-26,Kerala,Ernakulam,National Highway,NHAI,Linear,"National Highways Act, 1956",38.81,4,4017.3,Government-Wasteland,False,2024-09-17,2027-12-24,1193,190,2,Social Impact Assessment (SIA),11.1,41,6,3,3,True,0.0,False,0,False,False,90.5,18.3,,Not Digitized,3,0.0,False,0,4,Medium,Neutral,0,Insufficient,12.1,False,84.3,63.8,69.0,2,Social Impact Assessment (SIA),32.6,Medium,10.01052,76.22586,validation,,,,False,True,31.0,True
SNAP-000401-2,SIH26017-PRJ-000401,2025-11-06,Kerala,Ernakulam,National Highway,NHAI,Linear,"National Highways Act, 1956",38.81,4,4017.3,Government-Wasteland,False,2024-09-17,2027-12-24,1193,415,5,Final Declaration (Sec 19),44.4,106,6,5,1,True,0.0,False,0,False,False,91.0,17.0,,Not Digitized,3,0.0,True,0,4,Medium,Neutral,1,Delayed,26.5,False,100.0,66.7,66.7,5,Final Declaration (Sec 19),28.1,Low,10.01052,76.22586,validation,,,,False,True,39.0,True
SNAP-000401-3,SIH26017-PRJ-000401,2026-02-03,Kerala,Ernakulam,National Highway,NHAI,Linear,"National Highways Act, 1956",38.81,4,4017.3,Government-Wasteland,False,2024-09-17,2027-12-24,1193,504,5,Final Declaration (Sec 19),44.4,106,6,5,1,True,7.6,False,0,False,False,90.2,17.2,,Not Digitized,3,1.2,True,0,4,Medium,Neutral,0,Delayed,37.0,False,100.0,67.6,66.2,5,Final Declaration (Sec 19),24.0,Low,10.01052,76.22586,validation,,,,False,True,39.0,True
SNAP-000402-1,SIH26017-PRJ-000402,2020-03-25,Maharashtra,Nashik,Power Transmission Line,POWERGRID/State Transco,Linear,"RFCTLARR Act, 2013",108.36,7,275.56,Mixed,True,2020-02-04,2023-01-03,1064,50,2,Social Impact Assessment (SIA),11.1,-9,4,1,1,True,0.0,False,0,False,False,46.3,48.7,,Partially Digitized,56,0.0,False,0,0,Medium,Opposing,0,Insufficient,5.7,True,30.7,42.9,71.4,2,Social Impact Assessment (SIA),34.7,Medium,19.8943,73.85439,train,False,Minor Delay (<=6mo),155.0,True,False,7.0,True
SNAP-000403-1,SIH26017-PRJ-000403,2025-04-03,Chhattisgarh,Raipur,Renewable Energy Park,State Renewable Energy Agency,Area,"RFCTLARR Act, 2013",827.98,18,6307.44,Mixed,False,2024-06-03,2031-09-28,2673,304,2,Social Impact Assessment (SIA),11.1,41,4,4,0,False,0.0,False,0,False,False,66.2,27.0,54.3,Partially Digitized,450,0.0,False,7,25,Low,Neutral,2,Delayed,15.9,True,65.6,57.1,68.6,2,Social Impact Assessment (SIA),24.5,Low,21.26192,81.58281,validation,,,,False,True,123.0,True
SNAP-000403-2,SIH26017-PRJ-000403,2025-11-28,Chhattisgarh,Raipur,Renewable Energy Park,State Renewable Energy Agency,Area,"RFCTLARR Act, 2013",827.98,18,6307.44,Mixed,False,2024-06-03,2031-09-28,2673,543,3,Survey & Measurement,22.2,164,4,4,0,False,0.0,False,0,False,False,70.0,26.6,54.3,Partially Digitized,450,0.0,True,14,25,Low,Neutral,1,Insufficient,24.9,True,91.0,59.5,73.8,3,Survey & Measurement,46.6,Medium,21.26192,81.58281,validation,,,,False,True,269.0,True
SNAP-000404-1,SIH26017-PRJ-000404,2025-02-05,Chhattisgarh,Raipur,Power Transmission Line,POWERGRID/State Transco,Linear,"RFCTLARR Act, 2013",109.15,7,705.54,Mixed,False,2018-09-21,2024-11-13,2245,2329,9,Mutation & Handover,88.9,1508,4,4,0,False,63.3,False,1,False,True,57.6,36.3,,Partially Digitized,48,74.9,True,5,13,Medium,Neutral,10,Delayed,94.0,True,58.3,64.3,59.5,9,Mutation & Handover,39.2,Medium,21.30137,81.53431,train,True,Major Delay (6-18mo),194.0,True,True,194.0,True
SNAP-000405-1,SIH26017-PRJ-000405,2018-04-20,Kerala,Thiruvananthapuram,Urban Metro Rail,State Metro Rail Corp,Linear,"RFCTLARR Act, 2013",90.47,5,7494.02,Agricultural,False,2017-11-13,2023-03-15,1948,158,2,Social Impact Assessment (SIA),11.1,10,4,3,1,True,0.0,False,0,False,False,38.4,60.0,,Fully Digitized,34,0.0,False,1,11,Low,Neutral,1,Insufficient,14.3,True,,50.0,50.0,2,Social Impact Assessment (SIA),22.0,Low,8.69705,76.70127,train,False,Minor Delay (<=6mo),94.0,True,True,181.0,True
SNAP-000406-1,SIH26017-PRJ-000406,2021-06-23,Odisha,Kalahandi,Renewable Energy Park,State Renewable Energy Agency,Area,"RFCTLARR Act, 2013",2347.62,55,8233.34,Government-Wasteland,False,2019-01-26,2026-04-06,2627,879,6,Award Declaration (Sec 23),55.6,312,4,4,0,False,31.9,False,0,False,False,63.2,35.2,61.7,Fully Digitized,196,13.7,True,19,37,Low,Opposing,5,Insufficient,57.5,True,74.4,44.4,66.7,6,Award Declaration (Sec 23),43.7,Medium,19.82672,83.27323,test,,,,False,True,446.0,True
SNAP-000406-2,SIH26017-PRJ-000406,2023-12-15,Odisha,Kalahandi,Renewable Energy Park,State Renewable Energy Agency,Area,"RFCTLARR Act, 2013",2347.62,55,8233.34,Government-Wasteland,False,2019-01-26,2026-04-06,2627,1784,7,Compensation Disbursement,66.7,758,4,4,0,False,57.3,False,0,False,False,60.7,34.9,61.7,Fully Digitized,196,29.0,True,23,37,Low,Opposing,3,Insufficient,70.6,True,87.4,51.9,74.1,7,Compensation Disbursement,42.1,Medium,19.82672,83.27323,test,,,,False,True,805.0,True
SNAP-000407-1,SIH26017-PRJ-000407,2021-02-14,Telangana,Warangal,Mining Project,State Mining Corp,Area,"Coal Bearing Areas Acquisition Act, 1957",1551.23,42,2088.53,Forest,False,2018-06-15,2020-08-31,808,975,4,Draft Declaration,44.4,368,6,6,0,False,0.0,False,0,False,False,56.3,47.5,,Partially Digitized,532,0.0,True,25,35,Medium,Neutral,2,Delayed,32.8,False,18.6,50.0,50.0,5,Final Declaration (Sec 19),44.8,Medium,17.93422,79.40301,train,,,,True,True,,True
SNAP-000408-1,SIH26017-PRJ-000408,2022-11-06,Gujarat,Rajkot,Urban Water Supply/Sewerage,State Water/Municipal Board,Point,"RFCTLARR Act, 2013",27.58,4,2020.61,Homestead-Residential,False,2020-09-13,2026-07-04,2120,784,5,Final Declaration (Sec 19),44.4,387,4,4,0,False,6.7,False,0,False,False,61.3,46.0,,Not Digitized,22,0.8,True,2,17,Low,Neutral,6,Insufficient,40.6,False,61.4,73.3,40.0,5,Final Declaration (Sec 19),43.5,Medium,22.46002,71.02382,validation,,,,False,True,117.0,True
SNAP-000408-2,SIH26017-PRJ-000408,2024-10-12,Gujarat,Rajkot,Urban Water Supply/Sewerage,State Water/Municipal Board,Point,"RFCTLARR Act, 2013",27.58,4,2020.61,Homestead-Residential,False,2020-09-13,2026-07-04,2120,1490,7,Compensation Disbursement,66.7,554,4,4,0,False,50.5,True,1,False,False,61.3,47.6,,Not Digitized,22,32.1,True,2,17,Low,Neutral,10,Delayed,60.5,False,109.0,76.7,48.8,7,Compensation Disbursement,51.5,Medium,22.46002,71.02382,validation,,,,False,True,751.0,True
SNAP-000409-1,SIH26017-PRJ-000409,2024-05-14,Karnataka,Belagavi,Irrigation Canal/Dam,State Irrigation Dept,Linear,"RFCTLARR Act, 2013",1482.88,39,1800.25,Agricultural,False,2021-11-16,2024-12-28,1138,910,7,Compensation Disbursement,66.7,143,4,4,0,False,47.4,False,0,False,False,73.1,21.0,,Fully Digitized,136,37.0,True,9,24,Low,Neutral,3,Delayed,74.0,True,38.6,50.0,68.8,7,Compensation Disbursement,31.5,Medium,15.7259,74.53495,validation,False,On-Time,17.0,True,True,127.0,True
SNAP-000410-1,SIH26017-PRJ-000410,2020-11-07,Tamil Nadu,Chennai,Urban Metro Rail,State Metro Rail Corp,Linear,"RFCTLARR Act, 2013",97.15,4,13011.59,Homestead-Residential,False,2019-06-13,2023-12-20,1651,513,4,Draft Declaration,33.3,231,5,5,0,False,0.0,False,1,False,False,70.8,30.5,,Not Digitized,46,0.0,True,2,13,Low,Neutral,3,Insufficient,25.6,False,19.0,60.0,60.0,4,Draft Declaration,53.8,Medium,13.28963,80.2342,train,False,Minor Delay (<=6mo),34.0,True,True,112.0,True
SNAP-000411-1,SIH26017-PRJ-000411,2022-11-16,Gujarat,Rajkot,State Highway,State PWD,Linear,"RFCTLARR Act, 2013",190.12,7,1367.96,Agricultural,False,2021-12-06,2024-04-22,868,345,5,Final Declaration (Sec 19),44.4,6,4,3,1,True,0.3,False,0,False,False,71.8,31.3,,Fully Digitized,17,0.0,True,1,14,Medium,Neutral,1,Delayed,52.3,True,61.4,74.1,55.6,5,Final Declaration (Sec 19),19.9,Low,22.24994,70.92824,train,False,On-Time,6.0,True,True,55.0,True
SNAP-000411-2,SIH26017-PRJ-000411,2023-08-07,Gujarat,Rajkot,State Highway,State PWD,Linear,"RFCTLARR Act, 2013",190.12,7,1367.96,Agricultural,False,2021-12-06,2024-04-22,868,609,7,Compensation Disbursement,66.7,56,4,4,0,False,36.5,True,1,True,False,72.5,30.8,,Fully Digitized,17,25.1,True,1,14,Medium,Neutral,1,Delayed,70.0,True,95.6,77.4,54.8,7,Compensation Disbursement,39.6,Medium,22.24994,70.92824,train,False,On-Time,6.0,True,False,-2.0,True
SNAP-000412-1,SIH26017-PRJ-000412,2017-04-22,Madhya Pradesh,Bhopal,Urban Water Supply/Sewerage,State Water/Municipal Board,Point,"RFCTLARR Act, 2013",20.05,2,1460.52,Mixed,False,2016-10-30,2017-09-05,310,174,3,Survey & Measurement,22.2,-52,4,3,1,True,0.0,False,0,False,False,82.1,13.8,,Not Digitized,17,0.0,True,0,6,Low,Supportive,0,Adequate,27.8,False,-34.0,,,3,Survey & Measurement,10.2,Low,23.31339,77.30686,train,,,,True,False,18.0,True
SNAP-000412-2,SIH26017-PRJ-000412,2017-10-08,Madhya Pradesh,Bhopal,Urban Water Supply/Sewerage,State Water/Municipal Board,Point,"RFCTLARR Act, 2013",20.05,2,1460.52,Mixed,False,2016-10-30,2017-09-05,310,343,4,Draft Declaration,44.4,-19,4,4,0,False,0.0,False,0,False,False,82.0,12.8,,Not Digitized,17,0.0,True,0,6,Low,Supportive,0,Adequate,38.6,False,-34.0,100.0,0.0,5,Final Declaration (Sec 19),4.6,Low,23.31339,77.30686,train,,,,True,True,,True
SNAP-000413-1,SIH26017-PRJ-000413,2023-12-25,Madhya Pradesh,Jabalpur,National Highway,NHAI,Linear,"National Highways Act, 1956",142.57,4,3146.37,Homestead-Residential,False,2023-06-26,2025-10-07,834,182,2,Social Impact Assessment (SIA),11.1,8,5,3,2,True,0.0,False,0,False,False,75.4,30.7,,Fully Digitized,62,0.0,False,1,4,Low,Neutral,0,Adequate,17.2,True,5.2,65.9,63.6,2,Social Impact Assessment (SIA),13.5,Low,23.29689,79.81215,validation,False,On-Time,-31.0,True,True,111.0,True
SNAP-000414-1,SIH26017-PRJ-000414,2026-03-23,Assam,Kamrup,Renewable Energy Park,State Renewable Energy Agency,Area,"RFCTLARR Act, 2013",1324.4,40,4287.95,Agricultural,False,2024-06-25,2028-03-27,1371,636,3,Survey & Measurement,22.2,188,4,4,0,False,0.0,False,0,False,False,69.5,36.3,58.0,Partially Digitized,97,0.0,True,4,41,Low,Opposing,2,Insufficient,19.9,True,95.9,60.5,74.4,3,Survey & Measurement,38.8,Medium,26.40546,91.59089,validation,,,,False,True,238.0,True
SNAP-000415-1,SIH26017-PRJ-000415,2020-07-29,Tamil Nadu,Chennai,Industrial Corridor,State Industrial Dev. Corp,Area,"RFCTLARR Act, 2013",4909.64,140,6926.79,Homestead-Residential,False,2020-02-18,2027-10-15,2796,162,2,Social Impact Assessment (SIA),11.1,30,5,3,2,True,0.0,False,0,False,False,75.9,24.4,45.5,Fully Digitized,2440,0.0,False,36,101,Medium,Opposing,1,Insufficient,12.8,True,19.0,0.0,100.0,2,Social Impact Assessment (SIA),38.3,Medium,12.89273,79.96988,train,,,,False,True,102.0,True
SNAP-000416-1,SIH26017-PRJ-000416,2022-03-26,Telangana,Warangal,Urban Water Supply/Sewerage,State Water/Municipal Board,Point,"RFCTLARR Act, 2013",54.64,4,265.44,Homestead-Residential,True,2021-07-31,2026-01-05,1619,238,2,Social Impact Assessment (SIA),11.1,19,3,3,0,False,0.0,False,1,False,False,73.5,28.2,,Partially Digitized,26,0.0,False,0,8,Medium,Supportive,0,Delayed,17.2,True,39.4,72.4,41.4,2,Social Impact Assessment (SIA),23.3,Low,18.11606,79.61946,train,False,On-Time,-12.0,True,True,356.0,True
SNAP-000417-1,SIH26017-PRJ-000417,2017-05-02,Odisha,Khordha,Power Transmission Line,POWERGRID/State Transco,Linear,"RFCTLARR Act, 2013",13.29,2,127.25,Agricultural,False,2016-04-30,2018-02-02,643,367,3,Survey & Measurement,22.2,128,3,3,0,False,0.0,False,0,False,False,61.4,35.8,,Fully Digitized,2,0.0,True,0,2,Low,Opposing,2,Insufficient,21.1,True,,,,3,Survey & Measurement,22.1,Low,20.0575,85.40873,train,,,,True,True,47.0,True
SNAP-000418-1,SIH26017-PRJ-000418,2019-11-12,Uttar Pradesh,Agra,National Highway,NHAI,Linear,"National Highways Act, 1956",291.81,13,152.3,Government-Wasteland,False,2019-05-20,2020-03-13,298,176,2,Social Impact Assessment (SIA),22.2,12,4,3,1,False,0.0,False,0,False,False,92.4,6.1,,Partially Digitized,21,0.0,True,0,10,Low,Neutral,1,Adequate,15.9,True,7.0,60.0,60.0,3,Survey & Measurement,7.6,Low,27.06495,77.79648,train,,,,True,False,-8.0,True
SNAP-000418-2,SIH26017-PRJ-000418,2020-03-26,Uttar Pradesh,Agra,National Highway,NHAI,Linear,"National Highways Act, 1956",291.81,13,152.3,Government-Wasteland,False,2019-05-20,2020-03-13,298,311,3,Survey & Measurement,33.3,4,4,4,0,False,0.0,False,0,False,False,90.8,9.1,,Partially Digitized,21,0.0,True,0,10,Low,Neutral,0,Adequate,27.4,True,14.0,63.6,54.5,4,Draft Declaration,1.6,Low,27.06495,77.79648,train,,,,True,True,,True
SNAP-000419-1,SIH26017-PRJ-000419,2024-02-11,Maharashtra,Pune,Urban Water Supply/Sewerage,State Water/Municipal Board,Point,"RFCTLARR Act, 2013",41.17,5,648.06,Agricultural,False,2021-02-15,2024-01-26,1075,1091,9,Mutation & Handover,88.9,371,4,4,0,False,69.7,False,0,False,False,64.2,28.6,,Partially Digitized,1,86.5,True,0,17,Low,Supportive,7,Adequate,78.0,True,38.0,75.0,50.0,9,Mutation & Handover,31.8,Medium,18.29207,73.75708,train,False,Minor Delay (<=6mo),45.0,True,True,45.0,True
SNAP-000420-1,SIH26017-PRJ-000420,2023-12-24,Assam,Dibrugarh,Urban Water Supply/Sewerage,State Water/Municipal Board,Point,"RFCTLARR Act, 2013",36.34,1,1561.23,Homestead-Residential,False,2022-11-22,2028-01-22,1887,397,5,Final Declaration (Sec 19),44.4,27,4,4,0,False,6.8,False,0,False,False,69.7,35.6,,Not Digitized,18,1.0,True,1,5,Medium,Supportive,4,Delayed,53.0,False,89.7,74.4,48.7,5,Final Declaration (Sec 19),24.5,Low,27.40362,94.84265,test,,,,False,False,21.0,True
SNAP-000420-2,SIH26017-PRJ-000420,2025-08-15,Assam,Dibrugarh,Urban Water Supply/Sewerage,State Water/Municipal Board,Point,"RFCTLARR Act, 2013",36.34,1,1561.23,Homestead-Residential,False,2022-11-22,2028-01-22,1887,997,7,Compensation Disbursement,66.7,191,4,4,0,False,48.2,False,0,False,False,69.1,36.8,,Not Digitized,18,41.8,True,1,5,Medium,Supportive,5,Adequate,68.6,False,90.3,71.2,51.9,7,Compensation Disbursement,32.7,Medium,27.40362,94.84265,test,,,,False,,,False
SNAP-000421-1,SIH26017-PRJ-000421,2017-08-13,West Bengal,Purulia,National Highway,NHAI,Linear,"National Highways Act, 1956",98.58,7,5817.58,Mixed,False,2015-10-16,2017-12-30,806,667,8,Possession,77.8,-9,5,5,0,False,68.2,False,0,False,False,90.2,12.5,,Partially Digitized,44,40.5,True,3,10,Low,Neutral,7,Delayed,71.9,False,,,,8,Possession,9.9,Low,23.27705,86.24221,train,False,Minor Delay (<=6mo),104.0,True,True,33.0,True
SNAP-000422-1,SIH26017-PRJ-000422,2025-02-12,Rajasthan,Udaipur,Irrigation Canal/Dam,State Irrigation Dept,Linear,"RFCTLARR Act, 2013",939.32,26,2365.52,Forest,False,2024-06-24,2029-12-30,2015,233,2,Social Impact Assessment (SIA),11.1,66,6,3,3,True,0.0,True,1,False,False,69.3,27.1,,Fully Digitized,78,0.0,False,1,19,Low,Opposing,1,Insufficient,13.8,True,102.5,52.6,68.4,2,Social Impact Assessment (SIA),39.8,Medium,24.68689,73.78591,test,,,,False,True,516.0,True
SNAP-000422-2,SIH26017-PRJ-000422,2025-07-28,Rajasthan,Udaipur,Irrigation Canal/Dam,State Irrigation Dept,Linear,"RFCTLARR Act, 2013",939.32,26,2365.52,Forest,False,2024-06-24,2029-12-30,2015,399,2,Social Impact Assessment (SIA),11.1,66,6,5,1,False,0.0,True,1,False,False,71.2,26.2,,Fully Digitized,78,0.0,False,2,19,Low,Opposing,1,Insufficient,14.4,True,118.2,52.6,68.4,2,Social Impact Assessment (SIA),25.0,Low,24.68689,73.78591,test,,,,False,True,516.0,True
SNAP-000422-3,SIH26017-PRJ-000422,2026-03-07,Rajasthan,Udaipur,Irrigation Canal/Dam,State Irrigation Dept,Linear,"RFCTLARR Act, 2013",939.32,26,2365.52,Forest,False,2024-06-24,2029-12-30,2015,621,2,Social Impact Assessment (SIA),11.1,66,6,6,0,False,0.0,False,0,False,False,69.3,27.4,,Fully Digitized,78,0.0,False,2,19,Low,Opposing,1,Insufficient,15.5,True,122.9,45.5,72.7,2,Social Impact Assessment (SIA),21.6,Low,24.68689,73.78591,test,,,,False,True,516.0,True
SNAP-000423-1,SIH26017-PRJ-000423,2019-07-04,Maharashtra,Chhatrapati Sambhajinagar,National Highway,NHAI,Linear,"National Highways Act, 1956",156.13,7,189.21,Homestead-Residential,False,2017-10-19,2022-09-02,1779,623,3,Survey & Measurement,22.2,310,4,4,0,False,0.0,False,0,False,False,55.6,44.8,,Partially Digitized,70,0.0,True,2,10,Low,Neutral,1,Adequate,25.6,False,41.5,66.7,55.6,3,Survey & Measurement,29.3,Low,19.83006,75.38365,test,False,Minor Delay (<=6mo),32.0,True,True,202.0,True
SNAP-000423-2,SIH26017-PRJ-000423,2021-01-08,Maharashtra,Chhatrapati Sambhajinagar,National Highway,NHAI,Linear,"National Highways Act, 1956",156.13,7,189.21,Homestead-Residential,False,2017-10-19,2022-09-02,1779,1177,6,Award Declaration (Sec 23),55.6,749,4,4,0,False,19.3,False,0,False,False,55.5,45.7,,Partially Digitized,70,13.5,True,4,10,Low,Neutral,2,Delayed,48.4,False,21.8,64.7,58.8,6,Award Declaration (Sec 23),42.8,Medium,19.83006,75.38365,test,False,Minor Delay (<=6mo),32.0,True,True,124.0,True
SNAP-000424-1,SIH26017-PRJ-000424,2016-08-08,Karnataka,Belagavi,National Highway,NHAI,Linear,"National Highways Act, 1956",243.02,9,4502.18,Agricultural,False,2015-08-29,2018-04-18,963,345,5,Final Declaration (Sec 19),44.4,31,5,4,0,False,0.0,False,0,False,False,96.1,6.6,,Not Digitized,17,0.0,True,0,9,Low,Supportive,3,Adequate,32.5,False,,,,5,Final Declaration (Sec 19),6.9,Low,15.88426,74.17465,train,False,On-Time,-2.0,True,False,13.0,True
SNAP-000424-2,SIH26017-PRJ-000424,2017-07-07,Karnataka,Belagavi,National Highway,NHAI,Linear,"National Highways Act, 1956",243.02,9,4502.18,Agricultural,False,2015-08-29,2018-04-18,963,678,7,Compensation Disbursement,66.7,175,5,4,0,False,39.1,False,1,False,True,95.7,7.2,,Not Digitized,17,20.6,True,1,9,Low,Supportive,3,Adequate,51.9,False,,,,7,Compensation Disbursement,23.9,Low,15.88426,74.17465,train,False,On-Time,-2.0,True,True,38.0,True
SNAP-000425-1,SIH26017-PRJ-000425,2019-03-17,Rajasthan,Jaipur,National Highway,NHAI,Linear,"National Highways Act, 1956",75.61,3,2619.62,Agricultural,False,2016-09-28,2023-07-23,2489,900,6,Award Declaration (Sec 23),55.6,166,5,5,0,False,24.3,False,0,False,False,69.6,40.7,,Fully Digitized,8,24.8,True,1,14,Medium,Opposing,3,Delayed,53.4,True,,62.5,50.0,6,Award Declaration (Sec 23),40.0,Medium,26.6701,75.79058,train,False,Minor Delay (<=6mo),121.0,True,True,328.0,True
SNAP-000425-2,SIH26017-PRJ-000425,2021-08-31,Rajasthan,Jaipur,National Highway,NHAI,Linear,"National Highways Act, 1956",75.61,3,2619.62,Agricultural,False,2016-09-28,2023-07-23,2489,1798,7,Compensation Disbursement,66.7,494,5,5,0,False,43.0,False,0,False,False,66.8,39.5,,Fully Digitized,8,48.3,True,1,14,Medium,Opposing,6,Delayed,64.3,True,53.3,66.7,61.9,7,Compensation Disbursement,41.5,Medium,26.6701,75.79058,train,False,Minor Delay (<=6mo),121.0,True,True,751.0,True
SNAP-000426-1,SIH26017-PRJ-000426,2024-03-14,Odisha,Kalahandi,National Highway,NHAI,Linear,"National Highways Act, 1956",34.16,6,3215.53,Mixed,False,2023-01-29,2026-12-28,1429,410,2,Social Impact Assessment (SIA),11.1,72,5,4,1,True,0.0,False,0,False,False,63.9,34.9,,Fully Digitized,17,0.0,False,1,12,Low,Opposing,1,Delayed,16.1,True,87.4,65.9,63.6,2,Social Impact Assessment (SIA),26.4,Low,19.88618,83.35951,validation,,,,False,True,274.0,True
SNAP-000426-2,SIH26017-PRJ-000426,2025-05-28,Odisha,Kalahandi,National Highway,NHAI,Linear,"National Highways Act, 1956",34.16,6,3215.53,Mixed,False,2023-01-29,2026-12-28,1429,850,5,Final Declaration (Sec 19),44.4,534,5,5,0,False,0.0,False,1,True,True,63.3,33.3,,Fully Digitized,17,0.0,True,1,12,Low,Opposing,4,Delayed,43.2,True,102.2,65.0,68.3,5,Final Declaration (Sec 19),51.1,Medium,19.88618,83.35951,validation,,,,False,True,46.0,True
SNAP-000427-1,SIH26017-PRJ-000427,2016-04-01,Uttar Pradesh,Lucknow,Special Economic Zone,State SEZ Authority,Area,"RFCTLARR Act, 2013",804.27,38,11414.5,Homestead-Residential,False,2015-11-02,2016-03-04,123,151,1,Preliminary Notification (Sec 11),11.1,-10,5,2,2,True,0.0,False,0,False,False,39.6,51.2,65.6,Not Digitized,394,0.0,False,0,0,Low,Neutral,1,Delayed,4.6,False,,,,2,Social Impact Assessment (SIA),36.1,Medium,26.89057,80.87328,test,,,,True,True,,True
SNAP-000427-2,SIH26017-PRJ-000427,2016-07-09,Uttar Pradesh,Lucknow,Special Economic Zone,State SEZ Authority,Area,"RFCTLARR Act, 2013",804.27,38,11414.5,Homestead-Residential,False,2015-11-02,2016-03-04,123,250,1,Preliminary Notification (Sec 11),11.1,-10,5,3,2,True,0.0,False,0,False,False,40.2,50.7,65.6,Not Digitized,394,0.0,False,0,0,Low,Neutral,0,Insufficient,5.1,False,,,,2,Social Impact Assessment (SIA),29.7,Low,26.89057,80.87328,test,,,,True,True,,True
SNAP-000428-1,SIH26017-PRJ-000428,2017-01-07,Odisha,Khordha,Renewable Energy Park,State Renewable Energy Agency,Area,"RFCTLARR Act, 2013",1690.43,43,5094.93,Government-Wasteland,False,2015-04-01,2020-06-12,1899,647,4,Draft Declaration,33.3,282,4,4,0,False,0.0,False,0,False,False,70.8,29.9,48.5,Not Digitized,136,0.0,True,8,28,Low,Opposing,7,Insufficient,32.7,False,,,,4,Draft Declaration,49.0,Medium,20.2163,85.5321,train,False,On-Time,20.0,True,True,136.0,True
SNAP-000428-2,SIH26017-PRJ-000428,2018-10-24,Odisha,Khordha,Renewable Energy Park,State Renewable Energy Agency,Area,"RFCTLARR Act, 2013",1690.43,43,5094.93,Government-Wasteland,False,2015-04-01,2020-06-12,1899,1302,7,Compensation Disbursement,66.7,825,4,4,0,False,26.2,False,0,False,False,73.7,28.1,48.5,Not Digitized,136,17.0,True,13,28,Low,Opposing,10,Insufficient,48.2,False,,25.0,75.0,7,Compensation Disbursement,47.6,Medium,20.2163,85.5321,train,False,On-Time,20.0,True,True,211.0,True
SNAP-000429-1,SIH26017-PRJ-000429,2024-08-24,Uttar Pradesh,Gautam Buddh Nagar,Irrigation Canal/Dam,State Irrigation Dept,Linear,"RFCTLARR Act, 2013",1903.28,53,4831.35,Mixed,False,2016-10-02,2024-09-07,2897,2883,9,Mutation & Handover,88.9,2093,4,4,0,False,69.4,True,1,False,False,63.0,33.9,,Not Digitized,919,63.5,True,124,35,Low,Opposing,8,Delayed,81.6,False,37.8,50.0,68.8,9,Mutation & Handover,47.2,Medium,28.57676,77.21694,train,True,Major Delay (6-18mo),399.0,True,True,399.0,True
SNAP-000430-1,SIH26017-PRJ-000430,2020-08-27,Kerala,Thiruvananthapuram,Power Transmission Line,POWERGRID/State Transco,Linear,"RFCTLARR Act, 2013",69.72,8,924.21,Agricultural,True,2019-02-17,2022-06-13,1212,557,3,Survey & Measurement,22.2,213,4,4,0,False,0.0,False,0,False,False,55.6,42.6,,Partially Digitized,5,0.0,True,0,19,Medium,Opposing,2,Delayed,25.0,True,,50.0,62.5,3,Survey & Measurement,34.4,Medium,8.34876,77.05094,train,False,Minor Delay (<=6mo),33.0,True,True,192.0,True
SNAP-000431-1,SIH26017-PRJ-000431,2021-08-15,Madhya Pradesh,Bhopal,Irrigation Canal/Dam,State Irrigation Dept,Linear,"RFCTLARR Act, 2013",1894.2,47,2329.13,Agricultural,False,2020-01-01,2025-08-01,2039,592,5,Final Declaration (Sec 19),44.4,162,4,3,0,False,6.5,False,1,False,False,76.8,22.7,,Partially Digitized,150,0.8,True,8,29,Low,Opposing,2,Insufficient,43.1,False,-2.6,20.0,80.0,5,Final Declaration (Sec 19),46.8,Medium,23.57351,77.4539,train,True,Major Delay (6-18mo),353.0,True,True,71.0,True
SNAP-000431-2,SIH26017-PRJ-000431,2023-06-02,Madhya Pradesh,Bhopal,Irrigation Canal/Dam,State Irrigation Dept,Linear,"RFCTLARR Act, 2013",1894.2,47,2329.13,Agricultural,False,2020-01-01,2025-08-01,2039,1248,7,Compensation Disbursement,66.7,487,4,3,0,False,43.6,False,1,False,False,77.8,21.8,,Partially Digitized,150,35.2,True,12,29,Low,Opposing,10,Adequate,59.0,False,4.5,42.9,71.4,7,Compensation Disbursement,34.1,Medium,23.57351,77.4539,train,True,Major Delay (6-18mo),353.0,True,True,550.0,True
SNAP-000431-3,SIH26017-PRJ-000431,2024-12-27,Madhya Pradesh,Bhopal,Irrigation Canal/Dam,State Irrigation Dept,Linear,"RFCTLARR Act, 2013",1894.2,47,2329.13,Agricultural,False,2020-01-01,2025-08-01,2039,1822,8,Possession,77.8,1037,4,3,0,False,65.6,False,1,False,False,79.5,22.1,,Partially Digitized,150,53.5,True,15,29,Low,Opposing,10,Delayed,72.3,False,11.7,50.0,72.2,8,Possession,48.5,Medium,23.57351,77.4539,train,True,Major Delay (6-18mo),353.0,True,True,146.0,True
SNAP-000432-1,SIH26017-PRJ-000432,2022-08-24,Kerala,Thiruvananthapuram,Special Economic Zone,State SEZ Authority,Area,"RFCTLARR Act, 2013",1255.66,36,2741.09,Agricultural,False,2020-04-15,2023-01-26,1016,861,6,Award Declaration (Sec 23),55.6,131,4,4,0,False,20.1,False,1,False,True,50.0,54.2,47.6,Partially Digitized,440,22.9,True,47,35,Medium,Opposing,4,Delayed,58.6,False,13.5,14.3,85.7,6,Award Declaration (Sec 23),52.8,Medium,8.6106,77.0871,validation,,,,True,True,236.0,True
SNAP-000433-1,SIH26017-PRJ-000433,2022-01-10,Assam,Dibrugarh,Airport Expansion,Airports Authority of India,Point,"RFCTLARR Act, 2013",625.71,26,9723.59,Homestead-Residential,False,2020-12-03,2025-08-24,1725,403,3,Survey & Measurement,22.2,57,5,5,0,False,0.0,False,0,False,False,55.6,39.3,,Fully Digitized,338,0.0,True,15,18,Medium,Opposing,2,Insufficient,29.8,True,56.7,25.0,75.0,3,Survey & Measurement,37.1,Medium,27.51621,94.76071,test,False,Minor Delay (<=6mo),54.0,True,True,92.0,True
SNAP-000433-2,SIH26017-PRJ-000433,2023-06-10,Assam,Dibrugarh,Airport Expansion,Airports Authority of India,Point,"RFCTLARR Act, 2013",625.71,26,9723.59,Homestead-Residential,False,2020-12-03,2025-08-24,1725,919,5,Final Declaration (Sec 19),44.4,359,5,5,0,False,6.5,False,1,False,True,54.8,37.9,,Fully Digitized,338,1.1,True,29,18,Medium,Opposing,1,Insufficient,48.5,True,89.7,21.4,85.7,5,Final Declaration (Sec 19),52.7,Medium,27.51621,94.76071,test,False,Minor Delay (<=6mo),54.0,True,True,302.0,True
SNAP-000433-3,SIH26017-PRJ-000433,2024-09-02,Assam,Dibrugarh,Airport Expansion,Airports Authority of India,Point,"RFCTLARR Act, 2013",625.71,26,9723.59,Homestead-Residential,False,2020-12-03,2025-08-24,1725,1369,7,Compensation Disbursement,66.7,793,5,5,0,False,33.9,False,2,True,True,55.5,40.0,,Fully Digitized,338,30.8,True,40,18,Medium,Opposing,7,Insufficient,62.1,True,101.9,31.2,87.5,7,Compensation Disbursement,69.1,High,27.51621,94.76071,test,False,Minor Delay (<=6mo),54.0,True,True,62.0,True
SNAP-000434-1,SIH26017-PRJ-000434,2015-11-05,Jharkhand,Dhanbad,Renewable Energy Park,State Renewable Energy Agency,Area,"RFCTLARR Act, 2013",2256.97,70,4819.2,Mixed,False,2015-03-26,2016-11-16,601,224,2,Social Impact Assessment (SIA),11.1,39,4,3,1,True,0.0,False,0,False,False,74.7,27.1,54.1,Fully Digitized,1118,0.0,False,22,55,Medium,Opposing,0,Delayed,13.7,True,,,,2,Social Impact Assessment (SIA),41.6,Medium,23.75626,86.34155,train,,,,True,True,130.0,True
SNAP-000434-2,SIH26017-PRJ-000434,2016-04-29,Jharkhand,Dhanbad,Renewable Energy Park,State Renewable Energy Agency,Area,"RFCTLARR Act, 2013",2256.97,70,4819.2,Mixed,False,2015-03-26,2016-11-16,601,400,3,Survey & Measurement,22.2,169,4,4,0,False,0.0,False,0,False,False,74.7,26.4,54.1,Fully Digitized,1118,0.0,True,39,55,Medium,Opposing,1,Insufficient,19.2,True,,,,3,Survey & Measurement,50.3,Medium,23.75626,86.34155,train,,,,True,True,128.0,True
SNAP-000434-3,SIH26017-PRJ-000434,2016-12-04,Jharkhand,Dhanbad,Renewable Energy Park,State Renewable Energy Agency,Area,"RFCTLARR Act, 2013",2256.97,70,4819.2,Mixed,False,2015-03-26,2016-11-16,601,619,3,Survey & Measurement,33.3,297,4,4,0,False,0.0,False,0,False,False,72.8,25.9,54.1,Fully Digitized,1118,0.0,True,43,55,Medium,Opposing,3,Insufficient,20.7,True,,,,4,Draft Declaration,52.6,Medium,23.75626,86.34155,train,,,,True,True,,True
SNAP-000435-1,SIH26017-PRJ-000435,2025-07-28,Assam,Kamrup,Railway Line/Doubling,Indian Railways,Linear,"Railways Act, 1989",326.14,14,1869.23,Mixed,False,2017-06-19,2025-06-11,2914,2961,9,Mutation & Handover,88.9,2090,5,5,0,False,79.1,False,0,False,False,63.0,38.5,,Not Digitized,142,71.2,True,21,13,Medium,Neutral,8,Insufficient,75.1,False,90.3,52.4,76.2,9,Mutation & Handover,46.4,Medium,25.9199,91.67243,train,False,Minor Delay (<=6mo),116.0,True,True,116.0,True
SNAP-000436-1,SIH26017-PRJ-000436,2019-10-27,Madhya Pradesh,Jabalpur,Urban Water Supply/Sewerage,State Water/Municipal Board,Point,"RFCTLARR Act, 2013",35.32,4,2346.16,Homestead-Residential,False,2018-09-16,2020-10-02,747,406,7,Compensation Disbursement,66.7,-47,4,3,1,True,32.9,False,0,False,False,98.7,4.7,,Fully Digitized,18,28.3,True,1,8,Low,Neutral,1,Adequate,51.2,True,-5.1,61.1,44.4,7,Compensation Disbursement,10.3,Low,23.23328,80.21999,train,False,On-Time,-24.0,True,True,78.0,True
SNAP-000437-1,SIH26017-PRJ-000437,2019-01-08,West Bengal,Purulia,National Highway,NHAI,Linear,"National Highways Act, 1956",212.37,9,5389.5,Agricultural,False,2017-01-23,2020-07-27,1281,715,6,Award Declaration (Sec 23),55.6,238,5,5,0,False,28.2,False,0,False,False,69.7,32.6,,Partially Digitized,23,25.7,True,1,15,Medium,Neutral,5,Delayed,68.4,False,104.0,62.5,50.0,6,Award Declaration (Sec 23),42.7,Medium,23.5685,86.50537,train,False,Minor Delay (<=6mo),59.0,True,True,113.0,True
SNAP-000438-1,SIH26017-PRJ-000438,2023-06-27,Jharkhand,Paschimi Singhbhum,Mining Project,State Mining Corp,Area,"Coal Bearing Areas Acquisition Act, 1957",1497.65,49,4918.35,Homestead-Residential,False,2021-07-26,2026-07-17,1817,701,5,Final Declaration (Sec 19),44.4,304,5,5,0,False,0.0,False,0,False,False,71.9,27.2,,Partially Digitized,754,0.0,True,48,35,Low,Opposing,2,Delayed,23.7,False,69.5,33.3,77.8,5,Final Declaration (Sec 19),44.8,Medium,22.23404,85.10219,train,,,,False,True,84.0,True
SNAP-000438-2,SIH26017-PRJ-000438,2024-12-31,Jharkhand,Paschimi Singhbhum,Mining Project,State Mining Corp,Area,"Coal Bearing Areas Acquisition Act, 1957",1497.65,49,4918.35,Homestead-Residential,False,2021-07-26,2026-07-17,1817,1254,7,Compensation Disbursement,66.7,387,5,5,0,False,38.7,False,0,False,False,72.0,27.9,,Partially Digitized,754,47.1,True,91,35,Low,Opposing,10,Delayed,40.9,False,90.7,50.0,77.8,7,Compensation Disbursement,37.9,Medium,22.23404,85.10219,train,,,,False,True,290.0,True
SNAP-000439-1,SIH26017-PRJ-000439,2025-12-29,Rajasthan,Alwar,Railway Line/Doubling,Indian Railways,Linear,"Railways Act, 1989",521.07,14,4489.4,Forest,False,2021-12-28,2029-03-13,2632,1462,6,Award Declaration (Sec 23),55.6,437,6,6,0,False,26.2,False,1,False,False,71.1,25.9,,Partially Digitized,45,22.1,True,4,12,Medium,Neutral,5,Insufficient,43.6,False,122.9,54.2,79.2,6,Award Declaration (Sec 23),49.6,Medium,27.6295,76.42572,test,,,,False,True,722.0,True
SNAP-000440-1,SIH26017-PRJ-000440,2023-08-05,Uttar Pradesh,Agra,Mining Project,State Mining Corp,Area,"Coal Bearing Areas Acquisition Act, 1957",2287.62,48,5512.48,Government-Wasteland,False,2021-11-17,2026-08-19,1736,626,3,Survey & Measurement,22.2,242,5,5,0,False,0.0,True,1,True,False,71.8,21.5,,Fully Digitized,765,0.0,True,26,34,Medium,Neutral,3,Insufficient,27.8,True,31.6,40.0,70.0,3,Survey & Measurement,62.0,High,27.55034,78.14481,train,,,,False,True,179.0,True
SNAP-000440-2,SIH26017-PRJ-000440,2025-03-20,Uttar Pradesh,Agra,Mining Project,State Mining Corp,Area,"Coal Bearing Areas Acquisition Act, 1957",2287.62,48,5512.48,Government-Wasteland,False,2021-11-17,2026-08-19,1736,1219,6,Award Declaration (Sec 23),55.6,592,5,5,0,False,28.0,False,0,False,False,75.4,24.0,,Fully Digitized,765,23.0,True,63,34,Medium,Neutral,3,Insufficient,58.2,True,37.9,50.0,80.0,6,Award Declaration (Sec 23),46.6,Medium,27.55034,78.14481,train,,,,False,True,101.0,True
SNAP-000441-1,SIH26017-PRJ-000441,2020-06-19,Assam,Kamrup,Mining Project,State Mining Corp,Area,"Coal Bearing Areas Acquisition Act, 1957",761.69,17,6418.34,Agricultural,False,2017-12-05,2024-09-04,2465,927,4,Draft Declaration,33.3,490,5,5,0,False,0.0,False,0,False,False,67.0,35.1,,Not Digitized,277,0.0,True,18,19,Low,Opposing,0,Insufficient,33.7,False,,50.0,50.0,4,Draft Declaration,41.5,Medium,26.06204,91.92751,train,False,Minor Delay (<=6mo),53.0,True,True,379.0,True
SNAP-000441-2,SIH26017-PRJ-000441,2022-09-10,Assam,Kamrup,Mining Project,State Mining Corp,Area,"Coal Bearing Areas Acquisition Act, 1957",761.69,17,6418.34,Agricultural,False,2017-12-05,2024-09-04,2465,1740,7,Compensation Disbursement,66.7,1060,5,5,0,False,27.0,False,0,False,False,66.6,36.3,,Not Digitized,277,27.1,True,32,19,Low,Opposing,7,Insufficient,54.4,False,41.8,33.3,77.8,7,Compensation Disbursement,53.7,Medium,26.06204,91.92751,train,False,Minor Delay (<=6mo),53.0,True,True,265.0,True
SNAP-000442-1,SIH26017-PRJ-000442,2019-09-22,Uttar Pradesh,Lucknow,Power Transmission Line,POWERGRID/State Transco,Linear,"RFCTLARR Act, 2013",97.71,2,465.2,Agricultural,False,2019-02-24,2021-02-08,715,210,4,Draft Declaration,33.3,-43,4,2,1,True,0.0,False,0,False,False,72.4,33.4,,Partially Digitized,3,0.0,True,0,4,Low,Neutral,1,Adequate,22.1,False,0.0,40.0,70.0,4,Draft Declaration,10.5,Low,26.94363,80.7659,validation,False,On-Time,24.0,True,False,-18.0,True
SNAP-000442-2,SIH26017-PRJ-000442,2020-03-03,Uttar Pradesh,Lucknow,Power Transmission Line,POWERGRID/State Transco,Linear,"RFCTLARR Act, 2013",97.71,2,465.2,Agricultural,False,2019-02-24,2021-02-08,715,373,6,Award Declaration (Sec 23),55.6,-40,4,3,0,False,21.2,False,0,False,False,75.1,31.5,,Partially Digitized,3,5.3,True,0,4,Low,Neutral,1,Delayed,39.1,False,7.0,42.9,71.4,6,Award Declaration (Sec 23),8.6,Low,26.94363,80.7659,validation,False,On-Time,24.0,True,False,9.0,True
SNAP-000442-3,SIH26017-PRJ-000442,2020-09-25,Uttar Pradesh,Lucknow,Power Transmission Line,POWERGRID/State Transco,Linear,"RFCTLARR Act, 2013",97.71,2,465.2,Agricultural,False,2019-02-24,2021-02-08,715,579,7,Compensation Disbursement,66.7,-31,4,3,0,False,67.4,False,1,False,True,71.8,31.9,,Partially Digitized,3,21.6,True,0,4,Low,Neutral,1,Adequate,56.0,False,30.6,50.0,62.5,7,Compensation Disbursement,17.0,Low,26.94363,80.7659,validation,False,On-Time,24.0,True,False,-2.0,True
SNAP-000443-1,SIH26017-PRJ-000443,2018-03-23,West Bengal,Purba Bardhaman,National Highway,NHAI,Linear,"National Highways Act, 1956",189.34,14,2132.46,Homestead-Residential,False,2016-12-07,2020-06-23,1294,471,3,Survey & Measurement,22.2,73,5,4,1,True,0.0,False,0,False,False,76.4,24.4,,Fully Digitized,80,0.0,True,2,19,Low,Supportive,2,Delayed,29.8,True,,50.0,50.0,3,Survey & Measurement,17.7,Low,23.1191,87.90214,train,False,On-Time,10.0,True,True,143.0,True
SNAP-000443-2,SIH26017-PRJ-000443,2019-06-17,West Bengal,Purba Bardhaman,National Highway,NHAI,Linear,"National Highways Act, 1956",189.34,14,2132.46,Homestead-Residential,False,2016-12-07,2020-06-23,1294,922,5,Final Declaration (Sec 19),44.4,398,5,5,0,False,6.8,False,0,False,False,76.1,24.0,,Fully Digitized,80,1.1,True,4,19,Low,Supportive,5,Delayed,51.7,True,104.0,66.7,55.6,5,Final Declaration (Sec 19),38.7,Medium,23.1191,87.90214,train,False,On-Time,10.0,True,True,124.0,True
SNAP-000444-1,SIH26017-PRJ-000444,2024-04-25,Jharkhand,Dhanbad,Urban Water Supply/Sewerage,State Water/Municipal Board,Point,"RFCTLARR Act, 2013",35.51,3,197.55,Homestead-Residential,False,2023-04-13,2025-08-18,858,378,2,Social Impact Assessment (SIA),11.1,80,3,3,0,False,0.0,False,0,False,False,66.7,34.5,,Not Digitized,21,0.0,False,0,12,Low,Opposing,2,Adequate,17.2,False,90.7,75.6,51.2,2,Social Impact Assessment (SIA),12.9,Low,23.98619,86.29302,train,,,,True,True,235.0,True
SNAP-000444-2,SIH26017-PRJ-000444,2025-04-24,Jharkhand,Dhanbad,Urban Water Supply/Sewerage,State Water/Municipal Board,Point,"RFCTLARR Act, 2013",35.51,3,197.55,Homestead-Residential,False,2023-04-13,2025-08-18,858,742,4,Draft Declaration,33.3,425,3,3,0,False,0.0,False,0,False,False,68.4,36.9,,Not Digitized,21,0.0,True,1,12,Low,Opposing,1,Delayed,38.3,False,99.6,74.0,50.0,4,Draft Declaration,22.9,Low,23.98619,86.29302,train,,,,True,True,97.0,True
SNAP-000445-1,SIH26017-PRJ-000445,2020-10-09,Chhattisgarh,Bastar,National Highway,NHAI,Linear,"National Highways Act, 1956",304.91,9,2241.35,Agricultural,True,2018-12-27,2024-09-23,2097,652,2,Social Impact Assessment (SIA),11.1,214,5,5,0,False,0.0,False,0,False,False,62.1,42.7,,Not Digitized,28,0.0,False,1,10,Medium,Supportive,4,Insufficient,15.0,False,32.2,68.8,56.2,2,Social Impact Assessment (SIA),38.6,Medium,19.04884,82.095,train,True,Major Delay (6-18mo),354.0,True,True,276.0,True
SNAP-000445-2,SIH26017-PRJ-000445,2022-05-02,Chhattisgarh,Bastar,National Highway,NHAI,Linear,"National Highways Act, 1956",304.91,9,2241.35,Agricultural,True,2018-12-27,2024-09-23,2097,1222,5,Final Declaration (Sec 19),44.4,788,5,5,0,False,6.5,False,0,False,False,60.1,43.0,,Not Digitized,28,0.9,True,2,10,Medium,Supportive,3,Insufficient,45.1,False,55.3,60.7,60.7,5,Final Declaration (Sec 19),45.2,Medium,19.04884,82.095,train,True,Major Delay (6-18mo),354.0,True,True,257.0,True
SNAP-000445-3,SIH26017-PRJ-000445,2023-10-29,Chhattisgarh,Bastar,National Highway,NHAI,Linear,"National Highways Act, 1956",304.91,9,2241.35,Agricultural,True,2018-12-27,2024-09-23,2097,1767,7,Compensation Disbursement,66.7,1147,5,5,0,False,48.0,False,1,False,False,60.2,42.0,,Not Digitized,28,36.8,True,3,10,Medium,Supportive,8,Delayed,56.5,False,57.5,66.7,61.9,7,Compensation Disbursement,47.4,Medium,19.04884,82.095,train,True,Major Delay (6-18mo),354.0,True,True,102.0,True
SNAP-000446-1,SIH26017-PRJ-000446,2021-11-04,Bihar,Muzaffarpur,Power Transmission Line,POWERGRID/State Transco,Linear,"RFCTLARR Act, 2013",65.4,7,428.33,Agricultural,False,2021-06-02,2023-03-10,646,155,3,Survey & Measurement,22.2,-15,4,3,1,True,0.0,False,1,False,False,76.5,21.3,,Partially Digitized,8,0.0,True,0,11,Medium,Supportive,1,Adequate,21.7,True,21.0,61.9,52.4,3,Survey & Measurement,19.3,Low,26.10826,85.31764,train,False,On-Time,-12.0,True,False,-8.0,True
SNAP-000447-1,SIH26017-PRJ-000447,2021-11-19,Tamil Nadu,Coimbatore,Renewable Energy Park,State Renewable Energy Agency,Area,"RFCTLARR Act, 2013",1994.96,70,808.83,Agricultural,False,2021-08-02,2023-01-31,547,109,2,Social Impact Assessment (SIA),11.1,18,4,2,2,True,0.0,False,0,False,False,77.6,29.5,79.9,Fully Digitized,172,0.0,False,1,41,Low,Opposing,1,Insufficient,8.6,True,43.7,46.2,69.2,2,Social Impact Assessment (SIA),23.1,Low,10.87645,77.07322,train,,,,True,True,145.0,True
SNAP-000448-1,SIH26017-PRJ-000448,2024-07-31,Maharashtra,Chhatrapati Sambhajinagar,Renewable Energy Park,State Renewable Energy Agency,Area,"RFCTLARR Act, 2013",1253.84,33,5603.52,Agricultural,False,2021-11-07,2028-08-02,2460,997,6,Award Declaration (Sec 23),55.6,452,4,4,0,False,27.3,False,0,False,False,68.3,31.7,37.3,Fully Digitized,116,18.9,True,10,30,Medium,Opposing,4,Delayed,62.3,True,38.9,56.2,68.8,6,Award Declaration (Sec 23),42.1,Medium,19.80565,75.53726,test,,,,False,True,708.0,True
SNAP-000449-1,SIH26017-PRJ-000449,2019-03-25,Bihar,Gaya,State Highway,State PWD,Linear,"RFCTLARR Act, 2013",141.54,5,62.93,Agricultural,False,2018-09-23,2020-12-27,826,183,3,Survey & Measurement,22.2,10,3,3,0,False,0.0,False,0,False,False,100.0,0.0,,Not Digitized,5,0.0,True,0,9,Low,Supportive,2,Delayed,16.3,False,21.5,75.0,50.0,3,Survey & Measurement,9.9,Low,24.95771,84.96132,train,False,On-Time,25.0,True,False,11.0,True
SNAP-000450-1,SIH26017-PRJ-000450,2022-07-13,Tamil Nadu,Chennai,Urban Water Supply/Sewerage,State Water/Municipal Board,Point,"RFCTLARR Act, 2013",59.24,3,1442.99,Homestead-Residential,False,2021-10-02,2022-05-30,240,284,2,Social Impact Assessment (SIA),22.2,21,4,3,1,True,0.0,False,0,False,False,73.1,31.0,,Not Digitized,19,0.0,True,0,7,Low,Neutral,0,Delayed,16.3,False,43.7,72.4,41.4,3,Survey & Measurement,14.4,Low,13.00387,80.30002,test,,,,True,True,,True
SNAP-000451-1,SIH26017-PRJ-000451,2019-03-07,West Bengal,Kolkata,Special Economic Zone,State SEZ Authority,Area,"RFCTLARR Act, 2013",2909.54,83,10741.31,Agricultural,False,2018-04-07,2020-10-14,921,334,2,Social Impact Assessment (SIA),11.1,118,4,4,0,False,0.0,False,0,False,False,72.7,24.9,40.5,Partially Digitized,992,0.0,False,21,64,Medium,Opposing,2,Insufficient,16.3,True,104.0,0.0,100.0,2,Social Impact Assessment (SIA),54.2,Medium,22.72782,88.34061,train,,,,True,True,155.0,True
SNAP-000451-2,SIH26017-PRJ-000451,2019-09-07,West Bengal,Kolkata,Special Economic Zone,State SEZ Authority,Area,"RFCTLARR Act, 2013",2909.54,83,10741.31,Agricultural,False,2018-04-07,2020-10-14,921,518,3,Survey & Measurement,22.2,273,4,4,0,False,0.0,False,0,False,False,69.2,26.6,40.5,Partially Digitized,992,0.0,True,33,64,Medium,Opposing,4,Insufficient,22.6,True,104.0,0.0,100.0,3,Survey & Measurement,49.1,Medium,22.72782,88.34061,train,,,,True,True,95.0,True
SNAP-000451-3,SIH26017-PRJ-000451,2020-08-04,West Bengal,Kolkata,Special Economic Zone,State SEZ Authority,Area,"RFCTLARR Act, 2013",2909.54,83,10741.31,Agricultural,False,2018-04-07,2020-10-14,921,850,4,Draft Declaration,33.3,368,4,4,0,False,0.0,False,0,False,False,69.8,27.4,40.5,Partially Digitized,992,0.0,True,58,64,Medium,Opposing,5,Insufficient,40.0,True,21.4,0.0,100.0,4,Draft Declaration,51.1,Medium,22.72782,88.34061,train,,,,True,True,146.0,True
SNAP-000452-1,SIH26017-PRJ-000452,2025-06-13,Karnataka,Ballari,State Highway,State PWD,Linear,"RFCTLARR Act, 2013",107.09,7,1245.59,Government-Wasteland,False,2024-09-02,2026-10-16,774,284,3,Survey & Measurement,22.2,30,5,4,1,True,0.0,False,0,False,False,77.8,18.2,,Fully Digitized,16,0.0,True,0,5,Low,Supportive,0,Adequate,30.4,True,40.2,82.9,53.7,3,Survey & Measurement,3.5,Low,15.24401,76.91005,train,,,,False,True,52.0,True
SNAP-000452-2,SIH26017-PRJ-000452,2025-12-29,Karnataka,Ballari,State Highway,State PWD,Linear,"RFCTLARR Act, 2013",107.09,7,1245.59,Government-Wasteland,False,2024-09-02,2026-10-16,774,483,6,Award Declaration (Sec 23),55.6,70,5,5,0,False,14.8,False,0,False,False,76.5,19.2,,Fully Digitized,16,11.4,True,1,5,Low,Supportive,0,Adequate,57.4,True,55.0,79.5,56.8,6,Award Declaration (Sec 23),16.8,Low,15.24401,76.91005,train,,,,False,False,23.0,True
SNAP-000453-1,SIH26017-PRJ-000453,2017-02-01,Jharkhand,Dhanbad,State Highway,State PWD,Linear,"RFCTLARR Act, 2013",35.37,5,1020.84,Forest,False,2016-04-10,2019-08-24,1231,297,3,Survey & Measurement,22.2,71,5,4,1,True,0.0,False,0,False,False,65.0,38.1,,Fully Digitized,6,0.0,True,0,14,Medium,Opposing,3,Insufficient,24.0,True,,,,3,Survey & Measurement,30.5,Medium,23.7392,86.20489,train,False,Minor Delay (<=6mo),121.0,True,False,18.0,True
SNAP-000454-1,SIH26017-PRJ-000454,2020-11-14,Bihar,Muzaffarpur,Irrigation Canal/Dam,State Irrigation Dept,Linear,"RFCTLARR Act, 2013",623.28,18,1139.75,Forest,False,2020-03-09,2021-10-03,573,250,2,Social Impact Assessment (SIA),11.1,22,6,2,3,True,0.0,False,0,False,False,50.4,51.0,,Not Digitized,45,0.0,False,1,18,Low,Opposing,3,Delayed,14.1,False,20.4,25.0,75.0,2,Social Impact Assessment (SIA),27.1,Low,26.23196,85.82072,test,,,,True,True,130.0,True
SNAP-000454-2,SIH26017-PRJ-000454,2021-07-14,Bihar,Muzaffarpur,Irrigation Canal/Dam,State Irrigation Dept,Linear,"RFCTLARR Act, 2013",623.28,18,1139.75,Forest,False,2020-03-09,2021-10-03,573,492,3,Survey & Measurement,22.2,152,6,4,1,False,0.0,False,0,False,False,47.7,51.2,,Not Digitized,45,0.0,True,2,18,Low,Opposing,1,Delayed,25.8,False,21.0,25.0,75.0,3,Survey & Measurement,34.1,Medium,26.23196,85.82072,test,,,,True,True,82.0,True
SNAP-000455-1,SIH26017-PRJ-000455,2021-03-19,Jharkhand,Paschimi Singhbhum,Special Economic Zone,State SEZ Authority,Area,"RFCTLARR Act, 2013",472.82,19,12011.41,Forest,True,2018-11-10,2025-08-07,2462,860,4,Draft Declaration,33.3,283,6,5,0,False,0.0,False,0,False,False,62.7,36.3,38.0,Partially Digitized,164,0.0,True,10,28,High,Opposing,3,Insufficient,31.3,True,72.7,0.0,100.0,4,Draft Declaration,52.0,Medium,22.26994,85.31138,train,False,Minor Delay (<=6mo),64.0,True,True,279.0,True
SNAP-000455-2,SIH26017-PRJ-000455,2023-06-29,Jharkhand,Paschimi Singhbhum,Special Economic Zone,State SEZ Authority,Area,"RFCTLARR Act, 2013",472.82,19,12011.41,Forest,True,2018-11-10,2025-08-07,2462,1692,6,Award Declaration (Sec 23),55.6,867,6,5,0,False,27.4,False,0,False,False,60.6,35.4,38.0,Partially Digitized,164,16.1,True,17,28,High,Opposing,7,Delayed,51.6,True,69.5,30.0,70.0,6,Award Declaration (Sec 23),48.6,Medium,22.26994,85.31138,train,False,Minor Delay (<=6mo),64.0,True,True,284.0,True
SNAP-000456-1,SIH26017-PRJ-000456,2018-09-21,Chhattisgarh,Durg,Power Transmission Line,POWERGRID/State Transco,Linear,"RFCTLARR Act, 2013",7.18,1,842.88,Agricultural,False,2017-03-30,2020-05-29,1156,540,6,Award Declaration (Sec 23),55.6,142,4,4,0,False,17.1,False,1,True,False,71.5,31.4,,Partially Digitized,0,0.0,True,0,2,Medium,Neutral,1,Insufficient,54.1,True,14.5,28.6,85.7,6,Award Declaration (Sec 23),48.8,Medium,21.01215,81.45744,train,False,On-Time,29.0,True,True,112.0,True
SNAP-000457-1,SIH26017-PRJ-000457,2022-04-18,West Bengal,Purba Bardhaman,Renewable Energy Park,State Renewable Energy Agency,Area,"RFCTLARR Act, 2013",705.2,24,1847.53,Forest,False,2021-01-19,2025-12-05,1781,454,3,Survey & Measurement,22.2,267,5,3,2,True,0.0,False,0,False,False,66.2,32.0,65.4,Partially Digitized,56,0.0,True,1,17,Low,Opposing,8,Insufficient,17.7,True,49.7,50.0,71.4,3,Survey & Measurement,45.7,Medium,23.31989,88.0969,train,,,,False,True,298.0,True
SNAP-000457-2,SIH26017-PRJ-000457,2023-10-12,West Bengal,Purba Bardhaman,Renewable Energy Park,State Renewable Energy Agency,Area,"RFCTLARR Act, 2013",705.2,24,1847.53,Forest,False,2021-01-19,2025-12-05,1781,996,4,Draft Declaration,33.3,565,5,5,0,False,0.0,False,0,False,False,61.1,32.2,65.4,Partially Digitized,56,0.0,True,3,17,Low,Opposing,4,Insufficient,36.6,True,52.9,52.0,76.0,4,Draft Declaration,42.7,Medium,23.31989,88.0969,train,,,,False,True,333.0,True
SNAP-000457-3,SIH26017-PRJ-000457,2025-07-13,West Bengal,Purba Bardhaman,Renewable Energy Park,State Renewable Energy Agency,Area,"RFCTLARR Act, 2013",705.2,24,1847.53,Forest,False,2021-01-19,2025-12-05,1781,1636,6,Award Declaration (Sec 23),55.6,1030,5,5,0,False,25.9,False,0,False,False,64.1,34.9,65.4,Partially Digitized,56,19.7,True,5,17,Low,Opposing,7,Delayed,54.5,True,56.9,56.8,70.3,6,Award Declaration (Sec 23),37.8,Medium,23.31989,88.0969,train,,,,False,True,191.0,True
SNAP-000458-1,SIH26017-PRJ-000458,2016-03-29,Jharkhand,Paschimi Singhbhum,State Highway,State PWD,Linear,"RFCTLARR Act, 2013",102.07,6,673.57,Forest,False,2015-10-05,2024-12-27,3371,176,2,Social Impact Assessment (SIA),11.1,66,5,3,2,True,0.0,False,0,False,False,53.4,44.7,,Fully Digitized,13,0.0,False,0,15,High,Opposing,1,Insufficient,10.6,True,,,,2,Social Impact Assessment (SIA),49.1,Medium,22.47236,85.41602,train,True,Major Delay (6-18mo),233.0,True,True,163.0,True
SNAP-000459-1,SIH26017-PRJ-000459,2024-09-14,Bihar,Patna,Irrigation Canal/Dam,State Irrigation Dept,Linear,"RFCTLARR Act, 2013",365.51,14,1306.93,Mixed,False,2024-05-22,2027-11-26,1283,115,2,Social Impact Assessment (SIA),11.1,-12,4,2,1,True,0.0,False,0,False,False,83.6,20.0,,Partially Digitized,196,0.0,False,1,17,Low,Not Sought,1,Delayed,9.9,False,27.6,50.0,68.8,2,Social Impact Assessment (SIA),13.6,Low,25.64913,85.1664,train,,,,False,False,-6.0,True
SNAP-000460-1,SIH26017-PRJ-000460,2017-04-06,Jharkhand,Paschimi Singhbhum,Urban Water Supply/Sewerage,State Water/Municipal Board,Point,"RFCTLARR Act, 2013",2.74,4,2487.93,Mixed,False,2016-07-28,2019-06-17,1054,252,3,Survey & Measurement,22.2,-19,4,3,1,True,0.0,False,0,False,False,75.6,26.7,,Partially Digitized,5,0.0,True,0,11,Low,Supportive,1,Delayed,27.3,True,,,,3,Survey & Measurement,13.6,Low,22.74564,85.48601,train,False,On-Time,-17.0,True,True,75.0,True
SNAP-000461-1,SIH26017-PRJ-000461,2024-03-13,Assam,Kamrup,Railway Line/Doubling,Indian Railways,Linear,"Railways Act, 1989",159.18,5,603.25,Mixed,False,2022-11-14,2030-06-27,2782,485,2,Social Impact Assessment (SIA),11.1,42,6,6,0,False,0.0,False,0,False,False,62.7,41.6,,Partially Digitized,101,0.0,False,2,11,Medium,Opposing,3,Insufficient,14.0,True,89.7,50.0,71.4,2,Social Impact Assessment (SIA),31.4,Medium,26.22461,91.73283,train,,,,False,True,348.0,True
SNAP-000462-1,SIH26017-PRJ-000462,2024-02-12,Odisha,Khordha,Mining Project,State Mining Corp,Area,"Coal Bearing Areas Acquisition Act, 1957",596.09,17,3271.27,Agricultural,False,2023-01-16,2026-08-19,1311,392,2,Social Impact Assessment (SIA),11.1,30,5,4,1,False,0.0,False,0,False,False,68.1,29.4,,Partially Digitized,225,0.0,False,5,21,Low,Opposing,2,Insufficient,14.0,True,87.4,42.9,78.6,2,Social Impact Assessment (SIA),29.2,Low,20.24419,85.39517,train,,,,False,True,198.0,True
SNAP-000462-2,SIH26017-PRJ-000462,2024-10-21,Odisha,Khordha,Mining Project,State Mining Corp,Area,"Coal Bearing Areas Acquisition Act, 1957",596.09,17,3271.27,Agricultural,False,2023-01-16,2026-08-19,1311,644,4,Draft Declaration,33.3,340,5,5,0,False,0.0,False,0,False,False,66.9,30.2,,Partially Digitized,225,0.0,True,11,21,Low,Opposing,3,Delayed,26.7,True,84.7,47.1,76.5,4,Draft Declaration,37.8,Medium,20.24419,85.39517,train,,,,False,True,172.0,True
SNAP-000462-3,SIH26017-PRJ-000462,2025-09-30,Odisha,Khordha,Mining Project,State Mining Corp,Area,"Coal Bearing Areas Acquisition Act, 1957",596.09,17,3271.27,Agricultural,False,2023-01-16,2026-08-19,1311,988,5,Final Declaration (Sec 19),44.4,512,5,5,0,False,6.6,False,0,False,False,67.5,28.0,,Partially Digitized,225,1.3,True,18,21,Low,Opposing,4,Insufficient,41.5,True,109.0,43.5,82.6,5,Final Declaration (Sec 19),46.2,Medium,20.24419,85.39517,train,,,,False,True,296.0,True
SNAP-000463-1,SIH26017-PRJ-000463,2023-12-05,Madhya Pradesh,Bhopal,Power Transmission Line,POWERGRID/State Transco,Linear,"RFCTLARR Act, 2013",75.81,6,213.17,Government-Wasteland,False,2023-02-26,2024-11-10,623,282,5,Final Declaration (Sec 19),44.4,-29,3,2,0,False,0.0,True,1,False,False,61.9,49.3,,Not Digitized,4,0.0,True,0,14,Low,Supportive,0,Adequate,43.9,False,5.2,69.4,55.6,5,Final Declaration (Sec 19),16.4,Low,23.15966,77.43478,train,False,On-Time,7.0,True,False,-4.0,True
SNAP-000464-1,SIH26017-PRJ-000464,2020-10-18,West Bengal,Howrah,State Highway,State PWD,Linear,"RFCTLARR Act, 2013",124.39,7,1933.03,Government-Wasteland,False,2017-12-21,2020-12-28,1103,1032,8,Possession,77.8,331,4,4,0,False,84.9,False,0,False,False,83.3,19.8,,Partially Digitized,13,50.9,True,1,9,Medium,Neutral,10,Adequate,88.8,True,27.7,81.8,63.6,8,Possession,35.8,Medium,22.55343,88.15308,train,False,On-Time,-1.0,True,True,40.0,True
SNAP-000465-1,SIH26017-PRJ-000465,2019-07-16,Kerala,Ernakulam,Industrial Corridor,State Industrial Dev. Corp,Area,"RFCTLARR Act, 2013",1990.86,54,6472.52,Forest,False,2018-12-18,2020-05-31,530,210,2,Social Impact Assessment (SIA),11.1,50,5,3,2,True,0.0,False,0,False,False,58.3,44.0,49.5,Not Digitized,168,0.0,False,2,36,Medium,Opposing,0,Insufficient,14.0,False,,,,2,Social Impact Assessment (SIA),31.9,Medium,10.10473,76.25741,train,,,,True,True,206.0,True
SNAP-000465-2,SIH26017-PRJ-000465,2019-12-23,Kerala,Ernakulam,Industrial Corridor,State Industrial Dev. Corp,Area,"RFCTLARR Act, 2013",1990.86,54,6472.52,Forest,False,2018-12-18,2020-05-31,530,370,2,Social Impact Assessment (SIA),11.1,50,5,3,1,True,0.0,False,0,False,False,58.5,45.6,49.5,Not Digitized,168,0.0,False,4,36,Medium,Opposing,0,Delayed,19.0,False,,0.0,100.0,2,Social Impact Assessment (SIA),39.6,Medium,10.10473,76.25741,train,,,,True,True,206.0,True
SNAP-000465-3,SIH26017-PRJ-000465,2020-05-13,Kerala,Ernakulam,Industrial Corridor,State Industrial Dev. Corp,Area,"RFCTLARR Act, 2013",1990.86,54,6472.52,Forest,False,2018-12-18,2020-05-31,530,512,2,Social Impact Assessment (SIA),22.2,256,5,4,0,False,0.0,False,0,False,False,53.8,43.2,49.5,Not Digitized,168,0.0,True,4,36,Medium,Opposing,1,Insufficient,17.6,False,,0.0,100.0,3,Survey & Measurement,50.4,Medium,10.10473,76.25741,train,,,,True,True,,True
SNAP-000466-1,SIH26017-PRJ-000466,2023-10-07,Chhattisgarh,Raipur,State Highway,State PWD,Linear,"RFCTLARR Act, 2013",173.46,6,451.69,Agricultural,False,2021-12-31,2026-05-17,1598,645,6,Award Declaration (Sec 23),55.6,93,4,4,0,False,25.7,True,1,False,True,47.2,47.0,,Partially Digitized,15,25.2,True,1,11,Low,Opposing,0,Delayed,49.3,True,57.5,78.1,56.2,6,Award Declaration (Sec 23),29.5,Low,21.24952,81.31572,train,False,Minor Delay (<=6mo),81.0,True,True,201.0,True
SNAP-000466-2,SIH26017-PRJ-000466,2025-03-07,Chhattisgarh,Raipur,State Highway,State PWD,Linear,"RFCTLARR Act, 2013",173.46,6,451.69,Agricultural,False,2021-12-31,2026-05-17,1598,1162,7,Compensation Disbursement,66.7,294,4,4,0,False,46.6,True,1,False,True,48.4,46.3,,Partially Digitized,15,52.4,True,1,11,Low,Opposing,0,Delayed,59.8,True,58.3,82.5,55.0,7,Compensation Disbursement,30.4,Medium,21.24952,81.31572,train,False,Minor Delay (<=6mo),81.0,True,True,443.0,True
SNAP-000467-1,SIH26017-PRJ-000467,2022-06-29,Jharkhand,Dhanbad,Mining Project,State Mining Corp,Area,"Coal Bearing Areas Acquisition Act, 1957",519.97,21,5176.75,Mixed,False,2021-07-15,2024-02-09,939,349,2,Social Impact Assessment (SIA),11.1,-16,6,5,1,True,0.0,False,1,False,False,65.2,37.0,,Fully Digitized,270,0.0,False,5,25,Medium,Opposing,2,Delayed,19.6,True,69.5,33.3,77.8,2,Social Impact Assessment (SIA),37.7,Medium,24.0152,86.20759,validation,,,,True,True,237.0,True
SNAP-000467-2,SIH26017-PRJ-000467,2023-08-27,Jharkhand,Dhanbad,Mining Project,State Mining Corp,Area,"Coal Bearing Areas Acquisition Act, 1957",519.97,21,5176.75,Mixed,False,2021-07-15,2024-02-09,939,773,4,Draft Declaration,33.3,320,6,5,0,False,0.0,False,1,False,False,65.4,33.6,,Fully Digitized,270,0.0,True,16,25,Medium,Opposing,4,Delayed,40.1,True,69.5,41.7,75.0,4,Draft Declaration,51.3,Medium,24.0152,86.20759,validation,,,,True,True,185.0,True
SNAP-000468-1,SIH26017-PRJ-000468,2020-08-16,Assam,Kamrup,State Highway,State PWD,Linear,"RFCTLARR Act, 2013",63.14,3,863.71,Government-Wasteland,False,2019-04-08,2025-09-20,2357,496,3,Survey & Measurement,22.2,256,4,3,0,False,0.0,False,0,False,False,83.2,15.2,,Not Digitized,4,0.0,True,0,13,Medium,Neutral,0,Insufficient,18.1,False,83.0,81.8,63.6,3,Survey & Measurement,35.4,Medium,26.0691,91.90273,train,False,Minor Delay (<=6mo),36.0,True,True,159.0,True
SNAP-000469-1,SIH26017-PRJ-000469,2025-01-11,Tamil Nadu,Tiruchirappalli,State Highway,State PWD,Linear,"RFCTLARR Act, 2013",47.43,3,1040.09,Mixed,False,2023-08-18,2026-11-19,1189,512,6,Award Declaration (Sec 23),55.6,44,4,4,0,False,24.2,False,0,False,False,72.2,28.9,,Partially Digitized,17,22.6,True,1,11,Medium,Neutral,4,Adequate,59.5,True,53.6,82.1,56.4,6,Award Declaration (Sec 23),26.0,Low,10.7957,78.63437,validation,,,,False,False,23.0,True
SNAP-000470-1,SIH26017-PRJ-000470,2021-10-21,Maharashtra,Nashik,Airport Expansion,Airports Authority of India,Point,"RFCTLARR Act, 2013",1331.79,39,657.37,Mixed,True,2018-12-04,2022-06-18,1292,1052,5,Final Declaration (Sec 19),44.4,651,5,5,0,False,0.0,False,0,False,False,66.7,28.6,,Fully Digitized,673,0.0,True,39,21,Medium,Opposing,1,Insufficient,38.7,True,21.8,25.0,75.0,5,Final Declaration (Sec 19),38.0,Medium,20.04436,74.04824,test,,,,True,True,105.0,True
SNAP-000471-1,SIH26017-PRJ-000471,2025-03-09,Kerala,Ernakulam,Power Transmission Line,POWERGRID/State Transco,Linear,"RFCTLARR Act, 2013",102.54,4,993.29,Government-Wasteland,True,2024-06-28,2026-04-08,649,254,2,Social Impact Assessment (SIA),11.1,2,4,3,1,True,0.0,False,0,False,False,58.1,37.5,,Fully Digitized,8,0.0,False,0,13,Medium,Opposing,2,Delayed,18.3,True,84.3,64.3,59.5,2,Social Impact Assessment (SIA),23.7,Low,9.87109,76.32935,train,,,,False,True,417.0,True
SNAP-000472-1,SIH26017-PRJ-000472,2025-05-20,Uttar Pradesh,Varanasi,Urban Metro Rail,State Metro Rail Corp,Linear,"RFCTLARR Act, 2013",117.92,7,10886.7,Government-Wasteland,False,2024-01-21,2026-04-26,826,485,7,Compensation Disbursement,66.7,-97,5,5,0,False,46.3,False,1,False,True,62.5,38.8,,Not Digitized,46,41.4,True,2,6,Low,Supportive,1,Adequate,68.0,False,37.9,58.3,83.3,7,Compensation Disbursement,19.5,Low,25.30465,82.85729,train,False,On-Time,-13.0,True,True,61.0,True
SNAP-000473-1,SIH26017-PRJ-000473,2020-12-17,Madhya Pradesh,Chhindwara,Power Transmission Line,POWERGRID/State Transco,Linear,"RFCTLARR Act, 2013",77.76,5,339.83,Government-Wasteland,False,2020-05-29,2021-09-21,480,202,5,Final Declaration (Sec 19),44.4,-110,4,3,1,True,0.0,False,0,False,False,90.8,6.9,,Fully Digitized,6,0.0,True,0,9,Low,Neutral,0,Adequate,40.4,True,-6.2,52.9,58.8,5,Final Declaration (Sec 19),4.1,Low,22.13038,79.02885,test,False,On-Time,11.0,True,False,-12.0,True
SNAP-000473-2,SIH26017-PRJ-000473,2021-05-02,Madhya Pradesh,Chhindwara,Power Transmission Line,POWERGRID/State Transco,Linear,"RFCTLARR Act, 2013",77.76,5,339.83,Government-Wasteland,False,2020-05-29,2021-09-21,480,338,7,Compensation Disbursement,66.7,-148,4,4,0,False,40.6,False,0,False,False,90.1,4.1,,Fully Digitized,6,34.1,True,0,9,Low,Neutral,0,Adequate,63.6,True,-7.8,55.6,55.6,7,Compensation Disbursement,0.9,Low,22.13038,79.02885,test,False,On-Time,11.0,True,False,-64.0,True
SNAP-000474-1,SIH26017-PRJ-000474,2017-11-29,Madhya Pradesh,Bhopal,Urban Water Supply/Sewerage,State Water/Municipal Board,Point,"RFCTLARR Act, 2013",3.28,4,367.31,Mixed,False,2016-04-21,2018-03-29,707,587,7,Compensation Disbursement,66.7,-42,4,4,0,False,61.9,False,0,False,False,100.0,1.8,,Fully Digitized,4,56.6,True,0,8,Low,Supportive,1,Adequate,76.9,True,-17.0,100.0,0.0,7,Compensation Disbursement,3.6,Low,23.14272,77.54268,train,False,On-Time,30.0,True,False,20.0,True
SNAP-000475-1,SIH26017-PRJ-000475,2019-08-07,Chhattisgarh,Bastar,Renewable Energy Park,State Renewable Energy Agency,Area,"RFCTLARR Act, 2013",2930.1,66,2548.01,Mixed,False,2018-05-02,2021-07-23,1178,462,4,Draft Declaration,33.3,109,5,4,1,True,0.0,False,0,False,False,53.7,49.5,59.0,Partially Digitized,1480,0.0,True,87,47,Low,Opposing,2,Insufficient,43.8,False,14.5,25.0,75.0,4,Draft Declaration,43.7,Medium,19.07645,81.90905,train,False,Minor Delay (<=6mo),50.0,True,True,92.0,True
SNAP-000476-1,SIH26017-PRJ-000476,2021-12-26,Odisha,Kalahandi,Railway Line/Doubling,Indian Railways,Linear,"Railways Act, 1989",575.93,24,8644.63,Forest,True,2020-01-15,2025-01-21,1833,711,6,Award Declaration (Sec 23),55.6,315,7,6,1,False,11.8,False,0,False,False,82.0,23.5,,Fully Digitized,50,2.8,True,4,32,Medium,Opposing,1,Insufficient,43.8,True,69.8,44.4,66.7,6,Award Declaration (Sec 23),32.9,Medium,19.75265,83.35453,test,True,Major Delay (6-18mo),247.0,True,True,222.0,True
SNAP-000476-2,SIH26017-PRJ-000476,2023-12-06,Odisha,Kalahandi,Railway Line/Doubling,Indian Railways,Linear,"Railways Act, 1989",575.93,24,8644.63,Forest,True,2020-01-15,2025-01-21,1833,1421,7,Compensation Disbursement,66.7,537,7,7,0,False,59.0,False,0,False,False,80.0,23.8,,Fully Digitized,50,32.8,True,6,32,Medium,Opposing,8,Delayed,66.3,True,87.4,46.2,76.9,7,Compensation Disbursement,40.1,Medium,19.75265,83.35453,test,True,Major Delay (6-18mo),247.0,True,True,305.0,True
SNAP-000477-1,SIH26017-PRJ-000477,2018-09-22,Gujarat,Surat,State Highway,State PWD,Linear,"RFCTLARR Act, 2013",85.35,6,557.97,Forest,False,2017-03-23,2020-01-03,1016,548,6,Award Declaration (Sec 23),55.6,180,5,5,0,False,10.1,False,0,False,False,64.0,40.8,,Partially Digitized,4,2.6,True,0,12,Medium,Neutral,5,Delayed,49.8,True,,100.0,0.0,6,Award Declaration (Sec 23),31.0,Medium,21.39239,73.02708,train,False,Minor Delay (<=6mo),46.0,True,True,45.0,True
SNAP-000478-1,SIH26017-PRJ-000478,2016-07-19,West Bengal,Kolkata,Airport Expansion,Airports Authority of India,Point,"RFCTLARR Act, 2013",1078.93,30,7650.27,Government-Wasteland,False,2015-09-01,2017-03-29,575,322,3,Survey & Measurement,22.2,78,5,5,0,False,0.0,False,0,False,False,56.5,37.8,,Partially Digitized,89,0.0,True,2,23,Medium,Neutral,1,Insufficient,22.2,True,,,,3,Survey & Measurement,37.3,Medium,22.52719,88.55737,train,,,,True,True,154.0,True
SNAP-000479-1,SIH26017-PRJ-000479,2025-03-15,Maharashtra,Chhatrapati Sambhajinagar,Urban Water Supply/Sewerage,State Water/Municipal Board,Point,"RFCTLARR Act, 2013",57.8,3,684.87,Homestead-Residential,False,2024-01-03,2027-03-05,1157,437,5,Final Declaration (Sec 19),44.4,146,4,3,0,False,0.0,False,0,False,False,81.8,17.6,,Fully Digitized,32,0.0,True,1,8,Low,Not Sought,1,Delayed,34.0,True,38.9,72.9,50.0,5,Final Declaration (Sec 19),19.2,Low,19.53709,75.32389,train,,,,False,False,29.0,True
SNAP-000480-1,SIH26017-PRJ-000480,2016-12-09,Jharkhand,Ranchi,Urban Water Supply/Sewerage,State Water/Municipal Board,Point,"RFCTLARR Act, 2013",34.68,2,545.68,Mixed,True,2016-03-01,2019-06-29,1215,283,2,Social Impact Assessment (SIA),11.1,-26,4,3,1,True,0.0,False,0,False,False,67.8,33.1,,Partially Digitized,19,0.0,False,1,8,Medium,Opposing,2,Insufficient,15.0,True,,,,2,Social Impact Assessment (SIA),27.2,Low,23.09946,85.22889,validation,False,Minor Delay (<=6mo),114.0,True,True,208.0,True
SNAP-000480-2,SIH26017-PRJ-000480,2018-01-19,Jharkhand,Ranchi,Urban Water Supply/Sewerage,State Water/Municipal Board,Point,"RFCTLARR Act, 2013",34.68,2,545.68,Mixed,True,2016-03-01,2019-06-29,1215,689,5,Final Declaration (Sec 19),44.4,244,4,4,0,False,8.0,False,0,False,False,66.9,33.7,,Partially Digitized,19,1.0,True,1,8,Medium,Opposing,3,Delayed,38.3,True,,100.0,0.0,5,Final Declaration (Sec 19),30.4,Medium,23.09946,85.22889,validation,False,Minor Delay (<=6mo),114.0,True,True,85.0,True
SNAP-000480-3,SIH26017-PRJ-000480,2018-11-20,Jharkhand,Ranchi,Urban Water Supply/Sewerage,State Water/Municipal Board,Point,"RFCTLARR Act, 2013",34.68,2,545.68,Mixed,True,2016-03-01,2019-06-29,1215,994,7,Compensation Disbursement,66.7,365,4,4,0,False,56.0,False,0,False,False,65.4,34.2,,Partially Digitized,19,41.4,True,2,8,Medium,Opposing,2,Insufficient,66.5,True,,75.0,25.0,7,Compensation Disbursement,36.5,Medium,23.09946,85.22889,validation,False,Minor Delay (<=6mo),114.0,True,True,84.0,True
SNAP-000481-1,SIH26017-PRJ-000481,2018-09-27,Telangana,Karimnagar,Industrial Corridor,State Industrial Dev. Corp,Area,"RFCTLARR Act, 2013",1164.76,27,972.26,Homestead-Residential,False,2018-02-15,2022-09-01,1659,224,2,Social Impact Assessment (SIA),11.1,86,4,3,1,True,0.0,False,0,False,False,66.0,32.5,60.9,Partially Digitized,605,0.0,False,9,22,Medium,Opposing,0,Insufficient,13.0,True,,,,2,Social Impact Assessment (SIA),39.5,Medium,18.6307,79.11559,validation,False,Minor Delay (<=6mo),57.0,True,True,99.0,True
SNAP-000482-1,SIH26017-PRJ-000482,2021-04-28,Madhya Pradesh,Bhopal,Irrigation Canal/Dam,State Irrigation Dept,Linear,"RFCTLARR Act, 2013",1348.57,34,413.27,Government-Wasteland,False,2018-12-22,2023-06-14,1635,858,6,Award Declaration (Sec 23),55.6,395,5,5,0,False,22.6,False,0,False,False,77.3,28.5,,Partially Digitized,97,12.8,True,4,24,Low,Supportive,3,Delayed,49.7,False,-7.8,25.0,75.0,6,Award Declaration (Sec 23),36.0,Medium,23.28294,77.28029,train,False,On-Time,11.0,True,True,181.0,True
SNAP-000483-1,SIH26017-PRJ-000483,2016-10-09,Assam,Dibrugarh,Power Transmission Line,POWERGRID/State Transco,Linear,"RFCTLARR Act, 2013",83.31,4,1294.34,Agricultural,False,2016-03-26,2017-02-09,320,197,2,Social Impact Assessment (SIA),11.1,32,4,2,1,True,0.0,False,0,False,False,60.5,39.5,,Fully Digitized,6,0.0,False,0,13,Low,Supportive,0,Delayed,15.6,True,,,,2,Social Impact Assessment (SIA),19.5,Low,27.63327,94.99604,train,,,,True,True,62.0,True
SNAP-000483-2,SIH26017-PRJ-000483,2017-03-13,Assam,Dibrugarh,Power Transmission Line,POWERGRID/State Transco,Linear,"RFCTLARR Act, 2013",83.31,4,1294.34,Agricultural,False,2016-03-26,2017-02-09,320,352,2,Social Impact Assessment (SIA),22.2,94,4,2,1,True,0.0,False,0,False,False,61.5,40.6,,Fully Digitized,6,0.0,True,0,13,Low,Supportive,1,Delayed,17.8,True,,,,3,Survey & Measurement,27.3,Low,27.63327,94.99604,train,,,,True,True,,True
SNAP-000484-1,SIH26017-PRJ-000484,2019-01-09,Rajasthan,Alwar,Renewable Energy Park,State Renewable Energy Agency,Area,"RFCTLARR Act, 2013",191.19,16,7617.0,Homestead-Residential,False,2016-07-13,2025-05-20,3233,910,4,Draft Declaration,33.3,471,4,4,0,False,0.0,False,0,False,False,63.6,34.1,59.6,Not Digitized,105,0.0,True,6,15,Medium,Neutral,2,Insufficient,32.5,False,,25.0,75.0,4,Draft Declaration,43.4,Medium,27.46126,76.8263,train,False,Minor Delay (<=6mo),165.0,True,True,190.0,True
SNAP-000485-1,SIH26017-PRJ-000485,2021-08-11,Bihar,Gaya,Railway Line/Doubling,Indian Railways,Linear,"Railways Act, 1989",273.45,9,8190.03,Homestead-Residential,False,2020-03-08,2024-04-05,1489,521,5,Final Declaration (Sec 19),44.4,113,5,5,0,False,4.3,False,0,False,False,81.0,13.0,,Not Digitized,143,0.0,True,8,21,Low,Neutral,2,Delayed,43.3,False,21.0,44.4,66.7,5,Final Declaration (Sec 19),13.9,Low,24.74555,84.84469,train,False,On-Time,13.0,True,True,231.0,True
SNAP-000485-2,SIH26017-PRJ-000485,2022-12-02,Bihar,Gaya,Railway Line/Doubling,Indian Railways,Linear,"Railways Act, 1989",273.45,9,8190.03,Homestead-Residential,False,2020-03-08,2024-04-05,1489,999,7,Compensation Disbursement,66.7,451,5,5,0,False,33.2,False,0,False,False,82.6,13.7,,Not Digitized,143,24.9,True,10,21,Low,Neutral,2,Adequate,55.7,False,40.2,50.0,70.0,7,Compensation Disbursement,30.9,Medium,24.74555,84.84469,train,False,On-Time,13.0,True,True,175.0,True
SNAP-000486-1,SIH26017-PRJ-000486,2025-12-15,Assam,Kamrup,State Highway,State PWD,Linear,"RFCTLARR Act, 2013",194.32,3,135.97,Agricultural,False,2023-04-24,2029-07-03,2262,966,5,Final Declaration (Sec 19),44.4,616,3,2,0,False,5.2,False,0,False,False,60.4,38.5,,Fully Digitized,13,0.0,True,1,11,Low,Opposing,4,Insufficient,37.8,True,81.6,81.4,55.8,5,Final Declaration (Sec 19),38.8,Medium,26.13254,91.94499,train,,,,False,True,190.0,True
SNAP-000487-1,SIH26017-PRJ-000487,2019-07-31,Uttar Pradesh,Varanasi,Airport Expansion,Airports Authority of India,Point,"RFCTLARR Act, 2013",1200.85,33,4678.0,Homestead-Residential,False,2018-03-09,2022-02-10,1434,509,5,Final Declaration (Sec 19),44.4,78,5,5,0,False,5.8,False,0,False,False,77.9,21.5,,Partially Digitized,629,0.9,True,39,33,Medium,Opposing,1,Delayed,49.2,False,0.0,20.0,80.0,5,Final Declaration (Sec 19),27.2,Low,25.44256,82.86848,train,False,Minor Delay (<=6mo),94.0,True,True,108.0,True
SNAP-000487-2,SIH26017-PRJ-000487,2021-01-08,Uttar Pradesh,Varanasi,Airport Expansion,Airports Authority of India,Point,"RFCTLARR Act, 2013",1200.85,33,4678.0,Homestead-Residential,False,2018-03-09,2022-02-10,1434,1036,7,Compensation Disbursement,66.7,357,5,5,0,False,42.7,False,1,True,False,74.1,21.8,,Partially Digitized,629,42.4,True,59,33,Medium,Opposing,5,Delayed,77.8,False,31.0,20.0,80.0,7,Compensation Disbursement,63.7,High,25.44256,82.86848,train,False,Minor Delay (<=6mo),94.0,True,True,172.0,True
SNAP-000488-1,SIH26017-PRJ-000488,2019-11-10,Odisha,Khordha,State Highway,State PWD,Linear,"RFCTLARR Act, 2013",132.26,5,1914.24,Agricultural,False,2017-06-27,2021-11-25,1612,866,4,Draft Declaration,33.3,629,4,4,0,False,0.0,False,0,False,False,81.5,31.2,,Partially Digitized,14,0.0,True,1,10,Low,Not Sought,1,Delayed,20.8,True,32.0,75.0,50.0,4,Draft Declaration,27.8,Low,20.46442,85.58386,train,False,Minor Delay (<=6mo),62.0,True,True,104.0,True
SNAP-000489-1,SIH26017-PRJ-000489,2024-05-09,Tamil Nadu,Chennai,Renewable Energy Park,State Renewable Energy Agency,Area,"RFCTLARR Act, 2013",544.26,19,2488.49,Homestead-Residential,False,2022-01-31,2025-07-09,1255,829,7,Compensation Disbursement,66.7,326,4,4,0,False,28.0,True,2,False,True,69.9,30.5,57.1,Fully Digitized,264,22.2,True,21,19,Low,Neutral,4,Delayed,63.8,True,36.3,53.3,73.3,7,Compensation Disbursement,59.0,High,13.12749,80.02015,train,False,Minor Delay (<=6mo),62.0,True,True,132.0,True
SNAP-000490-1,SIH26017-PRJ-000490,2015-11-02,Tamil Nadu,Coimbatore,Urban Metro Rail,State Metro Rail Corp,Linear,"RFCTLARR Act, 2013",113.48,4,2001.63,Homestead-Residential,False,2015-05-25,2015-10-29,157,161,1,Preliminary Notification (Sec 11),11.1,45,4,3,1,True,0.0,False,0,False,False,31.5,54.9,,Partially Digitized,55,0.0,False,0,0,Low,Opposing,2,Insufficient,5.6,False,,,,2,Social Impact Assessment (SIA),33.5,Medium,10.84629,77.20481,validation,,,,True,True,,True
SNAP-000491-1,SIH26017-PRJ-000491,2025-07-12,Bihar,Patna,Renewable Energy Park,State Renewable Energy Agency,Area,"RFCTLARR Act, 2013",326.48,16,2275.5,Agricultural,True,2023-08-02,2028-02-23,1666,710,5,Final Declaration (Sec 19),44.4,282,4,4,0,False,7.7,False,0,False,False,77.0,28.8,74.2,Partially Digitized,26,1.0,True,2,16,Low,Neutral,2,Delayed,42.3,True,23.9,56.8,70.3,5,Final Declaration (Sec 19),31.6,Medium,25.27651,84.80896,validation,,,,False,True,57.0,True
SNAP-000492-1,SIH26017-PRJ-000492,2016-09-20,Odisha,Kalahandi,National Highway,NHAI,Linear,"National Highways Act, 1956",214.45,10,1327.29,Agricultural,False,2016-04-26,2017-04-19,358,147,2,Social Impact Assessment (SIA),11.1,41,5,2,2,True,0.0,False,0,False,False,58.3,35.4,,Partially Digitized,17,0.0,False,0,18,Low,Neutral,0,Insufficient,8.1,True,,,,2,Social Impact Assessment (SIA),25.5,Low,19.79061,83.02617,train,,,,True,True,81.0,True
SNAP-000493-1,SIH26017-PRJ-000493,2020-05-15,Tamil Nadu,Tiruchirappalli,National Highway,NHAI,Linear,"National Highways Act, 1956",325.37,8,1957.8,Government-Wasteland,False,2018-11-17,2023-01-08,1513,545,5,Final Declaration (Sec 19),44.4,104,5,4,1,True,7.3,False,0,False,False,78.6,18.9,,Partially Digitized,32,1.3,True,2,12,Medium,Neutral,3,Delayed,49.9,False,19.0,63.6,54.5,5,Final Declaration (Sec 19),29.2,Low,10.77911,78.58319,train,False,On-Time,17.0,True,True,82.0,True
SNAP-000493-2,SIH26017-PRJ-000493,2021-09-01,Tamil Nadu,Tiruchirappalli,National Highway,NHAI,Linear,"National Highways Act, 1956",325.37,8,1957.8,Government-Wasteland,False,2018-11-17,2023-01-08,1513,1019,7,Compensation Disbursement,66.7,268,5,5,0,False,51.0,False,1,True,False,79.7,18.1,,Partially Digitized,32,56.4,True,3,12,Medium,Neutral,1,Delayed,73.8,False,43.7,66.7,61.9,7,Compensation Disbursement,42.2,Medium,10.77911,78.58319,train,False,On-Time,17.0,True,True,383.0,True
SNAP-000494-1,SIH26017-PRJ-000494,2024-12-24,Odisha,Kalahandi,National Highway,NHAI,Linear,"National Highways Act, 1956",358.83,12,4287.94,Agricultural,False,2024-01-17,2027-07-13,1273,342,3,Survey & Measurement,22.2,149,5,4,1,True,0.0,False,0,False,False,77.0,22.1,,Not Digitized,30,0.0,True,1,9,Low,Opposing,3,Delayed,19.5,False,84.7,63.2,70.2,3,Survey & Measurement,33.8,Medium,20.02039,83.28796,train,,,,False,False,21.0,True
SNAP-000494-2,SIH26017-PRJ-000494,2025-09-10,Odisha,Kalahandi,National Highway,NHAI,Linear,"National Highways Act, 1956",358.83,12,4287.94,Agricultural,False,2024-01-17,2027-07-13,1273,602,6,Award Declaration (Sec 23),55.6,198,5,5,0,False,6.6,False,0,False,False,74.9,21.0,,Not Digitized,30,1.0,True,2,9,Low,Opposing,5,Delayed,48.4,False,102.2,67.2,65.6,6,Award Declaration (Sec 23),33.7,Medium,20.02039,83.28796,train,,,,False,True,111.0,True
SNAP-000495-1,SIH26017-PRJ-000495,2020-07-28,Assam,Kamrup,State Highway,State PWD,Linear,"RFCTLARR Act, 2013",34.64,9,370.53,Agricultural,False,2015-07-23,2021-12-26,2348,1832,7,Compensation Disbursement,66.7,1072,4,4,0,False,33.1,False,0,False,False,79.2,15.7,,Fully Digitized,2,37.1,True,0,16,Low,Neutral,7,Delayed,50.9,True,,81.8,63.6,7,Compensation Disbursement,21.5,Low,26.17573,92.03321,train,False,On-Time,28.0,True,True,394.0,True
SNAP-000496-1,SIH26017-PRJ-000496,2021-06-23,West Bengal,Purulia,Irrigation Canal/Dam,State Irrigation Dept,Linear,"RFCTLARR Act, 2013",1637.41,53,2102.04,Homestead-Residential,False,2018-09-20,2025-08-31,2537,1007,6,Award Declaration (Sec 23),55.6,400,4,4,0,False,25.6,False,0,False,False,58.0,43.7,,Fully Digitized,793,24.5,True,65,43,Medium,Neutral,2,Delayed,62.3,True,23.6,25.0,75.0,6,Award Declaration (Sec 23),48.6,Medium,23.24398,86.40289,train,,,,True,True,231.0,True
SNAP-000496-2,SIH26017-PRJ-000496,2023-04-05,West Bengal,Purulia,Irrigation Canal/Dam,State Irrigation Dept,Linear,"RFCTLARR Act, 2013",1637.41,53,2102.04,Homestead-Residential,False,2018-09-20,2025-08-31,2537,1658,7,Compensation Disbursement,66.7,631,4,4,0,False,44.5,False,0,False,False,59.5,43.7,,Fully Digitized,793,48.7,True,78,43,Medium,Neutral,6,Delayed,73.2,True,48.5,38.5,76.9,7,Compensation Disbursement,49.3,Medium,23.24398,86.40289,train,,,,True,True,906.0,True
SNAP-000497-1,SIH26017-PRJ-000497,2025-12-19,Chhattisgarh,Bastar,Mining Project,State Mining Corp,Area,"Coal Bearing Areas Acquisition Act, 1957",1143.86,31,7188.52,Mixed,False,2022-08-10,2032-01-07,3437,1227,5,Final Declaration (Sec 19),44.4,421,5,5,0,False,5.8,False,0,False,False,48.4,55.1,,Not Digitized,547,1.0,True,44,24,Medium,Opposing,4,Insufficient,51.5,False,91.0,45.8,83.3,5,Final Declaration (Sec 19),50.8,Medium,18.87868,82.10832,train,,,,False,True,360.0,True
SNAP-000498-1,SIH26017-PRJ-000498,2019-10-30,Uttar Pradesh,Gautam Buddh Nagar,National Highway,NHAI,Linear,"National Highways Act, 1956",142.47,11,5010.43,Agricultural,False,2018-06-24,2022-08-28,1526,493,5,Final Declaration (Sec 19),44.4,120,5,5,0,False,6.2,False,0,False,False,69.0,29.6,,Partially Digitized,16,0.9,True,1,8,Medium,Neutral,2,Delayed,47.9,True,7.0,60.0,60.0,5,Final Declaration (Sec 19),31.7,Medium,28.55678,77.51509,train,False,Minor Delay (<=6mo),38.0,True,True,141.0,True
SNAP-000499-1,SIH26017-PRJ-000499,2019-01-29,West Bengal,Howrah,Power Transmission Line,POWERGRID/State Transco,Linear,"RFCTLARR Act, 2013",53.47,5,841.99,Agricultural,False,2017-10-01,2019-09-18,717,485,6,Award Declaration (Sec 23),55.6,81,5,5,0,False,13.9,False,0,False,False,97.9,0.6,,Partially Digitized,4,7.8,True,0,8,Low,Supportive,1,Delayed,46.0,False,104.0,28.6,85.7,6,Award Declaration (Sec 23),14.5,Low,22.4885,88.20466,train,False,On-Time,-9.0,True,False,-20.0,True
SNAP-000500-1,SIH26017-PRJ-000500,2024-06-23,Chhattisgarh,Raipur,Airport Expansion,Airports Authority of India,Point,"RFCTLARR Act, 2013",1119.77,34,5143.69,Homestead-Residential,True,2023-08-20,2031-08-10,2912,308,3,Survey & Measurement,22.2,86,6,3,3,True,0.0,False,0,False,False,55.9,44.1,,Partially Digitized,593,0.0,True,16,28,Medium,Supportive,3,Delayed,19.8,False,60.5,31.2,87.5,3,Survey & Measurement,43.8,Medium,21.534,81.79491,validation,,,,False,True,134.0,True
SNAP-000500-2,SIH26017-PRJ-000500,2025-07-24,Chhattisgarh,Raipur,Airport Expansion,Airports Authority of India,Point,"RFCTLARR Act, 2013",1119.77,34,5143.69,Homestead-Residential,True,2023-08-20,2031-08-10,2912,704,5,Final Declaration (Sec 19),55.6,279,6,6,0,False,7.6,False,0,False,False,56.6,45.7,,Partially Digitized,593,1.0,True,48,28,Medium,Supportive,3,Insufficient,48.7,False,77.1,27.8,88.9,6,Award Declaration (Sec 23),48.7,Medium,21.534,81.79491,validation,,,,False,,,False
SNAP-000501-1,SIH26017-PRJ-000501,2025-06-26,Bihar,Patna,Renewable Energy Park,State Renewable Energy Agency,Area,"RFCTLARR Act, 2013",924.0,26,859.58,Forest,False,2023-07-31,2026-08-30,1126,696,6,Award Declaration (Sec 23),55.6,268,5,5,0,False,13.4,False,0,False,False,77.0,27.4,53.3,Fully Digitized,68,9.6,True,3,24,Low,Neutral,4,Adequate,56.5,True,23.9,56.8,70.3,6,Award Declaration (Sec 23),33.3,Medium,25.62007,85.06887,train,,,,False,True,37.0,True
SNAP-000502-1,SIH26017-PRJ-000502,2024-06-10,Bihar,Muzaffarpur,Power Transmission Line,POWERGRID/State Transco,Linear,"RFCTLARR Act, 2013",29.71,3,1430.25,Agricultural,False,2023-03-26,2025-04-22,758,442,6,Award Declaration (Sec 23),55.6,-49,4,4,0,False,32.5,False,0,False,False,68.8,29.2,,Not Digitized,1,24.4,True,0,7,Low,Opposing,1,Delayed,67.0,False,25.2,66.7,59.0,6,Award Declaration (Sec 23),14.8,Low,25.92409,85.27663,train,False,On-Time,7.0,True,True,36.0,True
SNAP-000503-1,SIH26017-PRJ-000503,2022-01-18,Karnataka,Belagavi,State Highway,State PWD,Linear,"RFCTLARR Act, 2013",129.03,7,300.34,Agricultural,False,2018-09-12,2022-05-12,1338,1224,8,Possession,77.8,534,4,4,0,False,82.9,False,0,False,False,85.3,7.1,,Fully Digitized,18,61.3,True,1,10,Low,Supportive,0,Adequate,79.2,True,3.5,73.7,52.6,8,Possession,11.2,Low,15.58152,74.52863,validation,False,On-Time,15.0,True,True,97.0,True
SNAP-000504-1,SIH26017-PRJ-000504,2016-08-21,Maharashtra,Nagpur,State Highway,State PWD,Linear,"RFCTLARR Act, 2013",16.68,9,215.14,Agricultural,False,2015-11-30,2018-10-26,1061,265,3,Survey & Measurement,22.2,-3,3,3,0,False,0.0,False,0,False,False,70.0,27.2,,Fully Digitized,2,0.0,True,0,14,Medium,Opposing,0,Delayed,21.2,True,,,,3,Survey & Measurement,14.3,Low,21.07119,79.14013,train,False,On-Time,-4.0,True,True,33.0,True
SNAP-000504-2,SIH26017-PRJ-000504,2017-04-27,Maharashtra,Nagpur,State Highway,State PWD,Linear,"RFCTLARR Act, 2013",16.68,9,215.14,Agricultural,False,2015-11-30,2018-10-26,1061,514,5,Final Declaration (Sec 19),44.4,150,3,3,0,False,0.0,False,0,False,False,70.3,27.6,,Fully Digitized,2,0.0,True,0,14,Medium,Opposing,1,Adequate,34.1,True,,,,5,Final Declaration (Sec 19),25.2,Low,21.07119,79.14013,train,False,On-Time,-4.0,True,True,76.0,True
SNAP-000504-3,SIH26017-PRJ-000504,2017-12-12,Maharashtra,Nagpur,State Highway,State PWD,Linear,"RFCTLARR Act, 2013",16.68,9,215.14,Agricultural,False,2015-11-30,2018-10-26,1061,743,6,Award Declaration (Sec 23),55.6,226,3,3,0,False,26.5,False,1,False,False,70.4,27.8,,Fully Digitized,2,28.1,True,0,14,Medium,Opposing,0,Delayed,51.3,True,,,,6,Award Declaration (Sec 23),41.3,Medium,21.07119,79.14013,train,False,On-Time,-4.0,True,True,60.0,True
SNAP-000505-1,SIH26017-PRJ-000505,2018-08-20,Odisha,Sundargarh,Special Economic Zone,State SEZ Authority,Area,"RFCTLARR Act, 2013",1583.89,44,14327.76,Agricultural,True,2016-02-06,2020-11-30,1759,926,3,Survey & Measurement,22.2,309,4,4,0,False,0.0,False,0,False,False,40.4,60.6,67.6,Fully Digitized,566,0.0,True,25,37,Medium,Neutral,2,Insufficient,26.6,True,,0.0,100.0,3,Survey & Measurement,47.2,Medium,21.88436,83.97299,train,,,,True,True,522.0,True
SNAP-000506-1,SIH26017-PRJ-000506,2021-09-10,Chhattisgarh,Durg,Renewable Energy Park,State Renewable Energy Agency,Area,"RFCTLARR Act, 2013",738.63,25,553.54,Forest,False,2016-06-22,2021-12-05,1992,1906,8,Possession,77.8,1174,5,5,0,False,80.9,False,0,False,False,71.3,38.1,64.1,Fully Digitized,56,61.3,True,7,24,Low,Neutral,10,Insufficient,60.3,True,42.6,45.5,63.6,8,Possession,44.8,Medium,21.08187,81.16291,train,False,Minor Delay (<=6mo),79.0,True,True,62.0,True
SNAP-000507-1,SIH26017-PRJ-000507,2019-02-17,Uttar Pradesh,Agra,Irrigation Canal/Dam,State Irrigation Dept,Linear,"RFCTLARR Act, 2013",455.96,23,3121.6,Mixed,False,2018-05-07,2020-08-03,819,286,4,Draft Declaration,33.3,8,4,3,1,True,0.0,False,0,False,False,77.4,18.8,,Fully Digitized,241,0.0,True,5,23,Medium,Neutral,0,Adequate,27.2,True,0.0,0.0,100.0,4,Draft Declaration,13.6,Low,27.06528,77.81622,train,False,On-Time,30.0,True,False,-3.0,True
SNAP-000507-2,SIH26017-PRJ-000507,2019-11-04,Uttar Pradesh,Agra,Irrigation Canal/Dam,State Irrigation Dept,Linear,"RFCTLARR Act, 2013",455.96,23,3121.6,Mixed,False,2018-05-07,2020-08-03,819,546,7,Compensation Disbursement,66.7,-33,4,4,0,False,41.9,False,2,False,True,77.7,18.7,,Fully Digitized,241,37.2,True,12,23,Medium,Neutral,2,Adequate,59.6,True,7.0,0.0,100.0,7,Compensation Disbursement,34.3,Medium,27.06528,77.81622,train,False,On-Time,30.0,True,False,-48.0,True
SNAP-000508-1,SIH26017-PRJ-000508,2025-03-08,West Bengal,Kolkata,Mining Project,State Mining Corp,Area,"Coal Bearing Areas Acquisition Act, 1957",165.66,8,5056.63,Agricultural,False,2024-03-12,2027-10-15,1312,361,3,Survey & Measurement,33.3,30,5,5,0,False,0.0,False,0,False,False,73.4,32.8,,Fully Digitized,54,0.0,True,1,9,Low,Neutral,1,Delayed,27.8,True,58.8,52.6,78.9,4,Draft Declaration,21.5,Low,22.7427,88.27001,train,,,,False,False,15.0,True
SNAP-000508-2,SIH26017-PRJ-000508,2025-11-17,West Bengal,Kolkata,Mining Project,State Mining Corp,Area,"Coal Bearing Areas Acquisition Act, 1957",165.66,8,5056.63,Agricultural,False,2024-03-12,2027-10-15,1312,615,5,Final Declaration (Sec 19),44.4,45,5,5,0,False,7.0,False,0,False,False,70.2,32.8,,Fully Digitized,54,1.0,True,3,9,Low,Neutral,1,Adequate,54.0,True,56.9,45.8,83.3,5,Final Declaration (Sec 19),12.0,Low,22.7427,88.27001,train,,,,False,True,113.0,True
SNAP-000509-1,SIH26017-PRJ-000509,2020-10-26,Maharashtra,Nashik,Special Economic Zone,State SEZ Authority,Area,"RFCTLARR Act, 2013",831.49,28,7683.54,Forest,False,2020-04-26,2020-12-15,233,183,1,Preliminary Notification (Sec 11),11.1,94,5,3,2,True,0.0,False,0,False,False,57.2,41.9,43.7,Not Digitized,262,0.0,False,1,0,Medium,Neutral,0,Insufficient,5.2,False,21.8,0.0,100.0,2,Social Impact Assessment (SIA),41.1,Medium,20.25742,73.80361,train,,,,True,True,,True
SNAP-000509-2,SIH26017-PRJ-000509,2021-03-02,Maharashtra,Nashik,Special Economic Zone,State SEZ Authority,Area,"RFCTLARR Act, 2013",831.49,28,7683.54,Forest,False,2020-04-26,2020-12-15,233,310,1,Preliminary Notification (Sec 11),11.1,94,5,3,2,True,0.0,False,0,False,False,57.6,40.9,43.7,Not Digitized,262,0.0,False,1,0,Medium,Neutral,1,Insufficient,4.3,False,21.8,0.0,100.0,2,Social Impact Assessment (SIA),38.9,Medium,20.25742,73.80361,train,,,,True,True,,True
SNAP-000510-1,SIH26017-PRJ-000510,2023-10-19,Odisha,Cuttack,Urban Water Supply/Sewerage,State Water/Municipal Board,Point,"RFCTLARR Act, 2013",42.89,4,521.27,Homestead-Residential,False,2022-04-07,2026-08-11,1587,560,4,Draft Declaration,33.3,188,4,4,0,False,0.0,False,0,False,False,68.7,31.5,,Fully Digitized,12,0.0,True,1,14,Low,Opposing,4,Insufficient,33.3,True,90.1,75.0,44.4,4,Draft Declaration,40.6,Medium,20.34617,85.75591,test,,,,False,True,122.0,True
SNAP-000511-1,SIH26017-PRJ-000511,2018-12-16,Chhattisgarh,Durg,State Highway,State PWD,Linear,"RFCTLARR Act, 2013",125.28,4,850.82,Homestead-Residential,False,2018-05-08,2019-05-28,385,222,2,Social Impact Assessment (SIA),11.1,73,4,3,1,True,0.0,False,0,False,False,55.9,43.1,,Partially Digitized,56,0.0,False,1,18,Medium,Neutral,0,Delayed,13.4,False,14.5,100.0,0.0,2,Social Impact Assessment (SIA),27.3,Low,21.16589,81.14204,train,,,,True,True,93.0,True
SNAP-000511-2,SIH26017-PRJ-000511,2019-05-25,Chhattisgarh,Durg,State Highway,State PWD,Linear,"RFCTLARR Act, 2013",125.28,4,850.82,Homestead-Residential,False,2018-05-08,2019-05-28,385,382,2,Social Impact Assessment (SIA),22.2,166,4,4,0,False,0.0,False,0,False,False,57.5,44.1,,Partially Digitized,56,0.0,True,1,18,Medium,Neutral,1,Insufficient,16.5,False,14.5,75.0,50.0,3,Survey & Measurement,38.7,Medium,21.16589,81.14204,train,,,,True,True,,True
SNAP-000512-1,SIH26017-PRJ-000512,2026-02-21,Jharkhand,Paschimi Singhbhum,Airport Expansion,Airports Authority of India,Point,"RFCTLARR Act, 2013",255.78,13,9248.13,Mixed,False,2023-05-13,2031-01-24,2813,1015,5,Final Declaration (Sec 19),44.4,550,5,5,0,False,5.6,False,0,False,False,72.0,26.2,,Partially Digitized,108,0.3,True,9,13,Medium,Neutral,5,Insufficient,39.0,False,100.9,30.0,90.0,5,Final Declaration (Sec 19),39.1,Medium,22.43208,85.28758,validation,,,,False,,,False
SNAP-000513-1,SIH26017-PRJ-000513,2022-02-04,West Bengal,Purulia,Mining Project,State Mining Corp,Area,"Coal Bearing Areas Acquisition Act, 1957",869.05,24,2013.1,Government-Wasteland,False,2019-11-05,2023-12-04,1490,822,6,Award Declaration (Sec 23),55.6,243,5,5,0,False,24.8,False,1,False,True,61.1,43.7,,Partially Digitized,313,11.1,True,28,23,Medium,Opposing,4,Insufficient,51.9,True,49.7,37.5,75.0,6,Award Declaration (Sec 23),51.1,Medium,23.26933,86.61752,train,False,Minor Delay (<=6mo),52.0,True,False,22.0,True
SNAP-000514-1,SIH26017-PRJ-000514,2021-06-08,Madhya Pradesh,Bhopal,Renewable Energy Park,State Renewable Energy Agency,Area,"RFCTLARR Act, 2013",927.76,25,3185.67,Homestead-Residential,False,2020-09-05,2023-02-23,901,276,3,Survey & Measurement,22.2,80,4,3,1,True,0.0,False,0,False,False,87.9,9.2,68.9,Not Digitized,480,0.0,True,6,29,Medium,Supportive,0,Delayed,23.4,False,-7.8,44.4,66.7,3,Survey & Measurement,26.0,Low,23.29862,77.4999,train,False,On-Time,16.0,True,False,-3.0,True
SNAP-000514-2,SIH26017-PRJ-000514,2021-12-04,Madhya Pradesh,Bhopal,Renewable Energy Park,State Renewable Energy Agency,Area,"RFCTLARR Act, 2013",927.76,25,3185.67,Homestead-Residential,False,2020-09-05,2023-02-23,901,455,6,Award Declaration (Sec 23),55.6,65,4,4,0,False,7.8,False,0,False,False,89.6,8.3,68.9,Not Digitized,480,1.6,True,18,29,Medium,Supportive,1,Adequate,57.1,False,-4.5,46.2,69.2,6,Award Declaration (Sec 23),22.3,Low,23.29862,77.4999,train,False,On-Time,16.0,True,False,-25.0,True
SNAP-000514-3,SIH26017-PRJ-000514,2022-08-11,Madhya Pradesh,Bhopal,Renewable Energy Park,State Renewable Energy Agency,Area,"RFCTLARR Act, 2013",927.76,25,3185.67,Homestead-Residential,False,2020-09-05,2023-02-23,901,705,7,Compensation Disbursement,66.7,40,4,4,0,False,54.5,False,0,False,False,91.9,7.9,68.9,Not Digitized,480,42.7,True,27,29,Medium,Supportive,0,Delayed,85.5,False,-2.6,53.3,73.3,7,Compensation Disbursement,22.9,Low,23.29862,77.4999,train,False,On-Time,16.0,True,True,109.0,True
SNAP-000515-1,SIH26017-PRJ-000515,2025-10-23,Jharkhand,Dhanbad,Industrial Corridor,State Industrial Dev. Corp,Area,"RFCTLARR Act, 2013",1296.19,32,18897.15,Mixed,False,2021-11-28,2028-03-01,2285,1425,5,Final Declaration (Sec 19),44.4,738,4,4,0,False,4.8,False,1,True,True,74.6,32.5,51.6,Not Digitized,675,1.1,True,54,24,Low,Opposing,4,Insufficient,50.9,False,100.9,50.0,95.0,5,Final Declaration (Sec 19),61.6,High,23.88082,86.54327,train,,,,False,True,286.0,True
SNAP-000516-1,SIH26017-PRJ-000516,2022-04-14,Jharkhand,Dhanbad,Special Economic Zone,State SEZ Authority,Area,"RFCTLARR Act, 2013",2625.36,60,14215.32,Mixed,False,2020-10-30,2029-09-10,3237,531,3,Survey & Measurement,22.2,296,4,4,0,False,0.0,False,0,False,False,56.9,44.6,47.5,Not Digitized,1230,0.0,True,34,44,Medium,Opposing,3,Insufficient,17.3,False,69.5,0.0,100.0,3,Survey & Measurement,55.8,High,23.91514,86.29115,train,,,,False,True,72.0,True
SNAP-000517-1,SIH26017-PRJ-000517,2022-04-07,Madhya Pradesh,Jabalpur,State Highway,State PWD,Linear,"RFCTLARR Act, 2013",145.61,4,1908.79,Agricultural,False,2021-05-02,2022-12-24,601,340,6,Award Declaration (Sec 23),55.6,-83,4,3,1,True,30.6,False,1,True,False,81.4,15.7,,Fully Digitized,10,9.5,True,0,9,Low,Supportive,1,Adequate,56.9,True,-3.3,77.3,50.0,6,Award Declaration (Sec 23),23.7,Low,22.95865,80.01043,train,False,On-Time,-6.0,True,False,12.0,True
SNAP-000518-1,SIH26017-PRJ-000518,2025-03-20,Maharashtra,Chhatrapati Sambhajinagar,Mining Project,State Mining Corp,Area,"Coal Bearing Areas Acquisition Act, 1957",868.53,22,5916.87,Agricultural,False,2024-03-03,2032-02-07,2897,382,3,Survey & Measurement,22.2,125,5,4,1,True,0.0,False,0,False,False,58.1,36.2,,Partially Digitized,288,0.0,True,10,23,Medium,Neutral,1,Insufficient,21.2,True,38.9,50.0,80.0,3,Survey & Measurement,36.5,Medium,19.84323,75.4078,train,,,,False,True,152.0,True
SNAP-000518-2,SIH26017-PRJ-000518,2025-09-30,Maharashtra,Chhatrapati Sambhajinagar,Mining Project,State Mining Corp,Area,"Coal Bearing Areas Acquisition Act, 1957",868.53,22,5916.87,Agricultural,False,2024-03-03,2032-02-07,2897,576,3,Survey & Measurement,33.3,277,5,5,0,False,0.0,False,0,False,False,57.1,35.0,,Partially Digitized,288,0.0,True,12,23,Medium,Neutral,2,Insufficient,22.2,True,42.8,43.5,82.6,4,Draft Declaration,57.2,High,19.84323,75.4078,train,,,,False,True,225.0,True
SNAP-000519-1,SIH26017-PRJ-000519,2019-10-14,Chhattisgarh,Raipur,National Highway,NHAI,Linear,"National Highways Act, 1956",294.79,10,1827.35,Forest,False,2018-12-22,2021-05-03,863,296,3,Survey & Measurement,22.2,67,6,3,3,True,0.0,False,0,False,False,70.4,28.5,,Partially Digitized,23,0.0,True,0,12,Low,Opposing,1,Adequate,19.3,True,14.5,60.0,60.0,3,Survey & Measurement,27.5,Low,21.10906,81.73559,train,,,,True,True,109.0,True
SNAP-000519-2,SIH26017-PRJ-000519,2020-06-24,Chhattisgarh,Raipur,National Highway,NHAI,Linear,"National Highways Act, 1956",294.79,10,1827.35,Forest,False,2018-12-22,2021-05-03,863,550,4,Draft Declaration,33.3,176,6,6,0,False,0.0,False,0,False,False,67.7,28.0,,Partially Digitized,23,0.0,True,1,12,Low,Opposing,5,Delayed,34.4,True,33.3,66.7,58.3,4,Draft Declaration,29.3,Low,21.10906,81.73559,train,,,,True,True,76.0,True
SNAP-000519-3,SIH26017-PRJ-000519,2021-04-16,Chhattisgarh,Raipur,National Highway,NHAI,Linear,"National Highways Act, 1956",294.79,10,1827.35,Forest,False,2018-12-22,2021-05-03,863,846,5,Final Declaration (Sec 19),55.6,404,6,6,0,False,8.0,False,0,False,False,70.1,27.2,,Partially Digitized,23,1.0,True,1,12,Low,Opposing,1,Delayed,46.9,True,42.6,65.0,60.0,6,Award Declaration (Sec 23),26.4,Low,21.10906,81.73559,train,,,,True,True,,True
SNAP-000520-1,SIH26017-PRJ-000520,2018-01-25,Jharkhand,Paschimi Singhbhum,Power Transmission Line,POWERGRID/State Transco,Linear,"RFCTLARR Act, 2013",127.54,7,57.24,Homestead-Residential,False,2015-01-01,2017-07-15,926,1120,6,Award Declaration (Sec 23),66.7,435,3,3,0,False,30.4,False,0,False,False,64.7,38.0,,Fully Digitized,72,21.8,True,6,20,Low,Opposing,6,Insufficient,62.9,True,,33.3,100.0,7,Compensation Disbursement,43.1,Medium,22.4201,85.34917,train,,,,True,True,,True
SNAP-000521-1,SIH26017-PRJ-000521,2024-05-20,Uttar Pradesh,Lucknow,Power Transmission Line,POWERGRID/State Transco,Linear,"RFCTLARR Act, 2013",103.88,9,985.95,Agricultural,True,2024-01-14,2024-04-16,93,127,1,Preliminary Notification (Sec 11),11.1,-11,4,3,1,True,0.0,False,0,False,False,73.3,20.5,,Not Digitized,15,0.0,False,0,0,Low,Neutral,1,Delayed,5.6,False,38.6,68.4,57.9,2,Social Impact Assessment (SIA),14.2,Low,27.00568,80.89559,train,,,,True,True,,True
SNAP-000522-1,SIH26017-PRJ-000522,2021-03-16,Telangana,Karimnagar,National Highway,NHAI,Linear,"National Highways Act, 1956",133.03,6,5395.17,Agricultural,False,2017-07-16,2021-06-30,1445,1339,8,Possession,77.8,482,5,5,0,False,80.1,False,0,False,False,93.1,12.8,,Fully Digitized,9,73.2,True,1,10,Low,Supportive,2,Delayed,89.4,True,18.6,61.1,61.1,8,Possession,32.0,Medium,18.20738,79.31389,train,True,Major Delay (6-18mo),186.0,True,True,212.0,True
SNAP-000523-1,SIH26017-PRJ-000523,2023-10-28,Chhattisgarh,Durg,State Highway,State PWD,Linear,"RFCTLARR Act, 2013",158.66,7,122.47,Government-Wasteland,True,2022-09-19,2025-08-31,1077,404,4,Draft Declaration,33.3,164,4,4,0,False,0.0,False,1,False,False,70.6,34.5,,Fully Digitized,10,0.0,True,1,17,Medium,Neutral,0,Insufficient,22.7,True,57.5,78.1,56.2,4,Draft Declaration,41.2,Medium,21.19424,80.99126,train,False,Minor Delay (<=6mo),144.0,True,False,9.0,True
SNAP-000523-2,SIH26017-PRJ-000523,2024-11-27,Chhattisgarh,Durg,State Highway,State PWD,Linear,"RFCTLARR Act, 2013",158.66,7,122.47,Government-Wasteland,True,2022-09-19,2025-08-31,1077,800,7,Compensation Disbursement,66.7,207,4,4,0,False,45.5,False,1,False,False,71.6,33.0,,Fully Digitized,10,32.7,True,1,17,Medium,Neutral,8,Delayed,56.7,True,60.5,82.1,56.4,7,Compensation Disbursement,37.3,Medium,21.19424,80.99126,train,False,Minor Delay (<=6mo),144.0,True,False,25.0,True
SNAP-000524-1,SIH26017-PRJ-000524,2024-08-08,Tamil Nadu,Chennai,Airport Expansion,Airports Authority of India,Point,"RFCTLARR Act, 2013",1152.07,35,15829.94,Agricultural,False,2023-09-23,2030-01-12,2303,320,2,Social Impact Assessment (SIA),11.1,16,5,5,0,False,0.0,False,0,False,False,56.5,51.4,,Not Digitized,101,0.0,False,2,22,Low,Opposing,3,Delayed,13.9,False,36.3,31.2,87.5,2,Social Impact Assessment (SIA),22.4,Low,13.25372,80.38253,train,,,,False,True,243.0,True
SNAP-000524-2,SIH26017-PRJ-000524,2025-08-26,Tamil Nadu,Chennai,Airport Expansion,Airports Authority of India,Point,"RFCTLARR Act, 2013",1152.07,35,15829.94,Agricultural,False,2023-09-23,2030-01-12,2303,703,3,Survey & Measurement,22.2,259,5,5,0,False,0.0,False,0,False,False,55.4,46.9,,Not Digitized,101,0.0,True,3,22,Low,Opposing,2,Delayed,24.7,False,50.1,27.8,88.9,3,Survey & Measurement,36.9,Medium,13.25372,80.38253,train,,,,False,True,413.0,True
SNAP-000525-1,SIH26017-PRJ-000525,2023-09-01,Tamil Nadu,Tiruchirappalli,Urban Metro Rail,State Metro Rail Corp,Linear,"RFCTLARR Act, 2013",22.64,4,12521.52,Mixed,False,2021-08-29,2026-07-29,1795,733,6,Award Declaration (Sec 23),55.6,197,4,4,0,False,23.7,False,0,False,False,72.6,30.2,,Partially Digitized,10,20.4,True,1,14,Low,Neutral,3,Delayed,59.8,False,41.4,66.7,77.8,6,Award Declaration (Sec 23),30.7,Medium,10.9087,78.87744,train,False,On-Time,3.0,True,True,308.0,True
SNAP-000526-1,SIH26017-PRJ-000526,2017-11-16,Kerala,Thiruvananthapuram,Urban Water Supply/Sewerage,State Water/Municipal Board,Point,"RFCTLARR Act, 2013",48.38,3,1227.28,Homestead-Residential,False,2017-01-01,2017-10-15,287,319,2,Social Impact Assessment (SIA),22.2,51,4,3,1,True,0.0,False,0,False,False,81.0,17.8,,Fully Digitized,23,0.0,True,0,13,Low,Supportive,2,Delayed,11.9,True,,100.0,0.0,3,Survey & Measurement,14.2,Low,8.35099,76.75672,train,,,,True,True,,True
SNAP-000527-1,SIH26017-PRJ-000527,2021-09-17,West Bengal,Howrah,National Highway,NHAI,Linear,"National Highways Act, 1956",398.25,20,1435.49,Government-Wasteland,False,2019-03-29,2024-05-25,1884,903,6,Award Declaration (Sec 23),55.6,463,5,4,0,False,22.4,False,0,False,False,48.7,48.5,,Partially Digitized,41,11.9,True,3,18,Low,Opposing,5,Delayed,62.7,False,45.8,66.7,61.9,6,Award Declaration (Sec 23),36.3,Medium,22.51562,88.38503,validation,False,Minor Delay (<=6mo),128.0,True,True,196.0,True
SNAP-000528-1,SIH26017-PRJ-000528,2016-05-13,Gujarat,Vadodara,Industrial Corridor,State Industrial Dev. Corp,Area,"RFCTLARR Act, 2013",4898.23,126,10572.75,Agricultural,False,2015-12-29,2022-10-01,2468,136,2,Social Impact Assessment (SIA),11.1,5,4,2,1,True,0.0,False,0,False,False,65.6,45.6,62.3,Fully Digitized,402,0.0,False,5,73,Medium,Opposing,1,Insufficient,8.5,True,,,,2,Social Impact Assessment (SIA),33.8,Medium,22.37492,73.42951,test,True,Major Delay (6-18mo),234.0,True,True,190.0,True
SNAP-000529-1,SIH26017-PRJ-000529,2026-02-11,Chhattisgarh,Durg,State Highway,State PWD,Linear,"RFCTLARR Act, 2013",76.03,6,703.02,Government-Wasteland,False,2024-06-20,2028-12-16,1640,601,5,Final Declaration (Sec 19),44.4,254,4,4,0,False,0.0,False,0,False,False,66.7,25.8,,Partially Digitized,5,0.0,True,1,12,Low,Opposing,5,Delayed,24.0,True,93.5,80.4,58.7,5,Final Declaration (Sec 19),36.6,Medium,21.09784,81.28907,train,,,,False,True,103.0,True
SNAP-000530-1,SIH26017-PRJ-000530,2019-07-19,Gujarat,Surat,Railway Line/Doubling,Indian Railways,Linear,"Railways Act, 1989",100.48,3,1506.34,Government-Wasteland,False,2018-03-27,2021-11-12,1326,479,4,Draft Declaration,44.4,159,5,3,1,True,0.0,False,0,False,False,60.1,30.3,,Partially Digitized,7,0.0,True,1,18,Low,Neutral,3,Insufficient,30.3,False,,50.0,50.0,5,Final Declaration (Sec 19),34.9,Medium,21.19003,72.8556,test,False,Minor Delay (<=6mo),72.0,True,True,64.0,True
SNAP-000530-2,SIH26017-PRJ-000530,2020-09-25,Gujarat,Surat,Railway Line/Doubling,Indian Railways,Linear,"Railways Act, 1989",100.48,3,1506.34,Government-Wasteland,False,2018-03-27,2021-11-12,1326,913,6,Award Declaration (Sec 23),55.6,223,5,4,0,False,24.7,False,2,True,False,60.6,30.3,,Partially Digitized,7,19.7,True,1,18,Low,Neutral,5,Insufficient,50.6,False,68.0,60.0,40.0,6,Award Declaration (Sec 23),67.0,High,21.19003,72.8556,test,False,Minor Delay (<=6mo),72.0,True,True,168.0,True
SNAP-000531-1,SIH26017-PRJ-000531,2021-02-15,Chhattisgarh,Durg,Industrial Corridor,State Industrial Dev. Corp,Area,"RFCTLARR Act, 2013",1477.31,39,3231.71,Homestead-Residential,False,2020-08-03,2025-08-17,1840,196,2,Social Impact Assessment (SIA),11.1,29,4,3,1,True,0.0,False,0,False,False,61.7,37.0,70.2,Fully Digitized,754,0.0,False,14,29,Medium,Neutral,3,Insufficient,12.3,True,42.6,25.0,100.0,2,Social Impact Assessment (SIA),33.0,Medium,21.19151,81.23343,test,True,Major Delay (6-18mo),222.0,True,True,57.0,True
SNAP-000532-1,SIH26017-PRJ-000532,2019-04-03,Chhattisgarh,Durg,Renewable Energy Park,State Renewable Energy Agency,Area,"RFCTLARR Act, 2013",1157.71,41,4899.98,Agricultural,False,2015-10-25,2022-03-24,2342,1256,6,Award Declaration (Sec 23),55.6,794,4,4,0,False,25.9,False,0,False,False,66.5,30.2,59.3,Fully Digitized,97,18.9,True,7,25,Medium,Neutral,5,Delayed,63.5,True,14.5,25.0,75.0,6,Award Declaration (Sec 23),47.0,Medium,21.2864,81.1891,train,False,Minor Delay (<=6mo),133.0,True,True,202.0,True
SNAP-000533-1,SIH26017-PRJ-000533,2023-10-03,Chhattisgarh,Bastar,Industrial Corridor,State Industrial Dev. Corp,Area,"RFCTLARR Act, 2013",435.96,15,9909.97,Mixed,False,2019-03-22,2024-09-24,2013,1656,7,Compensation Disbursement,66.7,256,4,4,0,False,39.4,False,0,False,False,61.1,36.9,64.6,Fully Digitized,237,44.3,True,20,11,Low,Neutral,5,Delayed,79.5,True,57.5,41.7,91.7,7,Compensation Disbursement,40.7,Medium,19.31972,81.94932,train,False,Minor Delay (<=6mo),175.0,True,True,749.0,True
SNAP-000534-1,SIH26017-PRJ-000534,2025-05-12,Rajasthan,Jodhpur,Urban Metro Rail,State Metro Rail Corp,Linear,"RFCTLARR Act, 2013",46.57,6,5152.68,Homestead-Residential,False,2024-07-14,2029-01-31,1662,302,2,Social Impact Assessment (SIA),11.1,88,4,4,0,False,0.0,False,0,False,False,67.2,34.9,,Partially Digitized,21,0.0,False,1,8,Low,Neutral,4,Insufficient,19.4,True,105.9,58.3,83.3,2,Social Impact Assessment (SIA),28.9,Low,26.18775,72.95614,train,,,,False,True,123.0,True
SNAP-000534-2,SIH26017-PRJ-000534,2025-12-02,Rajasthan,Jodhpur,Urban Metro Rail,State Metro Rail Corp,Linear,"RFCTLARR Act, 2013",46.57,6,5152.68,Homestead-Residential,False,2024-07-14,2029-01-31,1662,506,3,Survey & Measurement,22.2,211,4,4,0,False,0.0,False,0,False,False,61.9,34.3,,Partially Digitized,21,0.0,True,1,8,Low,Neutral,2,Delayed,30.2,True,122.9,50.0,85.7,3,Survey & Measurement,38.5,Medium,26.18775,72.95614,train,,,,False,True,73.0,True
SNAP-000535-1,SIH26017-PRJ-000535,2023-11-17,Tamil Nadu,Chennai,Urban Water Supply/Sewerage,State Water/Municipal Board,Point,"RFCTLARR Act, 2013",22.96,4,141.21,Government-Wasteland,False,2023-09-09,2024-11-12,430,69,2,Social Impact Assessment (SIA),11.1,2,3,1,1,True,0.0,False,0,False,False,48.9,42.8,,Partially Digitized,2,0.0,False,0,0,Medium,Opposing,0,Insufficient,5.0,True,41.4,73.7,47.4,2,Social Impact Assessment (SIA),26.8,Low,12.99539,80.25432,train,,,,True,True,61.0,True
SNAP-000536-1,SIH26017-PRJ-000536,2023-06-11,West Bengal,Purba Bardhaman,Irrigation Canal/Dam,State Irrigation Dept,Linear,"RFCTLARR Act, 2013",1304.73,27,2722.68,Forest,False,2021-08-16,2026-09-13,1854,664,4,Draft Declaration,33.3,356,5,5,0,False,0.0,False,0,False,False,58.4,47.3,,Partially Digitized,99,0.0,True,4,15,Medium,Opposing,4,Delayed,26.8,False,45.9,42.9,71.4,4,Draft Declaration,44.1,Medium,23.11426,87.83776,train,,,,False,True,117.0,True
SNAP-000536-2,SIH26017-PRJ-000536,2024-12-08,West Bengal,Purba Bardhaman,Irrigation Canal/Dam,State Irrigation Dept,Linear,"RFCTLARR Act, 2013",1304.73,27,2722.68,Forest,False,2021-08-16,2026-09-13,1854,1210,6,Award Declaration (Sec 23),55.6,554,5,5,0,False,27.5,False,1,False,True,56.0,46.9,,Partially Digitized,99,18.1,True,8,15,Medium,Opposing,3,Delayed,50.8,False,58.8,50.0,72.2,6,Award Declaration (Sec 23),47.9,Medium,23.11426,87.83776,train,,,,False,True,169.0,True
SNAP-000537-1,SIH26017-PRJ-000537,2022-04-09,Chhattisgarh,Durg,Irrigation Canal/Dam,State Irrigation Dept,Linear,"RFCTLARR Act, 2013",516.31,10,1812.09,Forest,False,2020-03-17,2023-11-18,1341,753,6,Award Declaration (Sec 23),55.6,282,5,4,0,False,16.8,False,0,False,False,75.6,24.4,,Partially Digitized,39,11.6,True,3,10,Low,Neutral,3,Adequate,42.6,False,55.3,33.3,88.9,6,Award Declaration (Sec 23),23.0,Low,21.20486,81.0623,train,False,Minor Delay (<=6mo),100.0,True,True,56.0,True
SNAP-000538-1,SIH26017-PRJ-000538,2026-07-05,Rajasthan,Jaipur,Special Economic Zone,State SEZ Authority,Area,"RFCTLARR Act, 2013",2538.62,73,5132.11,Forest,False,2022-12-23,2034-05-06,4152,1290,5,Final Declaration (Sec 19),44.4,686,5,5,0,False,4.9,False,0,False,False,65.8,36.8,76.8,Fully Digitized,874,0.6,True,76,55,Low,Opposing,0,Insufficient,47.0,True,122.9,38.1,85.7,5,Final Declaration (Sec 19),38.3,Medium,27.01119,75.92448,train,,,,False,,,False
SNAP-000539-1,SIH26017-PRJ-000539,2023-12-17,Maharashtra,Pune,Railway Line/Doubling,Indian Railways,Linear,"Railways Act, 1989",567.35,14,5239.38,Forest,False,2017-12-06,2025-06-06,2739,2202,7,Compensation Disbursement,66.7,1341,6,6,0,False,49.4,False,1,False,False,60.0,37.1,,Not Digitized,57,48.9,True,7,16,Medium,Opposing,10,Delayed,67.9,False,38.0,46.2,76.9,7,Compensation Disbursement,49.7,Medium,18.65661,73.83008,test,False,Minor Delay (<=6mo),74.0,True,True,488.0,True
SNAP-000540-1,SIH26017-PRJ-000540,2018-05-28,Bihar,Patna,Urban Water Supply/Sewerage,State Water/Municipal Board,Point,"RFCTLARR Act, 2013",15.15,4,183.06,Homestead-Residential,True,2017-04-27,2020-04-07,1076,396,3,Survey & Measurement,22.2,169,3,3,0,False,0.0,False,0,False,False,74.9,11.1,,Partially Digitized,12,0.0,True,0,6,Medium,Neutral,1,Delayed,23.6,False,23.3,60.0,40.0,3,Survey & Measurement,25.5,Low,25.61712,85.11553,train,False,On-Time,-5.0,True,True,56.0,True
SNAP-000540-2,SIH26017-PRJ-000540,2019-05-25,Bihar,Patna,Urban Water Supply/Sewerage,State Water/Municipal Board,Point,"RFCTLARR Act, 2013",15.15,4,183.06,Homestead-Residential,True,2017-04-27,2020-04-07,1076,758,6,Award Declaration (Sec 23),55.6,322,3,3,0,False,23.7,False,0,False,False,77.8,13.0,,Partially Digitized,12,13.3,True,0,6,Medium,Neutral,3,Delayed,59.3,False,21.5,58.3,41.7,6,Award Declaration (Sec 23),27.2,Low,25.61712,85.11553,train,False,On-Time,-5.0,True,False,-29.0,True
SNAP-000541-1,SIH26017-PRJ-000541,2020-03-11,Bihar,Gaya,National Highway,NHAI,Linear,"National Highways Act, 1956",158.03,3,5452.61,Forest,False,2018-07-18,2024-04-28,2111,602,4,Draft Declaration,44.4,306,7,7,0,False,0.0,False,0,False,False,56.1,43.3,,Partially Digitized,16,0.0,True,1,10,Low,Neutral,0,Insufficient,42.5,False,30.2,63.6,54.5,5,Final Declaration (Sec 19),40.9,Medium,24.64986,85.14746,test,False,Minor Delay (<=6mo),67.0,True,True,206.0,True
SNAP-000541-2,SIH26017-PRJ-000541,2022-04-12,Bihar,Gaya,National Highway,NHAI,Linear,"National Highways Act, 1956",158.03,3,5452.61,Forest,False,2018-07-18,2024-04-28,2111,1364,7,Compensation Disbursement,66.7,771,7,7,0,False,30.6,False,0,False,False,57.0,45.5,,Partially Digitized,16,41.8,True,2,10,Low,Neutral,6,Delayed,74.9,False,44.8,60.7,60.7,7,Compensation Disbursement,38.9,Medium,24.64986,85.14746,test,False,Minor Delay (<=6mo),67.0,True,True,420.0,True
SNAP-000542-1,SIH26017-PRJ-000542,2019-04-06,Assam,Kamrup,Airport Expansion,Airports Authority of India,Point,"RFCTLARR Act, 2013",1187.99,32,19566.66,Government-Wasteland,False,2017-12-22,2020-11-14,1058,470,3,Survey & Measurement,22.2,194,5,5,0,False,0.0,False,0,False,False,56.4,36.4,,Fully Digitized,105,0.0,True,4,29,Medium,Opposing,3,Insufficient,22.7,True,,0.0,100.0,3,Survey & Measurement,40.3,Medium,26.13935,91.55453,train,,,,True,True,174.0,True
SNAP-000543-1,SIH26017-PRJ-000543,2022-08-14,Maharashtra,Chhatrapati Sambhajinagar,Urban Metro Rail,State Metro Rail Corp,Linear,"RFCTLARR Act, 2013",85.94,6,9448.5,Homestead-Residential,False,2020-11-07,2029-11-11,3291,645,4,Draft Declaration,33.3,310,4,4,0,False,0.0,False,0,False,False,77.5,22.6,,Fully Digitized,35,0.0,True,2,15,Medium,Opposing,3,Insufficient,27.0,True,21.8,71.4,71.4,4,Draft Declaration,40.8,Medium,20.04986,75.4643,train,,,,False,True,136.0,True
SNAP-000543-2,SIH26017-PRJ-000543,2024-11-11,Maharashtra,Chhatrapati Sambhajinagar,Urban Metro Rail,State Metro Rail Corp,Linear,"RFCTLARR Act, 2013",85.94,6,9448.5,Homestead-Residential,False,2020-11-07,2029-11-11,3291,1465,6,Award Declaration (Sec 23),55.6,702,4,4,0,False,27.8,False,1,True,True,78.6,23.3,,Fully Digitized,35,18.6,True,3,15,Medium,Opposing,8,Delayed,45.7,True,38.9,58.3,83.3,6,Award Declaration (Sec 23),61.1,High,20.04986,75.4643,train,,,,False,True,445.0,True
SNAP-000544-1,SIH26017-PRJ-000544,2022-04-29,Chhattisgarh,Durg,National Highway,NHAI,Linear,"National Highways Act, 1956",261.98,9,5059.86,Homestead-Residential,False,2021-05-29,2025-01-08,1320,335,5,Final Declaration (Sec 19),44.4,17,5,5,0,False,0.0,False,0,False,False,76.2,26.9,,Partially Digitized,142,0.0,True,5,16,Low,Neutral,1,Adequate,39.4,False,55.3,60.7,60.7,5,Final Declaration (Sec 19),13.0,Low,21.22739,81.24527,train,False,On-Time,27.0,True,True,215.0,True
SNAP-000544-2,SIH26017-PRJ-000544,2023-03-25,Chhattisgarh,Durg,National Highway,NHAI,Linear,"National Highways Act, 1956",261.98,9,5059.86,Homestead-Residential,False,2021-05-29,2025-01-08,1320,665,6,Award Declaration (Sec 23),55.6,232,5,5,0,False,23.2,False,1,False,True,74.8,27.7,,Partially Digitized,142,14.9,True,7,16,Low,Neutral,2,Delayed,58.5,False,60.2,69.4,61.1,6,Award Declaration (Sec 23),40.0,Medium,21.22739,81.24527,train,False,On-Time,27.0,True,True,167.0,True
SNAP-000544-3,SIH26017-PRJ-000544,2024-05-02,Chhattisgarh,Durg,National Highway,NHAI,Linear,"National Highways Act, 1956",261.98,9,5059.86,Homestead-Residential,False,2021-05-29,2025-01-08,1320,1069,7,Compensation Disbursement,66.7,399,5,5,0,False,67.3,False,1,False,True,76.0,26.5,,Partially Digitized,142,42.5,True,9,16,Low,Neutral,6,Delayed,73.7,False,60.5,64.6,66.7,7,Compensation Disbursement,47.4,Medium,21.22739,81.24527,train,False,On-Time,27.0,True,True,114.0,True
SNAP-000545-1,SIH26017-PRJ-000545,2017-03-23,Gujarat,Rajkot,Industrial Corridor,State Industrial Dev. Corp,Area,"RFCTLARR Act, 2013",2218.93,57,12155.82,Forest,False,2015-06-30,2020-07-01,1828,632,4,Draft Declaration,33.3,338,5,5,0,False,0.0,False,0,False,False,71.6,33.0,66.5,Partially Digitized,169,0.0,True,7,42,Medium,Opposing,1,Insufficient,25.9,True,,,,4,Draft Declaration,41.5,Medium,22.20765,70.87442,validation,,,,True,True,76.0,True
SNAP-000545-2,SIH26017-PRJ-000545,2019-01-01,Gujarat,Rajkot,Industrial Corridor,State Industrial Dev. Corp,Area,"RFCTLARR Act, 2013",2218.93,57,12155.82,Forest,False,2015-06-30,2020-07-01,1828,1281,6,Award Declaration (Sec 23),55.6,551,5,5,0,False,20.4,False,0,False,False,68.0,34.3,66.5,Partially Digitized,169,19.1,True,17,42,Medium,Opposing,5,Insufficient,54.3,True,,,,6,Award Declaration (Sec 23),61.4,High,22.20765,70.87442,validation,,,,True,True,163.0,True
SNAP-000546-1,SIH26017-PRJ-000546,2022-07-10,Bihar,Gaya,Urban Water Supply/Sewerage,State Water/Municipal Board,Point,"RFCTLARR Act, 2013",8.65,2,537.62,Homestead-Residential,False,2022-04-02,2026-12-19,1722,99,2,Social Impact Assessment (SIA),11.1,-5,4,2,2,True,0.0,False,0,False,False,72.0,33.0,,Fully Digitized,4,0.0,False,0,6,Medium,Supportive,0,Delayed,10.6,True,44.8,72.4,41.4,2,Social Impact Assessment (SIA),20.3,Low,24.86517,84.96779,validation,,,,False,False,-32.0,True
SNAP-000547-1,SIH26017-PRJ-000547,2016-10-15,Gujarat,Surat,Railway Line/Doubling,Indian Railways,Linear,"Railways Act, 1989",116.88,7,4000.04,Agricultural,False,2016-03-16,2017-01-30,320,213,2,Social Impact Assessment (SIA),11.1,62,5,3,2,True,0.0,False,0,False,False,66.7,31.3,,Fully Digitized,9,0.0,False,0,11,Low,Neutral,2,Insufficient,13.5,True,,,,2,Social Impact Assessment (SIA),31.2,Medium,21.04852,72.71148,train,,,,True,False,27.0,True
SNAP-000547-2,SIH26017-PRJ-000547,2017-03-19,Gujarat,Surat,Railway Line/Doubling,Indian Railways,Linear,"Railways Act, 1989",116.88,7,4000.04,Agricultural,False,2016-03-16,2017-01-30,320,368,2,Social Impact Assessment (SIA),22.2,89,5,4,1,True,0.0,False,0,False,False,70.4,32.8,,Fully Digitized,9,0.0,True,0,11,Low,Neutral,0,Delayed,14.4,True,,,,3,Survey & Measurement,20.0,Low,21.04852,72.71148,train,,,,True,True,,True
SNAP-000548-1,SIH26017-PRJ-000548,2018-07-07,Telangana,Warangal,Urban Water Supply/Sewerage,State Water/Municipal Board,Point,"RFCTLARR Act, 2013",6.43,3,1242.78,Homestead-Residential,False,2017-10-20,2019-10-18,728,260,5,Final Declaration (Sec 19),44.4,-57,4,3,0,False,0.0,False,0,False,False,76.9,23.3,,Partially Digitized,4,0.0,True,0,5,Low,Neutral,1,Adequate,43.5,True,,71.4,28.6,5,Final Declaration (Sec 19),5.1,Low,17.98624,79.45642,train,False,On-Time,-20.0,True,False,-12.0,True
SNAP-000548-2,SIH26017-PRJ-000548,2019-02-20,Telangana,Warangal,Urban Water Supply/Sewerage,State Water/Municipal Board,Point,"RFCTLARR Act, 2013",6.43,3,1242.78,Homestead-Residential,False,2017-10-20,2019-10-18,728,488,7,Compensation Disbursement,66.7,-45,4,3,0,False,43.2,False,1,False,True,76.9,24.5,,Partially Digitized,4,32.9,True,0,5,Low,Neutral,0,Delayed,77.2,True,-28.0,63.6,36.4,7,Compensation Disbursement,25.5,Low,17.98624,79.45642,train,False,On-Time,-20.0,True,False,-43.0,True
SNAP-000549-1,SIH26017-PRJ-000549,2021-07-01,Uttar Pradesh,Varanasi,Industrial Corridor,State Industrial Dev. Corp,Area,"RFCTLARR Act, 2013",2697.21,61,15491.35,Homestead-Residential,False,2019-06-21,2028-09-14,3373,741,4,Draft Declaration,33.3,337,4,4,0,False,0.0,False,0,False,False,54.0,50.8,49.0,Partially Digitized,1346,0.0,True,79,45,Medium,Opposing,2,Delayed,30.9,True,33.2,25.0,100.0,4,Draft Declaration,53.7,Medium,25.4683,82.92603,train,,,,False,True,87.0,True
SNAP-000549-2,SIH26017-PRJ-000549,2023-04-06,Uttar Pradesh,Varanasi,Industrial Corridor,State Industrial Dev. Corp,Area,"RFCTLARR Act, 2013",2697.21,61,15491.35,Homestead-Residential,False,2019-06-21,2028-09-14,3373,1385,6,Award Declaration (Sec 23),55.6,508,4,4,0,False,22.7,False,0,False,False,56.4,52.0,49.0,Partially Digitized,1346,27.0,True,119,45,Medium,Opposing,6,Delayed,47.9,True,31.6,50.0,90.0,6,Award Declaration (Sec 23),51.9,Medium,25.4683,82.92603,train,,,,False,True,663.0,True
SNAP-000549-3,SIH26017-PRJ-000549,2024-09-07,Uttar Pradesh,Varanasi,Industrial Corridor,State Industrial Dev. Corp,Area,"RFCTLARR Act, 2013",2697.21,61,15491.35,Homestead-Residential,False,2019-06-21,2028-09-14,3373,1905,7,Compensation Disbursement,66.7,1171,4,4,0,False,37.3,False,1,False,True,53.9,52.2,49.0,Partially Digitized,1346,50.5,True,119,45,Medium,Opposing,7,Insufficient,57.3,True,37.8,40.0,93.3,7,Compensation Disbursement,56.2,High,25.4683,82.92603,train,,,,False,,,False
SNAP-000550-1,SIH26017-PRJ-000550,2024-07-25,Assam,Dibrugarh,National Highway,NHAI,Linear,"National Highways Act, 1956",187.19,11,5328.24,Agricultural,False,2023-02-08,2027-09-13,1678,533,2,Social Impact Assessment (SIA),11.1,36,5,5,0,False,0.0,False,1,False,False,58.1,40.6,,Partially Digitized,13,0.0,False,0,13,Medium,Opposing,1,Insufficient,15.5,True,89.7,64.2,67.9,2,Social Impact Assessment (SIA),29.0,Low,27.7237,95.03619,train,,,,False,True,631.0,True
SNAP-000551-1,SIH26017-PRJ-000551,2024-04-12,Madhya Pradesh,Bhopal,National Highway,NHAI,Linear,"National Highways Act, 1956",258.92,11,5990.13,Forest,False,2023-04-05,2029-05-16,2233,373,3,Survey & Measurement,22.2,165,7,4,3,True,0.0,False,0,False,False,66.4,35.8,,Partially Digitized,23,0.0,True,0,10,Medium,Neutral,5,Delayed,17.1,True,5.8,65.2,65.2,3,Survey & Measurement,39.2,Medium,23.02848,77.44873,train,,,,False,True,105.0,True
SNAP-000551-2,SIH26017-PRJ-000551,2025-01-04,Madhya Pradesh,Bhopal,National Highway,NHAI,Linear,"National Highways Act, 1956",258.92,11,5990.13,Forest,False,2023-04-05,2029-05-16,2233,640,4,Draft Declaration,33.3,270,7,7,0,False,0.0,False,0,False,False,68.4,35.1,,Partially Digitized,23,0.0,True,1,10,Medium,Neutral,3,Insufficient,29.5,True,11.7,63.2,70.2,4,Draft Declaration,34.7,Medium,23.02848,77.44873,train,,,,False,True,77.0,True
SNAP-000551-3,SIH26017-PRJ-000551,2025-11-29,Madhya Pradesh,Bhopal,National Highway,NHAI,Linear,"National Highways Act, 1956",258.92,11,5990.13,Forest,False,2023-04-05,2029-05-16,2233,969,6,Award Declaration (Sec 23),55.6,541,7,7,0,False,15.0,False,0,False,False,68.7,35.7,,Partially Digitized,23,8.4,True,1,10,Medium,Neutral,4,Delayed,46.1,True,9.2,67.2,67.2,6,Award Declaration (Sec 23),37.4,Medium,23.02848,77.44873,train,,,,False,,,False
SNAP-000552-1,SIH26017-PRJ-000552,2018-11-21,Madhya Pradesh,Chhindwara,Railway Line/Doubling,Indian Railways,Linear,"Railways Act, 1989",131.35,8,6463.92,Government-Wasteland,False,2017-09-27,2019-04-10,560,420,7,Compensation Disbursement,66.7,-200,5,5,0,False,57.4,False,0,False,False,78.0,19.5,,Partially Digitized,5,39.3,True,0,10,Low,Supportive,0,Adequate,79.5,True,-3.0,0.0,100.0,7,Compensation Disbursement,1.3,Low,22.27521,79.11712,train,False,On-Time,-29.0,True,False,-10.0,True
SNAP-000553-1,SIH26017-PRJ-000553,2021-12-22,Gujarat,Ahmedabad,Renewable Energy Park,State Renewable Energy Agency,Area,"RFCTLARR Act, 2013",289.29,10,908.09,Agricultural,False,2020-11-08,2024-02-19,1198,409,2,Social Impact Assessment (SIA),11.1,79,4,4,0,False,0.0,False,0,False,False,64.5,35.2,47.5,Not Digitized,23,0.0,False,1,16,Medium,Neutral,3,Insufficient,12.7,False,68.0,46.2,69.2,2,Social Impact Assessment (SIA),36.5,Medium,23.11386,72.34443,validation,False,Minor Delay (<=6mo),41.0,True,True,183.0,True
SNAP-000553-2,SIH26017-PRJ-000553,2023-02-23,Gujarat,Ahmedabad,Renewable Energy Park,State Renewable Energy Agency,Area,"RFCTLARR Act, 2013",289.29,10,908.09,Agricultural,False,2020-11-08,2024-02-19,1198,837,6,Award Declaration (Sec 23),55.6,387,4,4,0,False,25.1,False,0,False,False,65.8,32.9,47.5,Not Digitized,23,12.6,True,2,16,Medium,Neutral,5,Delayed,47.4,False,74.3,54.5,77.3,6,Award Declaration (Sec 23),43.9,Medium,23.11386,72.34443,validation,False,Minor Delay (<=6mo),41.0,True,False,-19.0,True
SNAP-000554-1,SIH26017-PRJ-000554,2020-06-02,Maharashtra,Chhatrapati Sambhajinagar,State Highway,State PWD,Linear,"RFCTLARR Act, 2013",130.25,2,1345.85,Agricultural,False,2015-08-30,2021-05-26,2096,1738,7,Compensation Disbursement,66.7,944,5,5,0,False,44.2,False,0,False,False,71.3,34.1,,Fully Digitized,6,38.0,True,1,8,Low,Opposing,7,Delayed,66.0,True,30.7,80.0,60.0,7,Compensation Disbursement,35.9,Medium,19.59561,75.43947,train,,,,True,True,505.0,True
SNAP-000555-1,SIH26017-PRJ-000555,2026-05-18,Uttar Pradesh,Gautam Buddh Nagar,Railway Line/Doubling,Indian Railways,Linear,"Railways Act, 1989",75.51,3,6645.86,Mixed,False,2024-04-21,2029-07-17,1913,757,5,Final Declaration (Sec 19),44.4,173,5,5,0,False,7.2,False,0,False,False,58.5,36.2,,Partially Digitized,33,1.2,True,2,14,Low,Neutral,3,Delayed,40.6,True,52.4,52.0,80.0,5,Final Declaration (Sec 19),28.4,Low,28.51069,77.37387,test,,,,False,True,262.0,True
SNAP-000556-1,SIH26017-PRJ-000556,2023-02-14,Karnataka,Mysuru,Industrial Corridor,State Industrial Dev. Corp,Area,"RFCTLARR Act, 2013",4096.5,121,7542.62,Agricultural,False,2021-12-25,2025-07-24,1307,416,3,Survey & Measurement,22.2,142,4,4,0,False,0.0,False,0,False,False,69.0,29.0,49.4,Partially Digitized,320,0.0,True,13,84,Medium,Neutral,2,Insufficient,19.8,False,25.5,50.0,90.0,3,Survey & Measurement,45.1,Medium,11.96243,76.47798,train,,,,True,False,28.0,True
SNAP-000556-2,SIH26017-PRJ-000556,2024-01-03,Karnataka,Mysuru,Industrial Corridor,State Industrial Dev. Corp,Area,"RFCTLARR Act, 2013",4096.5,121,7542.62,Agricultural,False,2021-12-25,2025-07-24,1307,739,6,Award Declaration (Sec 23),55.6,231,4,4,0,False,20.4,False,1,True,True,68.8,29.6,49.4,Partially Digitized,320,13.0,True,30,84,Medium,Neutral,7,Insufficient,41.6,False,22.2,38.5,92.3,6,Award Declaration (Sec 23),66.3,High,11.96243,76.47798,train,,,,True,False,-15.0,True
SNAP-000556-3,SIH26017-PRJ-000556,2024-10-23,Karnataka,Mysuru,Industrial Corridor,State Industrial Dev. Corp,Area,"RFCTLARR Act, 2013",4096.5,121,7542.62,Agricultural,False,2021-12-25,2025-07-24,1307,1033,8,Possession,77.8,294,4,4,0,False,49.7,False,0,False,False,69.7,28.4,49.4,Partially Digitized,320,38.7,True,39,84,Medium,Neutral,2,Delayed,52.6,False,38.6,40.0,93.3,8,Possession,44.0,Medium,11.96243,76.47798,train,,,,True,True,133.0,True
SNAP-000557-1,SIH26017-PRJ-000557,2018-12-17,Karnataka,Ballari,Special Economic Zone,State SEZ Authority,Area,"RFCTLARR Act, 2013",2125.06,53,13925.6,Agricultural,False,2018-07-15,2019-01-08,177,155,1,Preliminary Notification (Sec 11),11.1,44,4,1,3,True,0.0,False,0,False,False,64.2,25.5,31.8,Fully Digitized,710,0.0,False,1,0,Medium,Opposing,1,Delayed,4.4,True,-2.0,0.0,100.0,2,Social Impact Assessment (SIA),24.5,Low,15.03384,77.03896,train,,,,True,True,,True
SNAP-000557-2,SIH26017-PRJ-000557,2019-04-26,Karnataka,Ballari,Special Economic Zone,State SEZ Authority,Area,"RFCTLARR Act, 2013",2125.06,53,13925.6,Agricultural,False,2018-07-15,2019-01-08,177,285,1,Preliminary Notification (Sec 11),11.1,44,4,3,1,True,0.0,False,0,False,False,64.6,26.7,31.8,Fully Digitized,710,0.0,False,1,0,Medium,Opposing,0,Delayed,5.1,True,-2.0,0.0,100.0,2,Social Impact Assessment (SIA),24.6,Low,15.03384,77.03896,train,,,,True,True,,True
SNAP-000558-1,SIH26017-PRJ-000558,2023-02-12,Madhya Pradesh,Chhindwara,Airport Expansion,Airports Authority of India,Point,"RFCTLARR Act, 2013",745.56,21,8465.17,Agricultural,True,2020-01-30,2024-02-17,1479,1109,7,Compensation Disbursement,66.7,388,5,4,0,False,53.9,True,1,False,True,72.4,35.1,,Partially Digitized,62,56.6,True,5,21,Medium,Supportive,2,Delayed,80.3,False,4.0,21.4,85.7,7,Compensation Disbursement,45.5,Medium,22.23522,78.81728,validation,False,Minor Delay (<=6mo),50.0,True,True,190.0,True
SNAP-000559-1,SIH26017-PRJ-000559,2025-03-09,Telangana,Warangal,Industrial Corridor,State Industrial Dev. Corp,Area,"RFCTLARR Act, 2013",3233.48,83,2471.86,Mixed,False,2024-08-21,2031-12-01,2658,200,2,Social Impact Assessment (SIA),11.1,25,4,3,1,True,0.0,False,0,False,False,64.9,32.0,46.0,Not Digitized,1669,0.0,False,25,54,Low,Opposing,1,Delayed,11.9,False,31.3,41.2,94.1,2,Social Impact Assessment (SIA),29.3,Low,18.00857,79.68345,test,,,,False,True,76.0,True
SNAP-000559-2,SIH26017-PRJ-000559,2025-09-15,Telangana,Warangal,Industrial Corridor,State Industrial Dev. Corp,Area,"RFCTLARR Act, 2013",3233.48,83,2471.86,Mixed,False,2024-08-21,2031-12-01,2658,390,3,Survey & Measurement,22.2,101,4,3,0,False,0.0,False,0,False,False,65.7,34.6,46.0,Not Digitized,1669,0.0,True,56,54,Low,Opposing,2,Insufficient,22.1,False,31.9,47.4,94.7,3,Survey & Measurement,44.4,Medium,18.00857,79.68345,test,,,,False,True,123.0,True
SNAP-000559-3,SIH26017-PRJ-000559,2026-01-21,Telangana,Warangal,Industrial Corridor,State Industrial Dev. Corp,Area,"RFCTLARR Act, 2013",3233.48,83,2471.86,Mixed,False,2024-08-21,2031-12-01,2658,518,4,Draft Declaration,33.3,224,4,3,0,False,0.0,False,0,False,False,67.9,32.6,46.0,Not Digitized,1669,0.0,True,57,54,Low,Opposing,1,Insufficient,22.2,False,36.4,43.5,95.7,4,Draft Declaration,43.8,Medium,18.00857,79.68345,test,,,,False,True,108.0,True
SNAP-000560-1,SIH26017-PRJ-000560,2018-11-14,Rajasthan,Jaipur,National Highway,NHAI,Linear,"National Highways Act, 1956",290.12,11,816.0,Agricultural,False,2016-11-25,2021-07-30,1708,719,6,Award Declaration (Sec 23),55.6,272,5,5,0,False,14.0,False,0,False,False,72.8,19.3,,Fully Digitized,27,9.3,True,3,20,Medium,Opposing,2,Insufficient,38.3,True,,57.1,57.1,6,Award Declaration (Sec 23),37.6,Medium,27.05109,75.84985,train,True,Major Delay (6-18mo),219.0,True,True,146.0,True
SNAP-000561-1,SIH26017-PRJ-000561,2024-09-15,Karnataka,Ballari,Airport Expansion,Airports Authority of India,Point,"RFCTLARR Act, 2013",1256.06,23,3013.52,Mixed,False,2023-11-22,2024-12-02,376,298,3,Survey & Measurement,22.2,42,5,4,1,True,0.0,False,0,False,False,64.1,32.4,,Partially Digitized,571,0.0,True,18,23,Medium,Opposing,0,Insufficient,22.3,False,38.6,31.2,87.5,3,Survey & Measurement,29.7,Low,15.05605,77.43851,validation,,,,True,False,12.0,True
SNAP-000562-1,SIH26017-PRJ-000562,2021-05-01,Assam,Kamrup,Renewable Energy Park,State Renewable Energy Agency,Area,"RFCTLARR Act, 2013",2981.53,75,6964.26,Mixed,False,2020-08-31,2021-02-10,163,243,1,Preliminary Notification (Sec 11),11.1,46,4,3,1,True,0.0,False,0,False,False,69.6,28.2,53.5,Partially Digitized,1433,0.0,False,3,0,Low,Opposing,0,Insufficient,4.7,True,56.7,44.4,66.7,2,Social Impact Assessment (SIA),33.4,Medium,26.18947,91.84482,train,,,,True,True,,True
SNAP-000563-1,SIH26017-PRJ-000563,2022-08-01,Maharashtra,Chhatrapati Sambhajinagar,Industrial Corridor,State Industrial Dev. Corp,Area,"RFCTLARR Act, 2013",3323.27,89,10840.91,Mixed,True,2022-06-16,2022-10-27,133,46,1,Preliminary Notification (Sec 11),0.0,0,4,0,2,True,0.0,False,0,False,False,48.0,20.8,64.8,Not Digitized,1668,0.0,False,0,0,Medium,Opposing,0,Insufficient,2.1,False,21.8,33.3,100.0,1,Preliminary Notification (Sec 11),32.8,Medium,19.75327,75.37812,test,,,,True,False,-8.0,True
SNAP-000564-1,SIH26017-PRJ-000564,2021-05-27,Maharashtra,Nagpur,Irrigation Canal/Dam,State Irrigation Dept,Linear,"RFCTLARR Act, 2013",622.55,24,2420.21,Agricultural,False,2020-04-27,2021-09-16,507,395,2,Social Impact Assessment (SIA),11.1,100,4,3,1,True,0.0,False,0,False,False,63.4,37.5,,Fully Digitized,46,0.0,False,1,35,Medium,Opposing,0,Insufficient,14.3,True,21.8,25.0,75.0,2,Social Impact Assessment (SIA),33.3,Medium,21.23114,79.22568,train,,,,True,True,139.0,True
SNAP-000565-1,SIH26017-PRJ-000565,2017-08-03,Maharashtra,Chhatrapati Sambhajinagar,Railway Line/Doubling,Indian Railways,Linear,"Railways Act, 1989",564.9,15,4545.21,Homestead-Residential,False,2015-12-12,2020-06-24,1656,600,3,Survey & Measurement,22.2,292,5,5,0,False,0.0,False,1,True,True,53.5,47.4,,Partially Digitized,282,0.0,True,9,14,Medium,Opposing,0,Delayed,28.5,True,,,,3,Survey & Measurement,60.0,High,20.05493,75.2886,train,False,On-Time,-5.0,True,True,95.0,True
SNAP-000565-2,SIH26017-PRJ-000565,2018-10-02,Maharashtra,Chhatrapati Sambhajinagar,Railway Line/Doubling,Indian Railways,Linear,"Railways Act, 1989",564.9,15,4545.21,Homestead-Residential,False,2015-12-12,2020-06-24,1656,1025,6,Award Declaration (Sec 23),55.6,482,5,5,0,False,34.1,False,1,True,True,53.1,48.8,,Partially Digitized,282,19.9,True,22,14,Medium,Opposing,6,Delayed,60.5,True,,0.0,100.0,6,Award Declaration (Sec 23),61.6,High,20.05493,75.2886,train,False,On-Time,-5.0,True,True,71.0,True
SNAP-000566-1,SIH26017-PRJ-000566,2017-10-27,Kerala,Thiruvananthapuram,Renewable Energy Park,State Renewable Energy Agency,Area,"RFCTLARR Act, 2013",1698.24,45,7558.67,Mixed,False,2015-08-03,2024-11-01,3378,816,4,Draft Declaration,33.3,448,4,3,0,False,0.0,False,0,False,False,73.8,25.9,62.8,Fully Digitized,833,0.0,True,51,29,Medium,Neutral,5,Insufficient,33.9,True,,0.0,100.0,4,Draft Declaration,49.2,Medium,8.79957,77.27296,train,True,Major Delay (6-18mo),210.0,True,True,214.0,True
SNAP-000566-2,SIH26017-PRJ-000566,2019-12-16,Kerala,Thiruvananthapuram,Renewable Energy Park,State Renewable Energy Agency,Area,"RFCTLARR Act, 2013",1698.24,45,7558.67,Mixed,False,2015-08-03,2024-11-01,3378,1596,6,Award Declaration (Sec 23),55.6,844,4,3,0,False,24.6,False,0,False,False,71.9,27.6,62.8,Fully Digitized,833,12.7,True,83,29,Medium,Neutral,9,Insufficient,50.8,True,,25.0,75.0,6,Award Declaration (Sec 23),59.6,High,8.79957,77.27296,train,True,Major Delay (6-18mo),210.0,True,True,288.0,True
SNAP-000566-3,SIH26017-PRJ-000566,2022-10-11,Kerala,Thiruvananthapuram,Renewable Energy Park,State Renewable Energy Agency,Area,"RFCTLARR Act, 2013",1698.24,45,7558.67,Mixed,False,2015-08-03,2024-11-01,3378,2626,7,Compensation Disbursement,66.7,1132,4,3,0,False,42.5,False,0,False,False,70.9,26.4,62.8,Fully Digitized,833,24.9,True,99,29,Medium,Neutral,10,Insufficient,55.5,True,34.7,55.0,80.0,7,Compensation Disbursement,46.1,Medium,8.79957,77.27296,train,True,Major Delay (6-18mo),210.0,True,True,1033.0,True
SNAP-000567-1,SIH26017-PRJ-000567,2019-09-17,Gujarat,Ahmedabad,Urban Water Supply/Sewerage,State Water/Municipal Board,Point,"RFCTLARR Act, 2013",26.51,3,2002.98,Mixed,False,2017-06-10,2025-03-10,2830,829,3,Survey & Measurement,22.2,486,5,5,0,False,0.0,False,0,False,False,82.3,18.6,,Partially Digitized,21,0.0,True,1,14,Low,Opposing,1,Delayed,19.9,True,,53.3,46.7,3,Survey & Measurement,31.2,Medium,22.86083,72.59953,train,True,Major Delay (6-18mo),374.0,True,True,304.0,True
SNAP-000568-1,SIH26017-PRJ-000568,2020-10-17,West Bengal,Kolkata,Airport Expansion,Airports Authority of India,Point,"RFCTLARR Act, 2013",1412.47,38,9576.0,Mixed,False,2017-06-25,2021-08-04,1501,1210,5,Final Declaration (Sec 19),44.4,591,5,5,0,False,7.2,False,0,False,False,72.3,24.3,,Partially Digitized,673,0.8,True,42,28,Low,Neutral,2,Delayed,38.7,False,27.7,20.0,80.0,5,Final Declaration (Sec 19),35.9,Medium,22.5687,88.51746,validation,,,,True,True,426.0,True
SNAP-000569-1,SIH26017-PRJ-000569,2023-02-09,Odisha,Sundargarh,Irrigation Canal/Dam,State Irrigation Dept,Linear,"RFCTLARR Act, 2013",1180.95,32,4057.07,Agricultural,False,2022-02-08,2030-01-29,2912,366,3,Survey & Measurement,22.2,48,4,4,0,False,0.0,False,0,False,False,59.2,48.3,,Fully Digitized,119,0.0,True,5,30,Medium,Neutral,6,Insufficient,25.8,True,78.4,38.5,76.9,3,Survey & Measurement,34.7,Medium,22.13731,84.15324,test,,,,False,True,76.0,True
SNAP-000570-1,SIH26017-PRJ-000570,2020-07-27,Telangana,Warangal,Industrial Corridor,State Industrial Dev. Corp,Area,"RFCTLARR Act, 2013",2804.55,73,7632.96,Forest,False,2019-10-15,2021-06-08,602,286,2,Social Impact Assessment (SIA),11.1,64,5,3,2,True,0.0,False,0,False,False,54.3,47.8,51.0,Not Digitized,215,0.0,False,5,48,Low,Opposing,4,Insufficient,11.4,False,-14.7,0.0,100.0,2,Social Impact Assessment (SIA),45.4,Medium,18.06788,79.48193,validation,,,,True,True,47.0,True
SNAP-000570-2,SIH26017-PRJ-000570,2021-02-26,Telangana,Warangal,Industrial Corridor,State Industrial Dev. Corp,Area,"RFCTLARR Act, 2013",2804.55,73,7632.96,Forest,False,2019-10-15,2021-06-08,602,500,3,Survey & Measurement,22.2,111,5,5,0,False,0.0,False,0,False,False,52.4,47.1,51.0,Not Digitized,215,0.0,True,9,48,Low,Opposing,2,Insufficient,17.5,False,18.6,25.0,100.0,3,Survey & Measurement,31.1,Medium,18.06788,79.48193,validation,,,,True,True,136.0,True
SNAP-000571-1,SIH26017-PRJ-000571,2024-05-13,Assam,Dibrugarh,Special Economic Zone,State SEZ Authority,Area,"RFCTLARR Act, 2013",2011.77,51,14442.33,Government-Wasteland,False,2018-06-03,2025-09-16,2662,2171,7,Compensation Disbursement,66.7,486,4,4,0,False,54.8,True,3,True,True,56.9,41.6,47.3,Partially Digitized,754,30.6,True,95,42,Low,Opposing,10,Delayed,73.6,False,89.7,33.3,75.0,7,Compensation Disbursement,79.4,Critical,27.29105,94.62722,train,False,Minor Delay (<=6mo),102.0,True,True,987.0,True
SNAP-000572-1,SIH26017-PRJ-000572,2025-09-30,Telangana,Warangal,National Highway,NHAI,Linear,"National Highways Act, 1956",119.86,7,4220.3,Forest,False,2024-06-23,2026-04-26,672,464,4,Draft Declaration,33.3,194,6,6,0,False,0.0,False,0,False,False,72.1,26.8,,Partially Digitized,9,0.0,True,0,14,Low,Neutral,1,Adequate,26.9,False,31.9,66.7,66.7,4,Draft Declaration,25.7,Low,17.94942,79.57049,train,,,,False,True,104.0,True
SNAP-000573-1,SIH26017-PRJ-000573,2017-11-22,Madhya Pradesh,Jabalpur,Urban Water Supply/Sewerage,State Water/Municipal Board,Point,"RFCTLARR Act, 2013",18.87,5,540.62,Government-Wasteland,False,2017-05-07,2018-11-25,567,199,4,Draft Declaration,33.3,-77,4,3,1,True,0.0,False,0,False,False,75.4,17.0,,Fully Digitized,2,0.0,True,0,5,Low,Supportive,0,Adequate,30.6,True,-34.0,100.0,0.0,4,Draft Declaration,7.7,Low,23.04556,80.10409,train,False,On-Time,-16.0,True,False,-26.0,True
SNAP-000573-2,SIH26017-PRJ-000573,2018-05-19,Madhya Pradesh,Jabalpur,Urban Water Supply/Sewerage,State Water/Municipal Board,Point,"RFCTLARR Act, 2013",18.87,5,540.62,Government-Wasteland,False,2017-05-07,2018-11-25,567,377,7,Compensation Disbursement,66.7,-175,4,4,0,False,39.4,False,0,False,False,78.4,16.7,,Fully Digitized,2,42.5,True,0,5,Low,Supportive,1,Adequate,71.3,True,-4.8,50.0,50.0,7,Compensation Disbursement,8.4,Low,23.04556,80.10409,train,False,On-Time,-16.0,True,False,3.0,True
SNAP-000574-1,SIH26017-PRJ-000574,2018-06-13,West Bengal,Purba Bardhaman,National Highway,NHAI,Linear,"National Highways Act, 1956",35.69,3,2680.33,Agricultural,False,2017-10-16,2020-03-03,869,240,3,Survey & Measurement,22.2,23,5,3,2,True,0.0,False,0,False,False,74.2,29.3,,Partially Digitized,4,0.0,True,0,12,Low,Neutral,2,Delayed,29.1,True,104.0,50.0,66.7,3,Survey & Measurement,19.5,Low,23.52179,87.93763,train,False,On-Time,2.0,True,True,46.0,True
SNAP-000574-2,SIH26017-PRJ-000574,2019-05-08,West Bengal,Purba Bardhaman,National Highway,NHAI,Linear,"National Highways Act, 1956",35.69,3,2680.33,Agricultural,False,2017-10-16,2020-03-03,869,569,7,Compensation Disbursement,66.7,89,5,5,0,False,33.7,False,0,False,False,74.4,30.3,,Partially Digitized,4,30.4,True,0,12,Low,Neutral,1,Delayed,64.2,True,104.0,66.7,55.6,7,Compensation Disbursement,16.5,Low,23.52179,87.93763,train,False,On-Time,2.0,True,False,2.0,True
SNAP-000575-1,SIH26017-PRJ-000575,2024-09-10,Uttar Pradesh,Varanasi,Urban Water Supply/Sewerage,State Water/Municipal Board,Point,"RFCTLARR Act, 2013",33.39,2,714.75,Homestead-Residential,False,2023-10-24,2024-05-11,200,322,2,Social Impact Assessment (SIA),22.2,-17,4,3,1,True,0.0,False,0,False,False,81.1,17.4,,Partially Digitized,14,0.0,True,0,5,Low,Neutral,0,Delayed,18.3,True,37.8,76.7,48.8,3,Survey & Measurement,13.6,Low,25.07572,82.98434,train,,,,True,True,,True
SNAP-000576-1,SIH26017-PRJ-000576,2020-03-02,Bihar,Patna,National Highway,NHAI,Linear,"National Highways Act, 1956",175.97,3,158.0,Homestead-Residential,False,2018-06-22,2020-08-08,778,619,7,Compensation Disbursement,66.7,85,4,4,0,False,26.5,False,0,False,False,60.8,36.8,,Partially Digitized,79,20.4,True,5,9,Low,Supportive,4,Delayed,77.3,False,30.2,60.0,60.0,7,Compensation Disbursement,18.5,Low,25.6877,85.21136,train,False,On-Time,-3.0,True,False,-45.0,True
SNAP-000577-1,SIH26017-PRJ-000577,2018-07-17,Kerala,Thiruvananthapuram,National Highway,NHAI,Linear,"National Highways Act, 1956",262.02,11,1064.94,Agricultural,False,2016-01-17,2023-11-30,2874,912,4,Draft Declaration,33.3,665,5,5,0,False,0.0,False,0,False,False,69.8,20.8,,Partially Digitized,15,0.0,True,1,14,Medium,Opposing,4,Insufficient,31.1,False,,50.0,66.7,4,Draft Declaration,39.8,Medium,8.55433,77.00259,train,True,Major Delay (6-18mo),206.0,True,True,154.0,True
SNAP-000577-2,SIH26017-PRJ-000577,2021-08-01,Kerala,Thiruvananthapuram,National Highway,NHAI,Linear,"National Highways Act, 1956",262.02,11,1064.94,Agricultural,False,2016-01-17,2023-11-30,2874,2023,7,Compensation Disbursement,66.7,1351,5,5,0,False,51.9,True,1,False,True,75.8,19.4,,Partially Digitized,15,29.1,True,2,14,Medium,Opposing,5,Delayed,55.6,False,-6.0,66.7,61.9,7,Compensation Disbursement,33.5,Medium,8.55433,77.00259,train,True,Major Delay (6-18mo),206.0,True,True,414.0,True
SNAP-000578-1,SIH26017-PRJ-000578,2017-03-01,Odisha,Khordha,State Highway,State PWD,Linear,"RFCTLARR Act, 2013",89.93,7,1205.0,Agricultural,False,2015-11-20,2019-01-12,1149,467,4,Draft Declaration,33.3,199,4,4,0,False,0.0,False,0,False,False,86.7,15.4,,Not Digitized,10,0.0,True,0,6,Low,Neutral,0,Delayed,27.8,False,,,,4,Draft Declaration,28.9,Low,20.57118,85.47891,train,False,Minor Delay (<=6mo),45.0,True,True,61.0,True
SNAP-000578-2,SIH26017-PRJ-000578,2018-01-09,Odisha,Khordha,State Highway,State PWD,Linear,"RFCTLARR Act, 2013",89.93,7,1205.0,Agricultural,False,2015-11-20,2019-01-12,1149,781,6,Award Declaration (Sec 23),55.6,315,4,4,0,False,30.1,True,1,False,False,89.2,13.8,,Not Digitized,10,25.0,True,0,6,Low,Neutral,0,Adequate,60.4,False,,,,6,Award Declaration (Sec 23),21.0,Low,20.57118,85.47891,train,False,Minor Delay (<=6mo),45.0,True,False,17.0,True
SNAP-000579-1,SIH26017-PRJ-000579,2016-02-06,Chhattisgarh,Durg,National Highway,NHAI,Linear,"National Highways Act, 1956",186.4,4,5835.41,Agricultural,False,2015-09-25,2020-03-31,1649,134,2,Social Impact Assessment (SIA),11.1,48,5,2,2,True,0.0,False,0,False,False,68.0,27.1,,Partially Digitized,13,0.0,False,0,14,Medium,Opposing,0,Delayed,6.8,True,,,,2,Social Impact Assessment (SIA),26.1,Low,21.5167,81.20176,test,False,Minor Delay (<=6mo),71.0,True,False,20.0,True
SNAP-000580-1,SIH26017-PRJ-000580,2025-01-12,Kerala,Ernakulam,Railway Line/Doubling,Indian Railways,Linear,"Railways Act, 1989",311.5,8,3307.49,Agricultural,True,2024-05-05,2028-02-02,1368,252,2,Social Impact Assessment (SIA),11.1,47,5,3,2,True,0.0,False,0,False,False,70.3,27.3,,Not Digitized,24,0.0,False,1,16,Medium,Opposing,0,Insufficient,13.9,False,84.3,47.1,70.6,2,Social Impact Assessment (SIA),25.5,Low,10.02022,76.35648,test,,,,False,True,426.0,True
SNAP-000581-1,SIH26017-PRJ-000581,2024-02-29,Madhya Pradesh,Chhindwara,Renewable Energy Park,State Renewable Energy Agency,Area,"RFCTLARR Act, 2013",199.77,9,9917.48,Agricultural,False,2022-12-30,2024-10-30,670,426,6,Award Declaration (Sec 23),55.6,9,4,4,0,False,18.4,False,1,True,False,74.0,16.2,59.1,Fully Digitized,15,12.8,True,0,16,Low,Supportive,0,Adequate,56.9,True,4.2,51.7,72.4,6,Award Declaration (Sec 23),31.9,Medium,21.87092,78.98057,train,False,On-Time,3.0,True,False,-46.0,True
SNAP-000582-1,SIH26017-PRJ-000582,2022-02-13,Karnataka,Bengaluru Rural,Special Economic Zone,State SEZ Authority,Area,"RFCTLARR Act, 2013",1232.71,37,9367.53,Agricultural,False,2019-01-31,2023-11-17,1751,1109,6,Award Declaration (Sec 23),55.6,519,4,4,0,False,28.4,False,0,False,False,91.9,6.3,52.5,Partially Digitized,417,20.2,True,40,37,Low,Opposing,10,Insufficient,60.7,True,3.5,0.0,100.0,6,Award Declaration (Sec 23),40.8,Medium,13.1728,77.76983,validation,,,,True,True,211.0,True
SNAP-000583-1,SIH26017-PRJ-000583,2020-04-21,Odisha,Cuttack,National Highway,NHAI,Linear,"National Highways Act, 1956",103.2,5,5887.93,Agricultural,False,2018-10-23,2022-09-21,1429,546,5,Final Declaration (Sec 19),44.4,176,5,5,0,False,2.3,False,0,False,False,73.1,25.5,,Fully Digitized,14,0.0,True,0,17,Medium,Supportive,4,Delayed,45.8,True,32.0,63.6,54.5,5,Final Declaration (Sec 19),36.5,Medium,20.20111,86.05066,train,False,Minor Delay (<=6mo),52.0,True,True,72.0,True
SNAP-000583-2,SIH26017-PRJ-000583,2021-05-12,Odisha,Cuttack,National Highway,NHAI,Linear,"National Highways Act, 1956",103.2,5,5887.93,Agricultural,False,2018-10-23,2022-09-21,1429,932,7,Compensation Disbursement,66.7,357,5,5,0,False,41.9,False,0,False,False,71.5,26.0,,Fully Digitized,14,34.7,True,1,17,Medium,Supportive,7,Adequate,71.3,True,74.4,65.0,60.0,7,Compensation Disbursement,32.3,Medium,20.20111,86.05066,train,False,Minor Delay (<=6mo),52.0,True,True,226.0,True
SNAP-000584-1,SIH26017-PRJ-000584,2021-06-06,Telangana,Warangal,Irrigation Canal/Dam,State Irrigation Dept,Linear,"RFCTLARR Act, 2013",1085.64,20,4336.26,Government-Wasteland,False,2018-07-13,2022-07-25,1473,1059,7,Compensation Disbursement,66.7,212,4,4,0,False,52.9,True,1,False,False,75.7,24.7,,Fully Digitized,95,42.5,True,7,18,Low,Supportive,3,Adequate,75.3,True,18.6,25.0,75.0,7,Compensation Disbursement,31.7,Medium,18.01165,79.69382,validation,False,On-Time,24.0,True,True,391.0,True
SNAP-000585-1,SIH26017-PRJ-000585,2024-11-20,Chhattisgarh,Bastar,National Highway,NHAI,Linear,"National Highways Act, 1956",120.41,7,3538.59,Government-Wasteland,True,2019-03-18,2028-06-25,3387,2074,7,Compensation Disbursement,66.7,1270,5,5,0,False,51.0,True,1,False,False,68.5,32.3,,Partially Digitized,9,36.1,True,1,17,High,Opposing,9,Delayed,55.9,False,60.5,63.2,70.2,7,Compensation Disbursement,45.8,Medium,19.00625,81.96816,train,,,,False,,,False
SNAP-000586-1,SIH26017-PRJ-000586,2023-04-24,Rajasthan,Jaipur,Railway Line/Doubling,Indian Railways,Linear,"Railways Act, 1989",298.7,11,525.69,Government-Wasteland,False,2021-08-12,2028-06-09,2493,620,2,Social Impact Assessment (SIA),11.1,49,5,5,0,False,0.0,False,0,False,False,58.3,38.9,,Partially Digitized,16,0.0,False,1,19,Low,Opposing,2,Delayed,16.9,False,94.8,45.5,72.7,2,Social Impact Assessment (SIA),27.9,Low,26.60143,75.99081,validation,,,,False,True,462.0,True
SNAP-000586-2,SIH26017-PRJ-000586,2025-01-20,Rajasthan,Jaipur,Railway Line/Doubling,Indian Railways,Linear,"Railways Act, 1989",298.7,11,525.69,Government-Wasteland,False,2021-08-12,2028-06-09,2493,1257,5,Final Declaration (Sec 19),44.4,890,5,5,0,False,0.0,False,1,False,False,56.1,38.8,,Partially Digitized,16,0.0,True,1,19,Low,Opposing,8,Insufficient,42.7,False,102.5,44.4,72.2,5,Final Declaration (Sec 19),46.9,Medium,26.60143,75.99081,validation,,,,False,True,89.0,True
SNAP-000587-1,SIH26017-PRJ-000587,2022-12-27,Bihar,Muzaffarpur,Renewable Energy Park,State Renewable Energy Agency,Area,"RFCTLARR Act, 2013",545.14,13,712.9,Agricultural,False,2021-04-17,2024-06-20,1160,619,6,Award Declaration (Sec 23),55.6,88,4,4,0,False,36.8,False,0,False,False,69.4,28.7,79.3,Fully Digitized,40,33.2,True,2,17,Low,Supportive,5,Adequate,53.5,True,36.1,54.5,77.3,6,Award Declaration (Sec 23),24.6,Low,26.05393,85.24932,train,False,On-Time,-18.0,True,True,88.0,True
SNAP-000588-1,SIH26017-PRJ-000588,2024-06-28,Karnataka,Belagavi,Urban Water Supply/Sewerage,State Water/Municipal Board,Point,"RFCTLARR Act, 2013",20.16,3,217.2,Mixed,False,2023-06-03,2024-04-20,322,391,4,Draft Declaration,44.4,-14,3,3,0,False,0.0,False,0,False,False,78.5,24.7,,Partially Digitized,6,0.0,True,0,8,Medium,Neutral,0,Delayed,30.0,True,38.6,75.6,51.2,5,Final Declaration (Sec 19),17.4,Low,15.97383,74.65401,train,,,,True,True,,True
SNAP-000589-1,SIH26017-PRJ-000589,2024-08-12,Madhya Pradesh,Jabalpur,Renewable Energy Park,State Renewable Energy Agency,Area,"RFCTLARR Act, 2013",1987.32,47,1338.56,Forest,True,2023-12-25,2024-05-04,131,231,1,Preliminary Notification (Sec 11),11.1,11,5,2,3,True,0.0,False,0,False,False,51.1,31.9,64.3,Not Digitized,141,0.0,False,0,0,High,Neutral,0,Delayed,6.1,False,5.8,56.2,68.8,2,Social Impact Assessment (SIA),32.4,Medium,23.20021,79.97477,validation,,,,True,True,,True
SNAP-000590-1,SIH26017-PRJ-000590,2023-08-09,Gujarat,Vadodara,State Highway,State PWD,Linear,"RFCTLARR Act, 2013",98.79,3,913.07,Government-Wasteland,False,2021-11-12,2026-08-15,1737,635,5,Final Declaration (Sec 19),44.4,276,4,2,0,False,1.7,False,0,False,False,56.0,41.5,,Fully Digitized,7,0.0,True,1,13,High,Opposing,2,Insufficient,34.9,True,95.6,78.1,56.2,5,Final Declaration (Sec 19),50.3,Medium,22.2311,73.03364,test,,,,False,True,228.0,True
SNAP-000590-2,SIH26017-PRJ-000590,2025-01-31,Gujarat,Vadodara,State Highway,State PWD,Linear,"RFCTLARR Act, 2013",98.79,3,913.07,Government-Wasteland,False,2021-11-12,2026-08-15,1737,1176,6,Award Declaration (Sec 23),55.6,504,4,2,0,False,27.7,False,0,False,False,58.1,41.1,,Fully Digitized,7,27.0,True,1,13,High,Opposing,9,Delayed,47.4,True,109.0,82.5,55.0,6,Award Declaration (Sec 23),46.7,Medium,22.2311,73.03364,test,,,,False,True,245.0,True
SNAP-000591-1,SIH26017-PRJ-000591,2023-08-15,Tamil Nadu,Tiruchirappalli,National Highway,NHAI,Linear,"National Highways Act, 1956",172.9,4,4037.42,Homestead-Residential,True,2021-05-22,2023-11-22,914,815,2,Social Impact Assessment (SIA),11.1,254,5,5,0,False,0.0,False,0,False,False,76.5,20.8,,Partially Digitized,85,0.0,False,2,16,Medium,Opposing,2,Insufficient,16.6,False,41.4,71.8,59.0,2,Social Impact Assessment (SIA),39.3,Medium,10.64699,78.7873,train,,,,True,True,439.0,True
SNAP-000592-1,SIH26017-PRJ-000592,2025-04-02,Bihar,Muzaffarpur,Special Economic Zone,State SEZ Authority,Area,"RFCTLARR Act, 2013",1388.73,36,5206.05,Agricultural,False,2024-07-17,2029-07-23,1832,259,3,Survey & Measurement,22.2,2,6,3,2,True,0.0,False,0,False,False,73.1,33.6,55.8,Partially Digitized,517,0.0,True,13,19,Low,Neutral,1,Insufficient,24.2,False,25.7,31.2,81.2,3,Survey & Measurement,29.0,Low,26.3507,85.66117,train,,,,False,True,59.0,True
SNAP-000592-2,SIH26017-PRJ-000592,2025-12-29,Bihar,Muzaffarpur,Special Economic Zone,State SEZ Authority,Area,"RFCTLARR Act, 2013",1388.73,36,5206.05,Agricultural,False,2024-07-17,2029-07-23,1832,530,5,Final Declaration (Sec 19),44.4,138,6,4,1,True,0.0,False,0,False,False,71.4,33.6,55.8,Partially Digitized,517,0.0,True,25,19,Low,Neutral,1,Delayed,41.1,False,25.1,35.0,85.0,5,Final Declaration (Sec 19),39.6,Medium,26.3507,85.66117,train,,,,False,True,125.0,True
SNAP-000593-1,SIH26017-PRJ-000593,2020-09-03,Madhya Pradesh,Indore,State Highway,State PWD,Linear,"RFCTLARR Act, 2013",39.12,4,1584.15,Government-Wasteland,False,2020-05-21,2022-02-05,625,105,3,Survey & Measurement,22.2,-75,4,2,2,True,0.0,False,0,False,False,74.6,17.7,,Fully Digitized,2,0.0,True,0,3,Low,Neutral,1,Adequate,17.8,True,-5.1,81.8,63.6,3,Survey & Measurement,5.1,Low,22.74013,75.81765,train,False,On-Time,4.0,True,False,-25.0,True
SNAP-000594-1,SIH26017-PRJ-000594,2019-12-20,Karnataka,Belagavi,Special Economic Zone,State SEZ Authority,Area,"RFCTLARR Act, 2013",2683.5,58,6979.26,Forest,False,2018-03-21,2024-09-14,2369,639,5,Final Declaration (Sec 19),44.4,214,5,5,0,False,0.0,False,0,False,False,64.5,31.0,62.9,Partially Digitized,948,0.0,True,64,53,Medium,Opposing,3,Insufficient,46.7,False,3.0,0.0,100.0,5,Final Declaration (Sec 19),50.4,Medium,15.86436,74.35636,train,True,Major Delay (6-18mo),276.0,True,True,43.0,True
SNAP-000594-2,SIH26017-PRJ-000594,2021-12-19,Karnataka,Belagavi,Special Economic Zone,State SEZ Authority,Area,"RFCTLARR Act, 2013",2683.5,58,6979.26,Forest,False,2018-03-21,2024-09-14,2369,1369,7,Compensation Disbursement,66.7,478,5,5,0,False,43.7,False,2,True,False,65.5,31.8,62.9,Partially Digitized,948,42.7,True,105,53,Medium,Opposing,7,Delayed,74.9,False,3.5,0.0,100.0,7,Compensation Disbursement,63.8,High,15.86436,74.35636,train,True,Major Delay (6-18mo),276.0,True,True,745.0,True
SNAP-000594-3,SIH26017-PRJ-000594,2023-06-10,Karnataka,Belagavi,Special Economic Zone,State SEZ Authority,Area,"RFCTLARR Act, 2013",2683.5,58,6979.26,Forest,False,2018-03-21,2024-09-14,2369,1907,7,Compensation Disbursement,66.7,478,5,5,0,False,46.4,False,2,True,False,65.5,31.7,62.9,Partially Digitized,948,42.3,True,105,53,Medium,Opposing,10,Insufficient,78.1,False,24.1,30.0,70.0,7,Compensation Disbursement,71.4,High,15.86436,74.35636,train,True,Major Delay (6-18mo),276.0,True,True,745.0,True
SNAP-000595-1,SIH26017-PRJ-000595,2017-01-11,Karnataka,Ballari,Power Transmission Line,POWERGRID/State Transco,Linear,"RFCTLARR Act, 2013",142.71,7,1082.88,Agricultural,False,2016-10-05,2019-05-02,939,98,2,Social Impact Assessment (SIA),11.1,4,4,3,0,False,0.0,False,0,False,False,61.9,48.1,,Partially Digitized,13,0.0,False,0,9,Low,Neutral,1,Delayed,9.0,False,,,,2,Social Impact Assessment (SIA),16.4,Low,15.31717,76.78889,train,False,On-Time,8.0,True,True,148.0,True
SNAP-000596-1,SIH26017-PRJ-000596,2024-02-01,Chhattisgarh,Bastar,Railway Line/Doubling,Indian Railways,Linear,"Railways Act, 1989",448.97,14,8880.8,Mixed,False,2020-12-14,2024-12-14,1461,1144,7,Compensation Disbursement,66.7,516,5,5,0,False,49.2,True,2,True,True,58.2,42.9,,Fully Digitized,248,42.7,True,22,26,Low,Opposing,3,Delayed,59.3,True,57.5,50.0,71.4,7,Compensation Disbursement,63.0,High,19.20946,81.9148,train,False,Minor Delay (<=6mo),133.0,True,True,39.0,True
SNAP-000597-1,SIH26017-PRJ-000597,2018-08-26,Karnataka,Bengaluru Rural,Renewable Energy Park,State Renewable Energy Agency,Area,"RFCTLARR Act, 2013",819.41,31,3818.15,Homestead-Residential,False,2017-09-23,2020-07-30,1041,337,3,Survey & Measurement,22.2,63,4,4,0,False,0.0,False,0,False,False,61.4,38.4,73.9,Partially Digitized,406,0.0,True,10,27,Medium,Neutral,0,Delayed,21.8,True,-2.0,25.0,75.0,3,Survey & Measurement,32.0,Medium,13.09615,77.93156,test,False,On-Time,-6.0,True,True,50.0,True
SNAP-000598-1,SIH26017-PRJ-000598,2022-11-16,Uttar Pradesh,Gautam Buddh Nagar,Urban Water Supply/Sewerage,State Water/Municipal Board,Point,"RFCTLARR Act, 2013",39.55,4,1885.87,Homestead-Residential,False,2018-12-08,2022-11-01,1424,1439,9,Mutation & Handover,88.9,710,4,4,0,False,78.3,False,0,False,False,57.5,47.5,,Fully Digitized,23,84.4,True,2,5,Low,Neutral,7,Delayed,92.3,True,28.7,73.3,40.0,9,Mutation & Handover,37.4,Medium,28.86954,77.27737,train,False,Minor Delay (<=6mo),121.0,True,True,121.0,True
SNAP-000599-1,SIH26017-PRJ-000599,2022-08-16,Gujarat,Ahmedabad,Urban Metro Rail,State Metro Rail Corp,Linear,"RFCTLARR Act, 2013",55.54,1,1273.91,Homestead-Residential,False,2020-01-18,2025-11-24,2137,941,6,Award Declaration (Sec 23),55.6,435,4,4,0,False,27.4,False,0,False,False,64.5,32.7,,Not Digitized,29,19.8,True,3,11,Low,Opposing,3,Delayed,52.1,False,61.4,71.4,71.4,6,Award Declaration (Sec 23),31.0,Medium,23.29351,72.65756,train,True,Major Delay (6-18mo),239.0,True,True,313.0,True
SNAP-000599-2,SIH26017-PRJ-000599,2024-07-28,Gujarat,Ahmedabad,Urban Metro Rail,State Metro Rail Corp,Linear,"RFCTLARR Act, 2013",55.54,1,1273.91,Homestead-Residential,False,2020-01-18,2025-11-24,2137,1653,7,Compensation Disbursement,66.7,748,4,4,0,False,58.5,False,0,False,False,63.7,32.4,,Not Digitized,29,47.4,True,4,11,Low,Opposing,10,Insufficient,66.1,False,97.6,63.6,81.8,7,Compensation Disbursement,36.5,Medium,23.29351,72.65756,train,True,Major Delay (6-18mo),239.0,True,True,411.0,True
SNAP-000600-1,SIH26017-PRJ-000600,2025-04-11,Karnataka,Ballari,State Highway,State PWD,Linear,"RFCTLARR Act, 2013",130.28,6,1019.82,Agricultural,False,2024-09-07,2026-12-10,824,216,3,Survey & Measurement,22.2,5,5,3,2,True,0.0,False,0,False,False,74.4,28.0,,Fully Digitized,7,0.0,True,0,6,Low,Supportive,0,Delayed,19.7,True,36.8,82.5,55.0,3,Survey & Measurement,20.2,Low,14.87672,77.0325,train,,,,False,True,36.0,True
SNAP-000600-2,SIH26017-PRJ-000600,2025-09-13,Karnataka,Ballari,State Highway,State PWD,Linear,"RFCTLARR Act, 2013",130.28,6,1019.82,Agricultural,False,2024-09-07,2026-12-10,824,371,4,Draft Declaration,33.3,41,5,4,1,True,0.0,False,0,False,False,74.5,28.6,,Fully Digitized,7,0.0,True,0,6,Low,Supportive,3,Delayed,34.0,True,55.0,81.0,54.8,4,Draft Declaration,25.3,Low,14.87672,77.0325,train,,,,False,True,33.0,True
SNAP-000600-3,SIH26017-PRJ-000600,2026-01-20,Karnataka,Ballari,State Highway,State PWD,Linear,"RFCTLARR Act, 2013",130.28,6,1019.82,Agricultural,False,2024-09-07,2026-12-10,824,500,6,Award Declaration (Sec 23),55.6,103,5,5,0,False,8.6,False,0,False,False,75.6,27.1,,Fully Digitized,7,1.9,True,0,6,Low,Supportive,2,Delayed,43.6,True,55.0,79.5,56.8,6,Award Declaration (Sec 23),19.9,Low,14.87672,77.0325,train,,,,False,True,40.0,True
