project_id,project_name,state,district,project_type,implementing_agency,project_geometry_type,applicable_land_acquisition_act,total_land_required_hectares,number_of_villages_affected,estimated_project_cost_inr_crore,land_type_required,tribal_area_flag,project_sanction_date,planned_land_acquisition_completion_date,planned_land_acquisition_duration_days
SIH26017-PRJ-000001,Renewable Energy Park Project - Chennai (0001),Tamil Nadu,Chennai,Renewable Energy Park,State Renewable Energy Agency,Area,"RFCTLARR Act, 2013",1931.83,62,7629.26,Agricultural,False,2022-03-31,2029-12-04,2805
SIH26017-PRJ-000002,Power Transmission Line Project - Udaipur (0002),Rajasthan,Udaipur,Power Transmission Line,POWERGRID/State Transco,Linear,"RFCTLARR Act, 2013",52.83,2,259.56,Mixed,False,2015-10-28,2018-11-01,1100
SIH26017-PRJ-000003,Power Transmission Line Project - Raipur (0003),Chhattisgarh,Raipur,Power Transmission Line,POWERGRID/State Transco,Linear,"RFCTLARR Act, 2013",101.12,3,1435.65,Homestead-Residential,False,2022-04-19,2026-12-08,1694
SIH26017-PRJ-000004,Railway Line/Doubling Project - Chennai (0004),Tamil Nadu,Chennai,Railway Line/Doubling,Indian Railways,Linear,"Railways Act, 1989",448.89,16,2060.92,Agricultural,False,2022-11-03,2028-03-15,1959
SIH26017-PRJ-000005,Mining Project Project - Khordha (0005),Odisha,Khordha,Mining Project,State Mining Corp,Area,"Coal Bearing Areas Acquisition Act, 1957",1760.4,29,6720.04,Agricultural,False,2020-05-05,2021-11-11,555
SIH26017-PRJ-000006,Renewable Energy Park Project - Gaya (0006),Bihar,Gaya,Renewable Energy Park,State Renewable Energy Agency,Area,"RFCTLARR Act, 2013",261.15,7,2949.99,Agricultural,False,2019-10-26,2020-07-16,264
SIH26017-PRJ-000007,Airport Expansion Project - Kamrup (0007),Assam,Kamrup,Airport Expansion,Airports Authority of India,Point,"RFCTLARR Act, 2013",1446.66,47,15727.3,Government-Wasteland,False,2024-05-16,2026-09-16,853
SIH26017-PRJ-000008,Urban Water Supply/Sewerage Project - Muzaffarpur (0008),Bihar,Muzaffarpur,Urban Water Supply/Sewerage,State Water/Municipal Board,Point,"RFCTLARR Act, 2013",7.97,1,150.64,Homestead-Residential,False,2019-12-31,2020-11-11,316
SIH26017-PRJ-000009,Industrial Corridor Project - Belagavi (0009),Karnataka,Belagavi,Industrial Corridor,State Industrial Dev. Corp,Area,"RFCTLARR Act, 2013",3816.27,96,19676.63,Agricultural,False,2024-02-27,2027-05-22,1180
SIH26017-PRJ-000010,Mining Project Project - Varanasi (0010),Uttar Pradesh,Varanasi,Mining Project,State Mining Corp,Area,"Coal Bearing Areas Acquisition Act, 1957",1318.27,36,3975.8,Forest,False,2016-07-28,2023-02-13,2391
SIH26017-PRJ-000011,Urban Water Supply/Sewerage Project - Ranchi (0011),Jharkhand,Ranchi,Urban Water Supply/Sewerage,State Water/Municipal Board,Point,"RFCTLARR Act, 2013",25.18,1,1729.3,Homestead-Residential,False,2018-07-14,2028-05-08,3586
SIH26017-PRJ-000012,Urban Water Supply/Sewerage Project - Chennai (0012),Tamil Nadu,Chennai,Urban Water Supply/Sewerage,State Water/Municipal Board,Point,"RFCTLARR Act, 2013",9.96,5,1651.17,Forest,False,2016-09-16,2019-09-16,1095
SIH26017-PRJ-000013,Irrigation Canal/Dam Project - Warangal (0013),Telangana,Warangal,Irrigation Canal/Dam,State Irrigation Dept,Linear,"RFCTLARR Act, 2013",724.18,14,1955.1,Government-Wasteland,False,2022-08-10,2024-12-18,861
SIH26017-PRJ-000014,National Highway Project - Purba Bardhaman (0014),West Bengal,Purba Bardhaman,National Highway,NHAI,Linear,"National Highways Act, 1956",223.15,8,5962.23,Agricultural,False,2021-03-07,2024-06-30,1211
SIH26017-PRJ-000015,Special Economic Zone Project - Dhanbad (0015),Jharkhand,Dhanbad,Special Economic Zone,State SEZ Authority,Area,"RFCTLARR Act, 2013",2884.91,73,5752.41,Homestead-Residential,False,2020-10-29,2027-09-07,2504
SIH26017-PRJ-000016,Urban Metro Rail Project - Dhanbad (0016),Jharkhand,Dhanbad,Urban Metro Rail,State Metro Rail Corp,Linear,"RFCTLARR Act, 2013",98.14,4,1791.11,Homestead-Residential,False,2024-09-08,2029-04-20,1685
SIH26017-PRJ-000017,Urban Water Supply/Sewerage Project - Durg (0017),Chhattisgarh,Durg,Urban Water Supply/Sewerage,State Water/Municipal Board,Point,"RFCTLARR Act, 2013",4.95,4,1886.78,Homestead-Residential,False,2022-10-03,2031-02-19,3061
SIH26017-PRJ-000018,State Highway Project - Cuttack (0018),Odisha,Cuttack,State Highway,State PWD,Linear,"RFCTLARR Act, 2013",182.1,11,1025.41,Government-Wasteland,False,2021-04-02,2024-06-05,1160
SIH26017-PRJ-000019,Urban Water Supply/Sewerage Project - Dibrugarh (0019),Assam,Dibrugarh,Urban Water Supply/Sewerage,State Water/Municipal Board,Point,"RFCTLARR Act, 2013",33.92,5,241.48,Government-Wasteland,False,2016-10-14,2020-05-21,1315
SIH26017-PRJ-000020,Power Transmission Line Project - Durg (0020),Chhattisgarh,Durg,Power Transmission Line,POWERGRID/State Transco,Linear,"RFCTLARR Act, 2013",45.53,4,1290.44,Agricultural,False,2017-07-10,2022-05-17,1772
SIH26017-PRJ-000021,State Highway Project - Nagpur (0021),Maharashtra,Nagpur,State Highway,State PWD,Linear,"RFCTLARR Act, 2013",76.87,8,1153.29,Agricultural,False,2018-01-31,2027-01-08,3264
SIH26017-PRJ-000022,Mining Project Project - Kalahandi (0022),Odisha,Kalahandi,Mining Project,State Mining Corp,Area,"Coal Bearing Areas Acquisition Act, 1957",1205.52,32,3939.76,Homestead-Residential,False,2015-01-18,2024-01-23,3292
SIH26017-PRJ-000023,Urban Metro Rail Project - Kamrup (0023),Assam,Kamrup,Urban Metro Rail,State Metro Rail Corp,Linear,"RFCTLARR Act, 2013",12.75,1,14006.2,Government-Wasteland,False,2024-01-20,2030-06-08,2331
SIH26017-PRJ-000024,Urban Water Supply/Sewerage Project - Alwar (0024),Rajasthan,Alwar,Urban Water Supply/Sewerage,State Water/Municipal Board,Point,"RFCTLARR Act, 2013",12.03,5,833.18,Government-Wasteland,True,2017-06-08,2018-12-15,555
SIH26017-PRJ-000025,National Highway Project - Surat (0025),Gujarat,Surat,National Highway,NHAI,Linear,"National Highways Act, 1956",238.43,13,2883.55,Agricultural,False,2022-03-27,2029-02-19,2521
SIH26017-PRJ-000026,Urban Water Supply/Sewerage Project - Alwar (0026),Rajasthan,Alwar,Urban Water Supply/Sewerage,State Water/Municipal Board,Point,"RFCTLARR Act, 2013",30.56,2,200.19,Homestead-Residential,False,2018-06-11,2018-11-05,147
SIH26017-PRJ-000027,National Highway Project - Khordha (0027),Odisha,Khordha,National Highway,NHAI,Linear,"National Highways Act, 1956",114.83,4,843.14,Agricultural,False,2018-01-04,2022-12-14,1805
SIH26017-PRJ-000028,Renewable Energy Park Project - Indore (0028),Madhya Pradesh,Indore,Renewable Energy Park,State Renewable Energy Agency,Area,"RFCTLARR Act, 2013",2310.01,55,7042.26,Mixed,False,2015-10-11,2017-03-18,524
SIH26017-PRJ-000029,Special Economic Zone Project - Indore (0029),Madhya Pradesh,Indore,Special Economic Zone,State SEZ Authority,Area,"RFCTLARR Act, 2013",1397.79,31,9596.96,Agricultural,False,2022-10-27,2028-12-13,2239
SIH26017-PRJ-000030,Special Economic Zone Project - Chhindwara (0030),Madhya Pradesh,Chhindwara,Special Economic Zone,State SEZ Authority,Area,"RFCTLARR Act, 2013",1491.85,31,6758.45,Agricultural,True,2022-11-15,2026-03-26,1227
SIH26017-PRJ-000031,Special Economic Zone Project - Purulia (0031),West Bengal,Purulia,Special Economic Zone,State SEZ Authority,Area,"RFCTLARR Act, 2013",1008.75,29,5389.35,Forest,False,2018-11-18,2024-06-03,2024
SIH26017-PRJ-000032,Urban Water Supply/Sewerage Project - Ahmedabad (0032),Gujarat,Ahmedabad,Urban Water Supply/Sewerage,State Water/Municipal Board,Point,"RFCTLARR Act, 2013",54.33,3,100.09,Homestead-Residential,False,2015-05-05,2018-06-06,1128
SIH26017-PRJ-000033,National Highway Project - Tiruchirappalli (0033),Tamil Nadu,Tiruchirappalli,National Highway,NHAI,Linear,"National Highways Act, 1956",36.87,5,5986.4,Forest,False,2022-07-12,2025-06-27,1081
SIH26017-PRJ-000034,Irrigation Canal/Dam Project - Chhatrapati Sambhajinagar (0034),Maharashtra,Chhatrapati Sambhajinagar,Irrigation Canal/Dam,State Irrigation Dept,Linear,"RFCTLARR Act, 2013",1356.68,41,2251.27,Government-Wasteland,False,2021-09-02,2029-11-08,2989
SIH26017-PRJ-000035,State Highway Project - Lucknow (0035),Uttar Pradesh,Lucknow,State Highway,State PWD,Linear,"RFCTLARR Act, 2013",13.83,5,357.02,Homestead-Residential,False,2018-01-08,2020-02-07,760
SIH26017-PRJ-000036,Renewable Energy Park Project - Hyderabad (0036),Telangana,Hyderabad,Renewable Energy Park,State Renewable Energy Agency,Area,"RFCTLARR Act, 2013",502.67,16,9117.38,Forest,True,2017-01-08,2021-08-12,1677
SIH26017-PRJ-000037,Railway Line/Doubling Project - Dhanbad (0037),Jharkhand,Dhanbad,Railway Line/Doubling,Indian Railways,Linear,"Railways Act, 1989",239.03,14,6542.42,Government-Wasteland,False,2022-12-16,2032-07-10,3494
SIH26017-PRJ-000038,Mining Project Project - Kamrup (0038),Assam,Kamrup,Mining Project,State Mining Corp,Area,"Coal Bearing Areas Acquisition Act, 1957",1411.12,48,4932.91,Agricultural,False,2021-11-21,2031-06-09,3487
SIH26017-PRJ-000039,Industrial Corridor Project - Dibrugarh (0039),Assam,Dibrugarh,Industrial Corridor,State Industrial Dev. Corp,Area,"RFCTLARR Act, 2013",513.29,9,1772.91,Government-Wasteland,False,2024-09-20,2030-11-26,2258
SIH26017-PRJ-000040,Mining Project Project - Bengaluru Rural (0040),Karnataka,Bengaluru Rural,Mining Project,State Mining Corp,Area,"Coal Bearing Areas Acquisition Act, 1957",434.68,17,6248.59,Agricultural,False,2018-07-03,2021-05-28,1060
SIH26017-PRJ-000041,Power Transmission Line Project - Ranchi (0041),Jharkhand,Ranchi,Power Transmission Line,POWERGRID/State Transco,Linear,"RFCTLARR Act, 2013",76.62,2,1291.48,Homestead-Residential,False,2019-06-22,2023-10-04,1565
SIH26017-PRJ-000042,State Highway Project - Karimnagar (0042),Telangana,Karimnagar,State Highway,State PWD,Linear,"RFCTLARR Act, 2013",48.13,2,51.81,Mixed,False,2018-04-26,2021-01-08,988
SIH26017-PRJ-000043,Railway Line/Doubling Project - Ranchi (0043),Jharkhand,Ranchi,Railway Line/Doubling,Indian Railways,Linear,"Railways Act, 1989",403.63,18,2984.95,Government-Wasteland,False,2019-06-05,2022-02-20,991
SIH26017-PRJ-000044,Power Transmission Line Project - Ballari (0044),Karnataka,Ballari,Power Transmission Line,POWERGRID/State Transco,Linear,"RFCTLARR Act, 2013",43.96,6,1053.39,Agricultural,False,2018-11-03,2020-04-19,533
SIH26017-PRJ-000045,Mining Project Project - Purulia (0045),West Bengal,Purulia,Mining Project,State Mining Corp,Area,"Coal Bearing Areas Acquisition Act, 1957",458.26,14,446.48,Government-Wasteland,False,2016-12-23,2021-11-07,1780
SIH26017-PRJ-000046,National Highway Project - Kalahandi (0046),Odisha,Kalahandi,National Highway,NHAI,Linear,"National Highways Act, 1956",253.47,9,4978.99,Mixed,False,2023-05-27,2027-09-06,1563
SIH26017-PRJ-000047,Urban Water Supply/Sewerage Project - Ranchi (0047),Jharkhand,Ranchi,Urban Water Supply/Sewerage,State Water/Municipal Board,Point,"RFCTLARR Act, 2013",54.84,2,1041.62,Homestead-Residential,False,2018-05-12,2024-10-09,2342
SIH26017-PRJ-000048,Irrigation Canal/Dam Project - Howrah (0048),West Bengal,Howrah,Irrigation Canal/Dam,State Irrigation Dept,Linear,"RFCTLARR Act, 2013",1562.43,45,3505.81,Agricultural,False,2022-03-28,2030-06-04,2990
SIH26017-PRJ-000049,Power Transmission Line Project - Muzaffarpur (0049),Bihar,Muzaffarpur,Power Transmission Line,POWERGRID/State Transco,Linear,"RFCTLARR Act, 2013",100.41,5,669.05,Agricultural,False,2015-01-07,2017-04-05,819
SIH26017-PRJ-000050,National Highway Project - Paschimi Singhbhum (0050),Jharkhand,Paschimi Singhbhum,National Highway,NHAI,Linear,"National Highways Act, 1956",210.47,13,5196.95,Forest,False,2016-11-22,2023-12-30,2594
SIH26017-PRJ-000051,National Highway Project - Chennai (0051),Tamil Nadu,Chennai,National Highway,NHAI,Linear,"National Highways Act, 1956",58.13,1,4615.81,Government-Wasteland,False,2022-07-03,2026-12-19,1630
SIH26017-PRJ-000052,Urban Metro Rail Project - Gaya (0052),Bihar,Gaya,Urban Metro Rail,State Metro Rail Corp,Linear,"RFCTLARR Act, 2013",34.03,1,9223.76,Government-Wasteland,False,2022-12-31,2025-04-27,848
SIH26017-PRJ-000053,National Highway Project - Belagavi (0053),Karnataka,Belagavi,National Highway,NHAI,Linear,"National Highways Act, 1956",273.86,6,1956.85,Agricultural,False,2017-11-24,2021-09-29,1405
SIH26017-PRJ-000054,Renewable Energy Park Project - Warangal (0054),Telangana,Warangal,Renewable Energy Park,State Renewable Energy Agency,Area,"RFCTLARR Act, 2013",2521.97,55,4410.37,Homestead-Residential,True,2016-05-11,2020-05-27,1477
SIH26017-PRJ-000055,Renewable Energy Park Project - Muzaffarpur (0055),Bihar,Muzaffarpur,Renewable Energy Park,State Renewable Energy Agency,Area,"RFCTLARR Act, 2013",693.69,18,4408.04,Mixed,False,2021-12-14,2023-05-28,530
SIH26017-PRJ-000056,Urban Water Supply/Sewerage Project - Sundargarh (0056),Odisha,Sundargarh,Urban Water Supply/Sewerage,State Water/Municipal Board,Point,"RFCTLARR Act, 2013",46.27,5,1111.32,Homestead-Residential,False,2019-10-28,2023-09-02,1405
SIH26017-PRJ-000057,Urban Metro Rail Project - Thiruvananthapuram (0057),Kerala,Thiruvananthapuram,Urban Metro Rail,State Metro Rail Corp,Linear,"RFCTLARR Act, 2013",86.98,9,3762.04,Homestead-Residential,False,2020-08-11,2022-06-13,671
SIH26017-PRJ-000058,State Highway Project - Varanasi (0058),Uttar Pradesh,Varanasi,State Highway,State PWD,Linear,"RFCTLARR Act, 2013",95.98,8,737.83,Forest,False,2023-04-29,2025-07-01,794
SIH26017-PRJ-000059,Power Transmission Line Project - Jabalpur (0059),Madhya Pradesh,Jabalpur,Power Transmission Line,POWERGRID/State Transco,Linear,"RFCTLARR Act, 2013",76.65,4,291.86,Agricultural,False,2018-09-25,2019-07-16,294
SIH26017-PRJ-000060,State Highway Project - Raipur (0060),Chhattisgarh,Raipur,State Highway,State PWD,Linear,"RFCTLARR Act, 2013",64.3,3,709.27,Agricultural,False,2024-04-05,2027-10-13,1286
SIH26017-PRJ-000061,Renewable Energy Park Project - Jabalpur (0061),Madhya Pradesh,Jabalpur,Renewable Energy Park,State Renewable Energy Agency,Area,"RFCTLARR Act, 2013",1734.06,41,864.92,Forest,False,2022-07-15,2027-12-21,1985
SIH26017-PRJ-000062,National Highway Project - Paschimi Singhbhum (0062),Jharkhand,Paschimi Singhbhum,National Highway,NHAI,Linear,"National Highways Act, 1956",123.87,9,511.7,Government-Wasteland,False,2020-09-10,2025-04-05,1668
SIH26017-PRJ-000063,Urban Water Supply/Sewerage Project - Udaipur (0063),Rajasthan,Udaipur,Urban Water Supply/Sewerage,State Water/Municipal Board,Point,"RFCTLARR Act, 2013",9.58,4,2215.59,Mixed,False,2020-12-16,2027-11-08,2518
SIH26017-PRJ-000064,Irrigation Canal/Dam Project - Purulia (0064),West Bengal,Purulia,Irrigation Canal/Dam,State Irrigation Dept,Linear,"RFCTLARR Act, 2013",1333.04,46,2006.33,Forest,False,2019-02-26,2028-03-15,3305
SIH26017-PRJ-000065,National Highway Project - Patna (0065),Bihar,Patna,National Highway,NHAI,Linear,"National Highways Act, 1956",155.95,8,1458.9,Forest,False,2021-03-22,2027-01-05,2115
SIH26017-PRJ-000066,State Highway Project - Indore (0066),Madhya Pradesh,Indore,State Highway,State PWD,Linear,"RFCTLARR Act, 2013",139.78,7,1843.09,Agricultural,False,2023-08-14,2024-12-23,497
SIH26017-PRJ-000067,State Highway Project - Rajkot (0067),Gujarat,Rajkot,State Highway,State PWD,Linear,"RFCTLARR Act, 2013",95.67,7,1554.63,Forest,False,2017-01-02,2019-07-11,920
SIH26017-PRJ-000068,Irrigation Canal/Dam Project - Kamrup (0068),Assam,Kamrup,Irrigation Canal/Dam,State Irrigation Dept,Linear,"RFCTLARR Act, 2013",1932.01,60,3496.38,Agricultural,False,2017-11-14,2025-05-25,2749
SIH26017-PRJ-000069,National Highway Project - Chennai (0069),Tamil Nadu,Chennai,National Highway,NHAI,Linear,"National Highways Act, 1956",156.69,6,1893.5,Agricultural,False,2016-10-12,2021-04-08,1639
SIH26017-PRJ-000070,National Highway Project - Varanasi (0070),Uttar Pradesh,Varanasi,National Highway,NHAI,Linear,"National Highways Act, 1956",202.07,12,1508.64,Homestead-Residential,False,2023-06-03,2027-06-23,1481
SIH26017-PRJ-000071,Railway Line/Doubling Project - Vadodara (0071),Gujarat,Vadodara,Railway Line/Doubling,Indian Railways,Linear,"Railways Act, 1989",569.54,12,6631.47,Homestead-Residential,False,2018-04-08,2025-01-02,2461
SIH26017-PRJ-000072,State Highway Project - Jaipur (0072),Rajasthan,Jaipur,State Highway,State PWD,Linear,"RFCTLARR Act, 2013",39.39,2,192.57,Agricultural,False,2024-09-10,2031-11-06,2613
SIH26017-PRJ-000073,Industrial Corridor Project - Kamrup (0073),Assam,Kamrup,Industrial Corridor,State Industrial Dev. Corp,Area,"RFCTLARR Act, 2013",790.28,29,951.62,Agricultural,False,2023-02-13,2030-02-01,2545
SIH26017-PRJ-000074,State Highway Project - Gautam Buddh Nagar (0074),Uttar Pradesh,Gautam Buddh Nagar,State Highway,State PWD,Linear,"RFCTLARR Act, 2013",25.0,9,1906.78,Forest,False,2015-11-20,2020-05-06,1629
SIH26017-PRJ-000075,Power Transmission Line Project - Chennai (0075),Tamil Nadu,Chennai,Power Transmission Line,POWERGRID/State Transco,Linear,"RFCTLARR Act, 2013",58.35,9,1352.19,Agricultural,False,2019-06-08,2023-05-01,1423
SIH26017-PRJ-000076,National Highway Project - Purba Bardhaman (0076),West Bengal,Purba Bardhaman,National Highway,NHAI,Linear,"National Highways Act, 1956",321.2,7,3014.78,Agricultural,False,2019-12-07,2022-07-02,938
SIH26017-PRJ-000077,Urban Water Supply/Sewerage Project - Kalahandi (0077),Odisha,Kalahandi,Urban Water Supply/Sewerage,State Water/Municipal Board,Point,"RFCTLARR Act, 2013",36.01,8,2408.34,Government-Wasteland,False,2015-06-20,2018-11-26,1255
SIH26017-PRJ-000078,Airport Expansion Project - Alwar (0078),Rajasthan,Alwar,Airport Expansion,Airports Authority of India,Point,"RFCTLARR Act, 2013",700.51,18,3494.73,Homestead-Residential,False,2022-08-29,2029-05-03,2439
SIH26017-PRJ-000079,Irrigation Canal/Dam Project - Rajkot (0079),Gujarat,Rajkot,Irrigation Canal/Dam,State Irrigation Dept,Linear,"RFCTLARR Act, 2013",1212.54,31,3410.25,Agricultural,False,2016-11-23,2025-11-26,3290
SIH26017-PRJ-000080,Urban Water Supply/Sewerage Project - Dhanbad (0080),Jharkhand,Dhanbad,Urban Water Supply/Sewerage,State Water/Municipal Board,Point,"RFCTLARR Act, 2013",45.71,7,2463.36,Homestead-Residential,False,2019-03-01,2027-06-02,3015
SIH26017-PRJ-000081,Mining Project Project - Kalahandi (0081),Odisha,Kalahandi,Mining Project,State Mining Corp,Area,"Coal Bearing Areas Acquisition Act, 1957",283.99,8,5948.85,Government-Wasteland,False,2019-07-19,2024-02-22,1679
SIH26017-PRJ-000082,Mining Project Project - Ballari (0082),Karnataka,Ballari,Mining Project,State Mining Corp,Area,"Coal Bearing Areas Acquisition Act, 1957",1318.48,37,1502.62,Government-Wasteland,False,2022-07-11,2024-09-04,786
SIH26017-PRJ-000083,National Highway Project - Bastar (0083),Chhattisgarh,Bastar,National Highway,NHAI,Linear,"National Highways Act, 1956",238.03,12,3127.43,Mixed,False,2019-10-14,2023-03-01,1234
SIH26017-PRJ-000084,Railway Line/Doubling Project - Ballari (0084),Karnataka,Ballari,Railway Line/Doubling,Indian Railways,Linear,"Railways Act, 1989",442.74,20,1570.48,Mixed,False,2020-07-26,2025-01-09,1628
SIH26017-PRJ-000085,Special Economic Zone Project - Jabalpur (0085),Madhya Pradesh,Jabalpur,Special Economic Zone,State SEZ Authority,Area,"RFCTLARR Act, 2013",2426.17,73,11953.44,Mixed,False,2023-10-01,2026-07-12,1015
SIH26017-PRJ-000086,National Highway Project - Muzaffarpur (0086),Bihar,Muzaffarpur,National Highway,NHAI,Linear,"National Highways Act, 1956",116.55,3,4234.42,Homestead-Residential,False,2023-02-19,2025-06-08,840
SIH26017-PRJ-000087,Airport Expansion Project - Gaya (0087),Bihar,Gaya,Airport Expansion,Airports Authority of India,Point,"RFCTLARR Act, 2013",186.39,6,19694.68,Homestead-Residential,True,2018-08-06,2025-02-17,2387
SIH26017-PRJ-000088,State Highway Project - Kolkata (0088),West Bengal,Kolkata,State Highway,State PWD,Linear,"RFCTLARR Act, 2013",130.46,4,1743.98,Mixed,False,2019-11-05,2023-10-23,1448
SIH26017-PRJ-000089,Special Economic Zone Project - Madurai (0089),Tamil Nadu,Madurai,Special Economic Zone,State SEZ Authority,Area,"RFCTLARR Act, 2013",2326.61,61,6492.35,Homestead-Residential,False,2015-07-20,2025-04-26,3568
SIH26017-PRJ-000090,Urban Water Supply/Sewerage Project - Hyderabad (0090),Telangana,Hyderabad,Urban Water Supply/Sewerage,State Water/Municipal Board,Point,"RFCTLARR Act, 2013",26.21,3,2027.86,Agricultural,False,2023-04-09,2024-07-21,469
SIH26017-PRJ-000091,National Highway Project - Howrah (0091),West Bengal,Howrah,National Highway,NHAI,Linear,"National Highways Act, 1956",318.2,12,2641.27,Homestead-Residential,False,2022-05-21,2023-10-11,508
SIH26017-PRJ-000092,State Highway Project - Jabalpur (0092),Madhya Pradesh,Jabalpur,State Highway,State PWD,Linear,"RFCTLARR Act, 2013",87.41,3,1842.38,Mixed,False,2022-08-16,2024-01-26,528
SIH26017-PRJ-000093,Mining Project Project - Cuttack (0093),Odisha,Cuttack,Mining Project,State Mining Corp,Area,"Coal Bearing Areas Acquisition Act, 1957",1241.1,43,3581.62,Forest,False,2022-02-07,2030-05-05,3009
SIH26017-PRJ-000094,Mining Project Project - Pune (0094),Maharashtra,Pune,Mining Project,State Mining Corp,Area,"Coal Bearing Areas Acquisition Act, 1957",117.74,7,6566.54,Government-Wasteland,False,2022-01-12,2033-09-23,4272
SIH26017-PRJ-000095,Renewable Energy Park Project - Paschimi Singhbhum (0095),Jharkhand,Paschimi Singhbhum,Renewable Energy Park,State Renewable Energy Agency,Area,"RFCTLARR Act, 2013",858.16,25,9957.14,Forest,False,2017-04-27,2022-10-26,2008
SIH26017-PRJ-000096,Urban Metro Rail Project - Bastar (0096),Chhattisgarh,Bastar,Urban Metro Rail,State Metro Rail Corp,Linear,"RFCTLARR Act, 2013",71.5,2,5398.63,Government-Wasteland,True,2017-09-20,2020-10-31,1137
SIH26017-PRJ-000097,Irrigation Canal/Dam Project - Rajkot (0097),Gujarat,Rajkot,Irrigation Canal/Dam,State Irrigation Dept,Linear,"RFCTLARR Act, 2013",801.87,16,2647.8,Homestead-Residential,False,2024-04-12,2032-04-21,2931
SIH26017-PRJ-000098,National Highway Project - Karimnagar (0098),Telangana,Karimnagar,National Highway,NHAI,Linear,"National Highways Act, 1956",202.74,7,714.64,Government-Wasteland,False,2022-06-29,2026-04-08,1379
SIH26017-PRJ-000099,National Highway Project - Jabalpur (0099),Madhya Pradesh,Jabalpur,National Highway,NHAI,Linear,"National Highways Act, 1956",181.64,3,5806.71,Forest,False,2019-09-07,2021-10-27,781
SIH26017-PRJ-000100,National Highway Project - Dibrugarh (0100),Assam,Dibrugarh,National Highway,NHAI,Linear,"National Highways Act, 1956",361.3,12,180.99,Homestead-Residential,False,2022-04-22,2023-05-15,388
SIH26017-PRJ-000101,National Highway Project - Muzaffarpur (0101),Bihar,Muzaffarpur,National Highway,NHAI,Linear,"National Highways Act, 1956",182.59,9,5104.47,Government-Wasteland,False,2017-12-11,2021-05-04,1240
SIH26017-PRJ-000102,Mining Project Project - Thiruvananthapuram (0102),Kerala,Thiruvananthapuram,Mining Project,State Mining Corp,Area,"Coal Bearing Areas Acquisition Act, 1957",1072.27,28,2480.68,Government-Wasteland,False,2021-05-20,2027-10-09,2333
SIH26017-PRJ-000103,Power Transmission Line Project - Indore (0103),Madhya Pradesh,Indore,Power Transmission Line,POWERGRID/State Transco,Linear,"RFCTLARR Act, 2013",15.05,3,264.95,Agricultural,False,2016-12-20,2017-03-24,94
SIH26017-PRJ-000104,Urban Metro Rail Project - Mysuru (0104),Karnataka,Mysuru,Urban Metro Rail,State Metro Rail Corp,Linear,"RFCTLARR Act, 2013",57.09,3,7491.54,Agricultural,False,2023-11-26,2025-03-13,473
SIH26017-PRJ-000105,Power Transmission Line Project - Purulia (0105),West Bengal,Purulia,Power Transmission Line,POWERGRID/State Transco,Linear,"RFCTLARR Act, 2013",17.01,5,1488.69,Forest,False,2022-08-06,2028-09-13,2230
SIH26017-PRJ-000106,State Highway Project - Khordha (0106),Odisha,Khordha,State Highway,State PWD,Linear,"RFCTLARR Act, 2013",79.41,8,134.1,Homestead-Residential,False,2015-11-03,2023-06-07,2773
SIH26017-PRJ-000107,National Highway Project - Ahmedabad (0107),Gujarat,Ahmedabad,National Highway,NHAI,Linear,"National Highways Act, 1956",52.54,2,2388.1,Agricultural,False,2020-06-18,2022-12-06,901
SIH26017-PRJ-000108,Special Economic Zone Project - Bastar (0108),Chhattisgarh,Bastar,Special Economic Zone,State SEZ Authority,Area,"RFCTLARR Act, 2013",1151.97,32,12703.64,Mixed,False,2023-11-29,2031-05-27,2736
SIH26017-PRJ-000109,Renewable Energy Park Project - Chhindwara (0109),Madhya Pradesh,Chhindwara,Renewable Energy Park,State Renewable Energy Agency,Area,"RFCTLARR Act, 2013",428.16,16,9747.54,Agricultural,True,2022-08-27,2024-01-31,522
SIH26017-PRJ-000110,Irrigation Canal/Dam Project - Durg (0110),Chhattisgarh,Durg,Irrigation Canal/Dam,State Irrigation Dept,Linear,"RFCTLARR Act, 2013",1504.98,38,4706.65,Forest,False,2020-11-26,2027-08-03,2441
SIH26017-PRJ-000111,Urban Water Supply/Sewerage Project - Gautam Buddh Nagar (0111),Uttar Pradesh,Gautam Buddh Nagar,Urban Water Supply/Sewerage,State Water/Municipal Board,Point,"RFCTLARR Act, 2013",20.87,3,1416.73,Government-Wasteland,False,2022-09-16,2024-08-16,700
SIH26017-PRJ-000112,Urban Metro Rail Project - Bhopal (0112),Madhya Pradesh,Bhopal,Urban Metro Rail,State Metro Rail Corp,Linear,"RFCTLARR Act, 2013",36.01,1,10583.49,Agricultural,False,2016-01-18,2017-11-28,680
SIH26017-PRJ-000113,Renewable Energy Park Project - Udaipur (0113),Rajasthan,Udaipur,Renewable Energy Park,State Renewable Energy Agency,Area,"RFCTLARR Act, 2013",442.1,17,438.59,Forest,False,2022-02-01,2031-10-30,3558
SIH26017-PRJ-000114,Irrigation Canal/Dam Project - Indore (0114),Madhya Pradesh,Indore,Irrigation Canal/Dam,State Irrigation Dept,Linear,"RFCTLARR Act, 2013",1780.03,55,1837.87,Forest,False,2018-10-20,2024-07-04,2084
SIH26017-PRJ-000115,Urban Metro Rail Project - Kamrup (0115),Assam,Kamrup,Urban Metro Rail,State Metro Rail Corp,Linear,"RFCTLARR Act, 2013",11.65,2,3036.19,Agricultural,False,2016-06-08,2020-09-19,1564
SIH26017-PRJ-000116,Urban Water Supply/Sewerage Project - Warangal (0116),Telangana,Warangal,Urban Water Supply/Sewerage,State Water/Municipal Board,Point,"RFCTLARR Act, 2013",35.66,5,1548.81,Homestead-Residential,False,2018-10-19,2020-04-03,532
SIH26017-PRJ-000117,Renewable Energy Park Project - Muzaffarpur (0117),Bihar,Muzaffarpur,Renewable Energy Park,State Renewable Energy Agency,Area,"RFCTLARR Act, 2013",839.37,24,851.33,Forest,False,2019-08-18,2022-05-16,1002
SIH26017-PRJ-000118,Mining Project Project - Karimnagar (0118),Telangana,Karimnagar,Mining Project,State Mining Corp,Area,"Coal Bearing Areas Acquisition Act, 1957",307.15,14,3246.68,Agricultural,False,2017-12-08,2025-05-15,2715
SIH26017-PRJ-000119,Urban Metro Rail Project - Chhindwara (0119),Madhya Pradesh,Chhindwara,Urban Metro Rail,State Metro Rail Corp,Linear,"RFCTLARR Act, 2013",119.18,2,12862.98,Government-Wasteland,False,2024-04-20,2025-12-13,602
SIH26017-PRJ-000120,Mining Project Project - Ranchi (0120),Jharkhand,Ranchi,Mining Project,State Mining Corp,Area,"Coal Bearing Areas Acquisition Act, 1957",795.24,31,4673.63,Government-Wasteland,False,2020-05-30,2028-01-10,2781
SIH26017-PRJ-000121,Railway Line/Doubling Project - Dhanbad (0121),Jharkhand,Dhanbad,Railway Line/Doubling,Indian Railways,Linear,"Railways Act, 1989",469.77,15,1296.97,Agricultural,True,2015-09-10,2020-06-03,1728
SIH26017-PRJ-000122,Industrial Corridor Project - Muzaffarpur (0122),Bihar,Muzaffarpur,Industrial Corridor,State Industrial Dev. Corp,Area,"RFCTLARR Act, 2013",1213.57,38,8096.48,Mixed,False,2023-10-12,2025-05-24,590
SIH26017-PRJ-000123,Airport Expansion Project - Tiruchirappalli (0123),Tamil Nadu,Tiruchirappalli,Airport Expansion,Airports Authority of India,Point,"RFCTLARR Act, 2013",1050.86,30,10129.58,Homestead-Residential,False,2021-12-11,2031-07-28,3516
SIH26017-PRJ-000124,Airport Expansion Project - Madurai (0124),Tamil Nadu,Madurai,Airport Expansion,Airports Authority of India,Point,"RFCTLARR Act, 2013",1261.83,40,1547.79,Mixed,False,2016-07-08,2022-01-21,2023
SIH26017-PRJ-000125,Railway Line/Doubling Project - Ballari (0125),Karnataka,Ballari,Railway Line/Doubling,Indian Railways,Linear,"Railways Act, 1989",560.73,16,4402.35,Agricultural,False,2017-01-01,2020-10-01,1369
SIH26017-PRJ-000126,Special Economic Zone Project - Ballari (0126),Karnataka,Ballari,Special Economic Zone,State SEZ Authority,Area,"RFCTLARR Act, 2013",446.5,15,2795.26,Government-Wasteland,False,2018-08-16,2022-04-19,1342
SIH26017-PRJ-000127,Railway Line/Doubling Project - Ranchi (0127),Jharkhand,Ranchi,Railway Line/Doubling,Indian Railways,Linear,"Railways Act, 1989",324.57,13,8390.94,Homestead-Residential,False,2024-05-09,2034-02-26,3580
SIH26017-PRJ-000128,Urban Water Supply/Sewerage Project - Thiruvananthapuram (0128),Kerala,Thiruvananthapuram,Urban Water Supply/Sewerage,State Water/Municipal Board,Point,"RFCTLARR Act, 2013",7.13,4,1462.99,Mixed,False,2016-11-25,2018-06-21,573
SIH26017-PRJ-000129,Railway Line/Doubling Project - Thiruvananthapuram (0129),Kerala,Thiruvananthapuram,Railway Line/Doubling,Indian Railways,Linear,"Railways Act, 1989",69.48,2,5577.32,Homestead-Residential,True,2019-09-10,2020-07-23,317
SIH26017-PRJ-000130,State Highway Project - Jabalpur (0130),Madhya Pradesh,Jabalpur,State Highway,State PWD,Linear,"RFCTLARR Act, 2013",170.74,3,860.36,Homestead-Residential,False,2019-06-17,2021-12-06,903
SIH26017-PRJ-000131,Railway Line/Doubling Project - Belagavi (0131),Karnataka,Belagavi,Railway Line/Doubling,Indian Railways,Linear,"Railways Act, 1989",518.5,10,3323.73,Government-Wasteland,False,2023-10-16,2025-12-23,799
SIH26017-PRJ-000132,Urban Water Supply/Sewerage Project - Chhindwara (0132),Madhya Pradesh,Chhindwara,Urban Water Supply/Sewerage,State Water/Municipal Board,Point,"RFCTLARR Act, 2013",43.28,5,1538.12,Homestead-Residential,False,2017-01-27,2018-06-12,501
SIH26017-PRJ-000133,Special Economic Zone Project - Bhopal (0133),Madhya Pradesh,Bhopal,Special Economic Zone,State SEZ Authority,Area,"RFCTLARR Act, 2013",1965.94,48,12936.36,Government-Wasteland,False,2017-12-24,2024-04-14,2303
SIH26017-PRJ-000134,Industrial Corridor Project - Chhindwara (0134),Madhya Pradesh,Chhindwara,Industrial Corridor,State Industrial Dev. Corp,Area,"RFCTLARR Act, 2013",1701.96,58,1987.49,Agricultural,True,2019-06-08,2022-11-09,1250
SIH26017-PRJ-000135,Renewable Energy Park Project - Khordha (0135),Odisha,Khordha,Renewable Energy Park,State Renewable Energy Agency,Area,"RFCTLARR Act, 2013",225.44,9,1452.76,Agricultural,False,2024-06-13,2030-03-01,2087
SIH26017-PRJ-000136,National Highway Project - Gautam Buddh Nagar (0136),Uttar Pradesh,Gautam Buddh Nagar,National Highway,NHAI,Linear,"National Highways Act, 1956",241.19,6,2849.88,Agricultural,False,2019-12-16,2022-02-09,786
SIH26017-PRJ-000137,National Highway Project - Raipur (0137),Chhattisgarh,Raipur,National Highway,NHAI,Linear,"National Highways Act, 1956",81.06,5,2714.16,Agricultural,False,2022-10-29,2026-01-04,1163
SIH26017-PRJ-000138,Airport Expansion Project - Chhindwara (0138),Madhya Pradesh,Chhindwara,Airport Expansion,Airports Authority of India,Point,"RFCTLARR Act, 2013",57.08,7,18316.13,Agricultural,True,2018-10-21,2021-03-14,875
SIH26017-PRJ-000139,Urban Water Supply/Sewerage Project - Udaipur (0139),Rajasthan,Udaipur,Urban Water Supply/Sewerage,State Water/Municipal Board,Point,"RFCTLARR Act, 2013",5.43,1,2049.17,Mixed,True,2022-05-18,2023-05-07,354
SIH26017-PRJ-000140,Urban Water Supply/Sewerage Project - Agra (0140),Uttar Pradesh,Agra,Urban Water Supply/Sewerage,State Water/Municipal Board,Point,"RFCTLARR Act, 2013",59.68,6,2013.98,Homestead-Residential,False,2022-03-17,2025-01-29,1049
SIH26017-PRJ-000141,Irrigation Canal/Dam Project - Paschimi Singhbhum (0141),Jharkhand,Paschimi Singhbhum,Irrigation Canal/Dam,State Irrigation Dept,Linear,"RFCTLARR Act, 2013",936.91,33,232.17,Agricultural,False,2015-09-18,2022-01-24,2320
SIH26017-PRJ-000142,Renewable Energy Park Project - Dibrugarh (0142),Assam,Dibrugarh,Renewable Energy Park,State Renewable Energy Agency,Area,"RFCTLARR Act, 2013",1534.73,56,1287.72,Mixed,False,2019-02-24,2025-01-12,2149
SIH26017-PRJ-000143,National Highway Project - Karimnagar (0143),Telangana,Karimnagar,National Highway,NHAI,Linear,"National Highways Act, 1956",179.2,9,3078.52,Agricultural,False,2017-07-23,2018-12-14,509
SIH26017-PRJ-000144,State Highway Project - Jabalpur (0144),Madhya Pradesh,Jabalpur,State Highway,State PWD,Linear,"RFCTLARR Act, 2013",194.34,8,1896.61,Agricultural,False,2022-11-26,2025-01-30,796
SIH26017-PRJ-000145,Special Economic Zone Project - Howrah (0145),West Bengal,Howrah,Special Economic Zone,State SEZ Authority,Area,"RFCTLARR Act, 2013",1127.68,33,12398.02,Homestead-Residential,False,2015-09-29,2028-11-20,4801
SIH26017-PRJ-000146,Renewable Energy Park Project - Udaipur (0146),Rajasthan,Udaipur,Renewable Energy Park,State Renewable Energy Agency,Area,"RFCTLARR Act, 2013",401.36,15,5410.48,Forest,False,2023-12-02,2027-08-14,1351
SIH26017-PRJ-000147,Special Economic Zone Project - Purulia (0147),West Bengal,Purulia,Special Economic Zone,State SEZ Authority,Area,"RFCTLARR Act, 2013",882.3,31,10427.49,Homestead-Residential,False,2019-03-30,2023-08-07,1591
SIH26017-PRJ-000148,Urban Water Supply/Sewerage Project - Indore (0148),Madhya Pradesh,Indore,Urban Water Supply/Sewerage,State Water/Municipal Board,Point,"RFCTLARR Act, 2013",56.5,5,2122.03,Mixed,False,2023-05-16,2025-09-24,862
SIH26017-PRJ-000149,Special Economic Zone Project - Ernakulam (0149),Kerala,Ernakulam,Special Economic Zone,State SEZ Authority,Area,"RFCTLARR Act, 2013",920.47,21,7380.99,Mixed,False,2022-09-05,2032-02-14,3449
SIH26017-PRJ-000150,Renewable Energy Park Project - Vadodara (0150),Gujarat,Vadodara,Renewable Energy Park,State Renewable Energy Agency,Area,"RFCTLARR Act, 2013",2671.84,74,877.25,Agricultural,False,2020-07-20,2029-09-30,3359
SIH26017-PRJ-000151,Urban Metro Rail Project - Ranchi (0151),Jharkhand,Ranchi,Urban Metro Rail,State Metro Rail Corp,Linear,"RFCTLARR Act, 2013",57.63,7,13246.03,Mixed,False,2018-02-14,2026-07-18,3076
SIH26017-PRJ-000152,Railway Line/Doubling Project - Alwar (0152),Rajasthan,Alwar,Railway Line/Doubling,Indian Railways,Linear,"Railways Act, 1989",215.45,6,8398.29,Agricultural,False,2017-05-22,2017-11-27,189
SIH26017-PRJ-000153,Airport Expansion Project - Sundargarh (0153),Odisha,Sundargarh,Airport Expansion,Airports Authority of India,Point,"RFCTLARR Act, 2013",1116.41,36,14607.76,Homestead-Residential,True,2017-11-03,2027-08-24,3581
SIH26017-PRJ-000154,Urban Water Supply/Sewerage Project - Paschimi Singhbhum (0154),Jharkhand,Paschimi Singhbhum,Urban Water Supply/Sewerage,State Water/Municipal Board,Point,"RFCTLARR Act, 2013",10.22,2,1213.88,Agricultural,True,2023-11-17,2024-04-18,153
SIH26017-PRJ-000155,Mining Project Project - Dhanbad (0155),Jharkhand,Dhanbad,Mining Project,State Mining Corp,Area,"Coal Bearing Areas Acquisition Act, 1957",1818.43,42,3869.06,Government-Wasteland,False,2016-05-08,2023-04-12,2530
SIH26017-PRJ-000156,State Highway Project - Sundargarh (0156),Odisha,Sundargarh,State Highway,State PWD,Linear,"RFCTLARR Act, 2013",94.77,7,770.43,Forest,False,2023-02-16,2025-11-28,1016
SIH26017-PRJ-000157,Railway Line/Doubling Project - Vadodara (0157),Gujarat,Vadodara,Railway Line/Doubling,Indian Railways,Linear,"Railways Act, 1989",107.93,7,7252.65,Government-Wasteland,False,2015-08-28,2024-01-09,3056
SIH26017-PRJ-000158,Airport Expansion Project - Nashik (0158),Maharashtra,Nashik,Airport Expansion,Airports Authority of India,Point,"RFCTLARR Act, 2013",1053.45,29,6636.06,Homestead-Residential,False,2017-09-15,2018-03-19,185
SIH26017-PRJ-000159,Power Transmission Line Project - Bengaluru Rural (0159),Karnataka,Bengaluru Rural,Power Transmission Line,POWERGRID/State Transco,Linear,"RFCTLARR Act, 2013",10.9,3,145.72,Agricultural,False,2023-11-29,2025-04-27,515
SIH26017-PRJ-000160,Renewable Energy Park Project - Karimnagar (0160),Telangana,Karimnagar,Renewable Energy Park,State Renewable Energy Agency,Area,"RFCTLARR Act, 2013",1361.57,40,3670.98,Homestead-Residential,False,2015-01-24,2022-02-27,2591
SIH26017-PRJ-000161,Urban Water Supply/Sewerage Project - Gautam Buddh Nagar (0161),Uttar Pradesh,Gautam Buddh Nagar,Urban Water Supply/Sewerage,State Water/Municipal Board,Point,"RFCTLARR Act, 2013",32.13,6,1298.48,Mixed,False,2015-06-28,2017-09-05,800
SIH26017-PRJ-000162,Special Economic Zone Project - Thiruvananthapuram (0162),Kerala,Thiruvananthapuram,Special Economic Zone,State SEZ Authority,Area,"RFCTLARR Act, 2013",1060.86,36,2676.75,Agricultural,False,2022-11-24,2030-03-21,2674
SIH26017-PRJ-000163,Renewable Energy Park Project - Gautam Buddh Nagar (0163),Uttar Pradesh,Gautam Buddh Nagar,Renewable Energy Park,State Renewable Energy Agency,Area,"RFCTLARR Act, 2013",511.93,18,2052.06,Government-Wasteland,False,2021-10-30,2024-06-01,945
SIH26017-PRJ-000164,Airport Expansion Project - Raipur (0164),Chhattisgarh,Raipur,Airport Expansion,Airports Authority of India,Point,"RFCTLARR Act, 2013",485.56,15,8765.9,Mixed,False,2017-03-10,2018-06-13,460
SIH26017-PRJ-000165,Renewable Energy Park Project - Varanasi (0165),Uttar Pradesh,Varanasi,Renewable Energy Park,State Renewable Energy Agency,Area,"RFCTLARR Act, 2013",2865.38,69,1182.58,Homestead-Residential,False,2021-02-23,2025-08-22,1641
SIH26017-PRJ-000166,State Highway Project - Purba Bardhaman (0166),West Bengal,Purba Bardhaman,State Highway,State PWD,Linear,"RFCTLARR Act, 2013",25.88,2,262.82,Government-Wasteland,False,2020-02-24,2021-12-16,661
SIH26017-PRJ-000167,Urban Metro Rail Project - Dibrugarh (0167),Assam,Dibrugarh,Urban Metro Rail,State Metro Rail Corp,Linear,"RFCTLARR Act, 2013",92.66,6,13381.29,Homestead-Residential,False,2023-12-09,2027-03-03,1180
SIH26017-PRJ-000168,Mining Project Project - Hyderabad (0168),Telangana,Hyderabad,Mining Project,State Mining Corp,Area,"Coal Bearing Areas Acquisition Act, 1957",1815.83,44,2202.05,Agricultural,False,2019-09-11,2025-07-02,2121
SIH26017-PRJ-000169,National Highway Project - Bastar (0169),Chhattisgarh,Bastar,National Highway,NHAI,Linear,"National Highways Act, 1956",370.12,12,5723.62,Agricultural,True,2018-02-01,2020-07-03,883
SIH26017-PRJ-000170,Renewable Energy Park Project - Paschimi Singhbhum (0170),Jharkhand,Paschimi Singhbhum,Renewable Energy Park,State Renewable Energy Agency,Area,"RFCTLARR Act, 2013",1920.65,67,6119.16,Homestead-Residential,False,2023-06-11,2031-10-28,3061
SIH26017-PRJ-000171,Railway Line/Doubling Project - Chennai (0171),Tamil Nadu,Chennai,Railway Line/Doubling,Indian Railways,Linear,"Railways Act, 1989",248.72,9,7060.23,Mixed,False,2022-08-20,2028-09-10,2213
SIH26017-PRJ-000172,Railway Line/Doubling Project - Dibrugarh (0172),Assam,Dibrugarh,Railway Line/Doubling,Indian Railways,Linear,"Railways Act, 1989",352.55,9,4501.6,Agricultural,False,2020-05-29,2024-07-19,1512
SIH26017-PRJ-000173,Renewable Energy Park Project - Khordha (0173),Odisha,Khordha,Renewable Energy Park,State Renewable Energy Agency,Area,"RFCTLARR Act, 2013",2750.6,67,9624.63,Government-Wasteland,False,2023-12-01,2027-06-09,1286
SIH26017-PRJ-000174,Urban Water Supply/Sewerage Project - Purulia (0174),West Bengal,Purulia,Urban Water Supply/Sewerage,State Water/Municipal Board,Point,"RFCTLARR Act, 2013",32.72,7,2389.96,Mixed,False,2018-02-26,2023-11-20,2093
SIH26017-PRJ-000175,State Highway Project - Ranchi (0175),Jharkhand,Ranchi,State Highway,State PWD,Linear,"RFCTLARR Act, 2013",108.45,8,1388.14,Homestead-Residential,False,2019-09-24,2023-09-14,1451
SIH26017-PRJ-000176,Urban Water Supply/Sewerage Project - Durg (0176),Chhattisgarh,Durg,Urban Water Supply/Sewerage,State Water/Municipal Board,Point,"RFCTLARR Act, 2013",20.27,5,2336.01,Mixed,False,2016-02-24,2022-07-09,2327
SIH26017-PRJ-000177,Power Transmission Line Project - Tiruchirappalli (0177),Tamil Nadu,Tiruchirappalli,Power Transmission Line,POWERGRID/State Transco,Linear,"RFCTLARR Act, 2013",21.68,4,1254.36,Mixed,False,2022-12-18,2027-12-04,1812
SIH26017-PRJ-000178,State Highway Project - Bastar (0178),Chhattisgarh,Bastar,State Highway,State PWD,Linear,"RFCTLARR Act, 2013",88.48,3,540.68,Homestead-Residential,True,2022-10-14,2030-06-15,2801
SIH26017-PRJ-000179,Power Transmission Line Project - Thiruvananthapuram (0179),Kerala,Thiruvananthapuram,Power Transmission Line,POWERGRID/State Transco,Linear,"RFCTLARR Act, 2013",102.97,6,647.14,Homestead-Residential,False,2018-03-06,2023-03-07,1827
SIH26017-PRJ-000180,Power Transmission Line Project - Purba Bardhaman (0180),West Bengal,Purba Bardhaman,Power Transmission Line,POWERGRID/State Transco,Linear,"RFCTLARR Act, 2013",25.52,2,208.1,Homestead-Residential,True,2015-11-03,2018-03-18,866
SIH26017-PRJ-000181,Special Economic Zone Project - Dibrugarh (0181),Assam,Dibrugarh,Special Economic Zone,State SEZ Authority,Area,"RFCTLARR Act, 2013",126.27,5,14910.17,Forest,False,2023-05-17,2029-07-06,2242
SIH26017-PRJ-000182,National Highway Project - Hyderabad (0182),Telangana,Hyderabad,National Highway,NHAI,Linear,"National Highways Act, 1956",155.07,7,4314.69,Mixed,False,2020-07-11,2022-08-29,779
SIH26017-PRJ-000183,Power Transmission Line Project - Durg (0183),Chhattisgarh,Durg,Power Transmission Line,POWERGRID/State Transco,Linear,"RFCTLARR Act, 2013",119.91,3,619.9,Agricultural,False,2024-06-01,2026-12-21,933
SIH26017-PRJ-000184,Industrial Corridor Project - Kolkata (0184),West Bengal,Kolkata,Industrial Corridor,State Industrial Dev. Corp,Area,"RFCTLARR Act, 2013",3778.94,96,4345.29,Forest,False,2022-08-07,2030-01-30,2733
SIH26017-PRJ-000185,Mining Project Project - Nagpur (0185),Maharashtra,Nagpur,Mining Project,State Mining Corp,Area,"Coal Bearing Areas Acquisition Act, 1957",1364.03,44,3517.77,Mixed,True,2017-07-20,2018-01-17,181
SIH26017-PRJ-000186,Power Transmission Line Project - Surat (0186),Gujarat,Surat,Power Transmission Line,POWERGRID/State Transco,Linear,"RFCTLARR Act, 2013",5.95,3,132.08,Government-Wasteland,False,2017-07-31,2019-04-22,630
SIH26017-PRJ-000187,Power Transmission Line Project - Hyderabad (0187),Telangana,Hyderabad,Power Transmission Line,POWERGRID/State Transco,Linear,"RFCTLARR Act, 2013",73.49,11,1473.99,Government-Wasteland,False,2022-12-16,2026-05-15,1246
SIH26017-PRJ-000188,Renewable Energy Park Project - Varanasi (0188),Uttar Pradesh,Varanasi,Renewable Energy Park,State Renewable Energy Agency,Area,"RFCTLARR Act, 2013",2849.9,78,4684.91,Government-Wasteland,False,2022-07-15,2025-07-29,1110
SIH26017-PRJ-000189,Industrial Corridor Project - Patna (0189),Bihar,Patna,Industrial Corridor,State Industrial Dev. Corp,Area,"RFCTLARR Act, 2013",1568.85,33,3660.43,Mixed,False,2018-04-13,2022-10-01,1632
SIH26017-PRJ-000190,Renewable Energy Park Project - Purba Bardhaman (0190),West Bengal,Purba Bardhaman,Renewable Energy Park,State Renewable Energy Agency,Area,"RFCTLARR Act, 2013",397.33,14,8706.37,Agricultural,True,2018-12-22,2020-02-12,417
SIH26017-PRJ-000191,Urban Water Supply/Sewerage Project - Muzaffarpur (0191),Bihar,Muzaffarpur,Urban Water Supply/Sewerage,State Water/Municipal Board,Point,"RFCTLARR Act, 2013",40.61,9,697.47,Government-Wasteland,False,2021-03-18,2025-01-27,1411
SIH26017-PRJ-000192,Industrial Corridor Project - Lucknow (0192),Uttar Pradesh,Lucknow,Industrial Corridor,State Industrial Dev. Corp,Area,"RFCTLARR Act, 2013",905.94,21,14562.32,Homestead-Residential,False,2016-02-04,2020-10-16,1716
SIH26017-PRJ-000193,Urban Water Supply/Sewerage Project - Lucknow (0193),Uttar Pradesh,Lucknow,Urban Water Supply/Sewerage,State Water/Municipal Board,Point,"RFCTLARR Act, 2013",49.19,4,1793.37,Government-Wasteland,False,2022-05-12,2026-04-28,1447
SIH26017-PRJ-000194,Urban Water Supply/Sewerage Project - Kamrup (0194),Assam,Kamrup,Urban Water Supply/Sewerage,State Water/Municipal Board,Point,"RFCTLARR Act, 2013",22.72,2,2368.5,Agricultural,False,2018-01-03,2020-10-19,1020
SIH26017-PRJ-000195,Urban Water Supply/Sewerage Project - Jodhpur (0195),Rajasthan,Jodhpur,Urban Water Supply/Sewerage,State Water/Municipal Board,Point,"RFCTLARR Act, 2013",21.91,4,2077.42,Homestead-Residential,False,2017-06-02,2025-03-15,2843
SIH26017-PRJ-000196,Mining Project Project - Ranchi (0196),Jharkhand,Ranchi,Mining Project,State Mining Corp,Area,"Coal Bearing Areas Acquisition Act, 1957",1460.05,38,2241.63,Government-Wasteland,False,2022-03-16,2031-12-16,3562
SIH26017-PRJ-000197,Industrial Corridor Project - Thiruvananthapuram (0197),Kerala,Thiruvananthapuram,Industrial Corridor,State Industrial Dev. Corp,Area,"RFCTLARR Act, 2013",1753.23,40,10903.82,Government-Wasteland,False,2016-10-22,2023-09-17,2521
SIH26017-PRJ-000198,Power Transmission Line Project - Bastar (0198),Chhattisgarh,Bastar,Power Transmission Line,POWERGRID/State Transco,Linear,"RFCTLARR Act, 2013",96.0,6,416.15,Agricultural,False,2021-04-22,2022-06-18,422
SIH26017-PRJ-000199,Industrial Corridor Project - Khordha (0199),Odisha,Khordha,Industrial Corridor,State Industrial Dev. Corp,Area,"RFCTLARR Act, 2013",3293.29,79,9532.57,Forest,False,2024-01-14,2026-11-22,1043
SIH26017-PRJ-000200,State Highway Project - Thiruvananthapuram (0200),Kerala,Thiruvananthapuram,State Highway,State PWD,Linear,"RFCTLARR Act, 2013",99.82,8,1471.33,Forest,True,2021-06-09,2027-10-03,2307
SIH26017-PRJ-000201,Irrigation Canal/Dam Project - Pune (0201),Maharashtra,Pune,Irrigation Canal/Dam,State Irrigation Dept,Linear,"RFCTLARR Act, 2013",1074.87,35,1406.01,Government-Wasteland,False,2021-12-05,2029-01-29,2612
SIH26017-PRJ-000202,Power Transmission Line Project - Bastar (0202),Chhattisgarh,Bastar,Power Transmission Line,POWERGRID/State Transco,Linear,"RFCTLARR Act, 2013",13.61,3,622.48,Homestead-Residential,False,2022-05-31,2025-11-16,1265
SIH26017-PRJ-000203,Renewable Energy Park Project - Surat (0203),Gujarat,Surat,Renewable Energy Park,State Renewable Energy Agency,Area,"RFCTLARR Act, 2013",2975.15,68,3206.32,Agricultural,False,2023-09-13,2030-04-11,2402
SIH26017-PRJ-000204,Railway Line/Doubling Project - Dibrugarh (0204),Assam,Dibrugarh,Railway Line/Doubling,Indian Railways,Linear,"Railways Act, 1989",358.06,10,1404.48,Agricultural,True,2020-09-01,2023-01-28,879
SIH26017-PRJ-000205,Airport Expansion Project - Alwar (0205),Rajasthan,Alwar,Airport Expansion,Airports Authority of India,Point,"RFCTLARR Act, 2013",613.0,18,12486.24,Homestead-Residential,False,2024-01-03,2024-05-16,134
SIH26017-PRJ-000206,Urban Metro Rail Project - Pune (0206),Maharashtra,Pune,Urban Metro Rail,State Metro Rail Corp,Linear,"RFCTLARR Act, 2013",5.67,7,6081.05,Homestead-Residential,False,2019-03-25,2023-01-27,1404
SIH26017-PRJ-000207,Renewable Energy Park Project - Tiruchirappalli (0207),Tamil Nadu,Tiruchirappalli,Renewable Energy Park,State Renewable Energy Agency,Area,"RFCTLARR Act, 2013",1838.69,42,7457.99,Agricultural,False,2017-10-04,2022-02-06,1586
SIH26017-PRJ-000208,Renewable Energy Park Project - Nagpur (0208),Maharashtra,Nagpur,Renewable Energy Park,State Renewable Energy Agency,Area,"RFCTLARR Act, 2013",2136.17,53,7708.34,Mixed,False,2022-08-18,2028-09-18,2223
SIH26017-PRJ-000209,Urban Metro Rail Project - Cuttack (0209),Odisha,Cuttack,Urban Metro Rail,State Metro Rail Corp,Linear,"RFCTLARR Act, 2013",58.37,2,6609.91,Government-Wasteland,False,2022-05-17,2026-05-05,1449
SIH26017-PRJ-000210,Industrial Corridor Project - Dibrugarh (0210),Assam,Dibrugarh,Industrial Corridor,State Industrial Dev. Corp,Area,"RFCTLARR Act, 2013",4204.35,100,952.5,Agricultural,False,2018-01-01,2022-04-18,1568
SIH26017-PRJ-000211,National Highway Project - Indore (0211),Madhya Pradesh,Indore,National Highway,NHAI,Linear,"National Highways Act, 1956",393.27,6,1569.59,Forest,False,2015-12-21,2017-12-31,741
SIH26017-PRJ-000212,State Highway Project - Alwar (0212),Rajasthan,Alwar,State Highway,State PWD,Linear,"RFCTLARR Act, 2013",110.82,4,813.31,Agricultural,False,2016-07-08,2018-05-13,674
SIH26017-PRJ-000213,Industrial Corridor Project - Bengaluru Rural (0213),Karnataka,Bengaluru Rural,Industrial Corridor,State Industrial Dev. Corp,Area,"RFCTLARR Act, 2013",2818.91,82,13039.79,Government-Wasteland,False,2020-07-12,2025-01-23,1656
SIH26017-PRJ-000214,National Highway Project - Pune (0214),Maharashtra,Pune,National Highway,NHAI,Linear,"National Highways Act, 1956",134.36,14,663.14,Homestead-Residential,False,2016-05-02,2019-02-04,1008
SIH26017-PRJ-000215,Irrigation Canal/Dam Project - Kalahandi (0215),Odisha,Kalahandi,Irrigation Canal/Dam,State Irrigation Dept,Linear,"RFCTLARR Act, 2013",1680.08,50,4617.71,Agricultural,False,2018-12-16,2021-12-20,1100
SIH26017-PRJ-000216,State Highway Project - Dibrugarh (0216),Assam,Dibrugarh,State Highway,State PWD,Linear,"RFCTLARR Act, 2013",147.55,10,1122.63,Agricultural,False,2021-04-06,2028-06-02,2614
SIH26017-PRJ-000217,Renewable Energy Park Project - Madurai (0217),Tamil Nadu,Madurai,Renewable Energy Park,State Renewable Energy Agency,Area,"RFCTLARR Act, 2013",682.46,23,3175.88,Mixed,True,2019-10-12,2023-11-20,1500
SIH26017-PRJ-000218,Special Economic Zone Project - Surat (0218),Gujarat,Surat,Special Economic Zone,State SEZ Authority,Area,"RFCTLARR Act, 2013",841.95,27,12486.4,Government-Wasteland,False,2018-09-14,2022-06-29,1384
SIH26017-PRJ-000219,Irrigation Canal/Dam Project - Dibrugarh (0219),Assam,Dibrugarh,Irrigation Canal/Dam,State Irrigation Dept,Linear,"RFCTLARR Act, 2013",1365.46,41,2596.99,Agricultural,False,2020-05-09,2025-12-22,2053
SIH26017-PRJ-000220,Mining Project Project - Jabalpur (0220),Madhya Pradesh,Jabalpur,Mining Project,State Mining Corp,Area,"Coal Bearing Areas Acquisition Act, 1957",1558.55,38,3431.31,Homestead-Residential,False,2019-04-25,2023-07-17,1544
SIH26017-PRJ-000221,Urban Water Supply/Sewerage Project - Patna (0221),Bihar,Patna,Urban Water Supply/Sewerage,State Water/Municipal Board,Point,"RFCTLARR Act, 2013",22.62,1,1760.42,Mixed,False,2023-06-21,2025-07-16,756
SIH26017-PRJ-000222,Airport Expansion Project - Purulia (0222),West Bengal,Purulia,Airport Expansion,Airports Authority of India,Point,"RFCTLARR Act, 2013",1359.34,51,10624.95,Mixed,False,2017-09-13,2023-05-31,2086
SIH26017-PRJ-000223,Irrigation Canal/Dam Project - Bastar (0223),Chhattisgarh,Bastar,Irrigation Canal/Dam,State Irrigation Dept,Linear,"RFCTLARR Act, 2013",506.89,18,1502.94,Mixed,True,2019-02-16,2021-01-28,712
SIH26017-PRJ-000224,Railway Line/Doubling Project - Gautam Buddh Nagar (0224),Uttar Pradesh,Gautam Buddh Nagar,Railway Line/Doubling,Indian Railways,Linear,"Railways Act, 1989",124.26,4,918.42,Mixed,False,2018-01-20,2021-04-28,1194
SIH26017-PRJ-000225,Renewable Energy Park Project - Gaya (0225),Bihar,Gaya,Renewable Energy Park,State Renewable Energy Agency,Area,"RFCTLARR Act, 2013",1598.89,43,4963.91,Agricultural,False,2016-08-22,2018-05-02,618
SIH26017-PRJ-000226,Renewable Energy Park Project - Muzaffarpur (0226),Bihar,Muzaffarpur,Renewable Energy Park,State Renewable Energy Agency,Area,"RFCTLARR Act, 2013",272.65,7,9398.41,Government-Wasteland,False,2020-12-29,2022-12-30,731
SIH26017-PRJ-000227,Urban Water Supply/Sewerage Project - Thiruvananthapuram (0227),Kerala,Thiruvananthapuram,Urban Water Supply/Sewerage,State Water/Municipal Board,Point,"RFCTLARR Act, 2013",9.2,4,693.81,Homestead-Residential,False,2021-03-25,2028-04-26,2589
SIH26017-PRJ-000228,State Highway Project - Coimbatore (0228),Tamil Nadu,Coimbatore,State Highway,State PWD,Linear,"RFCTLARR Act, 2013",111.18,13,259.01,Agricultural,False,2024-04-27,2027-01-05,983
SIH26017-PRJ-000229,National Highway Project - Hyderabad (0229),Telangana,Hyderabad,National Highway,NHAI,Linear,"National Highways Act, 1956",344.88,10,5283.24,Homestead-Residential,False,2021-01-21,2023-08-23,944
SIH26017-PRJ-000230,National Highway Project - Muzaffarpur (0230),Bihar,Muzaffarpur,National Highway,NHAI,Linear,"National Highways Act, 1956",151.18,9,5353.7,Government-Wasteland,False,2017-08-02,2020-05-24,1026
SIH26017-PRJ-000231,National Highway Project - Khordha (0231),Odisha,Khordha,National Highway,NHAI,Linear,"National Highways Act, 1956",249.79,8,1114.23,Forest,False,2017-11-23,2025-08-11,2818
SIH26017-PRJ-000232,Urban Metro Rail Project - Cuttack (0232),Odisha,Cuttack,Urban Metro Rail,State Metro Rail Corp,Linear,"RFCTLARR Act, 2013",77.07,4,13859.67,Homestead-Residential,False,2021-03-24,2028-11-27,2805
SIH26017-PRJ-000233,Railway Line/Doubling Project - Thiruvananthapuram (0233),Kerala,Thiruvananthapuram,Railway Line/Doubling,Indian Railways,Linear,"Railways Act, 1989",160.93,7,6377.76,Mixed,False,2019-03-20,2026-06-30,2659
SIH26017-PRJ-000234,Urban Water Supply/Sewerage Project - Sundargarh (0234),Odisha,Sundargarh,Urban Water Supply/Sewerage,State Water/Municipal Board,Point,"RFCTLARR Act, 2013",14.86,6,770.75,Homestead-Residential,False,2016-10-21,2023-09-16,2521
SIH26017-PRJ-000235,Renewable Energy Park Project - Purba Bardhaman (0235),West Bengal,Purba Bardhaman,Renewable Energy Park,State Renewable Energy Agency,Area,"RFCTLARR Act, 2013",100.14,4,5542.5,Agricultural,False,2018-01-06,2025-03-28,2638
SIH26017-PRJ-000236,Irrigation Canal/Dam Project - Chennai (0236),Tamil Nadu,Chennai,Irrigation Canal/Dam,State Irrigation Dept,Linear,"RFCTLARR Act, 2013",430.38,12,4880.45,Forest,False,2022-10-10,2025-08-07,1032
SIH26017-PRJ-000237,State Highway Project - Gaya (0237),Bihar,Gaya,State Highway,State PWD,Linear,"RFCTLARR Act, 2013",10.05,7,949.91,Forest,False,2015-04-23,2018-01-29,1012
SIH26017-PRJ-000238,Renewable Energy Park Project - Khordha (0238),Odisha,Khordha,Renewable Energy Park,State Renewable Energy Agency,Area,"RFCTLARR Act, 2013",840.3,18,8428.41,Homestead-Residential,False,2019-03-16,2027-07-17,3045
SIH26017-PRJ-000239,State Highway Project - Lucknow (0239),Uttar Pradesh,Lucknow,State Highway,State PWD,Linear,"RFCTLARR Act, 2013",56.46,6,183.95,Forest,False,2021-01-16,2024-02-19,1129
SIH26017-PRJ-000240,Urban Water Supply/Sewerage Project - Surat (0240),Gujarat,Surat,Urban Water Supply/Sewerage,State Water/Municipal Board,Point,"RFCTLARR Act, 2013",50.58,3,1014.54,Government-Wasteland,False,2019-02-11,2023-05-12,1551
SIH26017-PRJ-000241,Irrigation Canal/Dam Project - Hyderabad (0241),Telangana,Hyderabad,Irrigation Canal/Dam,State Irrigation Dept,Linear,"RFCTLARR Act, 2013",1829.24,44,3462.05,Government-Wasteland,False,2019-03-15,2026-11-30,2817
SIH26017-PRJ-000242,State Highway Project - Dibrugarh (0242),Assam,Dibrugarh,State Highway,State PWD,Linear,"RFCTLARR Act, 2013",147.56,4,1219.04,Agricultural,True,2023-09-21,2032-09-12,3279
SIH26017-PRJ-000243,Industrial Corridor Project - Karimnagar (0243),Telangana,Karimnagar,Industrial Corridor,State Industrial Dev. Corp,Area,"RFCTLARR Act, 2013",3914.41,111,12553.66,Mixed,False,2023-02-14,2029-06-21,2319
SIH26017-PRJ-000244,Urban Water Supply/Sewerage Project - Durg (0244),Chhattisgarh,Durg,Urban Water Supply/Sewerage,State Water/Municipal Board,Point,"RFCTLARR Act, 2013",51.76,3,2438.96,Agricultural,False,2018-10-19,2021-10-28,1105
SIH26017-PRJ-000245,Mining Project Project - Jaipur (0245),Rajasthan,Jaipur,Mining Project,State Mining Corp,Area,"Coal Bearing Areas Acquisition Act, 1957",790.12,22,1417.02,Forest,False,2019-05-28,2024-11-16,1999
SIH26017-PRJ-000246,Special Economic Zone Project - Ahmedabad (0246),Gujarat,Ahmedabad,Special Economic Zone,State SEZ Authority,Area,"RFCTLARR Act, 2013",2124.35,49,1991.16,Government-Wasteland,False,2018-09-25,2028-01-30,3414
SIH26017-PRJ-000247,Power Transmission Line Project - Jaipur (0247),Rajasthan,Jaipur,Power Transmission Line,POWERGRID/State Transco,Linear,"RFCTLARR Act, 2013",144.84,6,121.43,Agricultural,False,2015-04-13,2019-11-03,1665
SIH26017-PRJ-000248,Airport Expansion Project - Kolkata (0248),West Bengal,Kolkata,Airport Expansion,Airports Authority of India,Point,"RFCTLARR Act, 2013",123.97,2,11058.61,Mixed,False,2016-11-04,2020-12-18,1505
SIH26017-PRJ-000249,Power Transmission Line Project - Chhindwara (0249),Madhya Pradesh,Chhindwara,Power Transmission Line,POWERGRID/State Transco,Linear,"RFCTLARR Act, 2013",111.18,7,897.24,Government-Wasteland,True,2020-07-20,2022-03-22,610
SIH26017-PRJ-000250,Urban Metro Rail Project - Kamrup (0250),Assam,Kamrup,Urban Metro Rail,State Metro Rail Corp,Linear,"RFCTLARR Act, 2013",38.28,6,3497.63,Mixed,False,2017-05-26,2024-02-23,2464
SIH26017-PRJ-000251,Power Transmission Line Project - Pune (0251),Maharashtra,Pune,Power Transmission Line,POWERGRID/State Transco,Linear,"RFCTLARR Act, 2013",66.76,3,364.8,Government-Wasteland,True,2015-12-30,2019-11-18,1419
SIH26017-PRJ-000252,Power Transmission Line Project - Bengaluru Rural (0252),Karnataka,Bengaluru Rural,Power Transmission Line,POWERGRID/State Transco,Linear,"RFCTLARR Act, 2013",37.31,3,1016.08,Forest,False,2019-01-02,2021-05-31,880
SIH26017-PRJ-000253,Airport Expansion Project - Udaipur (0253),Rajasthan,Udaipur,Airport Expansion,Airports Authority of India,Point,"RFCTLARR Act, 2013",728.1,22,9542.8,Homestead-Residential,False,2015-07-29,2016-04-22,268
SIH26017-PRJ-000254,National Highway Project - Khordha (0254),Odisha,Khordha,National Highway,NHAI,Linear,"National Highways Act, 1956",218.97,14,797.64,Government-Wasteland,False,2017-11-28,2025-02-07,2628
SIH26017-PRJ-000255,Power Transmission Line Project - Ranchi (0255),Jharkhand,Ranchi,Power Transmission Line,POWERGRID/State Transco,Linear,"RFCTLARR Act, 2013",130.8,9,84.41,Agricultural,False,2019-10-28,2023-11-14,1478
SIH26017-PRJ-000256,National Highway Project - Dibrugarh (0256),Assam,Dibrugarh,National Highway,NHAI,Linear,"National Highways Act, 1956",64.76,4,1210.35,Government-Wasteland,True,2020-11-07,2025-08-14,1741
SIH26017-PRJ-000257,State Highway Project - Varanasi (0257),Uttar Pradesh,Varanasi,State Highway,State PWD,Linear,"RFCTLARR Act, 2013",78.89,9,378.09,Agricultural,False,2024-05-12,2026-06-29,778
SIH26017-PRJ-000258,Mining Project Project - Lucknow (0258),Uttar Pradesh,Lucknow,Mining Project,State Mining Corp,Area,"Coal Bearing Areas Acquisition Act, 1957",389.06,12,4450.49,Government-Wasteland,False,2016-07-26,2019-09-29,1160
SIH26017-PRJ-000259,Urban Water Supply/Sewerage Project - Kalahandi (0259),Odisha,Kalahandi,Urban Water Supply/Sewerage,State Water/Municipal Board,Point,"RFCTLARR Act, 2013",3.1,5,1313.64,Homestead-Residential,True,2015-01-01,2023-05-15,3056
SIH26017-PRJ-000260,Special Economic Zone Project - Chhindwara (0260),Madhya Pradesh,Chhindwara,Special Economic Zone,State SEZ Authority,Area,"RFCTLARR Act, 2013",1711.71,43,14011.94,Mixed,False,2019-12-20,2028-06-29,3114
SIH26017-PRJ-000261,Irrigation Canal/Dam Project - Raipur (0261),Chhattisgarh,Raipur,Irrigation Canal/Dam,State Irrigation Dept,Linear,"RFCTLARR Act, 2013",1689.14,48,2090.47,Mixed,False,2015-11-08,2021-10-17,2170
SIH26017-PRJ-000262,Urban Metro Rail Project - Gaya (0262),Bihar,Gaya,Urban Metro Rail,State Metro Rail Corp,Linear,"RFCTLARR Act, 2013",12.33,5,888.73,Mixed,False,2015-02-07,2019-09-03,1669
SIH26017-PRJ-000263,Special Economic Zone Project - Karimnagar (0263),Telangana,Karimnagar,Special Economic Zone,State SEZ Authority,Area,"RFCTLARR Act, 2013",84.84,3,5189.82,Agricultural,False,2021-01-07,2023-02-11,765
SIH26017-PRJ-000264,National Highway Project - Dibrugarh (0264),Assam,Dibrugarh,National Highway,NHAI,Linear,"National Highways Act, 1956",358.21,14,5056.27,Forest,False,2021-07-31,2024-04-17,991
SIH26017-PRJ-000265,Power Transmission Line Project - Kamrup (0265),Assam,Kamrup,Power Transmission Line,POWERGRID/State Transco,Linear,"RFCTLARR Act, 2013",118.48,10,509.88,Agricultural,False,2018-07-27,2022-01-05,1258
SIH26017-PRJ-000266,Industrial Corridor Project - Karimnagar (0266),Telangana,Karimnagar,Industrial Corridor,State Industrial Dev. Corp,Area,"RFCTLARR Act, 2013",4176.48,100,1982.66,Homestead-Residential,False,2024-07-29,2034-02-10,3483
SIH26017-PRJ-000267,Mining Project Project - Alwar (0267),Rajasthan,Alwar,Mining Project,State Mining Corp,Area,"Coal Bearing Areas Acquisition Act, 1957",864.7,28,4621.34,Forest,False,2024-07-18,2034-09-06,3702
SIH26017-PRJ-000268,National Highway Project - Bastar (0268),Chhattisgarh,Bastar,National Highway,NHAI,Linear,"National Highways Act, 1956",73.58,5,2207.8,Homestead-Residential,True,2016-12-17,2017-10-01,288
SIH26017-PRJ-000269,Power Transmission Line Project - Gaya (0269),Bihar,Gaya,Power Transmission Line,POWERGRID/State Transco,Linear,"RFCTLARR Act, 2013",66.94,4,1132.39,Homestead-Residential,False,2022-10-21,2024-04-09,536
SIH26017-PRJ-000270,Industrial Corridor Project - Howrah (0270),West Bengal,Howrah,Industrial Corridor,State Industrial Dev. Corp,Area,"RFCTLARR Act, 2013",3164.32,87,16439.92,Agricultural,False,2021-08-09,2024-07-25,1081
SIH26017-PRJ-000271,State Highway Project - Bengaluru Rural (0271),Karnataka,Bengaluru Rural,State Highway,State PWD,Linear,"RFCTLARR Act, 2013",64.23,5,1783.92,Agricultural,False,2017-01-26,2022-03-06,1865
SIH26017-PRJ-000272,Power Transmission Line Project - Ballari (0272),Karnataka,Ballari,Power Transmission Line,POWERGRID/State Transco,Linear,"RFCTLARR Act, 2013",65.08,5,828.98,Agricultural,False,2018-03-17,2023-09-03,1996
SIH26017-PRJ-000273,Urban Water Supply/Sewerage Project - Ahmedabad (0273),Gujarat,Ahmedabad,Urban Water Supply/Sewerage,State Water/Municipal Board,Point,"RFCTLARR Act, 2013",39.39,3,1748.62,Mixed,False,2022-05-24,2025-09-24,1219
SIH26017-PRJ-000274,Industrial Corridor Project - Belagavi (0274),Karnataka,Belagavi,Industrial Corridor,State Industrial Dev. Corp,Area,"RFCTLARR Act, 2013",1082.31,33,9246.5,Homestead-Residential,False,2017-03-20,2029-09-21,4568
SIH26017-PRJ-000275,Irrigation Canal/Dam Project - Cuttack (0275),Odisha,Cuttack,Irrigation Canal/Dam,State Irrigation Dept,Linear,"RFCTLARR Act, 2013",858.73,30,1541.78,Agricultural,False,2016-05-13,2018-05-10,727
SIH26017-PRJ-000276,Railway Line/Doubling Project - Durg (0276),Chhattisgarh,Durg,Railway Line/Doubling,Indian Railways,Linear,"Railways Act, 1989",293.48,7,8813.94,Agricultural,False,2021-04-09,2028-08-22,2692
SIH26017-PRJ-000277,Renewable Energy Park Project - Karimnagar (0277),Telangana,Karimnagar,Renewable Energy Park,State Renewable Energy Agency,Area,"RFCTLARR Act, 2013",2403.13,66,4686.44,Forest,False,2022-09-09,2025-07-10,1035
SIH26017-PRJ-000278,State Highway Project - Surat (0278),Gujarat,Surat,State Highway,State PWD,Linear,"RFCTLARR Act, 2013",107.59,6,1588.97,Agricultural,False,2017-02-19,2022-09-26,2045
SIH26017-PRJ-000279,Mining Project Project - Ranchi (0279),Jharkhand,Ranchi,Mining Project,State Mining Corp,Area,"Coal Bearing Areas Acquisition Act, 1957",718.79,25,3812.7,Mixed,False,2017-06-02,2023-01-10,2048
SIH26017-PRJ-000280,Urban Water Supply/Sewerage Project - Nagpur (0280),Maharashtra,Nagpur,Urban Water Supply/Sewerage,State Water/Municipal Board,Point,"RFCTLARR Act, 2013",7.56,6,729.09,Homestead-Residential,False,2021-02-05,2023-09-21,958
SIH26017-PRJ-000281,Special Economic Zone Project - Kamrup (0281),Assam,Kamrup,Special Economic Zone,State SEZ Authority,Area,"RFCTLARR Act, 2013",2874.1,82,3971.75,Homestead-Residential,False,2024-07-05,2034-11-16,3786
SIH26017-PRJ-000282,Renewable Energy Park Project - Cuttack (0282),Odisha,Cuttack,Renewable Energy Park,State Renewable Energy Agency,Area,"RFCTLARR Act, 2013",1376.69,45,9108.63,Mixed,False,2020-07-23,2022-03-12,597
SIH26017-PRJ-000283,Power Transmission Line Project - Muzaffarpur (0283),Bihar,Muzaffarpur,Power Transmission Line,POWERGRID/State Transco,Linear,"RFCTLARR Act, 2013",114.34,3,1331.7,Mixed,False,2022-10-24,2023-05-19,207
SIH26017-PRJ-000284,National Highway Project - Kalahandi (0284),Odisha,Kalahandi,National Highway,NHAI,Linear,"National Highways Act, 1956",112.11,4,473.47,Agricultural,False,2018-10-07,2021-02-08,855
SIH26017-PRJ-000285,State Highway Project - Muzaffarpur (0285),Bihar,Muzaffarpur,State Highway,State PWD,Linear,"RFCTLARR Act, 2013",187.59,7,923.06,Agricultural,False,2023-04-24,2025-05-02,739
SIH26017-PRJ-000286,Mining Project Project - Jabalpur (0286),Madhya Pradesh,Jabalpur,Mining Project,State Mining Corp,Area,"Coal Bearing Areas Acquisition Act, 1957",71.06,7,6135.63,Forest,False,2015-03-03,2016-11-25,633
SIH26017-PRJ-000287,Mining Project Project - Gautam Buddh Nagar (0287),Uttar Pradesh,Gautam Buddh Nagar,Mining Project,State Mining Corp,Area,"Coal Bearing Areas Acquisition Act, 1957",1505.04,34,6921.85,Government-Wasteland,False,2018-08-02,2024-12-16,2328
SIH26017-PRJ-000288,Special Economic Zone Project - Jaipur (0288),Rajasthan,Jaipur,Special Economic Zone,State SEZ Authority,Area,"RFCTLARR Act, 2013",1378.44,38,9328.02,Forest,False,2015-12-02,2016-06-18,199
SIH26017-PRJ-000289,State Highway Project - Rajkot (0289),Gujarat,Rajkot,State Highway,State PWD,Linear,"RFCTLARR Act, 2013",115.19,5,516.46,Agricultural,False,2019-04-23,2022-06-26,1160
SIH26017-PRJ-000290,Irrigation Canal/Dam Project - Ernakulam (0290),Kerala,Ernakulam,Irrigation Canal/Dam,State Irrigation Dept,Linear,"RFCTLARR Act, 2013",1849.48,55,4314.57,Agricultural,False,2016-03-25,2024-05-05,2963
SIH26017-PRJ-000291,Urban Water Supply/Sewerage Project - Vadodara (0291),Gujarat,Vadodara,Urban Water Supply/Sewerage,State Water/Municipal Board,Point,"RFCTLARR Act, 2013",54.99,3,1077.26,Government-Wasteland,False,2016-07-23,2020-07-09,1447
SIH26017-PRJ-000292,Mining Project Project - Belagavi (0292),Karnataka,Belagavi,Mining Project,State Mining Corp,Area,"Coal Bearing Areas Acquisition Act, 1957",149.73,3,3366.59,Forest,True,2020-12-26,2021-05-31,156
SIH26017-PRJ-000293,Mining Project Project - Karimnagar (0293),Telangana,Karimnagar,Mining Project,State Mining Corp,Area,"Coal Bearing Areas Acquisition Act, 1957",298.11,10,6944.67,Government-Wasteland,False,2021-04-25,2024-05-28,1129
SIH26017-PRJ-000294,State Highway Project - Jodhpur (0294),Rajasthan,Jodhpur,State Highway,State PWD,Linear,"RFCTLARR Act, 2013",141.82,6,1396.81,Mixed,False,2017-01-29,2020-12-02,1403
SIH26017-PRJ-000295,Special Economic Zone Project - Lucknow (0295),Uttar Pradesh,Lucknow,Special Economic Zone,State SEZ Authority,Area,"RFCTLARR Act, 2013",2430.88,55,12039.26,Agricultural,False,2022-03-24,2023-12-18,634
SIH26017-PRJ-000296,Power Transmission Line Project - Ernakulam (0296),Kerala,Ernakulam,Power Transmission Line,POWERGRID/State Transco,Linear,"RFCTLARR Act, 2013",20.97,2,712.02,Agricultural,False,2018-06-14,2020-12-01,901
SIH26017-PRJ-000297,Irrigation Canal/Dam Project - Warangal (0297),Telangana,Warangal,Irrigation Canal/Dam,State Irrigation Dept,Linear,"RFCTLARR Act, 2013",1215.3,33,3327.9,Agricultural,False,2021-04-06,2021-08-13,129
SIH26017-PRJ-000298,Industrial Corridor Project - Raipur (0298),Chhattisgarh,Raipur,Industrial Corridor,State Industrial Dev. Corp,Area,"RFCTLARR Act, 2013",2512.19,58,14466.56,Homestead-Residential,False,2020-07-26,2025-04-16,1725
SIH26017-PRJ-000299,Power Transmission Line Project - Bengaluru Rural (0299),Karnataka,Bengaluru Rural,Power Transmission Line,POWERGRID/State Transco,Linear,"RFCTLARR Act, 2013",78.42,9,376.41,Homestead-Residential,False,2020-12-12,2023-02-17,797
SIH26017-PRJ-000300,Urban Water Supply/Sewerage Project - Bastar (0300),Chhattisgarh,Bastar,Urban Water Supply/Sewerage,State Water/Municipal Board,Point,"RFCTLARR Act, 2013",58.36,4,992.27,Agricultural,False,2015-10-12,2018-05-22,953
SIH26017-PRJ-000301,Power Transmission Line Project - Sundargarh (0301),Odisha,Sundargarh,Power Transmission Line,POWERGRID/State Transco,Linear,"RFCTLARR Act, 2013",123.48,7,398.46,Government-Wasteland,False,2018-01-13,2021-09-04,1330
SIH26017-PRJ-000302,National Highway Project - Lucknow (0302),Uttar Pradesh,Lucknow,National Highway,NHAI,Linear,"National Highways Act, 1956",362.8,20,5889.77,Agricultural,True,2018-12-21,2024-01-08,1844
SIH26017-PRJ-000303,Urban Water Supply/Sewerage Project - Varanasi (0303),Uttar Pradesh,Varanasi,Urban Water Supply/Sewerage,State Water/Municipal Board,Point,"RFCTLARR Act, 2013",20.55,2,356.29,Homestead-Residential,False,2022-05-12,2025-01-15,979
SIH26017-PRJ-000304,Power Transmission Line Project - Muzaffarpur (0304),Bihar,Muzaffarpur,Power Transmission Line,POWERGRID/State Transco,Linear,"RFCTLARR Act, 2013",120.23,4,1366.94,Government-Wasteland,False,2021-10-29,2023-03-28,515
SIH26017-PRJ-000305,National Highway Project - Paschimi Singhbhum (0305),Jharkhand,Paschimi Singhbhum,National Highway,NHAI,Linear,"National Highways Act, 1956",268.4,9,2233.0,Agricultural,True,2020-07-25,2028-05-05,2841
SIH26017-PRJ-000306,Urban Water Supply/Sewerage Project - Ballari (0306),Karnataka,Ballari,Urban Water Supply/Sewerage,State Water/Municipal Board,Point,"RFCTLARR Act, 2013",8.02,5,1237.37,Agricultural,False,2019-12-07,2021-11-24,718
SIH26017-PRJ-000307,Urban Water Supply/Sewerage Project - Indore (0307),Madhya Pradesh,Indore,Urban Water Supply/Sewerage,State Water/Municipal Board,Point,"RFCTLARR Act, 2013",14.87,3,2164.17,Government-Wasteland,False,2018-04-02,2020-09-29,911
SIH26017-PRJ-000308,National Highway Project - Gautam Buddh Nagar (0308),Uttar Pradesh,Gautam Buddh Nagar,National Highway,NHAI,Linear,"National Highways Act, 1956",340.86,5,2724.41,Agricultural,False,2020-10-07,2022-11-30,784
SIH26017-PRJ-000309,Power Transmission Line Project - Gaya (0309),Bihar,Gaya,Power Transmission Line,POWERGRID/State Transco,Linear,"RFCTLARR Act, 2013",31.87,5,1260.31,Homestead-Residential,False,2019-12-08,2022-01-04,758
SIH26017-PRJ-000310,National Highway Project - Raipur (0310),Chhattisgarh,Raipur,National Highway,NHAI,Linear,"National Highways Act, 1956",238.57,8,3655.21,Government-Wasteland,False,2016-08-18,2017-10-10,418
SIH26017-PRJ-000311,Renewable Energy Park Project - Madurai (0311),Tamil Nadu,Madurai,Renewable Energy Park,State Renewable Energy Agency,Area,"RFCTLARR Act, 2013",967.57,20,4628.11,Agricultural,False,2022-06-23,2023-06-02,344
SIH26017-PRJ-000312,Renewable Energy Park Project - Bastar (0312),Chhattisgarh,Bastar,Renewable Energy Park,State Renewable Energy Agency,Area,"RFCTLARR Act, 2013",1069.52,32,4996.34,Forest,True,2019-06-18,2020-11-19,520
SIH26017-PRJ-000313,Urban Metro Rail Project - Sundargarh (0313),Odisha,Sundargarh,Urban Metro Rail,State Metro Rail Corp,Linear,"RFCTLARR Act, 2013",36.91,8,12504.11,Homestead-Residential,False,2024-01-22,2031-02-05,2571
SIH26017-PRJ-000314,Airport Expansion Project - Kalahandi (0314),Odisha,Kalahandi,Airport Expansion,Airports Authority of India,Point,"RFCTLARR Act, 2013",182.48,7,7663.41,Mixed,False,2024-09-18,2030-02-17,1978
SIH26017-PRJ-000315,State Highway Project - Alwar (0315),Rajasthan,Alwar,State Highway,State PWD,Linear,"RFCTLARR Act, 2013",97.69,9,225.35,Agricultural,False,2017-07-03,2023-02-12,2050
SIH26017-PRJ-000316,Renewable Energy Park Project - Belagavi (0316),Karnataka,Belagavi,Renewable Energy Park,State Renewable Energy Agency,Area,"RFCTLARR Act, 2013",2023.11,51,308.52,Forest,False,2020-03-20,2025-03-28,1834
SIH26017-PRJ-000317,Urban Metro Rail Project - Jabalpur (0317),Madhya Pradesh,Jabalpur,Urban Metro Rail,State Metro Rail Corp,Linear,"RFCTLARR Act, 2013",72.37,5,10106.18,Agricultural,False,2015-09-24,2018-07-06,1016
SIH26017-PRJ-000318,National Highway Project - Rajkot (0318),Gujarat,Rajkot,National Highway,NHAI,Linear,"National Highways Act, 1956",131.2,2,3557.11,Government-Wasteland,False,2023-06-24,2026-12-23,1278
SIH26017-PRJ-000319,Renewable Energy Park Project - Udaipur (0319),Rajasthan,Udaipur,Renewable Energy Park,State Renewable Energy Agency,Area,"RFCTLARR Act, 2013",2785.51,60,2591.94,Agricultural,False,2019-02-24,2029-01-01,3599
SIH26017-PRJ-000320,Railway Line/Doubling Project - Ahmedabad (0320),Gujarat,Ahmedabad,Railway Line/Doubling,Indian Railways,Linear,"Railways Act, 1989",349.28,15,5579.83,Homestead-Residential,False,2019-06-16,2029-04-03,3579
SIH26017-PRJ-000321,Airport Expansion Project - Dibrugarh (0321),Assam,Dibrugarh,Airport Expansion,Airports Authority of India,Point,"RFCTLARR Act, 2013",982.1,23,8471.68,Agricultural,False,2022-05-04,2031-08-03,3378
SIH26017-PRJ-000322,National Highway Project - Ballari (0322),Karnataka,Ballari,National Highway,NHAI,Linear,"National Highways Act, 1956",168.49,10,1765.17,Agricultural,False,2021-03-26,2023-08-05,862
SIH26017-PRJ-000323,Power Transmission Line Project - Udaipur (0323),Rajasthan,Udaipur,Power Transmission Line,POWERGRID/State Transco,Linear,"RFCTLARR Act, 2013",127.65,2,1349.13,Homestead-Residential,False,2019-02-28,2022-01-28,1065
SIH26017-PRJ-000324,Railway Line/Doubling Project - Purba Bardhaman (0324),West Bengal,Purba Bardhaman,Railway Line/Doubling,Indian Railways,Linear,"Railways Act, 1989",452.41,24,4060.79,Forest,False,2021-10-14,2025-07-10,1365
SIH26017-PRJ-000325,Renewable Energy Park Project - Gaya (0325),Bihar,Gaya,Renewable Energy Park,State Renewable Energy Agency,Area,"RFCTLARR Act, 2013",1605.49,39,2567.67,Agricultural,False,2024-09-11,2028-08-25,1444
SIH26017-PRJ-000326,Industrial Corridor Project - Vadodara (0326),Gujarat,Vadodara,Industrial Corridor,State Industrial Dev. Corp,Area,"RFCTLARR Act, 2013",603.42,21,18085.06,Government-Wasteland,False,2017-11-17,2023-01-19,1889
SIH26017-PRJ-000327,National Highway Project - Agra (0327),Uttar Pradesh,Agra,National Highway,NHAI,Linear,"National Highways Act, 1956",288.05,9,1731.23,Agricultural,True,2023-10-05,2025-12-21,808
SIH26017-PRJ-000328,Urban Water Supply/Sewerage Project - Coimbatore (0328),Tamil Nadu,Coimbatore,Urban Water Supply/Sewerage,State Water/Municipal Board,Point,"RFCTLARR Act, 2013",59.68,3,1692.1,Agricultural,False,2019-04-19,2026-08-06,2666
SIH26017-PRJ-000329,Special Economic Zone Project - Kolkata (0329),West Bengal,Kolkata,Special Economic Zone,State SEZ Authority,Area,"RFCTLARR Act, 2013",2372.76,69,1222.47,Forest,False,2020-05-30,2029-07-31,3349
SIH26017-PRJ-000330,National Highway Project - Bastar (0330),Chhattisgarh,Bastar,National Highway,NHAI,Linear,"National Highways Act, 1956",31.9,4,5183.86,Agricultural,False,2020-03-26,2025-10-30,2044
SIH26017-PRJ-000331,National Highway Project - Sundargarh (0331),Odisha,Sundargarh,National Highway,NHAI,Linear,"National Highways Act, 1956",340.64,10,3014.82,Agricultural,True,2015-07-05,2022-06-05,2527
SIH26017-PRJ-000332,Power Transmission Line Project - Purba Bardhaman (0332),West Bengal,Purba Bardhaman,Power Transmission Line,POWERGRID/State Transco,Linear,"RFCTLARR Act, 2013",74.92,7,277.2,Agricultural,False,2022-10-09,2025-04-30,934
SIH26017-PRJ-000333,National Highway Project - Kalahandi (0333),Odisha,Kalahandi,National Highway,NHAI,Linear,"National Highways Act, 1956",361.84,13,3210.37,Forest,False,2018-05-01,2019-03-19,322
SIH26017-PRJ-000334,National Highway Project - Patna (0334),Bihar,Patna,National Highway,NHAI,Linear,"National Highways Act, 1956",354.15,8,3960.18,Forest,False,2022-06-25,2023-04-10,289
SIH26017-PRJ-000335,Mining Project Project - Vadodara (0335),Gujarat,Vadodara,Mining Project,State Mining Corp,Area,"Coal Bearing Areas Acquisition Act, 1957",1989.01,43,3980.32,Mixed,False,2022-07-31,2030-05-29,2859
SIH26017-PRJ-000336,State Highway Project - Indore (0336),Madhya Pradesh,Indore,State Highway,State PWD,Linear,"RFCTLARR Act, 2013",194.48,5,1981.84,Government-Wasteland,True,2019-08-17,2021-04-25,617
SIH26017-PRJ-000337,Power Transmission Line Project - Raipur (0337),Chhattisgarh,Raipur,Power Transmission Line,POWERGRID/State Transco,Linear,"RFCTLARR Act, 2013",7.28,3,778.61,Agricultural,False,2022-12-06,2027-07-19,1686
SIH26017-PRJ-000338,Power Transmission Line Project - Durg (0338),Chhattisgarh,Durg,Power Transmission Line,POWERGRID/State Transco,Linear,"RFCTLARR Act, 2013",147.27,8,787.99,Agricultural,False,2015-12-28,2018-06-15,900
SIH26017-PRJ-000339,Irrigation Canal/Dam Project - Purulia (0339),West Bengal,Purulia,Irrigation Canal/Dam,State Irrigation Dept,Linear,"RFCTLARR Act, 2013",1283.91,42,1437.6,Forest,True,2016-05-29,2023-04-12,2509
SIH26017-PRJ-000340,Railway Line/Doubling Project - Sundargarh (0340),Odisha,Sundargarh,Railway Line/Doubling,Indian Railways,Linear,"Railways Act, 1989",277.96,8,5916.26,Mixed,False,2015-12-16,2023-02-06,2609
SIH26017-PRJ-000341,Railway Line/Doubling Project - Kalahandi (0341),Odisha,Kalahandi,Railway Line/Doubling,Indian Railways,Linear,"Railways Act, 1989",281.89,12,6786.45,Agricultural,True,2023-07-28,2027-08-11,1475
SIH26017-PRJ-000342,Urban Water Supply/Sewerage Project - Nashik (0342),Maharashtra,Nashik,Urban Water Supply/Sewerage,State Water/Municipal Board,Point,"RFCTLARR Act, 2013",51.3,3,1260.39,Mixed,False,2017-07-15,2018-11-11,484
SIH26017-PRJ-000343,Railway Line/Doubling Project - Chennai (0343),Tamil Nadu,Chennai,Railway Line/Doubling,Indian Railways,Linear,"Railways Act, 1989",71.83,3,4863.22,Forest,False,2023-06-09,2029-06-29,2212
SIH26017-PRJ-000344,National Highway Project - Jabalpur (0344),Madhya Pradesh,Jabalpur,National Highway,NHAI,Linear,"National Highways Act, 1956",145.77,3,1340.8,Mixed,False,2019-11-27,2021-04-10,500
SIH26017-PRJ-000345,National Highway Project - Chennai (0345),Tamil Nadu,Chennai,National Highway,NHAI,Linear,"National Highways Act, 1956",227.6,9,1536.52,Agricultural,False,2020-10-07,2024-05-25,1326
SIH26017-PRJ-000346,Industrial Corridor Project - Bengaluru Rural (0346),Karnataka,Bengaluru Rural,Industrial Corridor,State Industrial Dev. Corp,Area,"RFCTLARR Act, 2013",3915.04,93,19354.81,Mixed,False,2020-09-15,2029-01-07,3036
SIH26017-PRJ-000347,Irrigation Canal/Dam Project - Jabalpur (0347),Madhya Pradesh,Jabalpur,Irrigation Canal/Dam,State Irrigation Dept,Linear,"RFCTLARR Act, 2013",938.11,32,866.66,Forest,False,2019-02-12,2022-04-23,1166
SIH26017-PRJ-000348,State Highway Project - Dhanbad (0348),Jharkhand,Dhanbad,State Highway,State PWD,Linear,"RFCTLARR Act, 2013",55.99,4,1684.43,Agricultural,False,2023-07-15,2026-08-29,1141
SIH26017-PRJ-000349,Power Transmission Line Project - Gaya (0349),Bihar,Gaya,Power Transmission Line,POWERGRID/State Transco,Linear,"RFCTLARR Act, 2013",91.4,1,666.56,Forest,False,2020-09-09,2022-09-17,738
SIH26017-PRJ-000350,State Highway Project - Belagavi (0350),Karnataka,Belagavi,State Highway,State PWD,Linear,"RFCTLARR Act, 2013",88.71,6,194.73,Agricultural,False,2019-06-09,2021-06-11,733
SIH26017-PRJ-000351,Mining Project Project - Ballari (0351),Karnataka,Ballari,Mining Project,State Mining Corp,Area,"Coal Bearing Areas Acquisition Act, 1957",1742.89,49,7141.02,Homestead-Residential,False,2021-08-02,2031-04-27,3555
SIH26017-PRJ-000352,Industrial Corridor Project - Rajkot (0352),Gujarat,Rajkot,Industrial Corridor,State Industrial Dev. Corp,Area,"RFCTLARR Act, 2013",2520.1,61,3827.34,Mixed,False,2023-09-12,2025-04-26,592
SIH26017-PRJ-000353,Airport Expansion Project - Pune (0353),Maharashtra,Pune,Airport Expansion,Airports Authority of India,Point,"RFCTLARR Act, 2013",1076.97,28,16957.61,Homestead-Residential,False,2024-05-18,2032-12-04,3122
SIH26017-PRJ-000354,Urban Metro Rail Project - Kamrup (0354),Assam,Kamrup,Urban Metro Rail,State Metro Rail Corp,Linear,"RFCTLARR Act, 2013",36.15,7,9545.87,Government-Wasteland,False,2024-08-22,2028-05-26,1373
SIH26017-PRJ-000355,Industrial Corridor Project - Nashik (0355),Maharashtra,Nashik,Industrial Corridor,State Industrial Dev. Corp,Area,"RFCTLARR Act, 2013",1286.17,32,2698.31,Homestead-Residential,False,2023-04-15,2028-08-08,1942
SIH26017-PRJ-000356,Urban Metro Rail Project - Alwar (0356),Rajasthan,Alwar,Urban Metro Rail,State Metro Rail Corp,Linear,"RFCTLARR Act, 2013",70.24,3,10492.92,Homestead-Residential,False,2022-11-30,2027-04-12,1594
SIH26017-PRJ-000357,Industrial Corridor Project - Thiruvananthapuram (0357),Kerala,Thiruvananthapuram,Industrial Corridor,State Industrial Dev. Corp,Area,"RFCTLARR Act, 2013",3608.02,102,8234.67,Agricultural,False,2018-09-26,2019-03-19,174
SIH26017-PRJ-000358,Airport Expansion Project - Durg (0358),Chhattisgarh,Durg,Airport Expansion,Airports Authority of India,Point,"RFCTLARR Act, 2013",1339.8,33,996.76,Homestead-Residential,False,2020-09-04,2022-03-30,572
SIH26017-PRJ-000359,Irrigation Canal/Dam Project - Hyderabad (0359),Telangana,Hyderabad,Irrigation Canal/Dam,State Irrigation Dept,Linear,"RFCTLARR Act, 2013",1765.42,50,502.97,Homestead-Residential,False,2018-08-11,2025-06-04,2489
SIH26017-PRJ-000360,National Highway Project - Paschimi Singhbhum (0360),Jharkhand,Paschimi Singhbhum,National Highway,NHAI,Linear,"National Highways Act, 1956",369.85,11,5549.73,Homestead-Residential,True,2015-05-07,2024-01-18,3178
SIH26017-PRJ-000361,Urban Water Supply/Sewerage Project - Tiruchirappalli (0361),Tamil Nadu,Tiruchirappalli,Urban Water Supply/Sewerage,State Water/Municipal Board,Point,"RFCTLARR Act, 2013",23.23,8,1078.96,Mixed,False,2015-04-20,2018-04-28,1104
SIH26017-PRJ-000362,National Highway Project - Surat (0362),Gujarat,Surat,National Highway,NHAI,Linear,"National Highways Act, 1956",279.01,7,4828.34,Government-Wasteland,True,2018-07-15,2023-03-01,1690
SIH26017-PRJ-000363,Industrial Corridor Project - Bhopal (0363),Madhya Pradesh,Bhopal,Industrial Corridor,State Industrial Dev. Corp,Area,"RFCTLARR Act, 2013",522.99,10,3761.47,Agricultural,False,2018-03-23,2021-05-02,1136
SIH26017-PRJ-000364,Industrial Corridor Project - Dibrugarh (0364),Assam,Dibrugarh,Industrial Corridor,State Industrial Dev. Corp,Area,"RFCTLARR Act, 2013",1996.53,52,16722.72,Agricultural,False,2016-11-25,2027-03-23,3770
SIH26017-PRJ-000365,Railway Line/Doubling Project - Gautam Buddh Nagar (0365),Uttar Pradesh,Gautam Buddh Nagar,Railway Line/Doubling,Indian Railways,Linear,"Railways Act, 1989",573.84,20,3489.5,Homestead-Residential,False,2021-03-28,2024-01-21,1029
SIH26017-PRJ-000366,Urban Metro Rail Project - Madurai (0366),Tamil Nadu,Madurai,Urban Metro Rail,State Metro Rail Corp,Linear,"RFCTLARR Act, 2013",76.72,3,7322.32,Homestead-Residential,False,2017-11-29,2018-10-03,308
SIH26017-PRJ-000367,Industrial Corridor Project - Chhatrapati Sambhajinagar (0367),Maharashtra,Chhatrapati Sambhajinagar,Industrial Corridor,State Industrial Dev. Corp,Area,"RFCTLARR Act, 2013",4804.14,96,2424.77,Government-Wasteland,True,2022-01-25,2023-10-11,624
SIH26017-PRJ-000368,National Highway Project - Patna (0368),Bihar,Patna,National Highway,NHAI,Linear,"National Highways Act, 1956",332.95,11,371.88,Government-Wasteland,False,2015-11-22,2018-08-27,1009
SIH26017-PRJ-000369,Airport Expansion Project - Jaipur (0369),Rajasthan,Jaipur,Airport Expansion,Airports Authority of India,Point,"RFCTLARR Act, 2013",580.24,12,12277.61,Agricultural,False,2016-03-04,2019-07-22,1235
SIH26017-PRJ-000370,Irrigation Canal/Dam Project - Cuttack (0370),Odisha,Cuttack,Irrigation Canal/Dam,State Irrigation Dept,Linear,"RFCTLARR Act, 2013",74.28,5,525.28,Government-Wasteland,True,2015-02-23,2019-11-11,1722
SIH26017-PRJ-000371,Industrial Corridor Project - Sundargarh (0371),Odisha,Sundargarh,Industrial Corridor,State Industrial Dev. Corp,Area,"RFCTLARR Act, 2013",4931.38,115,11121.36,Agricultural,False,2020-02-24,2025-06-12,1935
SIH26017-PRJ-000372,National Highway Project - Kamrup (0372),Assam,Kamrup,National Highway,NHAI,Linear,"National Highways Act, 1956",177.53,5,4159.03,Government-Wasteland,False,2024-01-21,2030-11-14,2489
SIH26017-PRJ-000373,State Highway Project - Purba Bardhaman (0373),West Bengal,Purba Bardhaman,State Highway,State PWD,Linear,"RFCTLARR Act, 2013",75.68,7,758.13,Agricultural,False,2017-09-16,2019-11-26,801
SIH26017-PRJ-000374,Special Economic Zone Project - Agra (0374),Uttar Pradesh,Agra,Special Economic Zone,State SEZ Authority,Area,"RFCTLARR Act, 2013",595.75,19,10749.74,Agricultural,False,2019-02-03,2023-04-10,1527
SIH26017-PRJ-000375,Urban Water Supply/Sewerage Project - Sundargarh (0375),Odisha,Sundargarh,Urban Water Supply/Sewerage,State Water/Municipal Board,Point,"RFCTLARR Act, 2013",57.98,2,1319.45,Mixed,False,2017-10-10,2022-11-14,1861
SIH26017-PRJ-000376,National Highway Project - Indore (0376),Madhya Pradesh,Indore,National Highway,NHAI,Linear,"National Highways Act, 1956",218.38,3,3188.79,Government-Wasteland,False,2024-05-20,2026-04-11,691
SIH26017-PRJ-000377,Industrial Corridor Project - Tiruchirappalli (0377),Tamil Nadu,Tiruchirappalli,Industrial Corridor,State Industrial Dev. Corp,Area,"RFCTLARR Act, 2013",2942.17,86,10395.41,Mixed,False,2024-08-08,2028-12-09,1584
SIH26017-PRJ-000378,Renewable Energy Park Project - Chhindwara (0378),Madhya Pradesh,Chhindwara,Renewable Energy Park,State Renewable Energy Agency,Area,"RFCTLARR Act, 2013",2787.21,75,366.96,Forest,True,2017-12-17,2022-07-06,1662
SIH26017-PRJ-000379,Irrigation Canal/Dam Project - Kamrup (0379),Assam,Kamrup,Irrigation Canal/Dam,State Irrigation Dept,Linear,"RFCTLARR Act, 2013",115.89,5,2366.59,Forest,False,2019-05-27,2026-04-11,2511
SIH26017-PRJ-000380,Irrigation Canal/Dam Project - Ernakulam (0380),Kerala,Ernakulam,Irrigation Canal/Dam,State Irrigation Dept,Linear,"RFCTLARR Act, 2013",1470.44,44,4400.22,Homestead-Residential,False,2022-10-30,2027-02-23,1577
SIH26017-PRJ-000381,Renewable Energy Park Project - Cuttack (0381),Odisha,Cuttack,Renewable Energy Park,State Renewable Energy Agency,Area,"RFCTLARR Act, 2013",1171.52,31,8221.27,Forest,False,2015-03-19,2017-10-10,936
SIH26017-PRJ-000382,Irrigation Canal/Dam Project - Ranchi (0382),Jharkhand,Ranchi,Irrigation Canal/Dam,State Irrigation Dept,Linear,"RFCTLARR Act, 2013",1981.17,51,4547.29,Agricultural,False,2023-06-23,2030-05-27,2530
SIH26017-PRJ-000383,Railway Line/Doubling Project - Nashik (0383),Maharashtra,Nashik,Railway Line/Doubling,Indian Railways,Linear,"Railways Act, 1989",66.42,6,3734.78,Agricultural,False,2022-01-29,2023-10-16,625
SIH26017-PRJ-000384,State Highway Project - Karimnagar (0384),Telangana,Karimnagar,State Highway,State PWD,Linear,"RFCTLARR Act, 2013",32.91,6,190.46,Agricultural,False,2020-12-24,2023-06-06,894
SIH26017-PRJ-000385,Renewable Energy Park Project - Ernakulam (0385),Kerala,Ernakulam,Renewable Energy Park,State Renewable Energy Agency,Area,"RFCTLARR Act, 2013",2246.25,67,8265.91,Government-Wasteland,False,2016-05-23,2022-07-23,2252
SIH26017-PRJ-000386,Power Transmission Line Project - Karimnagar (0386),Telangana,Karimnagar,Power Transmission Line,POWERGRID/State Transco,Linear,"RFCTLARR Act, 2013",119.46,2,747.9,Forest,False,2021-04-20,2027-06-18,2250
SIH26017-PRJ-000387,National Highway Project - Dhanbad (0387),Jharkhand,Dhanbad,National Highway,NHAI,Linear,"National Highways Act, 1956",54.61,4,689.62,Agricultural,False,2023-02-14,2025-06-06,843
SIH26017-PRJ-000388,Mining Project Project - Udaipur (0388),Rajasthan,Udaipur,Mining Project,State Mining Corp,Area,"Coal Bearing Areas Acquisition Act, 1957",2295.53,70,4841.46,Agricultural,False,2016-07-08,2024-09-25,3001
SIH26017-PRJ-000389,Industrial Corridor Project - Sundargarh (0389),Odisha,Sundargarh,Industrial Corridor,State Industrial Dev. Corp,Area,"RFCTLARR Act, 2013",3726.04,111,10155.29,Forest,False,2024-05-11,2032-02-20,2841
SIH26017-PRJ-000390,National Highway Project - Hyderabad (0390),Telangana,Hyderabad,National Highway,NHAI,Linear,"National Highways Act, 1956",231.76,3,3660.38,Mixed,False,2022-07-18,2027-05-01,1748
SIH26017-PRJ-000391,Airport Expansion Project - Bengaluru Rural (0391),Karnataka,Bengaluru Rural,Airport Expansion,Airports Authority of India,Point,"RFCTLARR Act, 2013",797.63,25,12237.59,Homestead-Residential,False,2020-02-22,2021-07-24,518
SIH26017-PRJ-000392,Irrigation Canal/Dam Project - Ranchi (0392),Jharkhand,Ranchi,Irrigation Canal/Dam,State Irrigation Dept,Linear,"RFCTLARR Act, 2013",1533.43,47,1460.09,Government-Wasteland,False,2018-07-22,2018-12-04,135
SIH26017-PRJ-000393,State Highway Project - Kamrup (0393),Assam,Kamrup,State Highway,State PWD,Linear,"RFCTLARR Act, 2013",158.31,9,1189.66,Agricultural,False,2018-04-09,2022-05-12,1494
SIH26017-PRJ-000394,Mining Project Project - Kalahandi (0394),Odisha,Kalahandi,Mining Project,State Mining Corp,Area,"Coal Bearing Areas Acquisition Act, 1957",343.76,10,5670.64,Homestead-Residential,False,2016-03-27,2016-09-02,159
SIH26017-PRJ-000395,Urban Water Supply/Sewerage Project - Udaipur (0395),Rajasthan,Udaipur,Urban Water Supply/Sewerage,State Water/Municipal Board,Point,"RFCTLARR Act, 2013",51.84,3,1840.06,Mixed,False,2017-01-24,2020-12-27,1433
SIH26017-PRJ-000396,National Highway Project - Ahmedabad (0396),Gujarat,Ahmedabad,National Highway,NHAI,Linear,"National Highways Act, 1956",153.31,7,1211.71,Homestead-Residential,False,2015-08-20,2024-03-30,3145
SIH26017-PRJ-000397,Special Economic Zone Project - Chennai (0397),Tamil Nadu,Chennai,Special Economic Zone,State SEZ Authority,Area,"RFCTLARR Act, 2013",190.85,8,933.38,Government-Wasteland,False,2024-09-24,2027-03-01,888
SIH26017-PRJ-000398,Railway Line/Doubling Project - Indore (0398),Madhya Pradesh,Indore,Railway Line/Doubling,Indian Railways,Linear,"Railways Act, 1989",160.71,13,4488.23,Agricultural,False,2017-02-20,2019-03-07,745
SIH26017-PRJ-000399,Urban Water Supply/Sewerage Project - Belagavi (0399),Karnataka,Belagavi,Urban Water Supply/Sewerage,State Water/Municipal Board,Point,"RFCTLARR Act, 2013",33.88,3,1316.74,Homestead-Residential,False,2021-09-02,2026-02-17,1629
SIH26017-PRJ-000400,Special Economic Zone Project - Rajkot (0400),Gujarat,Rajkot,Special Economic Zone,State SEZ Authority,Area,"RFCTLARR Act, 2013",2040.6,53,2316.13,Government-Wasteland,False,2015-10-14,2027-06-27,4274
SIH26017-PRJ-000401,National Highway Project - Ernakulam (0401),Kerala,Ernakulam,National Highway,NHAI,Linear,"National Highways Act, 1956",38.81,4,4017.3,Government-Wasteland,False,2024-09-17,2027-12-24,1193
SIH26017-PRJ-000402,Power Transmission Line Project - Nashik (0402),Maharashtra,Nashik,Power Transmission Line,POWERGRID/State Transco,Linear,"RFCTLARR Act, 2013",108.36,7,275.56,Mixed,True,2020-02-04,2023-01-03,1064
SIH26017-PRJ-000403,Renewable Energy Park Project - Raipur (0403),Chhattisgarh,Raipur,Renewable Energy Park,State Renewable Energy Agency,Area,"RFCTLARR Act, 2013",827.98,18,6307.44,Mixed,False,2024-06-03,2031-09-28,2673
SIH26017-PRJ-000404,Power Transmission Line Project - Raipur (0404),Chhattisgarh,Raipur,Power Transmission Line,POWERGRID/State Transco,Linear,"RFCTLARR Act, 2013",109.15,7,705.54,Mixed,False,2018-09-21,2024-11-13,2245
SIH26017-PRJ-000405,Urban Metro Rail Project - Thiruvananthapuram (0405),Kerala,Thiruvananthapuram,Urban Metro Rail,State Metro Rail Corp,Linear,"RFCTLARR Act, 2013",90.47,5,7494.02,Agricultural,False,2017-11-13,2023-03-15,1948
SIH26017-PRJ-000406,Renewable Energy Park Project - Kalahandi (0406),Odisha,Kalahandi,Renewable Energy Park,State Renewable Energy Agency,Area,"RFCTLARR Act, 2013",2347.62,55,8233.34,Government-Wasteland,False,2019-01-26,2026-04-06,2627
SIH26017-PRJ-000407,Mining Project Project - Warangal (0407),Telangana,Warangal,Mining Project,State Mining Corp,Area,"Coal Bearing Areas Acquisition Act, 1957",1551.23,42,2088.53,Forest,False,2018-06-15,2020-08-31,808
SIH26017-PRJ-000408,Urban Water Supply/Sewerage Project - Rajkot (0408),Gujarat,Rajkot,Urban Water Supply/Sewerage,State Water/Municipal Board,Point,"RFCTLARR Act, 2013",27.58,4,2020.61,Homestead-Residential,False,2020-09-13,2026-07-04,2120
SIH26017-PRJ-000409,Irrigation Canal/Dam Project - Belagavi (0409),Karnataka,Belagavi,Irrigation Canal/Dam,State Irrigation Dept,Linear,"RFCTLARR Act, 2013",1482.88,39,1800.25,Agricultural,False,2021-11-16,2024-12-28,1138
SIH26017-PRJ-000410,Urban Metro Rail Project - Chennai (0410),Tamil Nadu,Chennai,Urban Metro Rail,State Metro Rail Corp,Linear,"RFCTLARR Act, 2013",97.15,4,13011.59,Homestead-Residential,False,2019-06-13,2023-12-20,1651
SIH26017-PRJ-000411,State Highway Project - Rajkot (0411),Gujarat,Rajkot,State Highway,State PWD,Linear,"RFCTLARR Act, 2013",190.12,7,1367.96,Agricultural,False,2021-12-06,2024-04-22,868
SIH26017-PRJ-000412,Urban Water Supply/Sewerage Project - Bhopal (0412),Madhya Pradesh,Bhopal,Urban Water Supply/Sewerage,State Water/Municipal Board,Point,"RFCTLARR Act, 2013",20.05,2,1460.52,Mixed,False,2016-10-30,2017-09-05,310
SIH26017-PRJ-000413,National Highway Project - Jabalpur (0413),Madhya Pradesh,Jabalpur,National Highway,NHAI,Linear,"National Highways Act, 1956",142.57,4,3146.37,Homestead-Residential,False,2023-06-26,2025-10-07,834
SIH26017-PRJ-000414,Renewable Energy Park Project - Kamrup (0414),Assam,Kamrup,Renewable Energy Park,State Renewable Energy Agency,Area,"RFCTLARR Act, 2013",1324.4,40,4287.95,Agricultural,False,2024-06-25,2028-03-27,1371
SIH26017-PRJ-000415,Industrial Corridor Project - Chennai (0415),Tamil Nadu,Chennai,Industrial Corridor,State Industrial Dev. Corp,Area,"RFCTLARR Act, 2013",4909.64,140,6926.79,Homestead-Residential,False,2020-02-18,2027-10-15,2796
SIH26017-PRJ-000416,Urban Water Supply/Sewerage Project - Warangal (0416),Telangana,Warangal,Urban Water Supply/Sewerage,State Water/Municipal Board,Point,"RFCTLARR Act, 2013",54.64,4,265.44,Homestead-Residential,True,2021-07-31,2026-01-05,1619
SIH26017-PRJ-000417,Power Transmission Line Project - Khordha (0417),Odisha,Khordha,Power Transmission Line,POWERGRID/State Transco,Linear,"RFCTLARR Act, 2013",13.29,2,127.25,Agricultural,False,2016-04-30,2018-02-02,643
SIH26017-PRJ-000418,National Highway Project - Agra (0418),Uttar Pradesh,Agra,National Highway,NHAI,Linear,"National Highways Act, 1956",291.81,13,152.3,Government-Wasteland,False,2019-05-20,2020-03-13,298
SIH26017-PRJ-000419,Urban Water Supply/Sewerage Project - Pune (0419),Maharashtra,Pune,Urban Water Supply/Sewerage,State Water/Municipal Board,Point,"RFCTLARR Act, 2013",41.17,5,648.06,Agricultural,False,2021-02-15,2024-01-26,1075
SIH26017-PRJ-000420,Urban Water Supply/Sewerage Project - Dibrugarh (0420),Assam,Dibrugarh,Urban Water Supply/Sewerage,State Water/Municipal Board,Point,"RFCTLARR Act, 2013",36.34,1,1561.23,Homestead-Residential,False,2022-11-22,2028-01-22,1887
SIH26017-PRJ-000421,National Highway Project - Purulia (0421),West Bengal,Purulia,National Highway,NHAI,Linear,"National Highways Act, 1956",98.58,7,5817.58,Mixed,False,2015-10-16,2017-12-30,806
SIH26017-PRJ-000422,Irrigation Canal/Dam Project - Udaipur (0422),Rajasthan,Udaipur,Irrigation Canal/Dam,State Irrigation Dept,Linear,"RFCTLARR Act, 2013",939.32,26,2365.52,Forest,False,2024-06-24,2029-12-30,2015
SIH26017-PRJ-000423,National Highway Project - Chhatrapati Sambhajinagar (0423),Maharashtra,Chhatrapati Sambhajinagar,National Highway,NHAI,Linear,"National Highways Act, 1956",156.13,7,189.21,Homestead-Residential,False,2017-10-19,2022-09-02,1779
SIH26017-PRJ-000424,National Highway Project - Belagavi (0424),Karnataka,Belagavi,National Highway,NHAI,Linear,"National Highways Act, 1956",243.02,9,4502.18,Agricultural,False,2015-08-29,2018-04-18,963
SIH26017-PRJ-000425,National Highway Project - Jaipur (0425),Rajasthan,Jaipur,National Highway,NHAI,Linear,"National Highways Act, 1956",75.61,3,2619.62,Agricultural,False,2016-09-28,2023-07-23,2489
SIH26017-PRJ-000426,National Highway Project - Kalahandi (0426),Odisha,Kalahandi,National Highway,NHAI,Linear,"National Highways Act, 1956",34.16,6,3215.53,Mixed,False,2023-01-29,2026-12-28,1429
SIH26017-PRJ-000427,Special Economic Zone Project - Lucknow (0427),Uttar Pradesh,Lucknow,Special Economic Zone,State SEZ Authority,Area,"RFCTLARR Act, 2013",804.27,38,11414.5,Homestead-Residential,False,2015-11-02,2016-03-04,123
SIH26017-PRJ-000428,Renewable Energy Park Project - Khordha (0428),Odisha,Khordha,Renewable Energy Park,State Renewable Energy Agency,Area,"RFCTLARR Act, 2013",1690.43,43,5094.93,Government-Wasteland,False,2015-04-01,2020-06-12,1899
SIH26017-PRJ-000429,Irrigation Canal/Dam Project - Gautam Buddh Nagar (0429),Uttar Pradesh,Gautam Buddh Nagar,Irrigation Canal/Dam,State Irrigation Dept,Linear,"RFCTLARR Act, 2013",1903.28,53,4831.35,Mixed,False,2016-10-02,2024-09-07,2897
SIH26017-PRJ-000430,Power Transmission Line Project - Thiruvananthapuram (0430),Kerala,Thiruvananthapuram,Power Transmission Line,POWERGRID/State Transco,Linear,"RFCTLARR Act, 2013",69.72,8,924.21,Agricultural,True,2019-02-17,2022-06-13,1212
SIH26017-PRJ-000431,Irrigation Canal/Dam Project - Bhopal (0431),Madhya Pradesh,Bhopal,Irrigation Canal/Dam,State Irrigation Dept,Linear,"RFCTLARR Act, 2013",1894.2,47,2329.13,Agricultural,False,2020-01-01,2025-08-01,2039
SIH26017-PRJ-000432,Special Economic Zone Project - Thiruvananthapuram (0432),Kerala,Thiruvananthapuram,Special Economic Zone,State SEZ Authority,Area,"RFCTLARR Act, 2013",1255.66,36,2741.09,Agricultural,False,2020-04-15,2023-01-26,1016
SIH26017-PRJ-000433,Airport Expansion Project - Dibrugarh (0433),Assam,Dibrugarh,Airport Expansion,Airports Authority of India,Point,"RFCTLARR Act, 2013",625.71,26,9723.59,Homestead-Residential,False,2020-12-03,2025-08-24,1725
SIH26017-PRJ-000434,Renewable Energy Park Project - Dhanbad (0434),Jharkhand,Dhanbad,Renewable Energy Park,State Renewable Energy Agency,Area,"RFCTLARR Act, 2013",2256.97,70,4819.2,Mixed,False,2015-03-26,2016-11-16,601
SIH26017-PRJ-000435,Railway Line/Doubling Project - Kamrup (0435),Assam,Kamrup,Railway Line/Doubling,Indian Railways,Linear,"Railways Act, 1989",326.14,14,1869.23,Mixed,False,2017-06-19,2025-06-11,2914
SIH26017-PRJ-000436,Urban Water Supply/Sewerage Project - Jabalpur (0436),Madhya Pradesh,Jabalpur,Urban Water Supply/Sewerage,State Water/Municipal Board,Point,"RFCTLARR Act, 2013",35.32,4,2346.16,Homestead-Residential,False,2018-09-16,2020-10-02,747
SIH26017-PRJ-000437,National Highway Project - Purulia (0437),West Bengal,Purulia,National Highway,NHAI,Linear,"National Highways Act, 1956",212.37,9,5389.5,Agricultural,False,2017-01-23,2020-07-27,1281
SIH26017-PRJ-000438,Mining Project Project - Paschimi Singhbhum (0438),Jharkhand,Paschimi Singhbhum,Mining Project,State Mining Corp,Area,"Coal Bearing Areas Acquisition Act, 1957",1497.65,49,4918.35,Homestead-Residential,False,2021-07-26,2026-07-17,1817
SIH26017-PRJ-000439,Railway Line/Doubling Project - Alwar (0439),Rajasthan,Alwar,Railway Line/Doubling,Indian Railways,Linear,"Railways Act, 1989",521.07,14,4489.4,Forest,False,2021-12-28,2029-03-13,2632
SIH26017-PRJ-000440,Mining Project Project - Agra (0440),Uttar Pradesh,Agra,Mining Project,State Mining Corp,Area,"Coal Bearing Areas Acquisition Act, 1957",2287.62,48,5512.48,Government-Wasteland,False,2021-11-17,2026-08-19,1736
SIH26017-PRJ-000441,Mining Project Project - Kamrup (0441),Assam,Kamrup,Mining Project,State Mining Corp,Area,"Coal Bearing Areas Acquisition Act, 1957",761.69,17,6418.34,Agricultural,False,2017-12-05,2024-09-04,2465
SIH26017-PRJ-000442,Power Transmission Line Project - Lucknow (0442),Uttar Pradesh,Lucknow,Power Transmission Line,POWERGRID/State Transco,Linear,"RFCTLARR Act, 2013",97.71,2,465.2,Agricultural,False,2019-02-24,2021-02-08,715
SIH26017-PRJ-000443,National Highway Project - Purba Bardhaman (0443),West Bengal,Purba Bardhaman,National Highway,NHAI,Linear,"National Highways Act, 1956",189.34,14,2132.46,Homestead-Residential,False,2016-12-07,2020-06-23,1294
SIH26017-PRJ-000444,Urban Water Supply/Sewerage Project - Dhanbad (0444),Jharkhand,Dhanbad,Urban Water Supply/Sewerage,State Water/Municipal Board,Point,"RFCTLARR Act, 2013",35.51,3,197.55,Homestead-Residential,False,2023-04-13,2025-08-18,858
SIH26017-PRJ-000445,National Highway Project - Bastar (0445),Chhattisgarh,Bastar,National Highway,NHAI,Linear,"National Highways Act, 1956",304.91,9,2241.35,Agricultural,True,2018-12-27,2024-09-23,2097
SIH26017-PRJ-000446,Power Transmission Line Project - Muzaffarpur (0446),Bihar,Muzaffarpur,Power Transmission Line,POWERGRID/State Transco,Linear,"RFCTLARR Act, 2013",65.4,7,428.33,Agricultural,False,2021-06-02,2023-03-10,646
SIH26017-PRJ-000447,Renewable Energy Park Project - Coimbatore (0447),Tamil Nadu,Coimbatore,Renewable Energy Park,State Renewable Energy Agency,Area,"RFCTLARR Act, 2013",1994.96,70,808.83,Agricultural,False,2021-08-02,2023-01-31,547
SIH26017-PRJ-000448,Renewable Energy Park Project - Chhatrapati Sambhajinagar (0448),Maharashtra,Chhatrapati Sambhajinagar,Renewable Energy Park,State Renewable Energy Agency,Area,"RFCTLARR Act, 2013",1253.84,33,5603.52,Agricultural,False,2021-11-07,2028-08-02,2460
SIH26017-PRJ-000449,State Highway Project - Gaya (0449),Bihar,Gaya,State Highway,State PWD,Linear,"RFCTLARR Act, 2013",141.54,5,62.93,Agricultural,False,2018-09-23,2020-12-27,826
SIH26017-PRJ-000450,Urban Water Supply/Sewerage Project - Chennai (0450),Tamil Nadu,Chennai,Urban Water Supply/Sewerage,State Water/Municipal Board,Point,"RFCTLARR Act, 2013",59.24,3,1442.99,Homestead-Residential,False,2021-10-02,2022-05-30,240
SIH26017-PRJ-000451,Special Economic Zone Project - Kolkata (0451),West Bengal,Kolkata,Special Economic Zone,State SEZ Authority,Area,"RFCTLARR Act, 2013",2909.54,83,10741.31,Agricultural,False,2018-04-07,2020-10-14,921
SIH26017-PRJ-000452,State Highway Project - Ballari (0452),Karnataka,Ballari,State Highway,State PWD,Linear,"RFCTLARR Act, 2013",107.09,7,1245.59,Government-Wasteland,False,2024-09-02,2026-10-16,774
SIH26017-PRJ-000453,State Highway Project - Dhanbad (0453),Jharkhand,Dhanbad,State Highway,State PWD,Linear,"RFCTLARR Act, 2013",35.37,5,1020.84,Forest,False,2016-04-10,2019-08-24,1231
SIH26017-PRJ-000454,Irrigation Canal/Dam Project - Muzaffarpur (0454),Bihar,Muzaffarpur,Irrigation Canal/Dam,State Irrigation Dept,Linear,"RFCTLARR Act, 2013",623.28,18,1139.75,Forest,False,2020-03-09,2021-10-03,573
SIH26017-PRJ-000455,Special Economic Zone Project - Paschimi Singhbhum (0455),Jharkhand,Paschimi Singhbhum,Special Economic Zone,State SEZ Authority,Area,"RFCTLARR Act, 2013",472.82,19,12011.41,Forest,True,2018-11-10,2025-08-07,2462
SIH26017-PRJ-000456,Power Transmission Line Project - Durg (0456),Chhattisgarh,Durg,Power Transmission Line,POWERGRID/State Transco,Linear,"RFCTLARR Act, 2013",7.18,1,842.88,Agricultural,False,2017-03-30,2020-05-29,1156
SIH26017-PRJ-000457,Renewable Energy Park Project - Purba Bardhaman (0457),West Bengal,Purba Bardhaman,Renewable Energy Park,State Renewable Energy Agency,Area,"RFCTLARR Act, 2013",705.2,24,1847.53,Forest,False,2021-01-19,2025-12-05,1781
SIH26017-PRJ-000458,State Highway Project - Paschimi Singhbhum (0458),Jharkhand,Paschimi Singhbhum,State Highway,State PWD,Linear,"RFCTLARR Act, 2013",102.07,6,673.57,Forest,False,2015-10-05,2024-12-27,3371
SIH26017-PRJ-000459,Irrigation Canal/Dam Project - Patna (0459),Bihar,Patna,Irrigation Canal/Dam,State Irrigation Dept,Linear,"RFCTLARR Act, 2013",365.51,14,1306.93,Mixed,False,2024-05-22,2027-11-26,1283
SIH26017-PRJ-000460,Urban Water Supply/Sewerage Project - Paschimi Singhbhum (0460),Jharkhand,Paschimi Singhbhum,Urban Water Supply/Sewerage,State Water/Municipal Board,Point,"RFCTLARR Act, 2013",2.74,4,2487.93,Mixed,False,2016-07-28,2019-06-17,1054
SIH26017-PRJ-000461,Railway Line/Doubling Project - Kamrup (0461),Assam,Kamrup,Railway Line/Doubling,Indian Railways,Linear,"Railways Act, 1989",159.18,5,603.25,Mixed,False,2022-11-14,2030-06-27,2782
SIH26017-PRJ-000462,Mining Project Project - Khordha (0462),Odisha,Khordha,Mining Project,State Mining Corp,Area,"Coal Bearing Areas Acquisition Act, 1957",596.09,17,3271.27,Agricultural,False,2023-01-16,2026-08-19,1311
SIH26017-PRJ-000463,Power Transmission Line Project - Bhopal (0463),Madhya Pradesh,Bhopal,Power Transmission Line,POWERGRID/State Transco,Linear,"RFCTLARR Act, 2013",75.81,6,213.17,Government-Wasteland,False,2023-02-26,2024-11-10,623
SIH26017-PRJ-000464,State Highway Project - Howrah (0464),West Bengal,Howrah,State Highway,State PWD,Linear,"RFCTLARR Act, 2013",124.39,7,1933.03,Government-Wasteland,False,2017-12-21,2020-12-28,1103
SIH26017-PRJ-000465,Industrial Corridor Project - Ernakulam (0465),Kerala,Ernakulam,Industrial Corridor,State Industrial Dev. Corp,Area,"RFCTLARR Act, 2013",1990.86,54,6472.52,Forest,False,2018-12-18,2020-05-31,530
SIH26017-PRJ-000466,State Highway Project - Raipur (0466),Chhattisgarh,Raipur,State Highway,State PWD,Linear,"RFCTLARR Act, 2013",173.46,6,451.69,Agricultural,False,2021-12-31,2026-05-17,1598
SIH26017-PRJ-000467,Mining Project Project - Dhanbad (0467),Jharkhand,Dhanbad,Mining Project,State Mining Corp,Area,"Coal Bearing Areas Acquisition Act, 1957",519.97,21,5176.75,Mixed,False,2021-07-15,2024-02-09,939
SIH26017-PRJ-000468,State Highway Project - Kamrup (0468),Assam,Kamrup,State Highway,State PWD,Linear,"RFCTLARR Act, 2013",63.14,3,863.71,Government-Wasteland,False,2019-04-08,2025-09-20,2357
SIH26017-PRJ-000469,State Highway Project - Tiruchirappalli (0469),Tamil Nadu,Tiruchirappalli,State Highway,State PWD,Linear,"RFCTLARR Act, 2013",47.43,3,1040.09,Mixed,False,2023-08-18,2026-11-19,1189
SIH26017-PRJ-000470,Airport Expansion Project - Nashik (0470),Maharashtra,Nashik,Airport Expansion,Airports Authority of India,Point,"RFCTLARR Act, 2013",1331.79,39,657.37,Mixed,True,2018-12-04,2022-06-18,1292
SIH26017-PRJ-000471,Power Transmission Line Project - Ernakulam (0471),Kerala,Ernakulam,Power Transmission Line,POWERGRID/State Transco,Linear,"RFCTLARR Act, 2013",102.54,4,993.29,Government-Wasteland,True,2024-06-28,2026-04-08,649
SIH26017-PRJ-000472,Urban Metro Rail Project - Varanasi (0472),Uttar Pradesh,Varanasi,Urban Metro Rail,State Metro Rail Corp,Linear,"RFCTLARR Act, 2013",117.92,7,10886.7,Government-Wasteland,False,2024-01-21,2026-04-26,826
SIH26017-PRJ-000473,Power Transmission Line Project - Chhindwara (0473),Madhya Pradesh,Chhindwara,Power Transmission Line,POWERGRID/State Transco,Linear,"RFCTLARR Act, 2013",77.76,5,339.83,Government-Wasteland,False,2020-05-29,2021-09-21,480
SIH26017-PRJ-000474,Urban Water Supply/Sewerage Project - Bhopal (0474),Madhya Pradesh,Bhopal,Urban Water Supply/Sewerage,State Water/Municipal Board,Point,"RFCTLARR Act, 2013",3.28,4,367.31,Mixed,False,2016-04-21,2018-03-29,707
SIH26017-PRJ-000475,Renewable Energy Park Project - Bastar (0475),Chhattisgarh,Bastar,Renewable Energy Park,State Renewable Energy Agency,Area,"RFCTLARR Act, 2013",2930.1,66,2548.01,Mixed,False,2018-05-02,2021-07-23,1178
SIH26017-PRJ-000476,Railway Line/Doubling Project - Kalahandi (0476),Odisha,Kalahandi,Railway Line/Doubling,Indian Railways,Linear,"Railways Act, 1989",575.93,24,8644.63,Forest,True,2020-01-15,2025-01-21,1833
SIH26017-PRJ-000477,State Highway Project - Surat (0477),Gujarat,Surat,State Highway,State PWD,Linear,"RFCTLARR Act, 2013",85.35,6,557.97,Forest,False,2017-03-23,2020-01-03,1016
SIH26017-PRJ-000478,Airport Expansion Project - Kolkata (0478),West Bengal,Kolkata,Airport Expansion,Airports Authority of India,Point,"RFCTLARR Act, 2013",1078.93,30,7650.27,Government-Wasteland,False,2015-09-01,2017-03-29,575
SIH26017-PRJ-000479,Urban Water Supply/Sewerage Project - Chhatrapati Sambhajinagar (0479),Maharashtra,Chhatrapati Sambhajinagar,Urban Water Supply/Sewerage,State Water/Municipal Board,Point,"RFCTLARR Act, 2013",57.8,3,684.87,Homestead-Residential,False,2024-01-03,2027-03-05,1157
SIH26017-PRJ-000480,Urban Water Supply/Sewerage Project - Ranchi (0480),Jharkhand,Ranchi,Urban Water Supply/Sewerage,State Water/Municipal Board,Point,"RFCTLARR Act, 2013",34.68,2,545.68,Mixed,True,2016-03-01,2019-06-29,1215
SIH26017-PRJ-000481,Industrial Corridor Project - Karimnagar (0481),Telangana,Karimnagar,Industrial Corridor,State Industrial Dev. Corp,Area,"RFCTLARR Act, 2013",1164.76,27,972.26,Homestead-Residential,False,2018-02-15,2022-09-01,1659
SIH26017-PRJ-000482,Irrigation Canal/Dam Project - Bhopal (0482),Madhya Pradesh,Bhopal,Irrigation Canal/Dam,State Irrigation Dept,Linear,"RFCTLARR Act, 2013",1348.57,34,413.27,Government-Wasteland,False,2018-12-22,2023-06-14,1635
SIH26017-PRJ-000483,Power Transmission Line Project - Dibrugarh (0483),Assam,Dibrugarh,Power Transmission Line,POWERGRID/State Transco,Linear,"RFCTLARR Act, 2013",83.31,4,1294.34,Agricultural,False,2016-03-26,2017-02-09,320
SIH26017-PRJ-000484,Renewable Energy Park Project - Alwar (0484),Rajasthan,Alwar,Renewable Energy Park,State Renewable Energy Agency,Area,"RFCTLARR Act, 2013",191.19,16,7617.0,Homestead-Residential,False,2016-07-13,2025-05-20,3233
SIH26017-PRJ-000485,Railway Line/Doubling Project - Gaya (0485),Bihar,Gaya,Railway Line/Doubling,Indian Railways,Linear,"Railways Act, 1989",273.45,9,8190.03,Homestead-Residential,False,2020-03-08,2024-04-05,1489
SIH26017-PRJ-000486,State Highway Project - Kamrup (0486),Assam,Kamrup,State Highway,State PWD,Linear,"RFCTLARR Act, 2013",194.32,3,135.97,Agricultural,False,2023-04-24,2029-07-03,2262
SIH26017-PRJ-000487,Airport Expansion Project - Varanasi (0487),Uttar Pradesh,Varanasi,Airport Expansion,Airports Authority of India,Point,"RFCTLARR Act, 2013",1200.85,33,4678.0,Homestead-Residential,False,2018-03-09,2022-02-10,1434
SIH26017-PRJ-000488,State Highway Project - Khordha (0488),Odisha,Khordha,State Highway,State PWD,Linear,"RFCTLARR Act, 2013",132.26,5,1914.24,Agricultural,False,2017-06-27,2021-11-25,1612
SIH26017-PRJ-000489,Renewable Energy Park Project - Chennai (0489),Tamil Nadu,Chennai,Renewable Energy Park,State Renewable Energy Agency,Area,"RFCTLARR Act, 2013",544.26,19,2488.49,Homestead-Residential,False,2022-01-31,2025-07-09,1255
SIH26017-PRJ-000490,Urban Metro Rail Project - Coimbatore (0490),Tamil Nadu,Coimbatore,Urban Metro Rail,State Metro Rail Corp,Linear,"RFCTLARR Act, 2013",113.48,4,2001.63,Homestead-Residential,False,2015-05-25,2015-10-29,157
SIH26017-PRJ-000491,Renewable Energy Park Project - Patna (0491),Bihar,Patna,Renewable Energy Park,State Renewable Energy Agency,Area,"RFCTLARR Act, 2013",326.48,16,2275.5,Agricultural,True,2023-08-02,2028-02-23,1666
SIH26017-PRJ-000492,National Highway Project - Kalahandi (0492),Odisha,Kalahandi,National Highway,NHAI,Linear,"National Highways Act, 1956",214.45,10,1327.29,Agricultural,False,2016-04-26,2017-04-19,358
SIH26017-PRJ-000493,National Highway Project - Tiruchirappalli (0493),Tamil Nadu,Tiruchirappalli,National Highway,NHAI,Linear,"National Highways Act, 1956",325.37,8,1957.8,Government-Wasteland,False,2018-11-17,2023-01-08,1513
SIH26017-PRJ-000494,National Highway Project - Kalahandi (0494),Odisha,Kalahandi,National Highway,NHAI,Linear,"National Highways Act, 1956",358.83,12,4287.94,Agricultural,False,2024-01-17,2027-07-13,1273
SIH26017-PRJ-000495,State Highway Project - Kamrup (0495),Assam,Kamrup,State Highway,State PWD,Linear,"RFCTLARR Act, 2013",34.64,9,370.53,Agricultural,False,2015-07-23,2021-12-26,2348
SIH26017-PRJ-000496,Irrigation Canal/Dam Project - Purulia (0496),West Bengal,Purulia,Irrigation Canal/Dam,State Irrigation Dept,Linear,"RFCTLARR Act, 2013",1637.41,53,2102.04,Homestead-Residential,False,2018-09-20,2025-08-31,2537
SIH26017-PRJ-000497,Mining Project Project - Bastar (0497),Chhattisgarh,Bastar,Mining Project,State Mining Corp,Area,"Coal Bearing Areas Acquisition Act, 1957",1143.86,31,7188.52,Mixed,False,2022-08-10,2032-01-07,3437
SIH26017-PRJ-000498,National Highway Project - Gautam Buddh Nagar (0498),Uttar Pradesh,Gautam Buddh Nagar,National Highway,NHAI,Linear,"National Highways Act, 1956",142.47,11,5010.43,Agricultural,False,2018-06-24,2022-08-28,1526
SIH26017-PRJ-000499,Power Transmission Line Project - Howrah (0499),West Bengal,Howrah,Power Transmission Line,POWERGRID/State Transco,Linear,"RFCTLARR Act, 2013",53.47,5,841.99,Agricultural,False,2017-10-01,2019-09-18,717
SIH26017-PRJ-000500,Airport Expansion Project - Raipur (0500),Chhattisgarh,Raipur,Airport Expansion,Airports Authority of India,Point,"RFCTLARR Act, 2013",1119.77,34,5143.69,Homestead-Residential,True,2023-08-20,2031-08-10,2912
SIH26017-PRJ-000501,Renewable Energy Park Project - Patna (0501),Bihar,Patna,Renewable Energy Park,State Renewable Energy Agency,Area,"RFCTLARR Act, 2013",924.0,26,859.58,Forest,False,2023-07-31,2026-08-30,1126
SIH26017-PRJ-000502,Power Transmission Line Project - Muzaffarpur (0502),Bihar,Muzaffarpur,Power Transmission Line,POWERGRID/State Transco,Linear,"RFCTLARR Act, 2013",29.71,3,1430.25,Agricultural,False,2023-03-26,2025-04-22,758
SIH26017-PRJ-000503,State Highway Project - Belagavi (0503),Karnataka,Belagavi,State Highway,State PWD,Linear,"RFCTLARR Act, 2013",129.03,7,300.34,Agricultural,False,2018-09-12,2022-05-12,1338
SIH26017-PRJ-000504,State Highway Project - Nagpur (0504),Maharashtra,Nagpur,State Highway,State PWD,Linear,"RFCTLARR Act, 2013",16.68,9,215.14,Agricultural,False,2015-11-30,2018-10-26,1061
SIH26017-PRJ-000505,Special Economic Zone Project - Sundargarh (0505),Odisha,Sundargarh,Special Economic Zone,State SEZ Authority,Area,"RFCTLARR Act, 2013",1583.89,44,14327.76,Agricultural,True,2016-02-06,2020-11-30,1759
SIH26017-PRJ-000506,Renewable Energy Park Project - Durg (0506),Chhattisgarh,Durg,Renewable Energy Park,State Renewable Energy Agency,Area,"RFCTLARR Act, 2013",738.63,25,553.54,Forest,False,2016-06-22,2021-12-05,1992
SIH26017-PRJ-000507,Irrigation Canal/Dam Project - Agra (0507),Uttar Pradesh,Agra,Irrigation Canal/Dam,State Irrigation Dept,Linear,"RFCTLARR Act, 2013",455.96,23,3121.6,Mixed,False,2018-05-07,2020-08-03,819
SIH26017-PRJ-000508,Mining Project Project - Kolkata (0508),West Bengal,Kolkata,Mining Project,State Mining Corp,Area,"Coal Bearing Areas Acquisition Act, 1957",165.66,8,5056.63,Agricultural,False,2024-03-12,2027-10-15,1312
SIH26017-PRJ-000509,Special Economic Zone Project - Nashik (0509),Maharashtra,Nashik,Special Economic Zone,State SEZ Authority,Area,"RFCTLARR Act, 2013",831.49,28,7683.54,Forest,False,2020-04-26,2020-12-15,233
SIH26017-PRJ-000510,Urban Water Supply/Sewerage Project - Cuttack (0510),Odisha,Cuttack,Urban Water Supply/Sewerage,State Water/Municipal Board,Point,"RFCTLARR Act, 2013",42.89,4,521.27,Homestead-Residential,False,2022-04-07,2026-08-11,1587
SIH26017-PRJ-000511,State Highway Project - Durg (0511),Chhattisgarh,Durg,State Highway,State PWD,Linear,"RFCTLARR Act, 2013",125.28,4,850.82,Homestead-Residential,False,2018-05-08,2019-05-28,385
SIH26017-PRJ-000512,Airport Expansion Project - Paschimi Singhbhum (0512),Jharkhand,Paschimi Singhbhum,Airport Expansion,Airports Authority of India,Point,"RFCTLARR Act, 2013",255.78,13,9248.13,Mixed,False,2023-05-13,2031-01-24,2813
SIH26017-PRJ-000513,Mining Project Project - Purulia (0513),West Bengal,Purulia,Mining Project,State Mining Corp,Area,"Coal Bearing Areas Acquisition Act, 1957",869.05,24,2013.1,Government-Wasteland,False,2019-11-05,2023-12-04,1490
SIH26017-PRJ-000514,Renewable Energy Park Project - Bhopal (0514),Madhya Pradesh,Bhopal,Renewable Energy Park,State Renewable Energy Agency,Area,"RFCTLARR Act, 2013",927.76,25,3185.67,Homestead-Residential,False,2020-09-05,2023-02-23,901
SIH26017-PRJ-000515,Industrial Corridor Project - Dhanbad (0515),Jharkhand,Dhanbad,Industrial Corridor,State Industrial Dev. Corp,Area,"RFCTLARR Act, 2013",1296.19,32,18897.15,Mixed,False,2021-11-28,2028-03-01,2285
SIH26017-PRJ-000516,Special Economic Zone Project - Dhanbad (0516),Jharkhand,Dhanbad,Special Economic Zone,State SEZ Authority,Area,"RFCTLARR Act, 2013",2625.36,60,14215.32,Mixed,False,2020-10-30,2029-09-10,3237
SIH26017-PRJ-000517,State Highway Project - Jabalpur (0517),Madhya Pradesh,Jabalpur,State Highway,State PWD,Linear,"RFCTLARR Act, 2013",145.61,4,1908.79,Agricultural,False,2021-05-02,2022-12-24,601
SIH26017-PRJ-000518,Mining Project Project - Chhatrapati Sambhajinagar (0518),Maharashtra,Chhatrapati Sambhajinagar,Mining Project,State Mining Corp,Area,"Coal Bearing Areas Acquisition Act, 1957",868.53,22,5916.87,Agricultural,False,2024-03-03,2032-02-07,2897
SIH26017-PRJ-000519,National Highway Project - Raipur (0519),Chhattisgarh,Raipur,National Highway,NHAI,Linear,"National Highways Act, 1956",294.79,10,1827.35,Forest,False,2018-12-22,2021-05-03,863
SIH26017-PRJ-000520,Power Transmission Line Project - Paschimi Singhbhum (0520),Jharkhand,Paschimi Singhbhum,Power Transmission Line,POWERGRID/State Transco,Linear,"RFCTLARR Act, 2013",127.54,7,57.24,Homestead-Residential,False,2015-01-01,2017-07-15,926
SIH26017-PRJ-000521,Power Transmission Line Project - Lucknow (0521),Uttar Pradesh,Lucknow,Power Transmission Line,POWERGRID/State Transco,Linear,"RFCTLARR Act, 2013",103.88,9,985.95,Agricultural,True,2024-01-14,2024-04-16,93
SIH26017-PRJ-000522,National Highway Project - Karimnagar (0522),Telangana,Karimnagar,National Highway,NHAI,Linear,"National Highways Act, 1956",133.03,6,5395.17,Agricultural,False,2017-07-16,2021-06-30,1445
SIH26017-PRJ-000523,State Highway Project - Durg (0523),Chhattisgarh,Durg,State Highway,State PWD,Linear,"RFCTLARR Act, 2013",158.66,7,122.47,Government-Wasteland,True,2022-09-19,2025-08-31,1077
SIH26017-PRJ-000524,Airport Expansion Project - Chennai (0524),Tamil Nadu,Chennai,Airport Expansion,Airports Authority of India,Point,"RFCTLARR Act, 2013",1152.07,35,15829.94,Agricultural,False,2023-09-23,2030-01-12,2303
SIH26017-PRJ-000525,Urban Metro Rail Project - Tiruchirappalli (0525),Tamil Nadu,Tiruchirappalli,Urban Metro Rail,State Metro Rail Corp,Linear,"RFCTLARR Act, 2013",22.64,4,12521.52,Mixed,False,2021-08-29,2026-07-29,1795
SIH26017-PRJ-000526,Urban Water Supply/Sewerage Project - Thiruvananthapuram (0526),Kerala,Thiruvananthapuram,Urban Water Supply/Sewerage,State Water/Municipal Board,Point,"RFCTLARR Act, 2013",48.38,3,1227.28,Homestead-Residential,False,2017-01-01,2017-10-15,287
SIH26017-PRJ-000527,National Highway Project - Howrah (0527),West Bengal,Howrah,National Highway,NHAI,Linear,"National Highways Act, 1956",398.25,20,1435.49,Government-Wasteland,False,2019-03-29,2024-05-25,1884
SIH26017-PRJ-000528,Industrial Corridor Project - Vadodara (0528),Gujarat,Vadodara,Industrial Corridor,State Industrial Dev. Corp,Area,"RFCTLARR Act, 2013",4898.23,126,10572.75,Agricultural,False,2015-12-29,2022-10-01,2468
SIH26017-PRJ-000529,State Highway Project - Durg (0529),Chhattisgarh,Durg,State Highway,State PWD,Linear,"RFCTLARR Act, 2013",76.03,6,703.02,Government-Wasteland,False,2024-06-20,2028-12-16,1640
SIH26017-PRJ-000530,Railway Line/Doubling Project - Surat (0530),Gujarat,Surat,Railway Line/Doubling,Indian Railways,Linear,"Railways Act, 1989",100.48,3,1506.34,Government-Wasteland,False,2018-03-27,2021-11-12,1326
SIH26017-PRJ-000531,Industrial Corridor Project - Durg (0531),Chhattisgarh,Durg,Industrial Corridor,State Industrial Dev. Corp,Area,"RFCTLARR Act, 2013",1477.31,39,3231.71,Homestead-Residential,False,2020-08-03,2025-08-17,1840
SIH26017-PRJ-000532,Renewable Energy Park Project - Durg (0532),Chhattisgarh,Durg,Renewable Energy Park,State Renewable Energy Agency,Area,"RFCTLARR Act, 2013",1157.71,41,4899.98,Agricultural,False,2015-10-25,2022-03-24,2342
SIH26017-PRJ-000533,Industrial Corridor Project - Bastar (0533),Chhattisgarh,Bastar,Industrial Corridor,State Industrial Dev. Corp,Area,"RFCTLARR Act, 2013",435.96,15,9909.97,Mixed,False,2019-03-22,2024-09-24,2013
SIH26017-PRJ-000534,Urban Metro Rail Project - Jodhpur (0534),Rajasthan,Jodhpur,Urban Metro Rail,State Metro Rail Corp,Linear,"RFCTLARR Act, 2013",46.57,6,5152.68,Homestead-Residential,False,2024-07-14,2029-01-31,1662
SIH26017-PRJ-000535,Urban Water Supply/Sewerage Project - Chennai (0535),Tamil Nadu,Chennai,Urban Water Supply/Sewerage,State Water/Municipal Board,Point,"RFCTLARR Act, 2013",22.96,4,141.21,Government-Wasteland,False,2023-09-09,2024-11-12,430
SIH26017-PRJ-000536,Irrigation Canal/Dam Project - Purba Bardhaman (0536),West Bengal,Purba Bardhaman,Irrigation Canal/Dam,State Irrigation Dept,Linear,"RFCTLARR Act, 2013",1304.73,27,2722.68,Forest,False,2021-08-16,2026-09-13,1854
SIH26017-PRJ-000537,Irrigation Canal/Dam Project - Durg (0537),Chhattisgarh,Durg,Irrigation Canal/Dam,State Irrigation Dept,Linear,"RFCTLARR Act, 2013",516.31,10,1812.09,Forest,False,2020-03-17,2023-11-18,1341
SIH26017-PRJ-000538,Special Economic Zone Project - Jaipur (0538),Rajasthan,Jaipur,Special Economic Zone,State SEZ Authority,Area,"RFCTLARR Act, 2013",2538.62,73,5132.11,Forest,False,2022-12-23,2034-05-06,4152
SIH26017-PRJ-000539,Railway Line/Doubling Project - Pune (0539),Maharashtra,Pune,Railway Line/Doubling,Indian Railways,Linear,"Railways Act, 1989",567.35,14,5239.38,Forest,False,2017-12-06,2025-06-06,2739
SIH26017-PRJ-000540,Urban Water Supply/Sewerage Project - Patna (0540),Bihar,Patna,Urban Water Supply/Sewerage,State Water/Municipal Board,Point,"RFCTLARR Act, 2013",15.15,4,183.06,Homestead-Residential,True,2017-04-27,2020-04-07,1076
SIH26017-PRJ-000541,National Highway Project - Gaya (0541),Bihar,Gaya,National Highway,NHAI,Linear,"National Highways Act, 1956",158.03,3,5452.61,Forest,False,2018-07-18,2024-04-28,2111
SIH26017-PRJ-000542,Airport Expansion Project - Kamrup (0542),Assam,Kamrup,Airport Expansion,Airports Authority of India,Point,"RFCTLARR Act, 2013",1187.99,32,19566.66,Government-Wasteland,False,2017-12-22,2020-11-14,1058
SIH26017-PRJ-000543,Urban Metro Rail Project - Chhatrapati Sambhajinagar (0543),Maharashtra,Chhatrapati Sambhajinagar,Urban Metro Rail,State Metro Rail Corp,Linear,"RFCTLARR Act, 2013",85.94,6,9448.5,Homestead-Residential,False,2020-11-07,2029-11-11,3291
SIH26017-PRJ-000544,National Highway Project - Durg (0544),Chhattisgarh,Durg,National Highway,NHAI,Linear,"National Highways Act, 1956",261.98,9,5059.86,Homestead-Residential,False,2021-05-29,2025-01-08,1320
SIH26017-PRJ-000545,Industrial Corridor Project - Rajkot (0545),Gujarat,Rajkot,Industrial Corridor,State Industrial Dev. Corp,Area,"RFCTLARR Act, 2013",2218.93,57,12155.82,Forest,False,2015-06-30,2020-07-01,1828
SIH26017-PRJ-000546,Urban Water Supply/Sewerage Project - Gaya (0546),Bihar,Gaya,Urban Water Supply/Sewerage,State Water/Municipal Board,Point,"RFCTLARR Act, 2013",8.65,2,537.62,Homestead-Residential,False,2022-04-02,2026-12-19,1722
SIH26017-PRJ-000547,Railway Line/Doubling Project - Surat (0547),Gujarat,Surat,Railway Line/Doubling,Indian Railways,Linear,"Railways Act, 1989",116.88,7,4000.04,Agricultural,False,2016-03-16,2017-01-30,320
SIH26017-PRJ-000548,Urban Water Supply/Sewerage Project - Warangal (0548),Telangana,Warangal,Urban Water Supply/Sewerage,State Water/Municipal Board,Point,"RFCTLARR Act, 2013",6.43,3,1242.78,Homestead-Residential,False,2017-10-20,2019-10-18,728
SIH26017-PRJ-000549,Industrial Corridor Project - Varanasi (0549),Uttar Pradesh,Varanasi,Industrial Corridor,State Industrial Dev. Corp,Area,"RFCTLARR Act, 2013",2697.21,61,15491.35,Homestead-Residential,False,2019-06-21,2028-09-14,3373
SIH26017-PRJ-000550,National Highway Project - Dibrugarh (0550),Assam,Dibrugarh,National Highway,NHAI,Linear,"National Highways Act, 1956",187.19,11,5328.24,Agricultural,False,2023-02-08,2027-09-13,1678
SIH26017-PRJ-000551,National Highway Project - Bhopal (0551),Madhya Pradesh,Bhopal,National Highway,NHAI,Linear,"National Highways Act, 1956",258.92,11,5990.13,Forest,False,2023-04-05,2029-05-16,2233
SIH26017-PRJ-000552,Railway Line/Doubling Project - Chhindwara (0552),Madhya Pradesh,Chhindwara,Railway Line/Doubling,Indian Railways,Linear,"Railways Act, 1989",131.35,8,6463.92,Government-Wasteland,False,2017-09-27,2019-04-10,560
SIH26017-PRJ-000553,Renewable Energy Park Project - Ahmedabad (0553),Gujarat,Ahmedabad,Renewable Energy Park,State Renewable Energy Agency,Area,"RFCTLARR Act, 2013",289.29,10,908.09,Agricultural,False,2020-11-08,2024-02-19,1198
SIH26017-PRJ-000554,State Highway Project - Chhatrapati Sambhajinagar (0554),Maharashtra,Chhatrapati Sambhajinagar,State Highway,State PWD,Linear,"RFCTLARR Act, 2013",130.25,2,1345.85,Agricultural,False,2015-08-30,2021-05-26,2096
SIH26017-PRJ-000555,Railway Line/Doubling Project - Gautam Buddh Nagar (0555),Uttar Pradesh,Gautam Buddh Nagar,Railway Line/Doubling,Indian Railways,Linear,"Railways Act, 1989",75.51,3,6645.86,Mixed,False,2024-04-21,2029-07-17,1913
SIH26017-PRJ-000556,Industrial Corridor Project - Mysuru (0556),Karnataka,Mysuru,Industrial Corridor,State Industrial Dev. Corp,Area,"RFCTLARR Act, 2013",4096.5,121,7542.62,Agricultural,False,2021-12-25,2025-07-24,1307
SIH26017-PRJ-000557,Special Economic Zone Project - Ballari (0557),Karnataka,Ballari,Special Economic Zone,State SEZ Authority,Area,"RFCTLARR Act, 2013",2125.06,53,13925.6,Agricultural,False,2018-07-15,2019-01-08,177
SIH26017-PRJ-000558,Airport Expansion Project - Chhindwara (0558),Madhya Pradesh,Chhindwara,Airport Expansion,Airports Authority of India,Point,"RFCTLARR Act, 2013",745.56,21,8465.17,Agricultural,True,2020-01-30,2024-02-17,1479
SIH26017-PRJ-000559,Industrial Corridor Project - Warangal (0559),Telangana,Warangal,Industrial Corridor,State Industrial Dev. Corp,Area,"RFCTLARR Act, 2013",3233.48,83,2471.86,Mixed,False,2024-08-21,2031-12-01,2658
SIH26017-PRJ-000560,National Highway Project - Jaipur (0560),Rajasthan,Jaipur,National Highway,NHAI,Linear,"National Highways Act, 1956",290.12,11,816.0,Agricultural,False,2016-11-25,2021-07-30,1708
SIH26017-PRJ-000561,Airport Expansion Project - Ballari (0561),Karnataka,Ballari,Airport Expansion,Airports Authority of India,Point,"RFCTLARR Act, 2013",1256.06,23,3013.52,Mixed,False,2023-11-22,2024-12-02,376
SIH26017-PRJ-000562,Renewable Energy Park Project - Kamrup (0562),Assam,Kamrup,Renewable Energy Park,State Renewable Energy Agency,Area,"RFCTLARR Act, 2013",2981.53,75,6964.26,Mixed,False,2020-08-31,2021-02-10,163
SIH26017-PRJ-000563,Industrial Corridor Project - Chhatrapati Sambhajinagar (0563),Maharashtra,Chhatrapati Sambhajinagar,Industrial Corridor,State Industrial Dev. Corp,Area,"RFCTLARR Act, 2013",3323.27,89,10840.91,Mixed,True,2022-06-16,2022-10-27,133
SIH26017-PRJ-000564,Irrigation Canal/Dam Project - Nagpur (0564),Maharashtra,Nagpur,Irrigation Canal/Dam,State Irrigation Dept,Linear,"RFCTLARR Act, 2013",622.55,24,2420.21,Agricultural,False,2020-04-27,2021-09-16,507
SIH26017-PRJ-000565,Railway Line/Doubling Project - Chhatrapati Sambhajinagar (0565),Maharashtra,Chhatrapati Sambhajinagar,Railway Line/Doubling,Indian Railways,Linear,"Railways Act, 1989",564.9,15,4545.21,Homestead-Residential,False,2015-12-12,2020-06-24,1656
SIH26017-PRJ-000566,Renewable Energy Park Project - Thiruvananthapuram (0566),Kerala,Thiruvananthapuram,Renewable Energy Park,State Renewable Energy Agency,Area,"RFCTLARR Act, 2013",1698.24,45,7558.67,Mixed,False,2015-08-03,2024-11-01,3378
SIH26017-PRJ-000567,Urban Water Supply/Sewerage Project - Ahmedabad (0567),Gujarat,Ahmedabad,Urban Water Supply/Sewerage,State Water/Municipal Board,Point,"RFCTLARR Act, 2013",26.51,3,2002.98,Mixed,False,2017-06-10,2025-03-10,2830
SIH26017-PRJ-000568,Airport Expansion Project - Kolkata (0568),West Bengal,Kolkata,Airport Expansion,Airports Authority of India,Point,"RFCTLARR Act, 2013",1412.47,38,9576.0,Mixed,False,2017-06-25,2021-08-04,1501
SIH26017-PRJ-000569,Irrigation Canal/Dam Project - Sundargarh (0569),Odisha,Sundargarh,Irrigation Canal/Dam,State Irrigation Dept,Linear,"RFCTLARR Act, 2013",1180.95,32,4057.07,Agricultural,False,2022-02-08,2030-01-29,2912
SIH26017-PRJ-000570,Industrial Corridor Project - Warangal (0570),Telangana,Warangal,Industrial Corridor,State Industrial Dev. Corp,Area,"RFCTLARR Act, 2013",2804.55,73,7632.96,Forest,False,2019-10-15,2021-06-08,602
SIH26017-PRJ-000571,Special Economic Zone Project - Dibrugarh (0571),Assam,Dibrugarh,Special Economic Zone,State SEZ Authority,Area,"RFCTLARR Act, 2013",2011.77,51,14442.33,Government-Wasteland,False,2018-06-03,2025-09-16,2662
SIH26017-PRJ-000572,National Highway Project - Warangal (0572),Telangana,Warangal,National Highway,NHAI,Linear,"National Highways Act, 1956",119.86,7,4220.3,Forest,False,2024-06-23,2026-04-26,672
SIH26017-PRJ-000573,Urban Water Supply/Sewerage Project - Jabalpur (0573),Madhya Pradesh,Jabalpur,Urban Water Supply/Sewerage,State Water/Municipal Board,Point,"RFCTLARR Act, 2013",18.87,5,540.62,Government-Wasteland,False,2017-05-07,2018-11-25,567
SIH26017-PRJ-000574,National Highway Project - Purba Bardhaman (0574),West Bengal,Purba Bardhaman,National Highway,NHAI,Linear,"National Highways Act, 1956",35.69,3,2680.33,Agricultural,False,2017-10-16,2020-03-03,869
SIH26017-PRJ-000575,Urban Water Supply/Sewerage Project - Varanasi (0575),Uttar Pradesh,Varanasi,Urban Water Supply/Sewerage,State Water/Municipal Board,Point,"RFCTLARR Act, 2013",33.39,2,714.75,Homestead-Residential,False,2023-10-24,2024-05-11,200
SIH26017-PRJ-000576,National Highway Project - Patna (0576),Bihar,Patna,National Highway,NHAI,Linear,"National Highways Act, 1956",175.97,3,158.0,Homestead-Residential,False,2018-06-22,2020-08-08,778
SIH26017-PRJ-000577,National Highway Project - Thiruvananthapuram (0577),Kerala,Thiruvananthapuram,National Highway,NHAI,Linear,"National Highways Act, 1956",262.02,11,1064.94,Agricultural,False,2016-01-17,2023-11-30,2874
SIH26017-PRJ-000578,State Highway Project - Khordha (0578),Odisha,Khordha,State Highway,State PWD,Linear,"RFCTLARR Act, 2013",89.93,7,1205.0,Agricultural,False,2015-11-20,2019-01-12,1149
SIH26017-PRJ-000579,National Highway Project - Durg (0579),Chhattisgarh,Durg,National Highway,NHAI,Linear,"National Highways Act, 1956",186.4,4,5835.41,Agricultural,False,2015-09-25,2020-03-31,1649
SIH26017-PRJ-000580,Railway Line/Doubling Project - Ernakulam (0580),Kerala,Ernakulam,Railway Line/Doubling,Indian Railways,Linear,"Railways Act, 1989",311.5,8,3307.49,Agricultural,True,2024-05-05,2028-02-02,1368
SIH26017-PRJ-000581,Renewable Energy Park Project - Chhindwara (0581),Madhya Pradesh,Chhindwara,Renewable Energy Park,State Renewable Energy Agency,Area,"RFCTLARR Act, 2013",199.77,9,9917.48,Agricultural,False,2022-12-30,2024-10-30,670
SIH26017-PRJ-000582,Special Economic Zone Project - Bengaluru Rural (0582),Karnataka,Bengaluru Rural,Special Economic Zone,State SEZ Authority,Area,"RFCTLARR Act, 2013",1232.71,37,9367.53,Agricultural,False,2019-01-31,2023-11-17,1751
SIH26017-PRJ-000583,National Highway Project - Cuttack (0583),Odisha,Cuttack,National Highway,NHAI,Linear,"National Highways Act, 1956",103.2,5,5887.93,Agricultural,False,2018-10-23,2022-09-21,1429
SIH26017-PRJ-000584,Irrigation Canal/Dam Project - Warangal (0584),Telangana,Warangal,Irrigation Canal/Dam,State Irrigation Dept,Linear,"RFCTLARR Act, 2013",1085.64,20,4336.26,Government-Wasteland,False,2018-07-13,2022-07-25,1473
SIH26017-PRJ-000585,National Highway Project - Bastar (0585),Chhattisgarh,Bastar,National Highway,NHAI,Linear,"National Highways Act, 1956",120.41,7,3538.59,Government-Wasteland,True,2019-03-18,2028-06-25,3387
SIH26017-PRJ-000586,Railway Line/Doubling Project - Jaipur (0586),Rajasthan,Jaipur,Railway Line/Doubling,Indian Railways,Linear,"Railways Act, 1989",298.7,11,525.69,Government-Wasteland,False,2021-08-12,2028-06-09,2493
SIH26017-PRJ-000587,Renewable Energy Park Project - Muzaffarpur (0587),Bihar,Muzaffarpur,Renewable Energy Park,State Renewable Energy Agency,Area,"RFCTLARR Act, 2013",545.14,13,712.9,Agricultural,False,2021-04-17,2024-06-20,1160
SIH26017-PRJ-000588,Urban Water Supply/Sewerage Project - Belagavi (0588),Karnataka,Belagavi,Urban Water Supply/Sewerage,State Water/Municipal Board,Point,"RFCTLARR Act, 2013",20.16,3,217.2,Mixed,False,2023-06-03,2024-04-20,322
SIH26017-PRJ-000589,Renewable Energy Park Project - Jabalpur (0589),Madhya Pradesh,Jabalpur,Renewable Energy Park,State Renewable Energy Agency,Area,"RFCTLARR Act, 2013",1987.32,47,1338.56,Forest,True,2023-12-25,2024-05-04,131
SIH26017-PRJ-000590,State Highway Project - Vadodara (0590),Gujarat,Vadodara,State Highway,State PWD,Linear,"RFCTLARR Act, 2013",98.79,3,913.07,Government-Wasteland,False,2021-11-12,2026-08-15,1737
SIH26017-PRJ-000591,National Highway Project - Tiruchirappalli (0591),Tamil Nadu,Tiruchirappalli,National Highway,NHAI,Linear,"National Highways Act, 1956",172.9,4,4037.42,Homestead-Residential,True,2021-05-22,2023-11-22,914
SIH26017-PRJ-000592,Special Economic Zone Project - Muzaffarpur (0592),Bihar,Muzaffarpur,Special Economic Zone,State SEZ Authority,Area,"RFCTLARR Act, 2013",1388.73,36,5206.05,Agricultural,False,2024-07-17,2029-07-23,1832
SIH26017-PRJ-000593,State Highway Project - Indore (0593),Madhya Pradesh,Indore,State Highway,State PWD,Linear,"RFCTLARR Act, 2013",39.12,4,1584.15,Government-Wasteland,False,2020-05-21,2022-02-05,625
SIH26017-PRJ-000594,Special Economic Zone Project - Belagavi (0594),Karnataka,Belagavi,Special Economic Zone,State SEZ Authority,Area,"RFCTLARR Act, 2013",2683.5,58,6979.26,Forest,False,2018-03-21,2024-09-14,2369
SIH26017-PRJ-000595,Power Transmission Line Project - Ballari (0595),Karnataka,Ballari,Power Transmission Line,POWERGRID/State Transco,Linear,"RFCTLARR Act, 2013",142.71,7,1082.88,Agricultural,False,2016-10-05,2019-05-02,939
SIH26017-PRJ-000596,Railway Line/Doubling Project - Bastar (0596),Chhattisgarh,Bastar,Railway Line/Doubling,Indian Railways,Linear,"Railways Act, 1989",448.97,14,8880.8,Mixed,False,2020-12-14,2024-12-14,1461
SIH26017-PRJ-000597,Renewable Energy Park Project - Bengaluru Rural (0597),Karnataka,Bengaluru Rural,Renewable Energy Park,State Renewable Energy Agency,Area,"RFCTLARR Act, 2013",819.41,31,3818.15,Homestead-Residential,False,2017-09-23,2020-07-30,1041
SIH26017-PRJ-000598,Urban Water Supply/Sewerage Project - Gautam Buddh Nagar (0598),Uttar Pradesh,Gautam Buddh Nagar,Urban Water Supply/Sewerage,State Water/Municipal Board,Point,"RFCTLARR Act, 2013",39.55,4,1885.87,Homestead-Residential,False,2018-12-08,2022-11-01,1424
SIH26017-PRJ-000599,Urban Metro Rail Project - Ahmedabad (0599),Gujarat,Ahmedabad,Urban Metro Rail,State Metro Rail Corp,Linear,"RFCTLARR Act, 2013",55.54,1,1273.91,Homestead-Residential,False,2020-01-18,2025-11-24,2137
SIH26017-PRJ-000600,State Highway Project - Ballari (0600),Karnataka,Ballari,State Highway,State PWD,Linear,"RFCTLARR Act, 2013",130.28,6,1019.82,Agricultural,False,2024-09-07,2026-12-10,824
