project_id,stage_id,stage_name,planned_start_date,planned_end_date,actual_start_date,actual_end_date,status,percent_complete,delay_days,stage_owner_department
SIH26017-PRJ-000001,1,Preliminary Notification (Sec 11),2022-03-31,2022-06-04,2022-03-31,2022-07-06,Completed,100.0,32.0,District Collectorate
SIH26017-PRJ-000001,2,Social Impact Assessment (SIA),2022-07-09,2022-10-21,2022-07-09,2023-05-28,Completed,100.0,219.0,District Collectorate
SIH26017-PRJ-000001,3,Survey & Measurement,2023-06-01,2023-08-09,2023-06-01,2024-03-16,Completed,100.0,220.0,LA Branch
SIH26017-PRJ-000001,4,Draft Declaration,2024-03-21,2024-05-18,2024-03-21,2024-12-18,Completed,100.0,214.0,LA Branch
SIH26017-PRJ-000001,5,Final Declaration (Sec 19),2024-12-22,2025-03-08,2024-12-22,2025-12-09,Completed,100.0,276.0,District Collectorate
SIH26017-PRJ-000001,6,Award Declaration (Sec 23),2025-12-14,2026-03-18,2025-12-14,,In Progress,100.0,,LA Branch
SIH26017-PRJ-000001,7,Compensation Disbursement,2027-06-16,2027-11-08,,,Not Started,0.0,,District Collectorate
SIH26017-PRJ-000001,8,Possession,2028-09-11,2028-12-03,,,Not Started,0.0,,Implementing Agency
SIH26017-PRJ-000001,9,Mutation & Handover,2029-10-11,2029-12-04,,,Not Started,0.0,,LA Branch
SIH26017-PRJ-000002,1,Preliminary Notification (Sec 11),2015-10-28,2015-12-21,2015-10-28,2016-01-04,Completed,100.0,14.0,District Collectorate
SIH26017-PRJ-000002,2,Social Impact Assessment (SIA),2016-01-05,2016-04-09,2016-01-05,2016-07-16,Completed,100.0,98.0,District Collectorate
SIH26017-PRJ-000002,3,Survey & Measurement,2016-07-24,2016-10-17,2016-07-24,2016-11-10,Completed,100.0,24.0,LA Branch
SIH26017-PRJ-000002,4,Draft Declaration,2016-11-11,2017-01-03,2016-11-11,2017-01-17,Completed,100.0,14.0,LA Branch
SIH26017-PRJ-000002,5,Final Declaration (Sec 19),2017-01-20,2017-03-29,2017-01-20,2017-05-07,Completed,100.0,39.0,Revenue Dept
SIH26017-PRJ-000002,6,Award Declaration (Sec 23),2017-05-11,2017-07-29,2017-05-11,2017-08-20,Completed,100.0,22.0,Revenue Dept
SIH26017-PRJ-000002,7,Compensation Disbursement,2017-08-24,2018-01-29,2017-08-24,2018-09-10,Completed,100.0,224.0,LA Branch
SIH26017-PRJ-000002,8,Possession,2018-09-13,2018-11-14,,,Stalled,0.0,,LA Branch
SIH26017-PRJ-000002,9,Mutation & Handover,2018-09-13,2018-11-01,,,Stalled,0.0,,District Collectorate
SIH26017-PRJ-000003,1,Preliminary Notification (Sec 11),2022-04-19,2022-06-20,2022-04-19,2022-10-17,Completed,100.0,119.0,District Collectorate
SIH26017-PRJ-000003,2,Social Impact Assessment (SIA),2022-10-19,2023-01-28,2022-10-19,2023-05-11,Completed,100.0,103.0,LA Branch
SIH26017-PRJ-000003,3,Survey & Measurement,2023-05-16,2023-07-31,2023-05-16,2023-09-07,Completed,100.0,38.0,Revenue Dept
SIH26017-PRJ-000003,4,Draft Declaration,2023-09-08,2023-10-29,2023-09-08,2023-11-16,Completed,100.0,18.0,District Collectorate
SIH26017-PRJ-000003,5,Final Declaration (Sec 19),2023-11-18,2024-01-25,2023-11-18,2024-01-19,Completed,100.0,-6.0,LA Branch
SIH26017-PRJ-000003,6,Award Declaration (Sec 23),2024-01-27,2024-04-13,2024-01-27,2024-10-22,Completed,100.0,192.0,LA Branch
SIH26017-PRJ-000003,7,Compensation Disbursement,2024-11-01,2025-03-06,2024-11-01,2026-01-19,Completed,100.0,319.0,Revenue Dept
SIH26017-PRJ-000003,8,Possession,2026-01-26,2026-03-31,2026-01-26,,In Progress,100.0,,LA Branch
SIH26017-PRJ-000003,9,Mutation & Handover,2026-10-19,2026-12-08,,,Not Started,0.0,,Implementing Agency
SIH26017-PRJ-000004,1,Preliminary Notification (Sec 11),2022-11-03,2023-01-09,2022-11-03,2023-03-29,Completed,100.0,79.0,District Collectorate
SIH26017-PRJ-000004,2,Social Impact Assessment (SIA),2023-03-30,2023-07-24,2023-03-30,2023-11-10,Completed,100.0,109.0,District Collectorate
SIH26017-PRJ-000004,3,Survey & Measurement,2023-11-17,2024-02-07,2023-11-17,2024-03-18,Completed,100.0,40.0,LA Branch
SIH26017-PRJ-000004,4,Draft Declaration,2024-03-22,2024-05-14,2024-03-22,2024-07-14,Completed,100.0,61.0,LA Branch
SIH26017-PRJ-000004,5,Final Declaration (Sec 19),2024-07-20,2024-10-10,2024-07-20,2025-02-19,Completed,100.0,132.0,Implementing Agency
SIH26017-PRJ-000004,6,Award Declaration (Sec 23),2025-02-23,2025-06-04,2025-02-23,2025-05-31,Completed,100.0,-4.0,District Collectorate
SIH26017-PRJ-000004,7,Compensation Disbursement,2025-06-03,2025-11-13,2025-06-03,,In Progress,100.0,,Revenue Dept
SIH26017-PRJ-000004,8,Possession,2026-12-18,2027-03-11,,,Not Started,0.0,,District Collectorate
SIH26017-PRJ-000004,9,Mutation & Handover,2028-01-15,2028-03-15,,,Not Started,0.0,,Revenue Dept
SIH26017-PRJ-000005,1,Preliminary Notification (Sec 11),2020-05-05,2020-07-06,2020-05-05,2020-08-10,Completed,100.0,35.0,LA Branch
SIH26017-PRJ-000005,2,Social Impact Assessment (SIA),2020-08-11,2020-12-13,2020-08-11,2021-09-02,Completed,100.0,263.0,LA Branch
SIH26017-PRJ-000005,3,Survey & Measurement,2021-09-09,2021-11-27,,,Stalled,0.0,,Implementing Agency
SIH26017-PRJ-000005,4,Draft Declaration,2021-09-09,2021-11-09,,,Stalled,0.0,,LA Branch
SIH26017-PRJ-000005,5,Final Declaration (Sec 19),2021-09-09,2021-12-10,,,Stalled,0.0,,District Collectorate
SIH26017-PRJ-000005,6,Award Declaration (Sec 23),2021-09-09,2021-12-28,,,Stalled,0.0,,LA Branch
SIH26017-PRJ-000005,7,Compensation Disbursement,2021-09-09,2022-02-08,,,Stalled,0.0,,Implementing Agency
SIH26017-PRJ-000005,8,Possession,2021-09-09,2021-12-13,,,Stalled,0.0,,District Collectorate
SIH26017-PRJ-000005,9,Mutation & Handover,2021-09-09,2021-11-11,,,Stalled,0.0,,District Collectorate
SIH26017-PRJ-000006,1,Preliminary Notification (Sec 11),2019-10-26,2019-12-18,2019-10-26,2020-02-21,Completed,100.0,65.0,Revenue Dept
SIH26017-PRJ-000006,2,Social Impact Assessment (SIA),2020-02-26,2020-06-12,2020-02-26,2020-05-11,Completed,100.0,-32.0,Revenue Dept
SIH26017-PRJ-000006,3,Survey & Measurement,2020-05-14,2020-07-28,,,Stalled,0.0,,Revenue Dept
SIH26017-PRJ-000006,4,Draft Declaration,2020-05-14,2020-07-12,,,Stalled,0.0,,Implementing Agency
SIH26017-PRJ-000006,5,Final Declaration (Sec 19),2020-05-14,2020-07-29,,,Stalled,0.0,,District Collectorate
SIH26017-PRJ-000006,6,Award Declaration (Sec 23),2020-05-14,2020-08-20,,,Stalled,0.0,,District Collectorate
SIH26017-PRJ-000006,7,Compensation Disbursement,2020-05-14,2020-10-02,,,Stalled,0.0,,Revenue Dept
SIH26017-PRJ-000006,8,Possession,2020-05-14,2020-08-02,,,Stalled,0.0,,Revenue Dept
SIH26017-PRJ-000006,9,Mutation & Handover,2020-05-14,2020-07-16,,,Stalled,0.0,,LA Branch
SIH26017-PRJ-000007,1,Preliminary Notification (Sec 11),2024-05-16,2024-07-23,2024-05-16,2024-07-30,Completed,100.0,7.0,Revenue Dept
SIH26017-PRJ-000007,2,Social Impact Assessment (SIA),2024-08-03,2024-12-18,2024-08-03,2025-03-05,Completed,100.0,77.0,LA Branch
SIH26017-PRJ-000007,3,Survey & Measurement,2025-03-06,2025-05-17,2025-03-06,2025-07-07,Completed,100.0,51.0,Revenue Dept
SIH26017-PRJ-000007,4,Draft Declaration,2025-07-13,2025-09-12,2025-07-13,2025-12-24,Completed,100.0,103.0,Implementing Agency
SIH26017-PRJ-000007,5,Final Declaration (Sec 19),2025-12-27,2026-03-25,2025-12-27,2026-07-18,Completed,100.0,115.0,District Collectorate
SIH26017-PRJ-000007,6,Award Declaration (Sec 23),2026-07-23,2026-11-06,,,Stalled,0.0,,LA Branch
SIH26017-PRJ-000007,7,Compensation Disbursement,2026-07-23,2026-12-08,,,Stalled,0.0,,Implementing Agency
SIH26017-PRJ-000007,8,Possession,2026-07-23,2026-10-14,,,Stalled,0.0,,Revenue Dept
SIH26017-PRJ-000007,9,Mutation & Handover,2026-07-23,2026-09-16,,,Stalled,0.0,,Implementing Agency
SIH26017-PRJ-000008,1,Preliminary Notification (Sec 11),2019-12-31,2020-02-21,2019-12-31,2020-02-17,Completed,100.0,-4.0,District Collectorate
SIH26017-PRJ-000008,2,Social Impact Assessment (SIA),2020-02-21,2020-06-15,2020-02-21,2020-06-09,Completed,100.0,-6.0,Revenue Dept
SIH26017-PRJ-000008,3,Survey & Measurement,2020-06-14,2020-08-23,2020-06-14,2020-09-15,Completed,100.0,23.0,LA Branch
SIH26017-PRJ-000008,4,Draft Declaration,2020-09-20,2020-11-08,,,Stalled,0.0,,Implementing Agency
SIH26017-PRJ-000008,5,Final Declaration (Sec 19),2020-09-20,2020-11-29,,,Stalled,0.0,,District Collectorate
SIH26017-PRJ-000008,6,Award Declaration (Sec 23),2020-09-20,2020-12-09,,,Stalled,0.0,,Implementing Agency
SIH26017-PRJ-000008,7,Compensation Disbursement,2020-09-20,2021-01-22,,,Stalled,0.0,,Implementing Agency
SIH26017-PRJ-000008,8,Possession,2020-09-20,2020-12-04,,,Stalled,0.0,,LA Branch
SIH26017-PRJ-000008,9,Mutation & Handover,2020-09-20,2020-11-11,,,Stalled,0.0,,District Collectorate
SIH26017-PRJ-000009,1,Preliminary Notification (Sec 11),2024-02-27,2024-05-02,2024-02-27,2024-06-11,Completed,100.0,40.0,District Collectorate
SIH26017-PRJ-000009,2,Social Impact Assessment (SIA),2024-06-15,2024-10-24,2024-06-15,2025-02-15,Completed,100.0,114.0,District Collectorate
SIH26017-PRJ-000009,3,Survey & Measurement,2025-02-22,2025-05-10,2025-02-22,2025-05-26,Completed,100.0,16.0,Revenue Dept
SIH26017-PRJ-000009,4,Draft Declaration,2025-05-30,2025-08-02,2025-05-30,2025-12-19,Completed,100.0,139.0,LA Branch
SIH26017-PRJ-000009,5,Final Declaration (Sec 19),2025-12-20,2026-03-18,2025-12-20,2026-07-14,Completed,100.0,118.0,District Collectorate
SIH26017-PRJ-000009,6,Award Declaration (Sec 23),2026-07-17,2026-10-25,2026-07-17,,In Progress,29.0,,LA Branch
SIH26017-PRJ-000009,7,Compensation Disbursement,2027-03-19,2027-09-30,,,Stalled,0.0,,Revenue Dept
SIH26017-PRJ-000009,8,Possession,2027-03-19,2027-06-25,,,Stalled,0.0,,District Collectorate
SIH26017-PRJ-000009,9,Mutation & Handover,2027-03-19,2027-05-22,,,Stalled,0.0,,LA Branch
SIH26017-PRJ-000010,1,Preliminary Notification (Sec 11),2016-07-28,2016-10-05,2016-07-28,2017-01-17,Completed,100.0,104.0,LA Branch
SIH26017-PRJ-000010,2,Social Impact Assessment (SIA),2017-01-24,2017-06-09,2017-01-24,2017-09-03,Completed,100.0,86.0,LA Branch
SIH26017-PRJ-000010,3,Survey & Measurement,2017-09-07,2017-12-11,2017-09-07,2018-03-27,Completed,100.0,106.0,District Collectorate
SIH26017-PRJ-000010,4,Draft Declaration,2018-04-02,2018-06-10,2018-04-02,2018-09-22,Completed,100.0,104.0,Implementing Agency
SIH26017-PRJ-000010,5,Final Declaration (Sec 19),2018-09-25,2018-12-25,2018-09-25,2019-06-18,Completed,100.0,175.0,Implementing Agency
SIH26017-PRJ-000010,6,Award Declaration (Sec 23),2019-06-19,2019-09-23,2019-06-19,2020-05-31,Completed,100.0,251.0,Revenue Dept
SIH26017-PRJ-000010,7,Compensation Disbursement,2020-06-02,2020-11-16,2020-06-02,2021-09-09,Completed,100.0,297.0,LA Branch
SIH26017-PRJ-000010,8,Possession,2021-09-17,2021-12-15,2021-09-17,2022-12-10,Completed,100.0,360.0,Implementing Agency
SIH26017-PRJ-000010,9,Mutation & Handover,2022-12-14,2023-02-13,2022-12-14,2023-08-10,Completed,100.0,178.0,LA Branch
SIH26017-PRJ-000011,1,Preliminary Notification (Sec 11),2018-07-14,2018-09-09,2018-07-14,2018-11-20,Completed,100.0,72.0,District Collectorate
SIH26017-PRJ-000011,2,Social Impact Assessment (SIA),2018-11-22,2019-03-16,2018-11-22,2019-09-27,Completed,100.0,195.0,Implementing Agency
SIH26017-PRJ-000011,3,Survey & Measurement,2019-09-29,2019-12-04,2019-09-29,2020-05-24,Completed,100.0,172.0,LA Branch
SIH26017-PRJ-000011,4,Draft Declaration,2020-05-26,2020-07-20,2020-05-26,2020-12-08,Completed,100.0,141.0,Revenue Dept
SIH26017-PRJ-000011,5,Final Declaration (Sec 19),2020-12-12,2021-03-07,2020-12-12,2022-06-30,Completed,100.0,480.0,Implementing Agency
SIH26017-PRJ-000011,6,Award Declaration (Sec 23),2022-07-04,2022-10-03,2022-07-04,2023-11-12,Completed,100.0,405.0,Implementing Agency
SIH26017-PRJ-000011,7,Compensation Disbursement,2023-11-16,2024-04-22,2023-11-16,,In Progress,100.0,,LA Branch
SIH26017-PRJ-000011,8,Possession,2027-03-11,2027-05-20,,,Not Started,0.0,,Implementing Agency
SIH26017-PRJ-000011,9,Mutation & Handover,2028-03-16,2028-05-08,,,Not Started,0.0,,LA Branch
SIH26017-PRJ-000012,1,Preliminary Notification (Sec 11),2016-09-16,2016-11-02,2016-09-16,2016-11-01,Completed,100.0,-1.0,Revenue Dept
SIH26017-PRJ-000012,2,Social Impact Assessment (SIA),2016-11-03,2017-03-10,2016-11-03,2017-04-09,Completed,100.0,30.0,District Collectorate
SIH26017-PRJ-000012,3,Survey & Measurement,2017-04-12,2017-06-15,2017-04-12,2017-07-16,Completed,100.0,31.0,LA Branch
SIH26017-PRJ-000012,4,Draft Declaration,2017-07-18,2017-09-09,2017-07-18,2017-09-22,Completed,100.0,13.0,LA Branch
SIH26017-PRJ-000012,5,Final Declaration (Sec 19),2017-09-26,2017-12-08,2017-09-26,2017-12-04,Completed,100.0,-4.0,Implementing Agency
SIH26017-PRJ-000012,6,Award Declaration (Sec 23),2017-12-10,2018-03-03,2017-12-10,2018-04-06,Completed,100.0,34.0,District Collectorate
SIH26017-PRJ-000012,7,Compensation Disbursement,2018-04-07,2018-08-23,2018-04-07,2019-02-07,Completed,100.0,168.0,LA Branch
SIH26017-PRJ-000012,8,Possession,2019-02-11,2019-05-01,2019-02-11,2019-07-11,Completed,100.0,71.0,LA Branch
SIH26017-PRJ-000012,9,Mutation & Handover,2019-07-17,2019-09-16,2019-07-17,2019-09-27,Completed,100.0,11.0,District Collectorate
SIH26017-PRJ-000013,1,Preliminary Notification (Sec 11),2022-08-10,2022-10-10,2022-08-10,2022-10-27,Completed,100.0,17.0,District Collectorate
SIH26017-PRJ-000013,2,Social Impact Assessment (SIA),2022-10-29,2023-03-07,2022-10-29,2023-06-19,Completed,100.0,104.0,LA Branch
SIH26017-PRJ-000013,3,Survey & Measurement,2023-06-26,2023-09-25,2023-06-26,2023-12-21,Completed,100.0,87.0,District Collectorate
SIH26017-PRJ-000013,4,Draft Declaration,2023-12-24,2024-02-23,2023-12-24,2024-07-12,Completed,100.0,140.0,Implementing Agency
SIH26017-PRJ-000013,5,Final Declaration (Sec 19),2024-07-17,2024-10-05,2024-07-17,2024-10-17,Completed,100.0,12.0,Revenue Dept
SIH26017-PRJ-000013,6,Award Declaration (Sec 23),2024-10-18,2025-02-03,,,Stalled,0.0,,District Collectorate
SIH26017-PRJ-000013,7,Compensation Disbursement,2024-10-18,2025-04-02,,,Stalled,0.0,,LA Branch
SIH26017-PRJ-000013,8,Possession,2024-10-18,2024-12-30,,,Stalled,0.0,,Implementing Agency
SIH26017-PRJ-000013,9,Mutation & Handover,2024-10-18,2024-12-18,,,Stalled,0.0,,District Collectorate
SIH26017-PRJ-000014,1,Preliminary Notification (Sec 11),2021-03-07,2021-04-29,2021-03-07,2021-05-09,Completed,100.0,10.0,Implementing Agency
SIH26017-PRJ-000014,2,Social Impact Assessment (SIA),2021-05-12,2021-08-27,2021-05-12,2021-12-31,Completed,100.0,126.0,District Collectorate
SIH26017-PRJ-000014,3,Survey & Measurement,2022-01-01,2022-03-20,2022-01-01,2022-07-05,Completed,100.0,107.0,Revenue Dept
SIH26017-PRJ-000014,4,Draft Declaration,2022-07-07,2022-09-05,2022-07-07,2023-01-14,Completed,100.0,131.0,District Collectorate
SIH26017-PRJ-000014,5,Final Declaration (Sec 19),2023-01-15,2023-04-02,2023-01-15,2023-05-12,Completed,100.0,40.0,LA Branch
SIH26017-PRJ-000014,6,Award Declaration (Sec 23),2023-05-16,2023-08-17,2023-05-16,2023-11-05,Completed,100.0,80.0,LA Branch
SIH26017-PRJ-000014,7,Compensation Disbursement,2023-11-10,2024-04-20,2023-11-10,2024-01-30,Completed,100.0,-81.0,Revenue Dept
SIH26017-PRJ-000014,8,Possession,2024-02-02,2024-04-14,2024-02-02,2024-05-05,Completed,100.0,21.0,District Collectorate
SIH26017-PRJ-000014,9,Mutation & Handover,2024-05-11,2024-06-30,2024-05-11,2024-07-06,Completed,100.0,6.0,LA Branch
SIH26017-PRJ-000015,1,Preliminary Notification (Sec 11),2020-10-29,2021-01-03,2020-10-29,2021-05-06,Completed,100.0,123.0,LA Branch
SIH26017-PRJ-000015,2,Social Impact Assessment (SIA),2021-05-10,2021-08-25,2021-05-10,2022-04-04,Completed,100.0,222.0,Revenue Dept
SIH26017-PRJ-000015,3,Survey & Measurement,2022-04-12,2022-06-28,2022-04-12,2023-09-07,Completed,100.0,436.0,District Collectorate
SIH26017-PRJ-000015,4,Draft Declaration,2023-09-12,2023-11-19,2023-09-12,2024-09-02,Completed,100.0,288.0,LA Branch
SIH26017-PRJ-000015,5,Final Declaration (Sec 19),2024-09-08,2024-11-28,2024-09-08,2025-04-18,Completed,100.0,141.0,Revenue Dept
SIH26017-PRJ-000015,6,Award Declaration (Sec 23),2025-04-23,2025-08-11,2025-04-23,2026-04-01,Completed,100.0,233.0,LA Branch
SIH26017-PRJ-000015,7,Compensation Disbursement,2026-04-04,2026-09-10,2026-04-04,,In Progress,83.6,,Implementing Agency
SIH26017-PRJ-000015,8,Possession,2027-02-26,2027-05-16,,,Not Started,0.0,,District Collectorate
SIH26017-PRJ-000015,9,Mutation & Handover,2027-07-07,2027-09-07,,,Not Started,0.0,,LA Branch
SIH26017-PRJ-000016,1,Preliminary Notification (Sec 11),2024-09-08,2024-11-06,2024-09-08,2024-11-14,Completed,100.0,8.0,Implementing Agency
SIH26017-PRJ-000016,2,Social Impact Assessment (SIA),2024-11-19,2025-03-23,2024-11-19,2025-06-19,Completed,100.0,88.0,Revenue Dept
SIH26017-PRJ-000016,3,Survey & Measurement,2025-06-26,2025-09-07,2025-06-26,2026-01-20,Completed,100.0,135.0,Revenue Dept
SIH26017-PRJ-000016,4,Draft Declaration,2026-01-27,2026-03-21,2026-01-27,,In Progress,100.0,,District Collectorate
SIH26017-PRJ-000016,5,Final Declaration (Sec 19),2026-09-21,2026-12-11,,,Not Started,0.0,,Implementing Agency
SIH26017-PRJ-000016,6,Award Declaration (Sec 23),2027-06-11,2027-09-17,,,Not Started,0.0,,District Collectorate
SIH26017-PRJ-000016,7,Compensation Disbursement,2028-04-03,2028-09-16,,,Not Started,0.0,,District Collectorate
SIH26017-PRJ-000016,8,Possession,2028-10-12,2028-12-26,,,Not Started,0.0,,District Collectorate
SIH26017-PRJ-000016,9,Mutation & Handover,2029-02-14,2029-04-20,,,Not Started,0.0,,District Collectorate
SIH26017-PRJ-000017,1,Preliminary Notification (Sec 11),2022-10-03,2022-11-26,2022-10-03,2022-12-05,Completed,100.0,9.0,LA Branch
SIH26017-PRJ-000017,2,Social Impact Assessment (SIA),2022-12-08,2023-03-25,2022-12-08,2023-07-19,Completed,100.0,116.0,District Collectorate
SIH26017-PRJ-000017,3,Survey & Measurement,2023-07-27,2023-10-03,2023-07-27,2024-04-03,Completed,100.0,183.0,LA Branch
SIH26017-PRJ-000017,4,Draft Declaration,2024-04-07,2024-05-28,2024-04-07,2024-12-23,Completed,100.0,209.0,District Collectorate
SIH26017-PRJ-000017,5,Final Declaration (Sec 19),2024-12-27,2025-03-02,2024-12-27,2025-08-15,Completed,100.0,166.0,LA Branch
SIH26017-PRJ-000017,6,Award Declaration (Sec 23),2025-08-18,2025-11-19,2025-08-18,,In Progress,100.0,,LA Branch
SIH26017-PRJ-000017,7,Compensation Disbursement,2027-04-18,2027-08-30,,,Not Started,0.0,,LA Branch
SIH26017-PRJ-000017,8,Possession,2030-03-01,2030-05-05,,,Not Started,0.0,,Implementing Agency
SIH26017-PRJ-000017,9,Mutation & Handover,2030-12-28,2031-02-19,,,Not Started,0.0,,LA Branch
SIH26017-PRJ-000018,1,Preliminary Notification (Sec 11),2021-04-02,2021-05-28,2021-04-02,2021-06-12,Completed,100.0,15.0,District Collectorate
SIH26017-PRJ-000018,2,Social Impact Assessment (SIA),2021-06-17,2021-10-09,2021-06-17,2021-11-22,Completed,100.0,44.0,District Collectorate
SIH26017-PRJ-000018,3,Survey & Measurement,2021-11-26,2022-02-09,2021-11-26,2022-03-04,Completed,100.0,23.0,District Collectorate
SIH26017-PRJ-000018,4,Draft Declaration,2022-03-09,2022-05-04,2022-03-09,2022-07-05,Completed,100.0,62.0,District Collectorate
SIH26017-PRJ-000018,5,Final Declaration (Sec 19),2022-07-08,2022-09-25,2022-07-08,2022-12-13,Completed,100.0,79.0,District Collectorate
SIH26017-PRJ-000018,6,Award Declaration (Sec 23),2022-12-17,2023-03-22,2022-12-17,2023-04-14,Completed,100.0,23.0,District Collectorate
SIH26017-PRJ-000018,7,Compensation Disbursement,2023-04-15,2023-09-04,2023-04-15,2023-11-26,Completed,100.0,83.0,District Collectorate
SIH26017-PRJ-000018,8,Possession,2023-12-01,2024-02-06,2023-12-01,2024-04-06,Completed,100.0,60.0,Revenue Dept
SIH26017-PRJ-000018,9,Mutation & Handover,2024-04-11,2024-06-05,2024-04-11,2024-08-10,Completed,100.0,66.0,District Collectorate
SIH26017-PRJ-000019,1,Preliminary Notification (Sec 11),2016-10-14,2016-12-11,2016-10-14,2017-01-23,Completed,100.0,43.0,District Collectorate
SIH26017-PRJ-000019,2,Social Impact Assessment (SIA),2017-01-25,2017-05-06,2017-01-25,2017-12-03,Completed,100.0,211.0,LA Branch
SIH26017-PRJ-000019,3,Survey & Measurement,2017-12-08,2018-02-07,2017-12-08,2018-05-03,Completed,100.0,85.0,District Collectorate
SIH26017-PRJ-000019,4,Draft Declaration,2018-05-10,2018-06-26,2018-05-10,2018-09-13,Completed,100.0,79.0,Revenue Dept
SIH26017-PRJ-000019,5,Final Declaration (Sec 19),2018-09-15,2018-11-21,2018-09-15,2019-01-14,Completed,100.0,54.0,District Collectorate
SIH26017-PRJ-000019,6,Award Declaration (Sec 23),2019-01-18,2019-04-08,2019-01-18,2019-06-16,Completed,100.0,69.0,District Collectorate
SIH26017-PRJ-000019,7,Compensation Disbursement,2019-06-17,2019-10-28,2019-06-17,2020-01-02,Completed,100.0,66.0,District Collectorate
SIH26017-PRJ-000019,8,Possession,2020-01-10,2020-03-21,2020-01-10,2020-03-25,Completed,100.0,4.0,Revenue Dept
SIH26017-PRJ-000019,9,Mutation & Handover,2020-03-28,2020-05-21,2020-03-28,2020-08-12,Completed,100.0,83.0,District Collectorate
SIH26017-PRJ-000020,1,Preliminary Notification (Sec 11),2017-07-10,2017-08-29,2017-07-10,2017-10-24,Completed,100.0,56.0,LA Branch
SIH26017-PRJ-000020,2,Social Impact Assessment (SIA),2017-10-26,2018-02-09,2017-10-26,2018-07-29,Completed,100.0,170.0,Implementing Agency
SIH26017-PRJ-000020,3,Survey & Measurement,2018-08-06,2018-10-10,2018-08-06,2018-11-18,Completed,100.0,39.0,LA Branch
SIH26017-PRJ-000020,4,Draft Declaration,2018-11-23,2019-01-16,2018-11-23,2019-01-23,Completed,100.0,7.0,LA Branch
SIH26017-PRJ-000020,5,Final Declaration (Sec 19),2019-01-29,2019-04-01,2019-01-29,2019-11-03,Completed,100.0,216.0,Implementing Agency
SIH26017-PRJ-000020,6,Award Declaration (Sec 23),2019-11-08,2020-02-06,2019-11-08,2020-03-17,Completed,100.0,40.0,Revenue Dept
SIH26017-PRJ-000020,7,Compensation Disbursement,2020-03-20,2020-07-24,2020-03-20,2021-07-26,Completed,100.0,367.0,District Collectorate
SIH26017-PRJ-000020,8,Possession,2021-07-31,2021-10-10,2021-07-31,2022-03-20,Completed,100.0,161.0,LA Branch
SIH26017-PRJ-000020,9,Mutation & Handover,2022-03-26,2022-05-17,2022-03-26,2022-08-10,Completed,100.0,85.0,Implementing Agency
SIH26017-PRJ-000021,1,Preliminary Notification (Sec 11),2018-01-31,2018-03-24,2018-01-31,2018-09-26,Completed,100.0,186.0,District Collectorate
SIH26017-PRJ-000021,2,Social Impact Assessment (SIA),2018-10-01,2019-01-09,2018-10-01,2019-07-11,Completed,100.0,183.0,Revenue Dept
SIH26017-PRJ-000021,3,Survey & Measurement,2019-07-17,2019-09-24,2019-07-17,2020-01-24,Completed,100.0,122.0,LA Branch
SIH26017-PRJ-000021,4,Draft Declaration,2020-01-29,2020-03-19,2020-01-29,2020-06-28,Completed,100.0,101.0,Revenue Dept
SIH26017-PRJ-000021,5,Final Declaration (Sec 19),2020-07-03,2020-09-14,2020-07-03,2021-04-16,Completed,100.0,214.0,Revenue Dept
SIH26017-PRJ-000021,6,Award Declaration (Sec 23),2021-04-19,2021-07-13,2021-04-19,2023-01-26,Completed,100.0,562.0,Revenue Dept
SIH26017-PRJ-000021,7,Compensation Disbursement,2023-01-31,2023-06-28,2023-01-31,2026-05-03,Completed,100.0,1040.0,LA Branch
SIH26017-PRJ-000021,8,Possession,2026-05-04,2026-07-10,2026-05-04,,In Progress,100.0,,Implementing Agency
SIH26017-PRJ-000021,9,Mutation & Handover,2026-11-17,2027-01-08,,,Not Started,0.0,,Revenue Dept
SIH26017-PRJ-000022,1,Preliminary Notification (Sec 11),2015-01-18,2015-03-29,2015-01-18,2015-03-14,Completed,100.0,-15.0,Implementing Agency
SIH26017-PRJ-000022,2,Social Impact Assessment (SIA),2015-03-16,2015-07-29,2015-03-16,2016-01-05,Completed,100.0,160.0,District Collectorate
SIH26017-PRJ-000022,3,Survey & Measurement,2016-01-11,2016-04-13,2016-01-11,2016-05-18,Completed,100.0,35.0,LA Branch
SIH26017-PRJ-000022,4,Draft Declaration,2016-05-21,2016-07-29,2016-05-21,2016-11-28,Completed,100.0,122.0,LA Branch
SIH26017-PRJ-000022,5,Final Declaration (Sec 19),2016-12-04,2017-03-04,2016-12-04,2017-06-05,Completed,100.0,93.0,LA Branch
SIH26017-PRJ-000022,6,Award Declaration (Sec 23),2017-06-13,2017-09-27,2017-06-13,2018-11-18,Completed,100.0,417.0,Revenue Dept
SIH26017-PRJ-000022,7,Compensation Disbursement,2018-11-22,2019-06-03,2018-11-22,2022-01-29,Completed,100.0,971.0,Revenue Dept
SIH26017-PRJ-000022,8,Possession,2022-02-03,2022-05-08,2022-02-03,2023-11-14,Completed,100.0,555.0,District Collectorate
SIH26017-PRJ-000022,9,Mutation & Handover,2023-11-15,2024-01-23,2023-11-15,2025-04-20,Completed,100.0,453.0,Revenue Dept
SIH26017-PRJ-000023,1,Preliminary Notification (Sec 11),2024-01-20,2024-03-22,2024-01-20,2024-04-09,Completed,100.0,18.0,District Collectorate
SIH26017-PRJ-000023,2,Social Impact Assessment (SIA),2024-04-13,2024-08-10,2024-04-13,2025-01-31,Completed,100.0,174.0,District Collectorate
SIH26017-PRJ-000023,3,Survey & Measurement,2025-02-01,2025-04-18,2025-02-01,2025-07-08,Completed,100.0,81.0,LA Branch
SIH26017-PRJ-000023,4,Draft Declaration,2025-07-09,2025-09-10,2025-07-09,2025-11-29,Completed,100.0,80.0,District Collectorate
SIH26017-PRJ-000023,5,Final Declaration (Sec 19),2025-11-30,2026-02-22,2025-11-30,2026-07-20,Completed,100.0,148.0,Revenue Dept
SIH26017-PRJ-000023,6,Award Declaration (Sec 23),2026-07-22,2026-10-20,2026-07-22,,In Progress,26.7,,District Collectorate
SIH26017-PRJ-000023,7,Compensation Disbursement,2027-03-16,2027-08-30,,,Not Started,0.0,,District Collectorate
SIH26017-PRJ-000023,8,Possession,2029-03-25,2029-06-08,,,Not Started,0.0,,Revenue Dept
SIH26017-PRJ-000023,9,Mutation & Handover,2030-04-17,2030-06-08,,,Not Started,0.0,,District Collectorate
SIH26017-PRJ-000024,1,Preliminary Notification (Sec 11),2017-06-08,2017-08-04,2017-06-08,2017-10-17,Completed,100.0,74.0,LA Branch
SIH26017-PRJ-000024,2,Social Impact Assessment (SIA),2017-10-23,2018-02-14,2017-10-23,2018-10-17,Completed,100.0,245.0,Revenue Dept
SIH26017-PRJ-000024,3,Survey & Measurement,2018-10-23,2018-12-31,,,Stalled,0.0,,Implementing Agency
SIH26017-PRJ-000024,4,Draft Declaration,2018-10-23,2018-12-22,,,Stalled,0.0,,District Collectorate
SIH26017-PRJ-000024,5,Final Declaration (Sec 19),2018-10-23,2019-01-03,,,Stalled,0.0,,Revenue Dept
SIH26017-PRJ-000024,6,Award Declaration (Sec 23),2018-10-23,2019-01-25,,,Stalled,0.0,,District Collectorate
SIH26017-PRJ-000024,7,Compensation Disbursement,2018-10-23,2019-03-15,,,Stalled,0.0,,District Collectorate
SIH26017-PRJ-000024,8,Possession,2018-10-23,2018-12-29,,,Stalled,0.0,,LA Branch
SIH26017-PRJ-000024,9,Mutation & Handover,2018-10-23,2018-12-15,,,Stalled,0.0,,Revenue Dept
SIH26017-PRJ-000025,1,Preliminary Notification (Sec 11),2022-03-27,2022-05-20,2022-03-27,2022-07-06,Completed,100.0,47.0,District Collectorate
SIH26017-PRJ-000025,2,Social Impact Assessment (SIA),2022-07-08,2022-10-24,2022-07-08,2023-08-01,Completed,100.0,281.0,Implementing Agency
SIH26017-PRJ-000025,3,Survey & Measurement,2023-08-07,2023-10-17,2023-08-07,2024-07-28,Completed,100.0,285.0,Revenue Dept
SIH26017-PRJ-000025,4,Draft Declaration,2024-07-31,2024-09-26,2024-07-31,2025-01-21,Completed,100.0,117.0,District Collectorate
SIH26017-PRJ-000025,5,Final Declaration (Sec 19),2025-01-23,2025-04-14,2025-01-23,2026-06-11,Completed,100.0,423.0,District Collectorate
SIH26017-PRJ-000025,6,Award Declaration (Sec 23),2026-06-14,2026-09-15,2026-06-14,,In Progress,66.7,,District Collectorate
SIH26017-PRJ-000025,7,Compensation Disbursement,2027-02-12,2027-07-22,,,Not Started,0.0,,Revenue Dept
SIH26017-PRJ-000025,8,Possession,2028-05-21,2028-08-03,,,Not Started,0.0,,LA Branch
SIH26017-PRJ-000025,9,Mutation & Handover,2028-12-31,2029-02-19,,,Not Started,0.0,,District Collectorate
SIH26017-PRJ-000026,1,Preliminary Notification (Sec 11),2018-06-11,2018-08-01,2018-06-11,2018-09-05,Completed,100.0,35.0,District Collectorate
SIH26017-PRJ-000026,2,Social Impact Assessment (SIA),2018-09-10,2018-12-29,,,Stalled,0.0,,LA Branch
SIH26017-PRJ-000026,3,Survey & Measurement,2018-09-10,2018-11-11,,,Stalled,0.0,,District Collectorate
SIH26017-PRJ-000026,4,Draft Declaration,2018-09-10,2018-11-03,,,Stalled,0.0,,Revenue Dept
SIH26017-PRJ-000026,5,Final Declaration (Sec 19),2018-09-10,2018-11-26,,,Stalled,0.0,,LA Branch
SIH26017-PRJ-000026,6,Award Declaration (Sec 23),2018-09-10,2018-11-29,,,Stalled,0.0,,Revenue Dept
SIH26017-PRJ-000026,7,Compensation Disbursement,2018-09-10,2019-02-06,,,Stalled,0.0,,Revenue Dept
SIH26017-PRJ-000026,8,Possession,2018-09-10,2018-11-22,,,Stalled,0.0,,Implementing Agency
SIH26017-PRJ-000026,9,Mutation & Handover,2018-09-10,2018-11-05,,,Stalled,0.0,,District Collectorate
SIH26017-PRJ-000027,1,Preliminary Notification (Sec 11),2018-01-04,2018-03-03,2018-01-04,2018-03-01,Completed,100.0,-2.0,Implementing Agency
SIH26017-PRJ-000027,2,Social Impact Assessment (SIA),2018-03-06,2018-06-29,2018-03-06,2018-09-20,Completed,100.0,83.0,Revenue Dept
SIH26017-PRJ-000027,3,Survey & Measurement,2018-09-24,2018-12-16,2018-09-24,2018-12-28,Completed,100.0,12.0,LA Branch
SIH26017-PRJ-000027,4,Draft Declaration,2019-01-06,2019-02-25,2019-01-06,2019-05-18,Completed,100.0,82.0,LA Branch
SIH26017-PRJ-000027,5,Final Declaration (Sec 19),2019-05-20,2019-08-03,2019-05-20,2020-02-06,Completed,100.0,187.0,Revenue Dept
SIH26017-PRJ-000027,6,Award Declaration (Sec 23),2020-02-10,2020-05-19,2020-02-10,2021-01-08,Completed,100.0,234.0,Revenue Dept
SIH26017-PRJ-000027,7,Compensation Disbursement,2021-01-14,2021-06-15,2021-01-14,2022-01-31,Completed,100.0,230.0,Revenue Dept
SIH26017-PRJ-000027,8,Possession,2022-02-02,2022-04-12,2022-02-02,2022-10-15,Completed,100.0,186.0,LA Branch
SIH26017-PRJ-000027,9,Mutation & Handover,2022-10-21,2022-12-14,2022-10-21,2023-10-06,Completed,100.0,296.0,District Collectorate
SIH26017-PRJ-000028,1,Preliminary Notification (Sec 11),2015-10-11,2015-11-25,2015-10-11,2015-11-07,Completed,100.0,-18.0,LA Branch
SIH26017-PRJ-000028,2,Social Impact Assessment (SIA),2015-11-09,2016-03-04,2015-11-09,2016-04-10,Completed,100.0,37.0,District Collectorate
SIH26017-PRJ-000028,3,Survey & Measurement,2016-04-18,2016-06-24,2016-04-18,2016-08-09,Completed,100.0,46.0,District Collectorate
SIH26017-PRJ-000028,4,Draft Declaration,2016-08-12,2016-10-07,2016-08-12,2017-01-21,Completed,100.0,106.0,Revenue Dept
SIH26017-PRJ-000028,5,Final Declaration (Sec 19),2017-01-24,2017-04-20,,,Stalled,0.0,,LA Branch
SIH26017-PRJ-000028,6,Award Declaration (Sec 23),2017-01-24,2017-05-05,,,Stalled,0.0,,LA Branch
SIH26017-PRJ-000028,7,Compensation Disbursement,2017-01-24,2017-06-21,,,Stalled,0.0,,Revenue Dept
SIH26017-PRJ-000028,8,Possession,2017-01-24,2017-04-08,,,Stalled,0.0,,District Collectorate
SIH26017-PRJ-000028,9,Mutation & Handover,2017-01-24,2017-03-18,,,Stalled,0.0,,District Collectorate
SIH26017-PRJ-000029,1,Preliminary Notification (Sec 11),2022-10-27,2023-01-08,2022-10-27,2023-03-09,Completed,100.0,60.0,District Collectorate
SIH26017-PRJ-000029,2,Social Impact Assessment (SIA),2023-03-11,2023-07-10,2023-03-11,2023-08-22,Completed,100.0,43.0,Revenue Dept
SIH26017-PRJ-000029,3,Survey & Measurement,2023-08-24,2023-11-16,2023-08-24,2023-11-23,Completed,100.0,7.0,District Collectorate
SIH26017-PRJ-000029,4,Draft Declaration,2023-11-26,2024-02-05,2023-11-26,2024-07-18,Completed,100.0,164.0,District Collectorate
SIH26017-PRJ-000029,5,Final Declaration (Sec 19),2024-07-22,2024-10-15,2024-07-22,2025-03-13,Completed,100.0,149.0,Implementing Agency
SIH26017-PRJ-000029,6,Award Declaration (Sec 23),2025-03-18,2025-07-23,2025-03-18,2026-05-06,Completed,100.0,287.0,District Collectorate
SIH26017-PRJ-000029,7,Compensation Disbursement,2026-05-10,2026-10-09,2026-05-10,,In Progress,63.8,,Implementing Agency
SIH26017-PRJ-000029,8,Possession,2028-04-22,2028-07-18,,,Not Started,0.0,,District Collectorate
SIH26017-PRJ-000029,9,Mutation & Handover,2028-10-11,2028-12-13,,,Not Started,0.0,,District Collectorate
SIH26017-PRJ-000030,1,Preliminary Notification (Sec 11),2022-11-15,2023-01-22,2022-11-15,2023-03-29,Completed,100.0,66.0,District Collectorate
SIH26017-PRJ-000030,2,Social Impact Assessment (SIA),2023-04-01,2023-08-13,2023-04-01,2023-09-19,Completed,100.0,37.0,District Collectorate
SIH26017-PRJ-000030,3,Survey & Measurement,2023-09-21,2023-12-09,2023-09-21,2024-03-08,Completed,100.0,90.0,LA Branch
SIH26017-PRJ-000030,4,Draft Declaration,2024-03-14,2024-05-18,2024-03-14,2024-04-29,Completed,100.0,-19.0,Revenue Dept
SIH26017-PRJ-000030,5,Final Declaration (Sec 19),2024-05-05,2024-08-01,2024-05-05,2024-09-17,Completed,100.0,47.0,District Collectorate
SIH26017-PRJ-000030,6,Award Declaration (Sec 23),2024-09-19,2024-12-24,2024-09-19,2025-04-29,Completed,100.0,126.0,Implementing Agency
SIH26017-PRJ-000030,7,Compensation Disbursement,2025-05-04,2025-10-06,2025-05-04,2025-11-10,Completed,100.0,35.0,District Collectorate
SIH26017-PRJ-000030,8,Possession,2025-11-13,2026-01-30,2025-11-13,2026-01-22,Completed,100.0,-8.0,LA Branch
SIH26017-PRJ-000030,9,Mutation & Handover,2026-01-26,2026-03-26,2026-01-26,2026-06-15,Completed,100.0,81.0,Revenue Dept
SIH26017-PRJ-000031,1,Preliminary Notification (Sec 11),2018-11-18,2019-01-20,2018-11-18,2019-03-24,Completed,100.0,63.0,District Collectorate
SIH26017-PRJ-000031,2,Social Impact Assessment (SIA),2019-03-27,2019-08-11,2019-03-27,2020-01-16,Completed,100.0,158.0,District Collectorate
SIH26017-PRJ-000031,3,Survey & Measurement,2020-01-19,2020-04-16,2020-01-19,2021-04-07,Completed,100.0,356.0,LA Branch
SIH26017-PRJ-000031,4,Draft Declaration,2021-04-13,2021-06-22,2021-04-13,2022-03-22,Completed,100.0,273.0,Revenue Dept
SIH26017-PRJ-000031,5,Final Declaration (Sec 19),2022-03-27,2022-06-27,2022-03-27,2023-02-01,Completed,100.0,219.0,Implementing Agency
SIH26017-PRJ-000031,6,Award Declaration (Sec 23),2023-02-04,2023-05-29,2023-02-04,2024-03-18,Completed,100.0,294.0,Implementing Agency
SIH26017-PRJ-000031,7,Compensation Disbursement,2024-03-24,2024-09-26,,,Stalled,0.0,,Revenue Dept
SIH26017-PRJ-000031,8,Possession,2024-03-24,2024-06-14,,,Stalled,0.0,,LA Branch
SIH26017-PRJ-000031,9,Mutation & Handover,2024-03-24,2024-06-03,,,Stalled,0.0,,Revenue Dept
SIH26017-PRJ-000032,1,Preliminary Notification (Sec 11),2015-05-05,2015-06-21,2015-05-05,2015-07-03,Completed,100.0,12.0,District Collectorate
SIH26017-PRJ-000032,2,Social Impact Assessment (SIA),2015-07-05,2015-10-05,2015-07-05,2015-10-15,Completed,100.0,10.0,District Collectorate
SIH26017-PRJ-000032,3,Survey & Measurement,2015-10-20,2016-01-02,2015-10-20,2016-02-04,Completed,100.0,33.0,LA Branch
SIH26017-PRJ-000032,4,Draft Declaration,2016-02-05,2016-03-27,2016-02-05,2016-06-06,Completed,100.0,71.0,District Collectorate
SIH26017-PRJ-000032,5,Final Declaration (Sec 19),2016-06-09,2016-08-25,2016-06-09,2016-09-28,Completed,100.0,34.0,Implementing Agency
SIH26017-PRJ-000032,6,Award Declaration (Sec 23),2016-10-03,2017-01-11,2016-10-03,2017-03-24,Completed,100.0,72.0,Revenue Dept
SIH26017-PRJ-000032,7,Compensation Disbursement,2017-03-25,2017-07-22,2017-03-25,2017-09-29,Completed,100.0,69.0,Revenue Dept
SIH26017-PRJ-000032,8,Possession,2017-10-01,2017-12-11,2017-10-01,2018-04-05,Completed,100.0,115.0,LA Branch
SIH26017-PRJ-000032,9,Mutation & Handover,2018-04-09,2018-06-06,,,Stalled,0.0,,District Collectorate
SIH26017-PRJ-000033,1,Preliminary Notification (Sec 11),2022-07-12,2022-09-03,2022-07-12,2022-08-21,Completed,100.0,-13.0,LA Branch
SIH26017-PRJ-000033,2,Social Impact Assessment (SIA),2022-08-23,2022-12-24,2022-08-23,2022-11-26,Completed,100.0,-28.0,LA Branch
SIH26017-PRJ-000033,3,Survey & Measurement,2022-11-27,2023-02-07,2022-11-27,2023-02-21,Completed,100.0,14.0,District Collectorate
SIH26017-PRJ-000033,4,Draft Declaration,2023-02-28,2023-04-25,2023-02-28,2023-04-18,Completed,100.0,-7.0,District Collectorate
SIH26017-PRJ-000033,5,Final Declaration (Sec 19),2023-04-24,2023-07-04,2023-04-24,2023-07-02,Completed,100.0,-2.0,Implementing Agency
SIH26017-PRJ-000033,6,Award Declaration (Sec 23),2023-07-06,2023-10-07,2023-07-06,2023-12-09,Completed,100.0,63.0,District Collectorate
SIH26017-PRJ-000033,7,Compensation Disbursement,2023-12-12,2024-04-28,2023-12-12,2025-01-07,Completed,100.0,254.0,District Collectorate
SIH26017-PRJ-000033,8,Possession,2025-01-09,2025-03-26,2025-01-09,2025-05-05,Completed,100.0,40.0,District Collectorate
SIH26017-PRJ-000033,9,Mutation & Handover,2025-05-11,2025-06-27,2025-05-11,2025-07-19,Completed,100.0,22.0,LA Branch
SIH26017-PRJ-000034,1,Preliminary Notification (Sec 11),2021-09-02,2021-10-29,2021-09-02,2022-02-06,Completed,100.0,100.0,District Collectorate
SIH26017-PRJ-000034,2,Social Impact Assessment (SIA),2022-02-11,2022-06-21,2022-02-11,2022-12-06,Completed,100.0,168.0,District Collectorate
SIH26017-PRJ-000034,3,Survey & Measurement,2022-12-10,2023-02-28,2022-12-10,2023-06-14,Completed,100.0,106.0,Revenue Dept
SIH26017-PRJ-000034,4,Draft Declaration,2023-06-21,2023-08-22,2023-06-21,2023-09-18,Completed,100.0,27.0,District Collectorate
SIH26017-PRJ-000034,5,Final Declaration (Sec 19),2023-09-25,2023-12-15,2023-09-25,2024-02-16,Completed,100.0,63.0,Revenue Dept
SIH26017-PRJ-000034,6,Award Declaration (Sec 23),2024-02-17,2024-06-10,2024-02-17,2025-06-24,Completed,100.0,379.0,Implementing Agency
SIH26017-PRJ-000034,7,Compensation Disbursement,2025-06-28,2025-12-27,2025-06-28,,In Progress,100.0,,LA Branch
SIH26017-PRJ-000034,8,Possession,2028-10-04,2028-12-29,,,Not Started,0.0,,District Collectorate
SIH26017-PRJ-000034,9,Mutation & Handover,2029-09-12,2029-11-08,,,Not Started,0.0,,Implementing Agency
SIH26017-PRJ-000035,1,Preliminary Notification (Sec 11),2018-01-08,2018-03-03,2018-01-08,2018-02-27,Completed,100.0,-4.0,District Collectorate
SIH26017-PRJ-000035,2,Social Impact Assessment (SIA),2018-03-04,2018-07-12,2018-03-04,2018-08-09,Completed,100.0,28.0,District Collectorate
SIH26017-PRJ-000035,3,Survey & Measurement,2018-08-12,2018-10-19,2018-08-12,2018-10-19,Completed,100.0,0.0,Implementing Agency
SIH26017-PRJ-000035,4,Draft Declaration,2018-10-22,2018-12-07,2018-10-22,2018-11-20,Completed,100.0,-17.0,District Collectorate
SIH26017-PRJ-000035,5,Final Declaration (Sec 19),2018-11-25,2019-02-20,2018-11-25,2019-01-14,Completed,100.0,-37.0,Revenue Dept
SIH26017-PRJ-000035,6,Award Declaration (Sec 23),2019-01-20,2019-04-13,2019-01-20,2019-04-07,Completed,100.0,-6.0,Implementing Agency
SIH26017-PRJ-000035,7,Compensation Disbursement,2019-04-10,2019-08-28,2019-04-10,2019-09-05,Completed,100.0,8.0,LA Branch
SIH26017-PRJ-000035,8,Possession,2019-09-08,2019-11-17,2019-09-08,2019-12-17,Completed,100.0,30.0,LA Branch
SIH26017-PRJ-000035,9,Mutation & Handover,2019-12-18,2020-02-07,2019-12-18,2020-03-06,Completed,100.0,28.0,Implementing Agency
SIH26017-PRJ-000036,1,Preliminary Notification (Sec 11),2017-01-08,2017-02-22,2017-01-08,2017-03-23,Completed,100.0,29.0,LA Branch
SIH26017-PRJ-000036,2,Social Impact Assessment (SIA),2017-04-01,2017-07-29,2017-04-01,2018-03-10,Completed,100.0,224.0,LA Branch
SIH26017-PRJ-000036,3,Survey & Measurement,2018-03-13,2018-05-18,2018-03-13,2018-10-08,Completed,100.0,143.0,District Collectorate
SIH26017-PRJ-000036,4,Draft Declaration,2018-10-09,2018-11-29,2018-10-09,2019-02-18,Completed,100.0,81.0,LA Branch
SIH26017-PRJ-000036,5,Final Declaration (Sec 19),2019-02-23,2019-05-01,2019-02-23,2019-05-30,Completed,100.0,29.0,District Collectorate
SIH26017-PRJ-000036,6,Award Declaration (Sec 23),2019-06-06,2019-08-25,2019-06-06,2019-12-30,Completed,100.0,127.0,Revenue Dept
SIH26017-PRJ-000036,7,Compensation Disbursement,2020-01-06,2020-06-07,2020-01-06,2021-03-05,Completed,100.0,271.0,District Collectorate
SIH26017-PRJ-000036,8,Possession,2021-03-07,2021-05-17,2021-03-07,2021-06-17,Completed,100.0,31.0,Implementing Agency
SIH26017-PRJ-000036,9,Mutation & Handover,2021-06-22,2021-08-12,2021-06-22,2021-08-09,Completed,100.0,-3.0,District Collectorate
SIH26017-PRJ-000037,1,Preliminary Notification (Sec 11),2022-12-16,2023-02-14,2022-12-16,2023-04-20,Completed,100.0,65.0,District Collectorate
SIH26017-PRJ-000037,2,Social Impact Assessment (SIA),2023-04-23,2023-08-25,2023-04-23,2024-04-20,Completed,100.0,239.0,Revenue Dept
SIH26017-PRJ-000037,3,Survey & Measurement,2024-04-23,2024-07-08,2024-04-23,2024-10-25,Completed,100.0,109.0,LA Branch
SIH26017-PRJ-000037,4,Draft Declaration,2024-10-28,2024-12-20,2024-10-28,2025-06-25,Completed,100.0,187.0,Implementing Agency
SIH26017-PRJ-000037,5,Final Declaration (Sec 19),2025-06-27,2025-09-15,2025-06-27,2026-05-18,Completed,100.0,245.0,District Collectorate
SIH26017-PRJ-000037,6,Award Declaration (Sec 23),2026-05-21,2026-08-31,2026-05-21,,In Progress,84.3,,Revenue Dept
SIH26017-PRJ-000037,7,Compensation Disbursement,2028-07-09,2028-12-04,,,Not Started,0.0,,Revenue Dept
SIH26017-PRJ-000037,8,Possession,2030-08-22,2030-11-10,,,Not Started,0.0,,LA Branch
SIH26017-PRJ-000037,9,Mutation & Handover,2032-05-14,2032-07-10,,,Not Started,0.0,,District Collectorate
SIH26017-PRJ-000038,1,Preliminary Notification (Sec 11),2021-11-21,2022-01-24,2021-11-21,2022-04-19,Completed,100.0,85.0,LA Branch
SIH26017-PRJ-000038,2,Social Impact Assessment (SIA),2022-04-28,2022-09-09,2022-04-28,2022-12-06,Completed,100.0,88.0,LA Branch
SIH26017-PRJ-000038,3,Survey & Measurement,2022-12-11,2023-02-25,2022-12-11,2023-07-20,Completed,100.0,145.0,District Collectorate
SIH26017-PRJ-000038,4,Draft Declaration,2023-07-25,2023-09-28,2023-07-25,2024-02-26,Completed,100.0,151.0,Revenue Dept
SIH26017-PRJ-000038,5,Final Declaration (Sec 19),2024-02-28,2024-06-09,2024-02-28,2025-06-19,Completed,100.0,375.0,Revenue Dept
SIH26017-PRJ-000038,6,Award Declaration (Sec 23),2025-06-20,2025-10-20,2025-06-20,,In Progress,100.0,,District Collectorate
SIH26017-PRJ-000038,7,Compensation Disbursement,2026-12-10,2027-06-14,,,Not Started,0.0,,District Collectorate
SIH26017-PRJ-000038,8,Possession,2029-10-25,2030-01-17,,,Not Started,0.0,,District Collectorate
SIH26017-PRJ-000038,9,Mutation & Handover,2031-04-07,2031-06-09,,,Not Started,0.0,,Implementing Agency
SIH26017-PRJ-000039,1,Preliminary Notification (Sec 11),2024-09-20,2024-11-19,2024-09-20,2024-11-04,Completed,100.0,-15.0,District Collectorate
SIH26017-PRJ-000039,2,Social Impact Assessment (SIA),2024-11-09,2025-04-07,2024-11-09,2025-05-28,Completed,100.0,51.0,District Collectorate
SIH26017-PRJ-000039,3,Survey & Measurement,2025-06-01,2025-08-31,2025-06-01,2025-10-20,Completed,100.0,50.0,District Collectorate
SIH26017-PRJ-000039,4,Draft Declaration,2025-10-24,2025-12-28,2025-10-24,2026-02-17,Completed,100.0,51.0,District Collectorate
SIH26017-PRJ-000039,5,Final Declaration (Sec 19),2026-02-21,2026-05-27,2026-02-21,,In Progress,100.0,,Revenue Dept
SIH26017-PRJ-000039,6,Award Declaration (Sec 23),2026-10-14,2027-01-25,,,Not Started,0.0,,LA Branch
SIH26017-PRJ-000039,7,Compensation Disbursement,2027-09-18,2028-02-19,,,Not Started,0.0,,District Collectorate
SIH26017-PRJ-000039,8,Possession,2029-04-25,2029-08-01,,,Not Started,0.0,,LA Branch
SIH26017-PRJ-000039,9,Mutation & Handover,2030-09-19,2030-11-26,,,Not Started,0.0,,LA Branch
SIH26017-PRJ-000040,1,Preliminary Notification (Sec 11),2018-07-03,2018-09-04,2018-07-03,2018-09-27,Completed,100.0,23.0,District Collectorate
SIH26017-PRJ-000040,2,Social Impact Assessment (SIA),2018-10-01,2019-02-11,2018-10-01,2020-04-22,Completed,100.0,436.0,Revenue Dept
SIH26017-PRJ-000040,3,Survey & Measurement,2020-04-27,2020-07-08,2020-04-27,2021-03-02,Completed,100.0,237.0,LA Branch
SIH26017-PRJ-000040,4,Draft Declaration,2021-03-06,2021-05-13,,,Stalled,0.0,,Implementing Agency
SIH26017-PRJ-000040,5,Final Declaration (Sec 19),2021-03-06,2021-06-02,,,Stalled,0.0,,District Collectorate
SIH26017-PRJ-000040,6,Award Declaration (Sec 23),2021-03-06,2021-06-30,,,Stalled,0.0,,District Collectorate
SIH26017-PRJ-000040,7,Compensation Disbursement,2021-03-06,2021-08-23,,,Stalled,0.0,,Implementing Agency
SIH26017-PRJ-000040,8,Possession,2021-03-06,2021-05-27,,,Stalled,0.0,,Revenue Dept
SIH26017-PRJ-000040,9,Mutation & Handover,2021-03-06,2021-05-28,,,Stalled,0.0,,Revenue Dept
SIH26017-PRJ-000041,1,Preliminary Notification (Sec 11),2019-06-22,2019-08-10,2019-06-22,2019-11-10,Completed,100.0,92.0,Revenue Dept
SIH26017-PRJ-000041,2,Social Impact Assessment (SIA),2019-11-14,2020-03-07,2019-11-14,2020-10-30,Completed,100.0,237.0,LA Branch
SIH26017-PRJ-000041,3,Survey & Measurement,2020-11-03,2021-01-02,2020-11-03,2021-04-21,Completed,100.0,109.0,LA Branch
SIH26017-PRJ-000041,4,Draft Declaration,2021-04-26,2021-06-14,2021-04-26,2021-08-01,Completed,100.0,48.0,District Collectorate
SIH26017-PRJ-000041,5,Final Declaration (Sec 19),2021-08-07,2021-10-17,2021-08-07,2022-04-19,Completed,100.0,184.0,LA Branch
SIH26017-PRJ-000041,6,Award Declaration (Sec 23),2022-04-25,2022-07-26,2022-04-25,2022-12-07,Completed,100.0,134.0,District Collectorate
SIH26017-PRJ-000041,7,Compensation Disbursement,2022-12-09,2023-05-04,2022-12-09,2023-06-08,Completed,100.0,35.0,LA Branch
SIH26017-PRJ-000041,8,Possession,2023-06-12,2023-08-12,2023-06-12,2023-08-07,Completed,100.0,-5.0,District Collectorate
SIH26017-PRJ-000041,9,Mutation & Handover,2023-08-12,2023-10-04,2023-08-12,2023-12-05,Completed,100.0,62.0,Implementing Agency
SIH26017-PRJ-000042,1,Preliminary Notification (Sec 11),2018-04-26,2018-06-19,2018-04-26,2018-05-29,Completed,100.0,-21.0,Revenue Dept
SIH26017-PRJ-000042,2,Social Impact Assessment (SIA),2018-05-31,2018-09-19,2018-05-31,2018-07-25,Completed,100.0,-56.0,Implementing Agency
SIH26017-PRJ-000042,3,Survey & Measurement,2018-07-31,2018-10-11,2018-07-31,2018-11-17,Completed,100.0,37.0,Revenue Dept
SIH26017-PRJ-000042,4,Draft Declaration,2018-11-20,2019-01-09,2018-11-20,2019-04-10,Completed,100.0,91.0,District Collectorate
SIH26017-PRJ-000042,5,Final Declaration (Sec 19),2019-04-17,2019-06-29,2019-04-17,2019-11-09,Completed,100.0,133.0,LA Branch
SIH26017-PRJ-000042,6,Award Declaration (Sec 23),2019-11-10,2020-02-11,2019-11-10,2020-06-27,Completed,100.0,137.0,District Collectorate
SIH26017-PRJ-000042,7,Compensation Disbursement,2020-07-01,2020-11-25,2020-07-01,2020-09-13,Completed,100.0,-73.0,LA Branch
SIH26017-PRJ-000042,8,Possession,2020-09-17,2020-11-30,2020-09-17,2020-11-11,Completed,100.0,-19.0,District Collectorate
SIH26017-PRJ-000042,9,Mutation & Handover,2020-11-16,2021-01-08,2020-11-16,2021-01-22,Completed,100.0,14.0,District Collectorate
SIH26017-PRJ-000043,1,Preliminary Notification (Sec 11),2019-06-05,2019-08-03,2019-06-05,2019-09-19,Completed,100.0,47.0,District Collectorate
SIH26017-PRJ-000043,2,Social Impact Assessment (SIA),2019-09-26,2020-01-25,2019-09-26,2020-03-17,Completed,100.0,52.0,Revenue Dept
SIH26017-PRJ-000043,3,Survey & Measurement,2020-03-19,2020-06-15,2020-03-19,2020-07-25,Completed,100.0,40.0,District Collectorate
SIH26017-PRJ-000043,4,Draft Declaration,2020-07-28,2020-09-21,2020-07-28,2020-09-29,Completed,100.0,8.0,LA Branch
SIH26017-PRJ-000043,5,Final Declaration (Sec 19),2020-09-30,2020-12-16,2020-09-30,2021-04-15,Completed,100.0,120.0,District Collectorate
SIH26017-PRJ-000043,6,Award Declaration (Sec 23),2021-04-20,2021-07-29,2021-04-20,2021-12-18,Completed,100.0,142.0,District Collectorate
SIH26017-PRJ-000043,7,Compensation Disbursement,2021-12-23,2022-06-06,,,Stalled,0.0,,LA Branch
SIH26017-PRJ-000043,8,Possession,2021-12-23,2022-03-18,,,Stalled,0.0,,District Collectorate
SIH26017-PRJ-000043,9,Mutation & Handover,2021-12-23,2022-02-20,,,Stalled,0.0,,LA Branch
SIH26017-PRJ-000044,1,Preliminary Notification (Sec 11),2018-11-03,2018-12-19,2018-11-03,2018-12-15,Completed,100.0,-4.0,LA Branch
SIH26017-PRJ-000044,2,Social Impact Assessment (SIA),2018-12-23,2019-04-10,2018-12-23,2019-02-15,Completed,100.0,-54.0,LA Branch
SIH26017-PRJ-000044,3,Survey & Measurement,2019-02-20,2019-04-29,2019-02-20,2019-03-30,Completed,100.0,-30.0,LA Branch
SIH26017-PRJ-000044,4,Draft Declaration,2019-04-04,2019-05-29,2019-04-04,2019-05-12,Completed,100.0,-17.0,Revenue Dept
SIH26017-PRJ-000044,5,Final Declaration (Sec 19),2019-05-16,2019-07-27,2019-05-16,2019-08-10,Completed,100.0,14.0,District Collectorate
SIH26017-PRJ-000044,6,Award Declaration (Sec 23),2019-08-13,2019-10-29,2019-08-13,2019-10-07,Completed,100.0,-22.0,District Collectorate
SIH26017-PRJ-000044,7,Compensation Disbursement,2019-10-10,2020-02-24,2019-10-10,2020-01-13,Completed,100.0,-42.0,LA Branch
SIH26017-PRJ-000044,8,Possession,2020-01-17,2020-03-26,2020-01-17,2020-02-20,Completed,100.0,-35.0,Revenue Dept
SIH26017-PRJ-000044,9,Mutation & Handover,2020-02-28,2020-04-19,2020-02-28,2020-03-25,Completed,100.0,-25.0,LA Branch
SIH26017-PRJ-000045,1,Preliminary Notification (Sec 11),2016-12-23,2017-03-03,2016-12-23,2017-02-24,Completed,100.0,-7.0,District Collectorate
SIH26017-PRJ-000045,2,Social Impact Assessment (SIA),2017-02-26,2017-06-30,2017-02-26,2017-08-31,Completed,100.0,62.0,LA Branch
SIH26017-PRJ-000045,3,Survey & Measurement,2017-09-05,2017-12-12,2017-09-05,2018-02-05,Completed,100.0,55.0,Implementing Agency
SIH26017-PRJ-000045,4,Draft Declaration,2018-02-06,2018-04-14,2018-02-06,2018-06-21,Completed,100.0,68.0,LA Branch
SIH26017-PRJ-000045,5,Final Declaration (Sec 19),2018-06-29,2018-10-05,2018-06-29,2018-11-23,Completed,100.0,49.0,District Collectorate
SIH26017-PRJ-000045,6,Award Declaration (Sec 23),2018-11-26,2019-03-16,2018-11-26,2019-08-15,Completed,100.0,152.0,LA Branch
SIH26017-PRJ-000045,7,Compensation Disbursement,2019-08-20,2020-01-29,2019-08-20,2020-10-04,Completed,100.0,249.0,Revenue Dept
SIH26017-PRJ-000045,8,Possession,2020-10-05,2021-01-01,2020-10-05,2021-08-25,Completed,100.0,236.0,District Collectorate
SIH26017-PRJ-000045,9,Mutation & Handover,2021-08-28,2021-11-07,2021-08-28,2022-01-27,Completed,100.0,81.0,District Collectorate
SIH26017-PRJ-000046,1,Preliminary Notification (Sec 11),2023-05-27,2023-07-24,2023-05-27,2023-09-02,Completed,100.0,40.0,LA Branch
SIH26017-PRJ-000046,2,Social Impact Assessment (SIA),2023-09-04,2023-12-20,2023-09-04,2024-02-18,Completed,100.0,60.0,Revenue Dept
SIH26017-PRJ-000046,3,Survey & Measurement,2024-02-23,2024-05-07,2024-02-23,2024-05-11,Completed,100.0,4.0,Revenue Dept
SIH26017-PRJ-000046,4,Draft Declaration,2024-05-16,2024-07-06,2024-05-16,2024-09-09,Completed,100.0,65.0,Implementing Agency
SIH26017-PRJ-000046,5,Final Declaration (Sec 19),2024-09-10,2024-11-13,2024-09-10,2025-02-13,Completed,100.0,92.0,Revenue Dept
SIH26017-PRJ-000046,6,Award Declaration (Sec 23),2025-02-18,2025-05-17,2025-02-18,2025-08-10,Completed,100.0,85.0,District Collectorate
SIH26017-PRJ-000046,7,Compensation Disbursement,2025-08-12,2026-01-14,2025-08-12,,In Progress,100.0,,District Collectorate
SIH26017-PRJ-000046,8,Possession,2027-04-05,2027-06-11,,,Not Started,0.0,,LA Branch
SIH26017-PRJ-000046,9,Mutation & Handover,2027-07-14,2027-09-06,,,Not Started,0.0,,District Collectorate
SIH26017-PRJ-000047,1,Preliminary Notification (Sec 11),2018-05-12,2018-06-30,2018-05-12,2018-07-17,Completed,100.0,17.0,District Collectorate
SIH26017-PRJ-000047,2,Social Impact Assessment (SIA),2018-07-24,2018-11-16,2018-07-24,2019-03-26,Completed,100.0,130.0,LA Branch
SIH26017-PRJ-000047,3,Survey & Measurement,2019-03-28,2019-06-12,2019-03-28,2019-09-26,Completed,100.0,106.0,District Collectorate
SIH26017-PRJ-000047,4,Draft Declaration,2019-10-01,2019-11-22,2019-10-01,2020-02-29,Completed,100.0,99.0,LA Branch
SIH26017-PRJ-000047,5,Final Declaration (Sec 19),2020-03-06,2020-05-25,2020-03-06,2021-03-02,Completed,100.0,281.0,Revenue Dept
SIH26017-PRJ-000047,6,Award Declaration (Sec 23),2021-03-06,2021-05-28,2021-03-06,2022-05-02,Completed,100.0,339.0,District Collectorate
SIH26017-PRJ-000047,7,Compensation Disbursement,2022-05-03,2022-09-18,2022-05-03,2023-09-11,Completed,100.0,358.0,Revenue Dept
SIH26017-PRJ-000047,8,Possession,2023-09-18,2023-12-01,2023-09-18,2024-08-17,Completed,100.0,260.0,LA Branch
SIH26017-PRJ-000047,9,Mutation & Handover,2024-08-21,2024-10-09,2024-08-21,2025-04-07,Completed,100.0,180.0,LA Branch
SIH26017-PRJ-000048,1,Preliminary Notification (Sec 11),2022-03-28,2022-06-03,2022-03-28,2022-08-20,Completed,100.0,78.0,Implementing Agency
SIH26017-PRJ-000048,2,Social Impact Assessment (SIA),2022-08-25,2023-01-03,2022-08-25,2023-12-22,Completed,100.0,353.0,LA Branch
SIH26017-PRJ-000048,3,Survey & Measurement,2023-12-27,2024-03-24,2023-12-27,2024-11-02,Completed,100.0,223.0,LA Branch
SIH26017-PRJ-000048,4,Draft Declaration,2024-11-05,2025-01-07,2024-11-05,2025-08-22,Completed,100.0,227.0,LA Branch
SIH26017-PRJ-000048,5,Final Declaration (Sec 19),2025-08-23,2025-11-09,2025-08-23,2026-04-15,Completed,100.0,157.0,Revenue Dept
SIH26017-PRJ-000048,6,Award Declaration (Sec 23),2026-04-19,2026-07-23,2026-04-19,,In Progress,100.0,,District Collectorate
SIH26017-PRJ-000048,7,Compensation Disbursement,2026-10-26,2027-04-18,,,Not Started,0.0,,District Collectorate
SIH26017-PRJ-000048,8,Possession,2028-04-18,2028-07-15,,,Not Started,0.0,,District Collectorate
SIH26017-PRJ-000048,9,Mutation & Handover,2030-04-02,2030-06-04,,,Not Started,0.0,,LA Branch
SIH26017-PRJ-000049,1,Preliminary Notification (Sec 11),2015-01-07,2015-02-20,2015-01-07,2015-03-05,Completed,100.0,13.0,LA Branch
SIH26017-PRJ-000049,2,Social Impact Assessment (SIA),2015-03-10,2015-06-09,2015-03-10,2015-06-03,Completed,100.0,-6.0,LA Branch
SIH26017-PRJ-000049,3,Survey & Measurement,2015-06-07,2015-08-24,2015-06-07,2015-08-12,Completed,100.0,-12.0,LA Branch
SIH26017-PRJ-000049,4,Draft Declaration,2015-08-17,2015-10-10,2015-08-17,2015-10-27,Completed,100.0,17.0,District Collectorate
SIH26017-PRJ-000049,5,Final Declaration (Sec 19),2015-11-01,2016-01-18,2015-11-01,2016-01-08,Completed,100.0,-10.0,Implementing Agency
SIH26017-PRJ-000049,6,Award Declaration (Sec 23),2016-01-14,2016-04-15,2016-01-14,2016-07-16,Completed,100.0,92.0,LA Branch
SIH26017-PRJ-000049,7,Compensation Disbursement,2016-07-20,2016-12-07,2016-07-20,2016-10-09,Completed,100.0,-59.0,Revenue Dept
SIH26017-PRJ-000049,8,Possession,2016-10-13,2016-12-17,2016-10-13,2017-02-07,Completed,100.0,52.0,Revenue Dept
SIH26017-PRJ-000049,9,Mutation & Handover,2017-02-12,2017-04-05,2017-02-12,2017-05-09,Completed,100.0,34.0,Implementing Agency
SIH26017-PRJ-000050,1,Preliminary Notification (Sec 11),2016-11-22,2017-01-19,2016-11-22,2017-03-31,Completed,100.0,71.0,Revenue Dept
SIH26017-PRJ-000050,2,Social Impact Assessment (SIA),2017-04-04,2017-07-13,2017-04-04,2017-09-28,Completed,100.0,77.0,LA Branch
SIH26017-PRJ-000050,3,Survey & Measurement,2017-10-03,2017-12-19,2017-10-03,2018-04-22,Completed,100.0,124.0,LA Branch
SIH26017-PRJ-000050,4,Draft Declaration,2018-04-28,2018-06-20,2018-04-28,2018-10-29,Completed,100.0,131.0,LA Branch
SIH26017-PRJ-000050,5,Final Declaration (Sec 19),2018-11-01,2019-01-14,2018-11-01,2019-05-19,Completed,100.0,125.0,District Collectorate
SIH26017-PRJ-000050,6,Award Declaration (Sec 23),2019-05-24,2019-08-29,2019-05-24,2020-07-01,Completed,100.0,307.0,District Collectorate
SIH26017-PRJ-000050,7,Compensation Disbursement,2020-07-04,2020-11-26,2020-07-04,2023-02-18,Completed,100.0,814.0,District Collectorate
SIH26017-PRJ-000050,8,Possession,2023-02-24,2023-05-19,2023-02-24,2023-11-04,Completed,100.0,169.0,LA Branch
SIH26017-PRJ-000050,9,Mutation & Handover,2023-11-07,2023-12-30,2023-11-07,2024-04-17,Completed,100.0,109.0,LA Branch
SIH26017-PRJ-000051,1,Preliminary Notification (Sec 11),2022-07-03,2022-08-31,2022-07-03,2022-10-05,Completed,100.0,35.0,Revenue Dept
SIH26017-PRJ-000051,2,Social Impact Assessment (SIA),2022-10-10,2023-01-30,2022-10-10,2023-02-28,Completed,100.0,29.0,LA Branch
SIH26017-PRJ-000051,3,Survey & Measurement,2023-03-05,2023-05-15,2023-03-05,2023-08-28,Completed,100.0,105.0,Implementing Agency
SIH26017-PRJ-000051,4,Draft Declaration,2023-09-02,2023-10-28,2023-09-02,2023-11-16,Completed,100.0,19.0,Implementing Agency
SIH26017-PRJ-000051,5,Final Declaration (Sec 19),2023-11-20,2024-02-01,2023-11-20,2024-04-02,Completed,100.0,61.0,Revenue Dept
SIH26017-PRJ-000051,6,Award Declaration (Sec 23),2024-04-08,2024-07-03,2024-04-08,2025-02-16,Completed,100.0,228.0,LA Branch
SIH26017-PRJ-000051,7,Compensation Disbursement,2025-02-22,2025-07-13,2025-02-22,2026-04-08,Completed,100.0,269.0,District Collectorate
SIH26017-PRJ-000051,8,Possession,2026-04-12,2026-06-26,2026-04-12,,In Progress,100.0,,Revenue Dept
SIH26017-PRJ-000051,9,Mutation & Handover,2026-11-02,2026-12-19,,,Not Started,0.0,,Revenue Dept
SIH26017-PRJ-000052,1,Preliminary Notification (Sec 11),2022-12-31,2023-02-22,2022-12-31,2023-02-02,Completed,100.0,-20.0,Implementing Agency
SIH26017-PRJ-000052,2,Social Impact Assessment (SIA),2023-02-06,2023-06-19,2023-02-06,2023-07-03,Completed,100.0,14.0,LA Branch
SIH26017-PRJ-000052,3,Survey & Measurement,2023-07-04,2023-09-25,2023-07-04,2023-09-03,Completed,100.0,-22.0,Implementing Agency
SIH26017-PRJ-000052,4,Draft Declaration,2023-09-09,2023-11-12,2023-09-09,2023-12-21,Completed,100.0,39.0,Implementing Agency
SIH26017-PRJ-000052,5,Final Declaration (Sec 19),2023-12-26,2024-03-18,2023-12-26,2024-03-06,Completed,100.0,-12.0,Implementing Agency
SIH26017-PRJ-000052,6,Award Declaration (Sec 23),2024-03-07,2024-06-09,2024-03-07,2024-08-08,Completed,100.0,60.0,Revenue Dept
SIH26017-PRJ-000052,7,Compensation Disbursement,2024-08-13,2025-02-03,2024-08-13,2025-02-21,Completed,100.0,18.0,Implementing Agency
SIH26017-PRJ-000052,8,Possession,2025-02-25,2025-05-10,,,Stalled,0.0,,LA Branch
SIH26017-PRJ-000052,9,Mutation & Handover,2025-02-25,2025-04-27,,,Stalled,0.0,,LA Branch
SIH26017-PRJ-000053,1,Preliminary Notification (Sec 11),2017-11-24,2018-01-14,2017-11-24,2018-01-25,Completed,100.0,11.0,LA Branch
SIH26017-PRJ-000053,2,Social Impact Assessment (SIA),2018-01-26,2018-05-23,2018-01-26,2018-07-06,Completed,100.0,44.0,Revenue Dept
SIH26017-PRJ-000053,3,Survey & Measurement,2018-07-07,2018-09-14,2018-07-07,2018-10-16,Completed,100.0,32.0,District Collectorate
SIH26017-PRJ-000053,4,Draft Declaration,2018-10-21,2018-12-21,2018-10-21,2019-03-01,Completed,100.0,70.0,District Collectorate
SIH26017-PRJ-000053,5,Final Declaration (Sec 19),2019-03-08,2019-05-23,2019-03-08,2019-09-30,Completed,100.0,130.0,District Collectorate
SIH26017-PRJ-000053,6,Award Declaration (Sec 23),2019-10-06,2020-01-09,2019-10-06,2020-02-20,Completed,100.0,42.0,Implementing Agency
SIH26017-PRJ-000053,7,Compensation Disbursement,2020-02-23,2020-07-26,2020-02-23,2021-04-04,Completed,100.0,252.0,District Collectorate
SIH26017-PRJ-000053,8,Possession,2021-04-11,2021-06-30,2021-04-11,2021-08-03,Completed,100.0,34.0,Revenue Dept
SIH26017-PRJ-000053,9,Mutation & Handover,2021-08-08,2021-09-29,2021-08-08,2021-10-16,Completed,100.0,17.0,LA Branch
SIH26017-PRJ-000054,1,Preliminary Notification (Sec 11),2016-05-11,2016-07-13,2016-05-11,2016-09-16,Completed,100.0,65.0,Implementing Agency
SIH26017-PRJ-000054,2,Social Impact Assessment (SIA),2016-09-20,2017-01-08,2016-09-20,2018-02-03,Completed,100.0,391.0,Revenue Dept
SIH26017-PRJ-000054,3,Survey & Measurement,2018-02-07,2018-04-20,2018-02-07,2018-09-03,Completed,100.0,136.0,LA Branch
SIH26017-PRJ-000054,4,Draft Declaration,2018-09-04,2018-10-26,2018-09-04,2019-01-14,Completed,100.0,80.0,Revenue Dept
SIH26017-PRJ-000054,5,Final Declaration (Sec 19),2019-01-19,2019-03-20,2019-01-19,2019-06-06,Completed,100.0,78.0,District Collectorate
SIH26017-PRJ-000054,6,Award Declaration (Sec 23),2019-06-09,2019-09-11,2019-06-09,2019-08-01,Completed,100.0,-41.0,District Collectorate
SIH26017-PRJ-000054,7,Compensation Disbursement,2019-08-07,2020-01-06,2019-08-07,2019-11-25,Completed,100.0,-42.0,District Collectorate
SIH26017-PRJ-000054,8,Possession,2019-11-26,2020-02-10,2019-11-26,2020-03-30,Completed,100.0,49.0,LA Branch
SIH26017-PRJ-000054,9,Mutation & Handover,2020-03-31,2020-05-27,2020-03-31,2020-09-27,Completed,100.0,123.0,LA Branch
SIH26017-PRJ-000055,1,Preliminary Notification (Sec 11),2021-12-14,2022-02-07,2021-12-14,2022-03-12,Completed,100.0,33.0,District Collectorate
SIH26017-PRJ-000055,2,Social Impact Assessment (SIA),2022-03-16,2022-06-29,2022-03-16,2023-04-02,Completed,100.0,277.0,Revenue Dept
SIH26017-PRJ-000055,3,Survey & Measurement,2023-04-03,2023-06-10,,,Stalled,0.0,,District Collectorate
SIH26017-PRJ-000055,4,Draft Declaration,2023-04-03,2023-05-27,,,Stalled,0.0,,Revenue Dept
SIH26017-PRJ-000055,5,Final Declaration (Sec 19),2023-04-03,2023-06-28,,,Stalled,0.0,,District Collectorate
SIH26017-PRJ-000055,6,Award Declaration (Sec 23),2023-04-03,2023-07-12,,,Stalled,0.0,,Revenue Dept
SIH26017-PRJ-000055,7,Compensation Disbursement,2023-04-03,2023-09-10,,,Stalled,0.0,,District Collectorate
SIH26017-PRJ-000055,8,Possession,2023-04-03,2023-06-15,,,Stalled,0.0,,District Collectorate
SIH26017-PRJ-000055,9,Mutation & Handover,2023-04-03,2023-05-28,,,Stalled,0.0,,District Collectorate
SIH26017-PRJ-000056,1,Preliminary Notification (Sec 11),2019-10-28,2019-12-20,2019-10-28,2019-12-14,Completed,100.0,-6.0,Implementing Agency
SIH26017-PRJ-000056,2,Social Impact Assessment (SIA),2019-12-21,2020-03-30,2019-12-21,2020-04-23,Completed,100.0,24.0,District Collectorate
SIH26017-PRJ-000056,3,Survey & Measurement,2020-04-26,2020-07-13,2020-04-26,2020-09-21,Completed,100.0,70.0,Implementing Agency
SIH26017-PRJ-000056,4,Draft Declaration,2020-09-27,2020-11-18,2020-09-27,2020-12-23,Completed,100.0,35.0,District Collectorate
SIH26017-PRJ-000056,5,Final Declaration (Sec 19),2020-12-29,2021-03-06,2020-12-29,2021-04-27,Completed,100.0,52.0,Revenue Dept
SIH26017-PRJ-000056,6,Award Declaration (Sec 23),2021-05-01,2021-08-03,2021-05-01,2021-10-15,Completed,100.0,73.0,Implementing Agency
SIH26017-PRJ-000056,7,Compensation Disbursement,2021-10-19,2022-03-20,2021-10-19,2022-08-10,Completed,100.0,143.0,District Collectorate
SIH26017-PRJ-000056,8,Possession,2022-08-14,2022-10-29,2022-08-14,2023-07-08,Completed,100.0,252.0,District Collectorate
SIH26017-PRJ-000056,9,Mutation & Handover,2023-07-12,2023-09-02,2023-07-12,2023-11-16,Completed,100.0,75.0,LA Branch
SIH26017-PRJ-000057,1,Preliminary Notification (Sec 11),2020-08-11,2020-10-10,2020-08-11,2020-12-19,Completed,100.0,70.0,LA Branch
SIH26017-PRJ-000057,2,Social Impact Assessment (SIA),2020-12-27,2021-05-14,2020-12-27,2021-10-03,Completed,100.0,142.0,District Collectorate
SIH26017-PRJ-000057,3,Survey & Measurement,2021-10-05,2021-12-30,2021-10-05,2022-04-09,Completed,100.0,100.0,Revenue Dept
SIH26017-PRJ-000057,4,Draft Declaration,2022-04-13,2022-06-09,,,Stalled,0.0,,District Collectorate
SIH26017-PRJ-000057,5,Final Declaration (Sec 19),2022-04-13,2022-07-18,,,Stalled,0.0,,Implementing Agency
SIH26017-PRJ-000057,6,Award Declaration (Sec 23),2022-04-13,2022-07-21,,,Stalled,0.0,,LA Branch
SIH26017-PRJ-000057,7,Compensation Disbursement,2022-04-13,2022-09-14,,,Stalled,0.0,,Revenue Dept
SIH26017-PRJ-000057,8,Possession,2022-04-13,2022-07-08,,,Stalled,0.0,,District Collectorate
SIH26017-PRJ-000057,9,Mutation & Handover,2022-04-13,2022-06-13,,,Stalled,0.0,,District Collectorate
SIH26017-PRJ-000058,1,Preliminary Notification (Sec 11),2023-04-29,2023-06-18,2023-04-29,2023-07-31,Completed,100.0,43.0,Revenue Dept
SIH26017-PRJ-000058,2,Social Impact Assessment (SIA),2023-08-04,2023-11-10,2023-08-04,2023-10-08,Completed,100.0,-33.0,LA Branch
SIH26017-PRJ-000058,3,Survey & Measurement,2023-10-10,2023-12-28,2023-10-10,2024-02-26,Completed,100.0,60.0,District Collectorate
SIH26017-PRJ-000058,4,Draft Declaration,2024-03-01,2024-04-23,2024-03-01,2024-03-27,Completed,100.0,-27.0,LA Branch
SIH26017-PRJ-000058,5,Final Declaration (Sec 19),2024-03-31,2024-06-10,2024-03-31,2024-06-22,Completed,100.0,12.0,District Collectorate
SIH26017-PRJ-000058,6,Award Declaration (Sec 23),2024-06-24,2024-09-29,2024-06-24,2024-08-25,Completed,100.0,-35.0,District Collectorate
SIH26017-PRJ-000058,7,Compensation Disbursement,2024-08-29,2025-01-15,2024-08-29,2025-01-17,Completed,100.0,2.0,District Collectorate
SIH26017-PRJ-000058,8,Possession,2025-01-21,2025-04-07,2025-01-21,2025-04-29,Completed,100.0,22.0,Revenue Dept
SIH26017-PRJ-000058,9,Mutation & Handover,2025-05-06,2025-07-01,,,Stalled,0.0,,Revenue Dept
SIH26017-PRJ-000059,1,Preliminary Notification (Sec 11),2018-09-25,2018-11-04,2018-09-25,2018-10-17,Completed,100.0,-18.0,Revenue Dept
SIH26017-PRJ-000059,2,Social Impact Assessment (SIA),2018-10-21,2019-01-24,2018-10-21,2018-12-24,Completed,100.0,-31.0,District Collectorate
SIH26017-PRJ-000059,3,Survey & Measurement,2018-12-27,2019-03-06,2018-12-27,2019-02-11,Completed,100.0,-23.0,Implementing Agency
SIH26017-PRJ-000059,4,Draft Declaration,2019-02-14,2019-04-06,2019-02-14,2019-03-12,Completed,100.0,-25.0,District Collectorate
SIH26017-PRJ-000059,5,Final Declaration (Sec 19),2019-03-17,2019-05-23,2019-03-17,2019-05-14,Completed,100.0,-9.0,District Collectorate
SIH26017-PRJ-000059,6,Award Declaration (Sec 23),2019-05-20,2019-08-07,,,Stalled,0.0,,District Collectorate
SIH26017-PRJ-000059,7,Compensation Disbursement,2019-05-20,2019-09-21,,,Stalled,0.0,,District Collectorate
SIH26017-PRJ-000059,8,Possession,2019-05-20,2019-07-24,,,Stalled,0.0,,Revenue Dept
SIH26017-PRJ-000059,9,Mutation & Handover,2019-05-20,2019-07-16,,,Stalled,0.0,,District Collectorate
SIH26017-PRJ-000060,1,Preliminary Notification (Sec 11),2024-04-05,2024-05-26,2024-04-05,2024-05-31,Completed,100.0,5.0,District Collectorate
SIH26017-PRJ-000060,2,Social Impact Assessment (SIA),2024-06-02,2024-09-20,2024-06-02,2024-10-24,Completed,100.0,34.0,Revenue Dept
SIH26017-PRJ-000060,3,Survey & Measurement,2024-10-28,2025-01-13,2024-10-28,2025-07-21,Completed,100.0,189.0,District Collectorate
SIH26017-PRJ-000060,4,Draft Declaration,2025-07-30,2025-09-10,2025-07-30,2025-11-06,Completed,100.0,57.0,Implementing Agency
SIH26017-PRJ-000060,5,Final Declaration (Sec 19),2025-11-09,2026-01-16,2025-11-09,2026-04-06,Completed,100.0,80.0,LA Branch
SIH26017-PRJ-000060,6,Award Declaration (Sec 23),2026-04-08,2026-07-04,2026-04-08,2026-07-19,Completed,100.0,15.0,Implementing Agency
SIH26017-PRJ-000060,7,Compensation Disbursement,2026-07-20,2026-12-31,2026-07-20,,In Progress,15.9,,Revenue Dept
SIH26017-PRJ-000060,8,Possession,2027-03-21,2027-06-03,,,Not Started,0.0,,Implementing Agency
SIH26017-PRJ-000060,9,Mutation & Handover,2027-08-27,2027-10-13,,,Not Started,0.0,,LA Branch
SIH26017-PRJ-000061,1,Preliminary Notification (Sec 11),2022-07-15,2022-09-04,2022-07-15,2022-11-14,Completed,100.0,71.0,Implementing Agency
SIH26017-PRJ-000061,2,Social Impact Assessment (SIA),2022-11-16,2023-03-07,2022-11-16,2024-03-16,Completed,100.0,375.0,District Collectorate
SIH26017-PRJ-000061,3,Survey & Measurement,2024-03-22,2024-06-04,2024-03-22,2025-08-25,Completed,100.0,447.0,Implementing Agency
SIH26017-PRJ-000061,4,Draft Declaration,2025-08-28,2025-10-18,2025-08-28,2026-01-31,Completed,100.0,105.0,LA Branch
SIH26017-PRJ-000061,5,Final Declaration (Sec 19),2026-02-01,2026-04-13,2026-02-01,2026-08-01,Completed,100.0,110.0,Revenue Dept
SIH26017-PRJ-000061,6,Award Declaration (Sec 23),2026-08-06,2026-11-02,2026-08-06,,In Progress,10.2,,LA Branch
SIH26017-PRJ-000061,7,Compensation Disbursement,2027-02-04,2027-06-29,,,Not Started,0.0,,District Collectorate
SIH26017-PRJ-000061,8,Possession,2027-07-02,2027-09-12,,,Not Started,0.0,,Implementing Agency
SIH26017-PRJ-000061,9,Mutation & Handover,2027-10-23,2027-12-21,,,Not Started,0.0,,LA Branch
SIH26017-PRJ-000062,1,Preliminary Notification (Sec 11),2020-09-10,2020-10-30,2020-09-10,2020-12-26,Completed,100.0,57.0,District Collectorate
SIH26017-PRJ-000062,2,Social Impact Assessment (SIA),2020-12-29,2021-04-21,2020-12-29,2021-09-30,Completed,100.0,162.0,LA Branch
SIH26017-PRJ-000062,3,Survey & Measurement,2021-10-02,2021-12-14,2021-10-02,2022-09-16,Completed,100.0,276.0,District Collectorate
SIH26017-PRJ-000062,4,Draft Declaration,2022-09-21,2022-11-12,2022-09-21,2023-09-26,Completed,100.0,318.0,LA Branch
SIH26017-PRJ-000062,5,Final Declaration (Sec 19),2023-09-27,2023-12-04,2023-09-27,2024-03-28,Completed,100.0,115.0,LA Branch
SIH26017-PRJ-000062,6,Award Declaration (Sec 23),2024-03-31,2024-06-20,2024-03-31,2024-06-25,Completed,100.0,5.0,District Collectorate
SIH26017-PRJ-000062,7,Compensation Disbursement,2024-06-29,2024-12-03,2024-06-29,2024-11-02,Completed,100.0,-31.0,Revenue Dept
SIH26017-PRJ-000062,8,Possession,2024-11-03,2025-01-13,2024-11-03,2025-02-05,Completed,100.0,23.0,LA Branch
SIH26017-PRJ-000062,9,Mutation & Handover,2025-02-06,2025-04-05,2025-02-06,2025-05-05,Completed,100.0,30.0,LA Branch
SIH26017-PRJ-000063,1,Preliminary Notification (Sec 11),2020-12-16,2021-02-09,2020-12-16,2021-03-13,Completed,100.0,32.0,LA Branch
SIH26017-PRJ-000063,2,Social Impact Assessment (SIA),2021-03-20,2021-07-05,2021-03-20,2021-09-15,Completed,100.0,72.0,LA Branch
SIH26017-PRJ-000063,3,Survey & Measurement,2021-09-17,2021-11-30,2021-09-17,2022-05-06,Completed,100.0,157.0,LA Branch
SIH26017-PRJ-000063,4,Draft Declaration,2022-05-07,2022-06-30,2022-05-07,2022-07-21,Completed,100.0,21.0,Revenue Dept
SIH26017-PRJ-000063,5,Final Declaration (Sec 19),2022-07-29,2022-10-05,2022-07-29,2023-01-06,Completed,100.0,93.0,Revenue Dept
SIH26017-PRJ-000063,6,Award Declaration (Sec 23),2023-01-11,2023-04-11,2023-01-11,2023-11-03,Completed,100.0,206.0,District Collectorate
SIH26017-PRJ-000063,7,Compensation Disbursement,2023-11-11,2024-04-07,2023-11-11,2025-12-20,Completed,100.0,622.0,Implementing Agency
SIH26017-PRJ-000063,8,Possession,2025-12-21,2026-03-17,2025-12-21,,In Progress,100.0,,Implementing Agency
SIH26017-PRJ-000063,9,Mutation & Handover,2027-09-11,2027-11-08,,,Not Started,0.0,,Revenue Dept
SIH26017-PRJ-000064,1,Preliminary Notification (Sec 11),2019-02-26,2019-04-26,2019-02-26,2019-06-26,Completed,100.0,61.0,District Collectorate
SIH26017-PRJ-000064,2,Social Impact Assessment (SIA),2019-06-30,2019-11-07,2019-06-30,2020-06-02,Completed,100.0,208.0,LA Branch
SIH26017-PRJ-000064,3,Survey & Measurement,2020-06-03,2020-09-04,2020-06-03,2021-02-20,Completed,100.0,169.0,District Collectorate
SIH26017-PRJ-000064,4,Draft Declaration,2021-02-23,2021-04-23,2021-02-23,2021-12-27,Completed,100.0,248.0,Implementing Agency
SIH26017-PRJ-000064,5,Final Declaration (Sec 19),2022-01-01,2022-03-23,2022-01-01,2023-01-02,Completed,100.0,285.0,Implementing Agency
SIH26017-PRJ-000064,6,Award Declaration (Sec 23),2023-01-06,2023-04-21,2023-01-06,2024-06-13,Completed,100.0,419.0,Revenue Dept
SIH26017-PRJ-000064,7,Compensation Disbursement,2024-06-17,2024-12-05,2024-06-17,,In Progress,100.0,,Revenue Dept
SIH26017-PRJ-000064,8,Possession,2027-05-30,2027-08-16,,,Not Started,0.0,,Implementing Agency
SIH26017-PRJ-000064,9,Mutation & Handover,2028-01-19,2028-03-15,,,Not Started,0.0,,LA Branch
SIH26017-PRJ-000065,1,Preliminary Notification (Sec 11),2021-03-22,2021-05-18,2021-03-22,2021-07-18,Completed,100.0,61.0,Implementing Agency
SIH26017-PRJ-000065,2,Social Impact Assessment (SIA),2021-07-19,2021-11-09,2021-07-19,2022-02-05,Completed,100.0,88.0,Implementing Agency
SIH26017-PRJ-000065,3,Survey & Measurement,2022-02-13,2022-04-25,2022-02-13,2022-09-26,Completed,100.0,154.0,LA Branch
SIH26017-PRJ-000065,4,Draft Declaration,2022-09-28,2022-11-20,2022-09-28,2023-03-11,Completed,100.0,111.0,District Collectorate
SIH26017-PRJ-000065,5,Final Declaration (Sec 19),2023-03-12,2023-05-27,2023-03-12,2024-04-30,Completed,100.0,339.0,LA Branch
SIH26017-PRJ-000065,6,Award Declaration (Sec 23),2024-05-03,2024-08-09,2024-05-03,2025-01-13,Completed,100.0,157.0,Implementing Agency
SIH26017-PRJ-000065,7,Compensation Disbursement,2025-01-17,2025-06-16,2025-01-17,2026-04-07,Completed,100.0,295.0,Revenue Dept
SIH26017-PRJ-000065,8,Possession,2026-04-11,2026-06-21,2026-04-11,,In Progress,100.0,,District Collectorate
SIH26017-PRJ-000065,9,Mutation & Handover,2026-11-14,2027-01-05,,,Not Started,0.0,,Revenue Dept
SIH26017-PRJ-000066,1,Preliminary Notification (Sec 11),2023-08-14,2023-10-06,2023-08-14,2023-09-18,Completed,100.0,-18.0,Revenue Dept
SIH26017-PRJ-000066,2,Social Impact Assessment (SIA),2023-09-24,2024-01-07,2023-09-24,2023-12-11,Completed,100.0,-27.0,Revenue Dept
SIH26017-PRJ-000066,3,Survey & Measurement,2023-12-12,2024-02-20,2023-12-12,2024-01-29,Completed,100.0,-22.0,Implementing Agency
SIH26017-PRJ-000066,4,Draft Declaration,2024-02-01,2024-03-27,2024-02-01,2024-03-10,Completed,100.0,-17.0,District Collectorate
SIH26017-PRJ-000066,5,Final Declaration (Sec 19),2024-03-15,2024-05-30,2024-03-15,2024-05-07,Completed,100.0,-23.0,Implementing Agency
SIH26017-PRJ-000066,6,Award Declaration (Sec 23),2024-05-11,2024-08-18,2024-05-11,2024-06-30,Completed,100.0,-49.0,Implementing Agency
SIH26017-PRJ-000066,7,Compensation Disbursement,2024-07-10,2024-11-26,2024-07-10,2024-09-17,Completed,100.0,-70.0,Revenue Dept
SIH26017-PRJ-000066,8,Possession,2024-09-18,2024-11-29,2024-09-18,2024-10-24,Completed,100.0,-36.0,District Collectorate
SIH26017-PRJ-000066,9,Mutation & Handover,2024-10-27,2024-12-23,2024-10-27,2024-11-25,Completed,100.0,-28.0,District Collectorate
SIH26017-PRJ-000067,1,Preliminary Notification (Sec 11),2017-01-02,2017-02-19,2017-01-02,2017-02-05,Completed,100.0,-14.0,LA Branch
SIH26017-PRJ-000067,2,Social Impact Assessment (SIA),2017-02-07,2017-06-06,2017-02-07,2017-07-26,Completed,100.0,50.0,Revenue Dept
SIH26017-PRJ-000067,3,Survey & Measurement,2017-07-29,2017-09-28,2017-07-29,2017-09-10,Completed,100.0,-18.0,Implementing Agency
SIH26017-PRJ-000067,4,Draft Declaration,2017-09-13,2017-11-05,2017-09-13,2017-11-05,Completed,100.0,0.0,Revenue Dept
SIH26017-PRJ-000067,5,Final Declaration (Sec 19),2017-11-06,2018-01-11,2017-11-06,2018-01-15,Completed,100.0,4.0,LA Branch
SIH26017-PRJ-000067,6,Award Declaration (Sec 23),2018-01-21,2018-04-11,2018-01-21,2018-05-27,Completed,100.0,46.0,LA Branch
SIH26017-PRJ-000067,7,Compensation Disbursement,2018-06-02,2018-10-20,2018-06-02,2019-01-06,Completed,100.0,78.0,LA Branch
SIH26017-PRJ-000067,8,Possession,2019-01-11,2019-03-14,2019-01-11,2019-05-12,Completed,100.0,59.0,LA Branch
SIH26017-PRJ-000067,9,Mutation & Handover,2019-05-17,2019-07-11,2019-05-17,2019-11-17,Completed,100.0,129.0,Revenue Dept
SIH26017-PRJ-000068,1,Preliminary Notification (Sec 11),2017-11-14,2018-01-12,2017-11-14,2018-04-10,Completed,100.0,88.0,Revenue Dept
SIH26017-PRJ-000068,2,Social Impact Assessment (SIA),2018-04-14,2018-08-03,2018-04-14,2019-03-08,Completed,100.0,217.0,District Collectorate
SIH26017-PRJ-000068,3,Survey & Measurement,2019-03-12,2019-05-30,2019-03-12,2019-10-18,Completed,100.0,141.0,District Collectorate
SIH26017-PRJ-000068,4,Draft Declaration,2019-10-19,2019-12-16,2019-10-19,2020-07-02,Completed,100.0,199.0,Implementing Agency
SIH26017-PRJ-000068,5,Final Declaration (Sec 19),2020-07-05,2020-10-04,2020-07-05,2021-07-21,Completed,100.0,290.0,Implementing Agency
SIH26017-PRJ-000068,6,Award Declaration (Sec 23),2021-07-25,2021-11-07,2021-07-25,2022-11-25,Completed,100.0,383.0,District Collectorate
SIH26017-PRJ-000068,7,Compensation Disbursement,2022-11-30,2023-04-20,2022-11-30,2024-06-17,Completed,100.0,424.0,Implementing Agency
SIH26017-PRJ-000068,8,Possession,2024-06-23,2024-09-01,2024-06-23,2025-03-19,Completed,100.0,199.0,Revenue Dept
SIH26017-PRJ-000068,9,Mutation & Handover,2025-03-25,2025-05-25,2025-03-25,2026-03-11,Completed,100.0,290.0,District Collectorate
SIH26017-PRJ-000069,1,Preliminary Notification (Sec 11),2016-10-12,2016-12-03,2016-10-12,2016-12-14,Completed,100.0,11.0,LA Branch
SIH26017-PRJ-000069,2,Social Impact Assessment (SIA),2016-12-17,2017-04-14,2016-12-17,2017-05-30,Completed,100.0,46.0,LA Branch
SIH26017-PRJ-000069,3,Survey & Measurement,2017-06-02,2017-08-07,2017-06-02,2017-12-12,Completed,100.0,127.0,District Collectorate
SIH26017-PRJ-000069,4,Draft Declaration,2017-12-16,2018-02-02,2017-12-16,2018-05-22,Completed,100.0,109.0,LA Branch
SIH26017-PRJ-000069,5,Final Declaration (Sec 19),2018-05-27,2018-07-27,2018-05-27,2019-06-07,Completed,100.0,315.0,District Collectorate
SIH26017-PRJ-000069,6,Award Declaration (Sec 23),2019-06-11,2019-09-21,2019-06-11,2020-02-14,Completed,100.0,146.0,LA Branch
SIH26017-PRJ-000069,7,Compensation Disbursement,2020-02-17,2020-07-10,2020-02-17,2020-10-06,Completed,100.0,88.0,District Collectorate
SIH26017-PRJ-000069,8,Possession,2020-10-13,2020-12-19,2020-10-13,2021-02-06,Completed,100.0,49.0,Revenue Dept
SIH26017-PRJ-000069,9,Mutation & Handover,2021-02-10,2021-04-08,2021-02-10,2021-07-10,Completed,100.0,93.0,Implementing Agency
SIH26017-PRJ-000070,1,Preliminary Notification (Sec 11),2023-06-03,2023-08-01,2023-06-03,2023-08-14,Completed,100.0,13.0,District Collectorate
SIH26017-PRJ-000070,2,Social Impact Assessment (SIA),2023-08-21,2023-11-29,2023-08-21,2024-01-26,Completed,100.0,58.0,Implementing Agency
SIH26017-PRJ-000070,3,Survey & Measurement,2024-01-30,2024-04-18,2024-01-30,2024-09-24,Completed,100.0,159.0,Revenue Dept
SIH26017-PRJ-000070,4,Draft Declaration,2024-10-02,2024-11-27,2024-10-02,2025-04-04,Completed,100.0,128.0,District Collectorate
SIH26017-PRJ-000070,5,Final Declaration (Sec 19),2025-04-06,2025-06-10,2025-04-06,2025-09-18,Completed,100.0,100.0,District Collectorate
SIH26017-PRJ-000070,6,Award Declaration (Sec 23),2025-09-22,2025-12-22,2025-09-22,2026-02-19,Completed,100.0,59.0,District Collectorate
SIH26017-PRJ-000070,7,Compensation Disbursement,2026-02-21,2026-07-27,2026-02-21,,In Progress,100.0,,District Collectorate
SIH26017-PRJ-000070,8,Possession,2026-12-14,2027-02-16,,,Not Started,0.0,,Implementing Agency
SIH26017-PRJ-000070,9,Mutation & Handover,2027-04-20,2027-06-23,,,Not Started,0.0,,Implementing Agency
SIH26017-PRJ-000071,1,Preliminary Notification (Sec 11),2018-04-08,2018-06-06,2018-04-08,2018-06-21,Completed,100.0,15.0,District Collectorate
SIH26017-PRJ-000071,2,Social Impact Assessment (SIA),2018-06-22,2018-11-02,2018-06-22,2018-11-01,Completed,100.0,-1.0,District Collectorate
SIH26017-PRJ-000071,3,Survey & Measurement,2018-11-07,2019-01-19,2018-11-07,2019-02-10,Completed,100.0,22.0,LA Branch
SIH26017-PRJ-000071,4,Draft Declaration,2019-02-13,2019-04-14,2019-02-13,2019-07-13,Completed,100.0,90.0,District Collectorate
SIH26017-PRJ-000071,5,Final Declaration (Sec 19),2019-07-17,2019-10-06,2019-07-17,2020-03-08,Completed,100.0,154.0,District Collectorate
SIH26017-PRJ-000071,6,Award Declaration (Sec 23),2020-03-12,2020-06-06,2020-03-12,2020-12-02,Completed,100.0,179.0,District Collectorate
SIH26017-PRJ-000071,7,Compensation Disbursement,2020-12-05,2021-05-26,2020-12-05,2024-05-01,Completed,100.0,1071.0,LA Branch
SIH26017-PRJ-000071,8,Possession,2024-05-05,2024-07-24,2024-05-05,2024-10-30,Completed,100.0,98.0,District Collectorate
SIH26017-PRJ-000071,9,Mutation & Handover,2024-11-03,2025-01-02,2024-11-03,2025-03-21,Completed,100.0,78.0,District Collectorate
SIH26017-PRJ-000072,1,Preliminary Notification (Sec 11),2024-09-10,2024-11-09,2024-09-10,2025-03-06,Completed,100.0,117.0,District Collectorate
SIH26017-PRJ-000072,2,Social Impact Assessment (SIA),2025-03-09,2025-06-15,2025-03-09,2026-03-27,Completed,100.0,285.0,Revenue Dept
SIH26017-PRJ-000072,3,Survey & Measurement,2026-04-01,2026-06-07,2026-04-01,,In Progress,100.0,,Implementing Agency
SIH26017-PRJ-000072,4,Draft Declaration,2026-10-10,2026-12-08,,,Not Started,0.0,,District Collectorate
SIH26017-PRJ-000072,5,Final Declaration (Sec 19),2027-05-31,2027-08-11,,,Not Started,0.0,,LA Branch
SIH26017-PRJ-000072,6,Award Declaration (Sec 23),2028-01-09,2028-04-17,,,Not Started,0.0,,District Collectorate
SIH26017-PRJ-000072,7,Compensation Disbursement,2030-03-10,2030-07-18,,,Not Started,0.0,,LA Branch
SIH26017-PRJ-000072,8,Possession,2031-01-18,2031-03-29,,,Not Started,0.0,,District Collectorate
SIH26017-PRJ-000072,9,Mutation & Handover,2031-09-16,2031-11-06,,,Not Started,0.0,,LA Branch
SIH26017-PRJ-000073,1,Preliminary Notification (Sec 11),2023-02-13,2023-04-18,2023-02-13,2023-05-27,Completed,100.0,39.0,Revenue Dept
SIH26017-PRJ-000073,2,Social Impact Assessment (SIA),2023-05-30,2023-10-21,2023-05-30,2024-06-25,Completed,100.0,248.0,Revenue Dept
SIH26017-PRJ-000073,3,Survey & Measurement,2024-07-03,2024-10-04,2024-07-03,2024-12-25,Completed,100.0,82.0,District Collectorate
SIH26017-PRJ-000073,4,Draft Declaration,2024-12-26,2025-02-26,2024-12-26,2025-04-12,Completed,100.0,45.0,District Collectorate
SIH26017-PRJ-000073,5,Final Declaration (Sec 19),2025-04-15,2025-07-09,2025-04-15,2025-08-07,Completed,100.0,29.0,Revenue Dept
SIH26017-PRJ-000073,6,Award Declaration (Sec 23),2025-08-10,2025-11-23,2025-08-10,,In Progress,100.0,,District Collectorate
SIH26017-PRJ-000073,7,Compensation Disbursement,2027-01-03,2027-05-31,,,Not Started,0.0,,District Collectorate
SIH26017-PRJ-000073,8,Possession,2029-04-18,2029-07-04,,,Not Started,0.0,,Revenue Dept
SIH26017-PRJ-000073,9,Mutation & Handover,2029-11-28,2030-02-01,,,Not Started,0.0,,LA Branch
SIH26017-PRJ-000074,1,Preliminary Notification (Sec 11),2015-11-20,2016-01-07,2015-11-20,2016-01-19,Completed,100.0,12.0,Revenue Dept
SIH26017-PRJ-000074,2,Social Impact Assessment (SIA),2016-01-24,2016-05-13,2016-01-24,2017-05-18,Completed,100.0,370.0,LA Branch
SIH26017-PRJ-000074,3,Survey & Measurement,2017-05-23,2017-08-08,2017-05-23,2017-11-24,Completed,100.0,108.0,Implementing Agency
SIH26017-PRJ-000074,4,Draft Declaration,2017-11-27,2018-01-22,2017-11-27,2018-04-17,Completed,100.0,85.0,District Collectorate
SIH26017-PRJ-000074,5,Final Declaration (Sec 19),2018-04-21,2018-06-29,2018-04-21,2018-11-09,Completed,100.0,133.0,District Collectorate
SIH26017-PRJ-000074,6,Award Declaration (Sec 23),2018-11-15,2019-02-04,2018-11-15,2019-04-14,Completed,100.0,69.0,Revenue Dept
SIH26017-PRJ-000074,7,Compensation Disbursement,2019-04-19,2019-09-05,2019-04-19,2019-11-12,Completed,100.0,68.0,District Collectorate
SIH26017-PRJ-000074,8,Possession,2019-11-16,2020-01-29,2019-11-16,2020-03-13,Completed,100.0,44.0,Revenue Dept
SIH26017-PRJ-000074,9,Mutation & Handover,2020-03-16,2020-05-06,2020-03-16,2020-07-26,Completed,100.0,81.0,LA Branch
SIH26017-PRJ-000075,1,Preliminary Notification (Sec 11),2019-06-08,2019-07-22,2019-06-08,2019-07-26,Completed,100.0,4.0,LA Branch
SIH26017-PRJ-000075,2,Social Impact Assessment (SIA),2019-07-30,2019-11-26,2019-07-30,2019-12-29,Completed,100.0,33.0,Implementing Agency
SIH26017-PRJ-000075,3,Survey & Measurement,2020-01-05,2020-03-10,2020-01-05,2020-04-17,Completed,100.0,38.0,LA Branch
SIH26017-PRJ-000075,4,Draft Declaration,2020-04-21,2020-06-18,2020-04-21,2020-09-17,Completed,100.0,91.0,Revenue Dept
SIH26017-PRJ-000075,5,Final Declaration (Sec 19),2020-09-20,2020-11-24,2020-09-20,2020-12-15,Completed,100.0,21.0,Implementing Agency
SIH26017-PRJ-000075,6,Award Declaration (Sec 23),2020-12-20,2021-03-14,2020-12-20,2021-05-22,Completed,100.0,69.0,District Collectorate
SIH26017-PRJ-000075,7,Compensation Disbursement,2021-05-24,2021-10-18,2021-05-24,2022-07-30,Completed,100.0,285.0,District Collectorate
SIH26017-PRJ-000075,8,Possession,2022-08-02,2022-10-13,2022-08-02,2023-03-13,Completed,100.0,151.0,District Collectorate
SIH26017-PRJ-000075,9,Mutation & Handover,2023-03-17,2023-05-01,2023-03-17,2023-06-29,Completed,100.0,59.0,LA Branch
SIH26017-PRJ-000076,1,Preliminary Notification (Sec 11),2019-12-07,2020-01-29,2019-12-07,2020-03-15,Completed,100.0,46.0,District Collectorate
SIH26017-PRJ-000076,2,Social Impact Assessment (SIA),2020-03-23,2020-07-23,2020-03-23,2020-10-13,Completed,100.0,82.0,District Collectorate
SIH26017-PRJ-000076,3,Survey & Measurement,2020-10-17,2020-12-24,2020-10-17,2020-12-26,Completed,100.0,2.0,District Collectorate
SIH26017-PRJ-000076,4,Draft Declaration,2020-12-30,2021-02-21,2020-12-30,2021-03-07,Completed,100.0,14.0,Revenue Dept
SIH26017-PRJ-000076,5,Final Declaration (Sec 19),2021-03-10,2021-05-15,2021-03-10,2021-05-30,Completed,100.0,15.0,District Collectorate
SIH26017-PRJ-000076,6,Award Declaration (Sec 23),2021-06-02,2021-09-07,2021-06-02,2021-07-21,Completed,100.0,-48.0,District Collectorate
SIH26017-PRJ-000076,7,Compensation Disbursement,2021-07-25,2021-12-18,2021-07-25,2021-11-25,Completed,100.0,-23.0,Implementing Agency
SIH26017-PRJ-000076,8,Possession,2021-11-27,2022-02-08,2021-11-27,2022-05-06,Completed,100.0,87.0,LA Branch
SIH26017-PRJ-000076,9,Mutation & Handover,2022-05-09,2022-07-02,2022-05-09,2022-08-09,Completed,100.0,38.0,District Collectorate
SIH26017-PRJ-000077,1,Preliminary Notification (Sec 11),2015-06-20,2015-08-18,2015-06-20,2015-09-15,Completed,100.0,28.0,LA Branch
SIH26017-PRJ-000077,2,Social Impact Assessment (SIA),2015-09-21,2015-12-27,2015-09-21,2016-02-11,Completed,100.0,46.0,District Collectorate
SIH26017-PRJ-000077,3,Survey & Measurement,2016-02-13,2016-04-23,2016-02-13,2016-06-30,Completed,100.0,68.0,District Collectorate
SIH26017-PRJ-000077,4,Draft Declaration,2016-07-07,2016-08-26,2016-07-07,2016-09-28,Completed,100.0,33.0,District Collectorate
SIH26017-PRJ-000077,5,Final Declaration (Sec 19),2016-10-02,2016-12-13,2016-10-02,2017-03-05,Completed,100.0,82.0,District Collectorate
SIH26017-PRJ-000077,6,Award Declaration (Sec 23),2017-03-08,2017-06-11,2017-03-08,2017-08-14,Completed,100.0,64.0,District Collectorate
SIH26017-PRJ-000077,7,Compensation Disbursement,2017-08-15,2018-01-09,2017-08-15,2018-05-11,Completed,100.0,122.0,LA Branch
SIH26017-PRJ-000077,8,Possession,2018-05-16,2018-07-23,2018-05-16,2018-09-27,Completed,100.0,66.0,Implementing Agency
SIH26017-PRJ-000077,9,Mutation & Handover,2018-10-04,2018-11-26,2018-10-04,2018-12-15,Completed,100.0,19.0,Revenue Dept
SIH26017-PRJ-000078,1,Preliminary Notification (Sec 11),2022-08-29,2022-10-18,2022-08-29,2023-01-21,Completed,100.0,95.0,Implementing Agency
SIH26017-PRJ-000078,2,Social Impact Assessment (SIA),2023-01-26,2023-05-25,2023-01-26,2023-07-27,Completed,100.0,63.0,District Collectorate
SIH26017-PRJ-000078,3,Survey & Measurement,2023-07-31,2023-10-31,2023-07-31,2024-04-13,Completed,100.0,165.0,Revenue Dept
SIH26017-PRJ-000078,4,Draft Declaration,2024-04-16,2024-06-15,2024-04-16,2024-09-17,Completed,100.0,94.0,LA Branch
SIH26017-PRJ-000078,5,Final Declaration (Sec 19),2024-09-20,2024-12-18,2024-09-20,2025-09-22,Completed,100.0,278.0,District Collectorate
SIH26017-PRJ-000078,6,Award Declaration (Sec 23),2025-09-25,2026-01-14,2025-09-25,,In Progress,100.0,,LA Branch
SIH26017-PRJ-000078,7,Compensation Disbursement,2027-05-02,2027-10-02,,,Not Started,0.0,,LA Branch
SIH26017-PRJ-000078,8,Possession,2028-10-06,2028-12-24,,,Not Started,0.0,,District Collectorate
SIH26017-PRJ-000078,9,Mutation & Handover,2029-03-01,2029-05-03,,,Not Started,0.0,,District Collectorate
SIH26017-PRJ-000079,1,Preliminary Notification (Sec 11),2016-11-23,2017-01-23,2016-11-23,2017-05-12,Completed,100.0,109.0,LA Branch
SIH26017-PRJ-000079,2,Social Impact Assessment (SIA),2017-05-18,2017-09-12,2017-05-18,2018-12-04,Completed,100.0,448.0,Implementing Agency
SIH26017-PRJ-000079,3,Survey & Measurement,2018-12-11,2019-02-18,2018-12-11,2019-09-03,Completed,100.0,197.0,Revenue Dept
SIH26017-PRJ-000079,4,Draft Declaration,2019-09-05,2019-11-06,2019-09-05,2020-03-23,Completed,100.0,138.0,Revenue Dept
SIH26017-PRJ-000079,5,Final Declaration (Sec 19),2020-03-25,2020-06-11,2020-03-25,2020-12-15,Completed,100.0,187.0,District Collectorate
SIH26017-PRJ-000079,6,Award Declaration (Sec 23),2020-12-17,2021-04-11,2020-12-17,2023-06-24,Completed,100.0,804.0,District Collectorate
SIH26017-PRJ-000079,7,Compensation Disbursement,2023-06-28,2023-12-01,2023-06-28,2024-10-09,Completed,100.0,313.0,Revenue Dept
SIH26017-PRJ-000079,8,Possession,2024-10-13,2025-01-07,2024-10-13,2025-09-15,Completed,100.0,251.0,District Collectorate
SIH26017-PRJ-000079,9,Mutation & Handover,2025-09-20,2025-11-26,2025-09-20,,In Progress,100.0,,Revenue Dept
SIH26017-PRJ-000080,1,Preliminary Notification (Sec 11),2019-03-01,2019-04-29,2019-03-01,2019-05-17,Completed,100.0,18.0,LA Branch
SIH26017-PRJ-000080,2,Social Impact Assessment (SIA),2019-05-18,2019-08-24,2019-05-18,2020-01-13,Completed,100.0,142.0,District Collectorate
SIH26017-PRJ-000080,3,Survey & Measurement,2020-01-14,2020-03-22,2020-01-14,2020-07-11,Completed,100.0,111.0,District Collectorate
SIH26017-PRJ-000080,4,Draft Declaration,2020-07-17,2020-09-01,2020-07-17,2021-02-21,Completed,100.0,173.0,District Collectorate
SIH26017-PRJ-000080,5,Final Declaration (Sec 19),2021-02-25,2021-05-07,2021-02-25,2021-12-30,Completed,100.0,237.0,Implementing Agency
SIH26017-PRJ-000080,6,Award Declaration (Sec 23),2022-01-01,2022-04-08,2022-01-01,2023-05-29,Completed,100.0,416.0,District Collectorate
SIH26017-PRJ-000080,7,Compensation Disbursement,2023-06-01,2023-09-22,2023-06-01,2025-11-20,Completed,100.0,790.0,District Collectorate
SIH26017-PRJ-000080,8,Possession,2025-11-22,2026-01-30,2025-11-22,,In Progress,100.0,,LA Branch
SIH26017-PRJ-000080,9,Mutation & Handover,2027-04-12,2027-06-02,,,Not Started,0.0,,District Collectorate
SIH26017-PRJ-000081,1,Preliminary Notification (Sec 11),2019-07-19,2019-09-29,2019-07-19,2019-10-22,Completed,100.0,23.0,Revenue Dept
SIH26017-PRJ-000081,2,Social Impact Assessment (SIA),2019-10-23,2020-01-30,2019-10-23,2020-03-18,Completed,100.0,48.0,LA Branch
SIH26017-PRJ-000081,3,Survey & Measurement,2020-03-23,2020-06-06,2020-03-23,2020-09-30,Completed,100.0,116.0,District Collectorate
SIH26017-PRJ-000081,4,Draft Declaration,2020-10-02,2020-12-10,2020-10-02,2021-04-19,Completed,100.0,130.0,Revenue Dept
SIH26017-PRJ-000081,5,Final Declaration (Sec 19),2021-04-24,2021-07-29,2021-04-24,2021-12-09,Completed,100.0,133.0,District Collectorate
SIH26017-PRJ-000081,6,Award Declaration (Sec 23),2021-12-12,2022-04-08,2021-12-12,2022-10-07,Completed,100.0,182.0,LA Branch
SIH26017-PRJ-000081,7,Compensation Disbursement,2022-10-10,2023-04-04,2022-10-10,2023-05-04,Completed,100.0,30.0,LA Branch
SIH26017-PRJ-000081,8,Possession,2023-05-09,2023-08-13,2023-05-09,2023-12-08,Completed,100.0,117.0,District Collectorate
SIH26017-PRJ-000081,9,Mutation & Handover,2023-12-14,2024-02-22,2023-12-14,2024-04-22,Completed,100.0,60.0,District Collectorate
SIH26017-PRJ-000082,1,Preliminary Notification (Sec 11),2022-07-11,2022-09-13,2022-07-11,2022-10-29,Completed,100.0,46.0,District Collectorate
SIH26017-PRJ-000082,2,Social Impact Assessment (SIA),2022-11-02,2023-04-05,2022-11-02,2023-09-30,Completed,100.0,178.0,LA Branch
SIH26017-PRJ-000082,3,Survey & Measurement,2023-10-04,2024-01-07,2023-10-04,2024-04-04,Completed,100.0,88.0,LA Branch
SIH26017-PRJ-000082,4,Draft Declaration,2024-04-08,2024-06-10,2024-04-08,2024-06-06,Completed,100.0,-4.0,LA Branch
SIH26017-PRJ-000082,5,Final Declaration (Sec 19),2024-06-12,2024-09-09,,,Stalled,0.0,,District Collectorate
SIH26017-PRJ-000082,6,Award Declaration (Sec 23),2024-06-12,2024-09-29,,,Stalled,0.0,,Revenue Dept
SIH26017-PRJ-000082,7,Compensation Disbursement,2024-06-12,2024-12-04,,,Stalled,0.0,,District Collectorate
SIH26017-PRJ-000082,8,Possession,2024-06-12,2024-09-18,,,Stalled,0.0,,Revenue Dept
SIH26017-PRJ-000082,9,Mutation & Handover,2024-06-12,2024-09-04,,,Stalled,0.0,,District Collectorate
SIH26017-PRJ-000083,1,Preliminary Notification (Sec 11),2019-10-14,2019-11-29,2019-10-14,2020-01-02,Completed,100.0,34.0,LA Branch
SIH26017-PRJ-000083,2,Social Impact Assessment (SIA),2020-01-05,2020-04-16,2020-01-05,2020-06-24,Completed,100.0,69.0,Implementing Agency
SIH26017-PRJ-000083,3,Survey & Measurement,2020-06-30,2020-08-30,2020-06-30,2020-09-25,Completed,100.0,26.0,District Collectorate
SIH26017-PRJ-000083,4,Draft Declaration,2020-09-28,2020-11-23,2020-09-28,2021-01-15,Completed,100.0,53.0,Revenue Dept
SIH26017-PRJ-000083,5,Final Declaration (Sec 19),2021-01-19,2021-03-29,2021-01-19,2021-06-08,Completed,100.0,71.0,District Collectorate
SIH26017-PRJ-000083,6,Award Declaration (Sec 23),2021-06-10,2021-09-09,2021-06-10,2021-11-05,Completed,100.0,57.0,District Collectorate
SIH26017-PRJ-000083,7,Compensation Disbursement,2021-11-12,2022-04-11,2021-11-12,2022-09-24,Completed,100.0,166.0,District Collectorate
SIH26017-PRJ-000083,8,Possession,2022-09-26,2022-12-05,2022-09-26,2023-01-03,Completed,100.0,29.0,Revenue Dept
SIH26017-PRJ-000083,9,Mutation & Handover,2023-01-08,2023-03-01,2023-01-08,2023-03-26,Completed,100.0,25.0,District Collectorate
SIH26017-PRJ-000084,1,Preliminary Notification (Sec 11),2020-07-26,2020-09-22,2020-07-26,2020-09-14,Completed,100.0,-8.0,Implementing Agency
SIH26017-PRJ-000084,2,Social Impact Assessment (SIA),2020-09-15,2021-01-02,2020-09-15,2021-01-12,Completed,100.0,10.0,Revenue Dept
SIH26017-PRJ-000084,3,Survey & Measurement,2021-01-14,2021-04-06,2021-01-14,2021-04-05,Completed,100.0,-1.0,Implementing Agency
SIH26017-PRJ-000084,4,Draft Declaration,2021-04-08,2021-06-10,2021-04-08,2021-06-28,Completed,100.0,18.0,Implementing Agency
SIH26017-PRJ-000084,5,Final Declaration (Sec 19),2021-06-29,2021-09-08,2021-06-29,2021-12-16,Completed,100.0,99.0,Revenue Dept
SIH26017-PRJ-000084,6,Award Declaration (Sec 23),2021-12-21,2022-03-22,2021-12-21,2022-04-22,Completed,100.0,31.0,District Collectorate
SIH26017-PRJ-000084,7,Compensation Disbursement,2022-04-24,2022-10-03,2022-04-24,2024-03-04,Completed,100.0,518.0,LA Branch
SIH26017-PRJ-000084,8,Possession,2024-03-11,2024-06-05,2024-03-11,2024-11-08,Completed,100.0,156.0,Implementing Agency
SIH26017-PRJ-000084,9,Mutation & Handover,2024-11-13,2025-01-09,2024-11-13,2025-04-14,Completed,100.0,95.0,District Collectorate
SIH26017-PRJ-000085,1,Preliminary Notification (Sec 11),2023-10-01,2023-11-30,2023-10-01,2023-11-03,Completed,100.0,-27.0,LA Branch
SIH26017-PRJ-000085,2,Social Impact Assessment (SIA),2023-11-07,2024-04-02,2023-11-07,2024-05-18,Completed,100.0,46.0,District Collectorate
SIH26017-PRJ-000085,3,Survey & Measurement,2024-05-27,2024-08-25,2024-05-27,2024-08-26,Completed,100.0,1.0,Revenue Dept
SIH26017-PRJ-000085,4,Draft Declaration,2024-08-30,2024-10-31,2024-08-30,2024-12-14,Completed,100.0,44.0,Implementing Agency
SIH26017-PRJ-000085,5,Final Declaration (Sec 19),2024-12-20,2025-03-06,2024-12-20,2025-03-22,Completed,100.0,16.0,LA Branch
SIH26017-PRJ-000085,6,Award Declaration (Sec 23),2025-03-27,2025-07-24,2025-03-27,2025-07-23,Completed,100.0,-1.0,Implementing Agency
SIH26017-PRJ-000085,7,Compensation Disbursement,2025-07-26,2026-01-24,2025-07-26,2026-02-10,Completed,100.0,17.0,District Collectorate
SIH26017-PRJ-000085,8,Possession,2026-02-13,2026-04-23,2026-02-13,2026-05-01,Completed,100.0,8.0,Revenue Dept
SIH26017-PRJ-000085,9,Mutation & Handover,2026-05-08,2026-07-12,2026-05-08,2026-07-19,Completed,100.0,7.0,District Collectorate
SIH26017-PRJ-000086,1,Preliminary Notification (Sec 11),2023-02-19,2023-04-14,2023-02-19,2023-05-11,Completed,100.0,27.0,District Collectorate
SIH26017-PRJ-000086,2,Social Impact Assessment (SIA),2023-05-15,2023-08-25,2023-05-15,2023-08-17,Completed,100.0,-8.0,Revenue Dept
SIH26017-PRJ-000086,3,Survey & Measurement,2023-08-22,2023-11-03,2023-08-22,2023-10-30,Completed,100.0,-4.0,District Collectorate
SIH26017-PRJ-000086,4,Draft Declaration,2023-11-04,2024-01-01,2023-11-04,2023-12-13,Completed,100.0,-19.0,LA Branch
SIH26017-PRJ-000086,5,Final Declaration (Sec 19),2023-12-14,2024-03-01,2023-12-14,2024-03-29,Completed,100.0,28.0,District Collectorate
SIH26017-PRJ-000086,6,Award Declaration (Sec 23),2024-04-05,2024-07-17,2024-04-05,2024-09-08,Completed,100.0,53.0,Revenue Dept
SIH26017-PRJ-000086,7,Compensation Disbursement,2024-09-13,2025-02-13,2024-09-13,2024-11-29,Completed,100.0,-76.0,Implementing Agency
SIH26017-PRJ-000086,8,Possession,2024-12-02,2025-02-18,2024-12-02,2025-04-10,Completed,100.0,51.0,District Collectorate
SIH26017-PRJ-000086,9,Mutation & Handover,2025-04-14,2025-06-08,2025-04-14,2025-06-20,Completed,100.0,12.0,Implementing Agency
SIH26017-PRJ-000087,1,Preliminary Notification (Sec 11),2018-08-06,2018-10-08,2018-08-06,2018-09-30,Completed,100.0,-8.0,Implementing Agency
SIH26017-PRJ-000087,2,Social Impact Assessment (SIA),2018-10-07,2019-01-27,2018-10-07,2020-05-12,Completed,100.0,471.0,Implementing Agency
SIH26017-PRJ-000087,3,Survey & Measurement,2020-05-17,2020-08-11,2020-05-17,2021-04-14,Completed,100.0,246.0,LA Branch
SIH26017-PRJ-000087,4,Draft Declaration,2021-04-20,2021-06-23,2021-04-20,2021-11-28,Completed,100.0,158.0,LA Branch
SIH26017-PRJ-000087,5,Final Declaration (Sec 19),2021-11-29,2022-02-19,2021-11-29,2023-06-17,Completed,100.0,483.0,LA Branch
SIH26017-PRJ-000087,6,Award Declaration (Sec 23),2023-06-23,2023-09-27,2023-06-23,2024-06-11,Completed,100.0,258.0,LA Branch
SIH26017-PRJ-000087,7,Compensation Disbursement,2024-06-15,2024-11-07,2024-06-15,2024-12-17,Completed,100.0,40.0,District Collectorate
SIH26017-PRJ-000087,8,Possession,2024-12-18,2025-03-07,,,Stalled,0.0,,District Collectorate
SIH26017-PRJ-000087,9,Mutation & Handover,2024-12-18,2025-02-17,,,Stalled,0.0,,LA Branch
SIH26017-PRJ-000088,1,Preliminary Notification (Sec 11),2019-11-05,2019-12-25,2019-11-05,2020-01-07,Completed,100.0,13.0,District Collectorate
SIH26017-PRJ-000088,2,Social Impact Assessment (SIA),2020-01-12,2020-04-23,2020-01-12,2020-03-17,Completed,100.0,-37.0,Implementing Agency
SIH26017-PRJ-000088,3,Survey & Measurement,2020-03-19,2020-05-17,2020-03-19,2020-07-06,Completed,100.0,50.0,District Collectorate
SIH26017-PRJ-000088,4,Draft Declaration,2020-07-14,2020-09-06,2020-07-14,2020-09-27,Completed,100.0,21.0,LA Branch
SIH26017-PRJ-000088,5,Final Declaration (Sec 19),2020-10-02,2020-12-03,2020-10-02,2021-02-18,Completed,100.0,77.0,LA Branch
SIH26017-PRJ-000088,6,Award Declaration (Sec 23),2021-02-20,2021-05-14,2021-02-20,2021-08-01,Completed,100.0,79.0,LA Branch
SIH26017-PRJ-000088,7,Compensation Disbursement,2021-08-04,2021-12-24,2021-08-04,2023-03-14,Completed,100.0,445.0,District Collectorate
SIH26017-PRJ-000088,8,Possession,2023-03-18,2023-05-28,2023-03-18,2023-08-29,Completed,100.0,93.0,Revenue Dept
SIH26017-PRJ-000088,9,Mutation & Handover,2023-08-30,2023-10-23,2023-08-30,2023-12-15,Completed,100.0,53.0,District Collectorate
SIH26017-PRJ-000089,1,Preliminary Notification (Sec 11),2015-07-20,2015-09-23,2015-07-20,2015-10-09,Completed,100.0,16.0,Implementing Agency
SIH26017-PRJ-000089,2,Social Impact Assessment (SIA),2015-10-13,2016-02-10,2015-10-13,2016-09-07,Completed,100.0,210.0,District Collectorate
SIH26017-PRJ-000089,3,Survey & Measurement,2016-09-09,2016-12-05,2016-09-09,2017-08-11,Completed,100.0,249.0,Revenue Dept
SIH26017-PRJ-000089,4,Draft Declaration,2017-08-17,2017-10-23,2017-08-17,2018-10-20,Completed,100.0,362.0,District Collectorate
SIH26017-PRJ-000089,5,Final Declaration (Sec 19),2018-10-25,2019-01-07,2018-10-25,2019-11-12,Completed,100.0,309.0,LA Branch
SIH26017-PRJ-000089,6,Award Declaration (Sec 23),2019-11-15,2020-03-17,2019-11-15,2021-04-06,Completed,100.0,385.0,District Collectorate
SIH26017-PRJ-000089,7,Compensation Disbursement,2021-04-12,2021-09-30,2021-04-12,2024-03-12,Completed,100.0,894.0,Revenue Dept
SIH26017-PRJ-000089,8,Possession,2024-03-13,2024-06-06,2024-03-13,2025-02-21,Completed,100.0,260.0,Revenue Dept
SIH26017-PRJ-000089,9,Mutation & Handover,2025-02-28,2025-04-26,2025-02-28,2025-12-28,Completed,100.0,246.0,Revenue Dept
SIH26017-PRJ-000090,1,Preliminary Notification (Sec 11),2023-04-09,2023-05-27,2023-04-09,2023-05-16,Completed,100.0,-11.0,District Collectorate
SIH26017-PRJ-000090,2,Social Impact Assessment (SIA),2023-05-20,2023-08-30,2023-05-20,2023-08-09,Completed,100.0,-21.0,District Collectorate
SIH26017-PRJ-000090,3,Survey & Measurement,2023-08-15,2023-10-23,2023-08-15,2023-09-27,Completed,100.0,-26.0,LA Branch
SIH26017-PRJ-000090,4,Draft Declaration,2023-09-29,2023-11-17,2023-09-29,2023-10-23,Completed,100.0,-25.0,District Collectorate
SIH26017-PRJ-000090,5,Final Declaration (Sec 19),2023-10-28,2023-12-27,2023-10-28,2023-11-27,Completed,100.0,-30.0,Revenue Dept
SIH26017-PRJ-000090,6,Award Declaration (Sec 23),2023-11-30,2024-03-02,2023-11-30,2024-01-15,Completed,100.0,-47.0,Implementing Agency
SIH26017-PRJ-000090,7,Compensation Disbursement,2024-01-19,2024-05-31,2024-01-19,2024-03-26,Completed,100.0,-66.0,District Collectorate
SIH26017-PRJ-000090,8,Possession,2024-04-01,2024-06-08,2024-04-01,2024-05-28,Completed,100.0,-11.0,LA Branch
SIH26017-PRJ-000090,9,Mutation & Handover,2024-05-30,2024-07-21,2024-05-30,2024-07-24,Completed,100.0,3.0,Implementing Agency
SIH26017-PRJ-000091,1,Preliminary Notification (Sec 11),2022-05-21,2022-07-16,2022-05-21,2022-08-07,Completed,100.0,22.0,District Collectorate
SIH26017-PRJ-000091,2,Social Impact Assessment (SIA),2022-08-12,2022-12-06,2022-08-12,2023-04-07,Completed,100.0,122.0,Implementing Agency
SIH26017-PRJ-000091,3,Survey & Measurement,2023-04-09,2023-06-14,2023-04-09,2023-08-22,Completed,100.0,69.0,District Collectorate
SIH26017-PRJ-000091,4,Draft Declaration,2023-08-23,2023-10-24,,,Stalled,0.0,,LA Branch
SIH26017-PRJ-000091,5,Final Declaration (Sec 19),2023-08-23,2023-11-02,,,Stalled,0.0,,District Collectorate
SIH26017-PRJ-000091,6,Award Declaration (Sec 23),2023-08-23,2023-12-04,,,Stalled,0.0,,District Collectorate
SIH26017-PRJ-000091,7,Compensation Disbursement,2023-08-23,2024-01-14,,,Stalled,0.0,,Revenue Dept
SIH26017-PRJ-000091,8,Possession,2023-08-23,2023-11-03,,,Stalled,0.0,,District Collectorate
SIH26017-PRJ-000091,9,Mutation & Handover,2023-08-23,2023-10-11,,,Stalled,0.0,,LA Branch
SIH26017-PRJ-000092,1,Preliminary Notification (Sec 11),2022-08-16,2022-10-13,2022-08-16,2022-09-20,Completed,100.0,-23.0,District Collectorate
SIH26017-PRJ-000092,2,Social Impact Assessment (SIA),2022-09-22,2023-01-01,2022-09-22,2022-12-31,Completed,100.0,-1.0,Implementing Agency
SIH26017-PRJ-000092,3,Survey & Measurement,2023-01-04,2023-03-23,2023-01-04,2023-02-20,Completed,100.0,-31.0,Revenue Dept
SIH26017-PRJ-000092,4,Draft Declaration,2023-02-23,2023-04-19,2023-02-23,2023-04-13,Completed,100.0,-6.0,Implementing Agency
SIH26017-PRJ-000092,5,Final Declaration (Sec 19),2023-04-16,2023-06-27,2023-04-16,2023-05-27,Completed,100.0,-31.0,Implementing Agency
SIH26017-PRJ-000092,6,Award Declaration (Sec 23),2023-05-29,2023-08-20,2023-05-29,2023-08-06,Completed,100.0,-14.0,District Collectorate
SIH26017-PRJ-000092,7,Compensation Disbursement,2023-08-13,2023-12-17,2023-08-13,2023-10-21,Completed,100.0,-57.0,District Collectorate
SIH26017-PRJ-000092,8,Possession,2023-10-27,2024-01-03,2023-10-27,2023-11-30,Completed,100.0,-34.0,District Collectorate
SIH26017-PRJ-000092,9,Mutation & Handover,2023-12-05,2024-01-26,2023-12-05,2024-01-02,Completed,100.0,-24.0,Revenue Dept
SIH26017-PRJ-000093,1,Preliminary Notification (Sec 11),2022-02-07,2022-04-25,2022-02-07,2022-11-19,Completed,100.0,208.0,LA Branch
SIH26017-PRJ-000093,2,Social Impact Assessment (SIA),2022-11-22,2023-03-28,2022-11-22,2024-05-02,Completed,100.0,401.0,LA Branch
SIH26017-PRJ-000093,3,Survey & Measurement,2024-05-06,2024-08-08,2024-05-06,2025-05-29,Completed,100.0,294.0,LA Branch
SIH26017-PRJ-000093,4,Draft Declaration,2025-06-03,2025-08-05,2025-06-03,2026-01-19,Completed,100.0,167.0,LA Branch
SIH26017-PRJ-000093,5,Final Declaration (Sec 19),2026-01-24,2026-04-25,2026-01-24,,In Progress,100.0,,Implementing Agency
SIH26017-PRJ-000093,6,Award Declaration (Sec 23),2027-06-03,2027-09-13,,,Not Started,0.0,,District Collectorate
SIH26017-PRJ-000093,7,Compensation Disbursement,2028-01-11,2028-07-01,,,Not Started,0.0,,District Collectorate
SIH26017-PRJ-000093,8,Possession,2029-05-02,2029-08-01,,,Not Started,0.0,,LA Branch
SIH26017-PRJ-000093,9,Mutation & Handover,2030-02-21,2030-05-05,,,Not Started,0.0,,Revenue Dept
SIH26017-PRJ-000094,1,Preliminary Notification (Sec 11),2022-01-12,2022-03-25,2022-01-12,2022-07-29,Completed,100.0,126.0,Revenue Dept
SIH26017-PRJ-000094,2,Social Impact Assessment (SIA),2022-08-04,2022-12-09,2022-08-04,2023-10-15,Completed,100.0,310.0,Revenue Dept
SIH26017-PRJ-000094,3,Survey & Measurement,2023-10-17,2024-01-03,2023-10-17,2024-07-22,Completed,100.0,201.0,Implementing Agency
SIH26017-PRJ-000094,4,Draft Declaration,2024-07-27,2024-09-25,2024-07-27,2025-03-19,Completed,100.0,175.0,LA Branch
SIH26017-PRJ-000094,5,Final Declaration (Sec 19),2025-03-26,2025-06-25,2025-03-26,2026-06-07,Completed,100.0,347.0,Revenue Dept
SIH26017-PRJ-000094,6,Award Declaration (Sec 23),2026-06-12,2026-09-26,2026-06-12,,In Progress,60.4,,Revenue Dept
SIH26017-PRJ-000094,7,Compensation Disbursement,2027-09-20,2028-04-01,,,Not Started,0.0,,District Collectorate
SIH26017-PRJ-000094,8,Possession,2031-12-17,2032-03-16,,,Not Started,0.0,,Revenue Dept
SIH26017-PRJ-000094,9,Mutation & Handover,2033-07-23,2033-09-23,,,Not Started,0.0,,Implementing Agency
SIH26017-PRJ-000095,1,Preliminary Notification (Sec 11),2017-04-27,2017-06-23,2017-04-27,2017-09-24,Completed,100.0,93.0,Implementing Agency
SIH26017-PRJ-000095,2,Social Impact Assessment (SIA),2017-09-29,2018-01-06,2017-09-29,2019-11-27,Completed,100.0,690.0,LA Branch
SIH26017-PRJ-000095,3,Survey & Measurement,2019-12-01,2020-02-09,2019-12-01,2021-06-13,Completed,100.0,490.0,District Collectorate
SIH26017-PRJ-000095,4,Draft Declaration,2021-06-19,2021-08-20,2021-06-19,2022-08-29,Completed,100.0,374.0,District Collectorate
SIH26017-PRJ-000095,5,Final Declaration (Sec 19),2022-08-31,2022-11-14,,,Stalled,0.0,,District Collectorate
SIH26017-PRJ-000095,6,Award Declaration (Sec 23),2022-08-31,2022-12-12,,,Stalled,0.0,,District Collectorate
SIH26017-PRJ-000095,7,Compensation Disbursement,2022-08-31,2023-01-31,,,Stalled,0.0,,District Collectorate
SIH26017-PRJ-000095,8,Possession,2022-08-31,2022-11-10,,,Stalled,0.0,,District Collectorate
SIH26017-PRJ-000095,9,Mutation & Handover,2022-08-31,2022-10-26,,,Stalled,0.0,,LA Branch
SIH26017-PRJ-000096,1,Preliminary Notification (Sec 11),2017-09-20,2017-11-04,2017-09-20,2017-11-10,Completed,100.0,6.0,LA Branch
SIH26017-PRJ-000096,2,Social Impact Assessment (SIA),2017-11-19,2018-04-05,2017-11-19,2018-05-26,Completed,100.0,51.0,District Collectorate
SIH26017-PRJ-000096,3,Survey & Measurement,2018-05-27,2018-08-06,2018-05-27,2018-08-21,Completed,100.0,15.0,District Collectorate
SIH26017-PRJ-000096,4,Draft Declaration,2018-08-25,2018-10-25,2018-08-25,2018-10-29,Completed,100.0,4.0,District Collectorate
SIH26017-PRJ-000096,5,Final Declaration (Sec 19),2018-11-02,2019-01-14,2018-11-02,2018-12-11,Completed,100.0,-34.0,Revenue Dept
SIH26017-PRJ-000096,6,Award Declaration (Sec 23),2018-12-16,2019-03-23,2018-12-16,2019-03-24,Completed,100.0,1.0,LA Branch
SIH26017-PRJ-000096,7,Compensation Disbursement,2019-03-26,2019-09-23,2019-03-26,2020-03-11,Completed,100.0,170.0,District Collectorate
SIH26017-PRJ-000096,8,Possession,2020-03-17,2020-05-30,2020-03-17,2020-08-26,Completed,100.0,88.0,District Collectorate
SIH26017-PRJ-000096,9,Mutation & Handover,2020-08-30,2020-10-31,2020-08-30,2021-01-23,Completed,100.0,84.0,District Collectorate
SIH26017-PRJ-000097,1,Preliminary Notification (Sec 11),2024-04-12,2024-06-14,2024-04-12,2024-08-14,Completed,100.0,61.0,District Collectorate
SIH26017-PRJ-000097,2,Social Impact Assessment (SIA),2024-08-18,2024-12-12,2024-08-18,2026-04-28,Completed,100.0,502.0,LA Branch
SIH26017-PRJ-000097,3,Survey & Measurement,2026-04-30,2026-07-25,2026-04-30,,In Progress,100.0,,LA Branch
SIH26017-PRJ-000097,4,Draft Declaration,2027-09-13,2027-11-11,,,Not Started,0.0,,Revenue Dept
SIH26017-PRJ-000097,5,Final Declaration (Sec 19),2028-05-19,2028-07-27,,,Not Started,0.0,,District Collectorate
SIH26017-PRJ-000097,6,Award Declaration (Sec 23),2029-02-07,2029-05-24,,,Not Started,0.0,,Implementing Agency
SIH26017-PRJ-000097,7,Compensation Disbursement,2030-01-22,2030-07-14,,,Not Started,0.0,,District Collectorate
SIH26017-PRJ-000097,8,Possession,2031-07-21,2031-10-07,,,Not Started,0.0,,Implementing Agency
SIH26017-PRJ-000097,9,Mutation & Handover,2032-02-22,2032-04-21,,,Not Started,0.0,,District Collectorate
SIH26017-PRJ-000098,1,Preliminary Notification (Sec 11),2022-06-29,2022-08-28,2022-06-29,2022-09-08,Completed,100.0,11.0,LA Branch
SIH26017-PRJ-000098,2,Social Impact Assessment (SIA),2022-09-09,2022-12-27,2022-09-09,2023-01-15,Completed,100.0,19.0,District Collectorate
SIH26017-PRJ-000098,3,Survey & Measurement,2023-01-19,2023-03-27,2023-01-19,2023-07-03,Completed,100.0,98.0,Implementing Agency
SIH26017-PRJ-000098,4,Draft Declaration,2023-07-11,2023-09-03,2023-07-11,2023-09-17,Completed,100.0,14.0,Implementing Agency
SIH26017-PRJ-000098,5,Final Declaration (Sec 19),2023-09-22,2023-12-14,2023-09-22,2024-01-24,Completed,100.0,41.0,Implementing Agency
SIH26017-PRJ-000098,6,Award Declaration (Sec 23),2024-01-29,2024-05-03,2024-01-29,2025-01-17,Completed,100.0,259.0,LA Branch
SIH26017-PRJ-000098,7,Compensation Disbursement,2025-01-21,2025-06-23,2025-01-21,2025-11-14,Completed,100.0,144.0,Revenue Dept
SIH26017-PRJ-000098,8,Possession,2025-11-19,2026-02-04,2025-11-19,2026-02-12,Completed,100.0,8.0,Revenue Dept
SIH26017-PRJ-000098,9,Mutation & Handover,2026-02-15,2026-04-08,2026-02-15,2026-04-27,Completed,100.0,19.0,Implementing Agency
SIH26017-PRJ-000099,1,Preliminary Notification (Sec 11),2019-09-07,2019-11-05,2019-09-07,2020-01-01,Completed,100.0,57.0,LA Branch
SIH26017-PRJ-000099,2,Social Impact Assessment (SIA),2020-01-08,2020-05-04,2020-01-08,2020-05-06,Completed,100.0,2.0,LA Branch
SIH26017-PRJ-000099,3,Survey & Measurement,2020-05-10,2020-07-25,2020-05-10,2020-08-12,Completed,100.0,18.0,Revenue Dept
SIH26017-PRJ-000099,4,Draft Declaration,2020-08-16,2020-10-13,2020-08-16,2020-11-08,Completed,100.0,26.0,LA Branch
SIH26017-PRJ-000099,5,Final Declaration (Sec 19),2020-11-12,2021-01-19,2020-11-12,2021-01-09,Completed,100.0,-10.0,District Collectorate
SIH26017-PRJ-000099,6,Award Declaration (Sec 23),2021-01-14,2021-04-19,2021-01-14,2021-03-23,Completed,100.0,-27.0,Revenue Dept
SIH26017-PRJ-000099,7,Compensation Disbursement,2021-03-27,2021-08-09,2021-03-27,2021-07-08,Completed,100.0,-32.0,District Collectorate
SIH26017-PRJ-000099,8,Possession,2021-07-11,2021-09-22,2021-07-11,2021-08-28,Completed,100.0,-25.0,Revenue Dept
SIH26017-PRJ-000099,9,Mutation & Handover,2021-09-01,2021-10-27,2021-09-01,2021-09-29,Completed,100.0,-28.0,LA Branch
SIH26017-PRJ-000100,1,Preliminary Notification (Sec 11),2022-04-22,2022-06-11,2022-04-22,2022-06-16,Completed,100.0,5.0,LA Branch
SIH26017-PRJ-000100,2,Social Impact Assessment (SIA),2022-06-20,2022-10-10,2022-06-20,2023-03-08,Completed,100.0,149.0,District Collectorate
SIH26017-PRJ-000100,3,Survey & Measurement,2023-03-14,2023-05-31,,,Stalled,0.0,,Implementing Agency
SIH26017-PRJ-000100,4,Draft Declaration,2023-03-14,2023-05-10,,,Stalled,0.0,,Revenue Dept
SIH26017-PRJ-000100,5,Final Declaration (Sec 19),2023-03-14,2023-06-07,,,Stalled,0.0,,Implementing Agency
SIH26017-PRJ-000100,6,Award Declaration (Sec 23),2023-03-14,2023-06-11,,,Stalled,0.0,,Revenue Dept
SIH26017-PRJ-000100,7,Compensation Disbursement,2023-03-14,2023-07-25,,,Stalled,0.0,,District Collectorate
SIH26017-PRJ-000100,8,Possession,2023-03-14,2023-05-17,,,Stalled,0.0,,LA Branch
SIH26017-PRJ-000100,9,Mutation & Handover,2023-03-14,2023-05-15,,,Stalled,0.0,,District Collectorate
SIH26017-PRJ-000101,1,Preliminary Notification (Sec 11),2017-12-11,2018-02-12,2017-12-11,2018-01-28,Completed,100.0,-15.0,LA Branch
SIH26017-PRJ-000101,2,Social Impact Assessment (SIA),2018-01-30,2018-05-13,2018-01-30,2018-06-25,Completed,100.0,43.0,District Collectorate
SIH26017-PRJ-000101,3,Survey & Measurement,2018-06-29,2018-09-05,2018-06-29,2018-12-10,Completed,100.0,96.0,LA Branch
SIH26017-PRJ-000101,4,Draft Declaration,2018-12-16,2019-02-14,2018-12-16,2019-02-01,Completed,100.0,-13.0,District Collectorate
SIH26017-PRJ-000101,5,Final Declaration (Sec 19),2019-02-03,2019-04-19,2019-02-03,2019-04-23,Completed,100.0,4.0,LA Branch
SIH26017-PRJ-000101,6,Award Declaration (Sec 23),2019-04-25,2019-08-01,2019-04-25,2019-10-19,Completed,100.0,79.0,District Collectorate
SIH26017-PRJ-000101,7,Compensation Disbursement,2019-10-22,2020-03-17,2019-10-22,2020-06-22,Completed,100.0,97.0,Implementing Agency
SIH26017-PRJ-000101,8,Possession,2020-06-23,2020-08-25,2020-06-23,2021-03-15,Completed,100.0,202.0,District Collectorate
SIH26017-PRJ-000101,9,Mutation & Handover,2021-03-16,2021-05-04,2021-03-16,2022-02-07,Completed,100.0,279.0,LA Branch
SIH26017-PRJ-000102,1,Preliminary Notification (Sec 11),2021-05-20,2021-07-20,2021-05-20,2021-11-03,Completed,100.0,106.0,LA Branch
SIH26017-PRJ-000102,2,Social Impact Assessment (SIA),2021-11-07,2022-03-17,2021-11-07,2022-11-24,Completed,100.0,252.0,LA Branch
SIH26017-PRJ-000102,3,Survey & Measurement,2022-11-25,2023-02-14,2022-11-25,2023-08-24,Completed,100.0,191.0,District Collectorate
SIH26017-PRJ-000102,4,Draft Declaration,2023-08-25,2023-11-01,2023-08-25,2024-02-21,Completed,100.0,112.0,LA Branch
SIH26017-PRJ-000102,5,Final Declaration (Sec 19),2024-02-23,2024-05-29,2024-02-23,2024-09-15,Completed,100.0,109.0,Implementing Agency
SIH26017-PRJ-000102,6,Award Declaration (Sec 23),2024-09-19,2025-01-22,2024-09-19,2025-04-16,Completed,100.0,84.0,District Collectorate
SIH26017-PRJ-000102,7,Compensation Disbursement,2025-04-23,2025-09-28,2025-04-23,2026-07-14,Completed,100.0,289.0,Implementing Agency
SIH26017-PRJ-000102,8,Possession,2026-07-16,2026-10-18,2026-07-16,,In Progress,31.9,,Revenue Dept
SIH26017-PRJ-000102,9,Mutation & Handover,2027-08-02,2027-10-09,,,Not Started,0.0,,Implementing Agency
SIH26017-PRJ-000103,1,Preliminary Notification (Sec 11),2016-12-20,2017-02-12,2016-12-20,2017-01-31,Completed,100.0,-12.0,LA Branch
SIH26017-PRJ-000103,2,Social Impact Assessment (SIA),2017-02-02,2017-05-20,,,Stalled,0.0,,LA Branch
SIH26017-PRJ-000103,3,Survey & Measurement,2017-02-02,2017-04-22,,,Stalled,0.0,,District Collectorate
SIH26017-PRJ-000103,4,Draft Declaration,2017-02-02,2017-03-29,,,Stalled,0.0,,Implementing Agency
SIH26017-PRJ-000103,5,Final Declaration (Sec 19),2017-02-02,2017-04-09,,,Stalled,0.0,,Revenue Dept
SIH26017-PRJ-000103,6,Award Declaration (Sec 23),2017-02-02,2017-05-04,,,Stalled,0.0,,Implementing Agency
SIH26017-PRJ-000103,7,Compensation Disbursement,2017-02-02,2017-06-23,,,Stalled,0.0,,Revenue Dept
SIH26017-PRJ-000103,8,Possession,2017-02-02,2017-04-19,,,Stalled,0.0,,LA Branch
SIH26017-PRJ-000103,9,Mutation & Handover,2017-02-02,2017-03-24,,,Stalled,0.0,,LA Branch
SIH26017-PRJ-000104,1,Preliminary Notification (Sec 11),2023-11-26,2024-01-27,2023-11-26,2024-01-03,Completed,100.0,-24.0,District Collectorate
SIH26017-PRJ-000104,2,Social Impact Assessment (SIA),2024-01-11,2024-05-17,2024-01-11,2024-03-19,Completed,100.0,-59.0,Implementing Agency
SIH26017-PRJ-000104,3,Survey & Measurement,2024-03-21,2024-06-18,2024-03-21,2024-07-17,Completed,100.0,29.0,LA Branch
SIH26017-PRJ-000104,4,Draft Declaration,2024-07-23,2024-09-27,2024-07-23,2024-11-02,Completed,100.0,36.0,District Collectorate
SIH26017-PRJ-000104,5,Final Declaration (Sec 19),2024-11-04,2025-01-29,2024-11-04,2025-01-17,Completed,100.0,-12.0,Implementing Agency
SIH26017-PRJ-000104,6,Award Declaration (Sec 23),2025-01-18,2025-05-06,,,Stalled,0.0,,Revenue Dept
SIH26017-PRJ-000104,7,Compensation Disbursement,2025-01-18,2025-06-28,,,Stalled,0.0,,District Collectorate
SIH26017-PRJ-000104,8,Possession,2025-01-18,2025-04-08,,,Stalled,0.0,,LA Branch
SIH26017-PRJ-000104,9,Mutation & Handover,2025-01-18,2025-03-13,,,Stalled,0.0,,District Collectorate
SIH26017-PRJ-000105,1,Preliminary Notification (Sec 11),2022-08-06,2022-09-27,2022-08-06,2022-09-11,Completed,100.0,-16.0,Revenue Dept
SIH26017-PRJ-000105,2,Social Impact Assessment (SIA),2022-09-14,2022-12-22,2022-09-14,2023-06-02,Completed,100.0,162.0,Revenue Dept
SIH26017-PRJ-000105,3,Survey & Measurement,2023-06-07,2023-08-23,2023-06-07,2024-03-06,Completed,100.0,196.0,District Collectorate
SIH26017-PRJ-000105,4,Draft Declaration,2024-03-14,2024-05-02,2024-03-14,2024-09-21,Completed,100.0,142.0,Revenue Dept
SIH26017-PRJ-000105,5,Final Declaration (Sec 19),2024-09-25,2024-12-04,2024-09-25,2025-04-03,Completed,100.0,120.0,LA Branch
SIH26017-PRJ-000105,6,Award Declaration (Sec 23),2025-04-10,2025-06-28,2025-04-10,2025-12-08,Completed,100.0,163.0,Implementing Agency
SIH26017-PRJ-000105,7,Compensation Disbursement,2025-12-09,2026-04-17,2025-12-09,,In Progress,100.0,,Implementing Agency
SIH26017-PRJ-000105,8,Possession,2027-03-08,2027-05-16,,,Not Started,0.0,,District Collectorate
SIH26017-PRJ-000105,9,Mutation & Handover,2028-07-21,2028-09-13,,,Not Started,0.0,,Revenue Dept
SIH26017-PRJ-000106,1,Preliminary Notification (Sec 11),2015-11-03,2015-12-26,2015-11-03,2016-02-10,Completed,100.0,46.0,District Collectorate
SIH26017-PRJ-000106,2,Social Impact Assessment (SIA),2016-02-11,2016-06-02,2016-02-11,2017-11-25,Completed,100.0,541.0,District Collectorate
SIH26017-PRJ-000106,3,Survey & Measurement,2017-11-28,2018-02-09,2017-11-28,2018-10-23,Completed,100.0,256.0,Implementing Agency
SIH26017-PRJ-000106,4,Draft Declaration,2018-10-27,2018-12-15,2018-10-27,2019-03-09,Completed,100.0,84.0,District Collectorate
SIH26017-PRJ-000106,5,Final Declaration (Sec 19),2019-03-14,2019-05-21,2019-03-14,2019-07-05,Completed,100.0,45.0,Implementing Agency
SIH26017-PRJ-000106,6,Award Declaration (Sec 23),2019-07-12,2019-10-07,2019-07-12,2020-06-14,Completed,100.0,251.0,Revenue Dept
SIH26017-PRJ-000106,7,Compensation Disbursement,2020-06-17,2020-11-09,2020-06-17,2022-07-13,Completed,100.0,611.0,LA Branch
SIH26017-PRJ-000106,8,Possession,2022-07-14,2022-09-27,2022-07-14,2023-04-18,Completed,100.0,203.0,Revenue Dept
SIH26017-PRJ-000106,9,Mutation & Handover,2023-04-22,2023-06-07,2023-04-22,2023-08-07,Completed,100.0,61.0,Revenue Dept
SIH26017-PRJ-000107,1,Preliminary Notification (Sec 11),2020-06-18,2020-08-11,2020-06-18,2020-09-12,Completed,100.0,32.0,LA Branch
SIH26017-PRJ-000107,2,Social Impact Assessment (SIA),2020-09-14,2021-01-03,2020-09-14,2021-03-24,Completed,100.0,80.0,Implementing Agency
SIH26017-PRJ-000107,3,Survey & Measurement,2021-04-02,2021-06-13,2021-04-02,2021-07-28,Completed,100.0,45.0,Revenue Dept
SIH26017-PRJ-000107,4,Draft Declaration,2021-07-30,2021-09-25,2021-07-30,2021-10-24,Completed,100.0,29.0,LA Branch
SIH26017-PRJ-000107,5,Final Declaration (Sec 19),2021-10-27,2022-01-02,2021-10-27,2022-02-04,Completed,100.0,33.0,Implementing Agency
SIH26017-PRJ-000107,6,Award Declaration (Sec 23),2022-02-10,2022-05-13,2022-02-10,2022-10-08,Completed,100.0,148.0,Implementing Agency
SIH26017-PRJ-000107,7,Compensation Disbursement,2022-10-13,2023-03-29,,,Stalled,0.0,,District Collectorate
SIH26017-PRJ-000107,8,Possession,2022-10-13,2022-12-25,,,Stalled,0.0,,LA Branch
SIH26017-PRJ-000107,9,Mutation & Handover,2022-10-13,2022-12-06,,,Stalled,0.0,,Implementing Agency
SIH26017-PRJ-000108,1,Preliminary Notification (Sec 11),2023-11-29,2024-01-23,2023-11-29,2024-03-13,Completed,100.0,50.0,Revenue Dept
SIH26017-PRJ-000108,2,Social Impact Assessment (SIA),2024-03-16,2024-07-30,2024-03-16,2025-03-13,Completed,100.0,226.0,District Collectorate
SIH26017-PRJ-000108,3,Survey & Measurement,2025-03-15,2025-06-10,2025-03-15,2026-01-09,Completed,100.0,213.0,LA Branch
SIH26017-PRJ-000108,4,Draft Declaration,2026-01-15,2026-03-22,2026-01-15,,In Progress,100.0,,LA Branch
SIH26017-PRJ-000108,5,Final Declaration (Sec 19),2026-10-02,2027-01-08,,,Not Started,0.0,,District Collectorate
SIH26017-PRJ-000108,6,Award Declaration (Sec 23),2027-12-21,2028-04-08,,,Not Started,0.0,,LA Branch
SIH26017-PRJ-000108,7,Compensation Disbursement,2029-02-25,2029-08-14,,,Not Started,0.0,,Revenue Dept
SIH26017-PRJ-000108,8,Possession,2030-04-10,2030-07-06,,,Not Started,0.0,,LA Branch
SIH26017-PRJ-000108,9,Mutation & Handover,2031-03-26,2031-05-27,,,Not Started,0.0,,District Collectorate
SIH26017-PRJ-000109,1,Preliminary Notification (Sec 11),2022-08-27,2022-10-21,2022-08-27,2022-10-06,Completed,100.0,-15.0,District Collectorate
SIH26017-PRJ-000109,2,Social Impact Assessment (SIA),2022-10-07,2023-02-07,2022-10-07,2022-12-18,Completed,100.0,-51.0,Implementing Agency
SIH26017-PRJ-000109,3,Survey & Measurement,2022-12-20,2023-03-09,2022-12-20,2023-03-02,Completed,100.0,-7.0,District Collectorate
SIH26017-PRJ-000109,4,Draft Declaration,2023-03-05,2023-04-27,2023-03-05,2023-04-09,Completed,100.0,-18.0,District Collectorate
SIH26017-PRJ-000109,5,Final Declaration (Sec 19),2023-04-13,2023-06-28,2023-04-13,2023-06-14,Completed,100.0,-14.0,District Collectorate
SIH26017-PRJ-000109,6,Award Declaration (Sec 23),2023-06-20,2023-09-09,2023-06-20,2023-07-30,Completed,100.0,-41.0,LA Branch
SIH26017-PRJ-000109,7,Compensation Disbursement,2023-08-01,2023-12-31,2023-08-01,2023-10-16,Completed,100.0,-76.0,District Collectorate
SIH26017-PRJ-000109,8,Possession,2023-10-23,2024-01-11,2023-10-23,2023-12-02,Completed,100.0,-40.0,Revenue Dept
SIH26017-PRJ-000109,9,Mutation & Handover,2023-12-07,2024-01-31,2023-12-07,2024-02-09,Completed,100.0,9.0,Revenue Dept
SIH26017-PRJ-000110,1,Preliminary Notification (Sec 11),2020-11-26,2021-02-04,2020-11-26,2021-03-28,Completed,100.0,52.0,District Collectorate
SIH26017-PRJ-000110,2,Social Impact Assessment (SIA),2021-04-02,2021-08-03,2021-04-02,2021-08-10,Completed,100.0,7.0,District Collectorate
SIH26017-PRJ-000110,3,Survey & Measurement,2021-08-15,2021-10-31,2021-08-15,2021-12-22,Completed,100.0,52.0,District Collectorate
SIH26017-PRJ-000110,4,Draft Declaration,2021-12-30,2022-02-26,2021-12-30,2022-07-31,Completed,100.0,155.0,Revenue Dept
SIH26017-PRJ-000110,5,Final Declaration (Sec 19),2022-08-04,2022-10-25,2022-08-04,2023-04-26,Completed,100.0,183.0,District Collectorate
SIH26017-PRJ-000110,6,Award Declaration (Sec 23),2023-05-02,2023-08-12,2023-05-02,2024-06-08,Completed,100.0,301.0,Implementing Agency
SIH26017-PRJ-000110,7,Compensation Disbursement,2024-06-16,2024-11-21,2024-06-16,2026-07-26,Completed,100.0,612.0,Implementing Agency
SIH26017-PRJ-000110,8,Possession,2026-08-02,2026-10-15,2026-08-02,,In Progress,17.6,,District Collectorate
SIH26017-PRJ-000110,9,Mutation & Handover,2027-05-28,2027-08-03,,,Not Started,0.0,,Revenue Dept
SIH26017-PRJ-000111,1,Preliminary Notification (Sec 11),2022-09-16,2022-11-05,2022-09-16,2022-11-07,Completed,100.0,2.0,District Collectorate
SIH26017-PRJ-000111,2,Social Impact Assessment (SIA),2022-11-10,2023-02-21,2022-11-10,2023-04-15,Completed,100.0,53.0,Implementing Agency
SIH26017-PRJ-000111,3,Survey & Measurement,2023-04-20,2023-07-10,2023-04-20,2023-06-04,Completed,100.0,-36.0,District Collectorate
SIH26017-PRJ-000111,4,Draft Declaration,2023-06-09,2023-07-29,2023-06-09,2023-07-04,Completed,100.0,-25.0,Revenue Dept
SIH26017-PRJ-000111,5,Final Declaration (Sec 19),2023-07-06,2023-09-06,2023-07-06,2023-08-19,Completed,100.0,-18.0,Implementing Agency
SIH26017-PRJ-000111,6,Award Declaration (Sec 23),2023-08-23,2023-11-28,2023-08-23,2023-10-11,Completed,100.0,-48.0,District Collectorate
SIH26017-PRJ-000111,7,Compensation Disbursement,2023-10-16,2024-03-07,2023-10-16,2024-04-09,Completed,100.0,33.0,Implementing Agency
SIH26017-PRJ-000111,8,Possession,2024-04-13,2024-06-24,2024-04-13,2024-06-21,Completed,100.0,-3.0,Revenue Dept
SIH26017-PRJ-000111,9,Mutation & Handover,2024-06-27,2024-08-16,2024-06-27,2024-08-12,Completed,100.0,-4.0,Revenue Dept
SIH26017-PRJ-000112,1,Preliminary Notification (Sec 11),2016-01-18,2016-03-12,2016-01-18,2016-03-05,Completed,100.0,-7.0,LA Branch
SIH26017-PRJ-000112,2,Social Impact Assessment (SIA),2016-03-11,2016-06-27,2016-03-11,2016-06-13,Completed,100.0,-14.0,Revenue Dept
SIH26017-PRJ-000112,3,Survey & Measurement,2016-06-21,2016-09-05,2016-06-21,2016-09-04,Completed,100.0,-1.0,Revenue Dept
SIH26017-PRJ-000112,4,Draft Declaration,2016-09-07,2016-11-07,2016-09-07,2016-10-26,Completed,100.0,-12.0,District Collectorate
SIH26017-PRJ-000112,5,Final Declaration (Sec 19),2016-10-27,2017-01-15,2016-10-27,2017-01-07,Completed,100.0,-8.0,Revenue Dept
SIH26017-PRJ-000112,6,Award Declaration (Sec 23),2017-01-13,2017-04-27,2017-01-13,2017-03-23,Completed,100.0,-35.0,LA Branch
SIH26017-PRJ-000112,7,Compensation Disbursement,2017-03-26,2017-08-14,2017-03-26,2017-08-01,Completed,100.0,-13.0,District Collectorate
SIH26017-PRJ-000112,8,Possession,2017-08-08,2017-10-30,2017-08-08,2017-09-21,Completed,100.0,-39.0,Revenue Dept
SIH26017-PRJ-000112,9,Mutation & Handover,2017-09-25,2017-11-28,2017-09-25,2017-11-28,Completed,100.0,0.0,District Collectorate
SIH26017-PRJ-000113,1,Preliminary Notification (Sec 11),2022-02-01,2022-04-03,2022-02-01,2022-08-12,Completed,100.0,131.0,LA Branch
SIH26017-PRJ-000113,2,Social Impact Assessment (SIA),2022-08-17,2022-12-28,2022-08-17,2025-07-01,Completed,100.0,916.0,LA Branch
SIH26017-PRJ-000113,3,Survey & Measurement,2025-07-07,2025-09-27,2025-07-07,,In Progress,100.0,,Revenue Dept
SIH26017-PRJ-000113,4,Draft Declaration,2026-12-15,2027-02-04,,,Not Started,0.0,,LA Branch
SIH26017-PRJ-000113,5,Final Declaration (Sec 19),2027-04-01,2027-06-10,,,Not Started,0.0,,LA Branch
SIH26017-PRJ-000113,6,Award Declaration (Sec 23),2028-09-22,2028-12-13,,,Not Started,0.0,,Implementing Agency
SIH26017-PRJ-000113,7,Compensation Disbursement,2030-04-08,2030-09-06,,,Not Started,0.0,,District Collectorate
SIH26017-PRJ-000113,8,Possession,2031-03-28,2031-06-11,,,Not Started,0.0,,Implementing Agency
SIH26017-PRJ-000113,9,Mutation & Handover,2031-09-05,2031-10-30,,,Not Started,0.0,,Revenue Dept
SIH26017-PRJ-000114,1,Preliminary Notification (Sec 11),2018-10-20,2018-12-11,2018-10-20,2018-12-15,Completed,100.0,4.0,Revenue Dept
SIH26017-PRJ-000114,2,Social Impact Assessment (SIA),2018-12-21,2019-04-29,2018-12-21,2019-06-08,Completed,100.0,40.0,District Collectorate
SIH26017-PRJ-000114,3,Survey & Measurement,2019-06-12,2019-08-27,2019-06-12,2020-01-27,Completed,100.0,153.0,LA Branch
SIH26017-PRJ-000114,4,Draft Declaration,2020-01-31,2020-04-14,2020-01-31,2020-05-14,Completed,100.0,30.0,District Collectorate
SIH26017-PRJ-000114,5,Final Declaration (Sec 19),2020-05-17,2020-08-05,2020-05-17,2020-08-27,Completed,100.0,22.0,LA Branch
SIH26017-PRJ-000114,6,Award Declaration (Sec 23),2020-08-29,2020-12-02,2020-08-29,2021-03-28,Completed,100.0,116.0,LA Branch
SIH26017-PRJ-000114,7,Compensation Disbursement,2021-03-31,2021-08-17,2021-03-31,2022-11-12,Completed,100.0,452.0,District Collectorate
SIH26017-PRJ-000114,8,Possession,2022-11-17,2023-02-07,2022-11-17,2024-04-30,Completed,100.0,448.0,District Collectorate
SIH26017-PRJ-000114,9,Mutation & Handover,2024-05-04,2024-07-04,2024-05-04,2024-10-19,Completed,100.0,107.0,District Collectorate
SIH26017-PRJ-000115,1,Preliminary Notification (Sec 11),2016-06-08,2016-08-21,2016-06-08,2016-12-18,Completed,100.0,119.0,District Collectorate
SIH26017-PRJ-000115,2,Social Impact Assessment (SIA),2016-12-25,2017-04-17,2016-12-25,2017-07-12,Completed,100.0,86.0,District Collectorate
SIH26017-PRJ-000115,3,Survey & Measurement,2017-07-13,2017-09-27,2017-07-13,2018-01-24,Completed,100.0,119.0,District Collectorate
SIH26017-PRJ-000115,4,Draft Declaration,2018-01-26,2018-03-25,2018-01-26,2018-05-17,Completed,100.0,53.0,Revenue Dept
SIH26017-PRJ-000115,5,Final Declaration (Sec 19),2018-05-21,2018-08-11,2018-05-21,2018-11-13,Completed,100.0,94.0,District Collectorate
SIH26017-PRJ-000115,6,Award Declaration (Sec 23),2018-11-16,2019-02-19,2018-11-16,2019-02-15,Completed,100.0,-4.0,District Collectorate
SIH26017-PRJ-000115,7,Compensation Disbursement,2019-02-19,2019-08-08,2019-02-19,2019-12-01,Completed,100.0,115.0,District Collectorate
SIH26017-PRJ-000115,8,Possession,2019-12-07,2020-02-13,2019-12-07,2020-07-25,Completed,100.0,163.0,Revenue Dept
SIH26017-PRJ-000115,9,Mutation & Handover,2020-07-30,2020-09-19,2020-07-30,2020-11-23,Completed,100.0,65.0,District Collectorate
SIH26017-PRJ-000116,1,Preliminary Notification (Sec 11),2018-10-19,2018-12-08,2018-10-19,2018-11-13,Completed,100.0,-25.0,Revenue Dept
SIH26017-PRJ-000116,2,Social Impact Assessment (SIA),2018-11-15,2019-03-10,2018-11-15,2019-01-28,Completed,100.0,-41.0,LA Branch
SIH26017-PRJ-000116,3,Survey & Measurement,2019-01-29,2019-04-01,2019-01-29,2019-04-02,Completed,100.0,1.0,District Collectorate
SIH26017-PRJ-000116,4,Draft Declaration,2019-04-03,2019-05-23,2019-04-03,2019-05-02,Completed,100.0,-21.0,District Collectorate
SIH26017-PRJ-000116,5,Final Declaration (Sec 19),2019-05-03,2019-07-12,2019-05-03,2019-07-11,Completed,100.0,-1.0,Implementing Agency
SIH26017-PRJ-000116,6,Award Declaration (Sec 23),2019-07-17,2019-10-03,2019-07-17,2019-09-15,Completed,100.0,-18.0,District Collectorate
SIH26017-PRJ-000116,7,Compensation Disbursement,2019-09-19,2020-02-05,2019-09-19,2019-11-28,Completed,100.0,-69.0,LA Branch
SIH26017-PRJ-000116,8,Possession,2019-12-04,2020-02-15,2019-12-04,2020-02-09,Completed,100.0,-6.0,District Collectorate
SIH26017-PRJ-000116,9,Mutation & Handover,2020-02-12,2020-04-03,2020-02-12,2020-04-07,Completed,100.0,4.0,LA Branch
SIH26017-PRJ-000117,1,Preliminary Notification (Sec 11),2019-08-18,2019-10-08,2019-08-18,2019-09-29,Completed,100.0,-9.0,District Collectorate
SIH26017-PRJ-000117,2,Social Impact Assessment (SIA),2019-10-05,2020-01-21,2019-10-05,2020-03-27,Completed,100.0,66.0,LA Branch
SIH26017-PRJ-000117,3,Survey & Measurement,2020-03-30,2020-06-16,2020-03-30,2020-08-04,Completed,100.0,49.0,Revenue Dept
SIH26017-PRJ-000117,4,Draft Declaration,2020-08-13,2020-09-30,2020-08-13,2020-10-16,Completed,100.0,16.0,District Collectorate
SIH26017-PRJ-000117,5,Final Declaration (Sec 19),2020-10-25,2021-01-18,2020-10-25,2021-01-18,Completed,100.0,0.0,District Collectorate
SIH26017-PRJ-000117,6,Award Declaration (Sec 23),2021-01-21,2021-04-18,2021-01-21,2021-09-01,Completed,100.0,136.0,Implementing Agency
SIH26017-PRJ-000117,7,Compensation Disbursement,2021-09-05,2022-01-30,2021-09-05,2022-01-09,Completed,100.0,-21.0,Revenue Dept
SIH26017-PRJ-000117,8,Possession,2022-01-13,2022-03-22,2022-01-13,2022-03-17,Completed,100.0,-5.0,LA Branch
SIH26017-PRJ-000117,9,Mutation & Handover,2022-03-20,2022-05-16,,,Stalled,0.0,,District Collectorate
SIH26017-PRJ-000118,1,Preliminary Notification (Sec 11),2017-12-08,2018-02-13,2017-12-08,2018-03-21,Completed,100.0,36.0,Revenue Dept
SIH26017-PRJ-000118,2,Social Impact Assessment (SIA),2018-03-26,2018-08-07,2018-03-26,2018-09-09,Completed,100.0,33.0,District Collectorate
SIH26017-PRJ-000118,3,Survey & Measurement,2018-09-10,2018-12-11,2018-09-10,2019-02-03,Completed,100.0,54.0,District Collectorate
SIH26017-PRJ-000118,4,Draft Declaration,2019-02-04,2019-04-21,2019-02-04,2019-05-14,Completed,100.0,23.0,LA Branch
SIH26017-PRJ-000118,5,Final Declaration (Sec 19),2019-05-16,2019-08-20,2019-05-16,2020-03-15,Completed,100.0,208.0,District Collectorate
SIH26017-PRJ-000118,6,Award Declaration (Sec 23),2020-03-18,2020-07-22,2020-03-18,2021-12-26,Completed,100.0,522.0,LA Branch
SIH26017-PRJ-000118,7,Compensation Disbursement,2021-12-29,2022-06-25,2021-12-29,2024-01-11,Completed,100.0,565.0,District Collectorate
SIH26017-PRJ-000118,8,Possession,2024-01-17,2024-04-11,2024-01-17,2025-03-03,Completed,100.0,326.0,Implementing Agency
SIH26017-PRJ-000118,9,Mutation & Handover,2025-03-06,2025-05-15,2025-03-06,2025-10-18,Completed,100.0,156.0,LA Branch
SIH26017-PRJ-000119,1,Preliminary Notification (Sec 11),2024-04-20,2024-06-20,2024-04-20,2024-06-02,Completed,100.0,-18.0,LA Branch
SIH26017-PRJ-000119,2,Social Impact Assessment (SIA),2024-06-06,2024-10-15,2024-06-06,2024-08-11,Completed,100.0,-65.0,District Collectorate
SIH26017-PRJ-000119,3,Survey & Measurement,2024-08-14,2024-11-05,2024-08-14,2024-09-24,Completed,100.0,-42.0,District Collectorate
SIH26017-PRJ-000119,4,Draft Declaration,2024-09-29,2024-11-24,2024-09-29,2024-11-17,Completed,100.0,-7.0,District Collectorate
SIH26017-PRJ-000119,5,Final Declaration (Sec 19),2024-11-19,2025-02-03,2024-11-19,2025-01-24,Completed,100.0,-10.0,District Collectorate
SIH26017-PRJ-000119,6,Award Declaration (Sec 23),2025-01-28,2025-04-29,2025-01-28,2025-05-04,Completed,100.0,5.0,LA Branch
SIH26017-PRJ-000119,7,Compensation Disbursement,2025-05-09,2025-10-17,2025-05-09,2025-08-18,Completed,100.0,-60.0,District Collectorate
SIH26017-PRJ-000119,8,Possession,2025-08-22,2025-11-26,2025-08-22,2025-10-25,Completed,100.0,-32.0,LA Branch
SIH26017-PRJ-000119,9,Mutation & Handover,2025-10-28,2025-12-13,2025-10-28,2025-12-14,Completed,100.0,1.0,Implementing Agency
SIH26017-PRJ-000120,1,Preliminary Notification (Sec 11),2020-05-30,2020-07-24,2020-05-30,2020-10-14,Completed,100.0,82.0,District Collectorate
SIH26017-PRJ-000120,2,Social Impact Assessment (SIA),2020-10-17,2021-02-15,2020-10-17,2021-04-25,Completed,100.0,69.0,Revenue Dept
SIH26017-PRJ-000120,3,Survey & Measurement,2021-04-27,2021-07-23,2021-04-27,2021-11-05,Completed,100.0,105.0,District Collectorate
SIH26017-PRJ-000120,4,Draft Declaration,2021-11-09,2022-01-26,2021-11-09,2022-06-05,Completed,100.0,130.0,Revenue Dept
SIH26017-PRJ-000120,5,Final Declaration (Sec 19),2022-06-09,2022-08-29,2022-06-09,2023-04-15,Completed,100.0,229.0,LA Branch
SIH26017-PRJ-000120,6,Award Declaration (Sec 23),2023-04-19,2023-08-20,2023-04-19,2024-03-10,Completed,100.0,203.0,Revenue Dept
SIH26017-PRJ-000120,7,Compensation Disbursement,2024-03-17,2024-09-24,2024-03-17,,In Progress,100.0,,District Collectorate
SIH26017-PRJ-000120,8,Possession,2026-12-15,2027-03-19,,,Not Started,0.0,,Implementing Agency
SIH26017-PRJ-000120,9,Mutation & Handover,2027-11-03,2028-01-10,,,Not Started,0.0,,Revenue Dept
SIH26017-PRJ-000121,1,Preliminary Notification (Sec 11),2015-09-10,2015-11-14,2015-09-10,2016-03-29,Completed,100.0,136.0,District Collectorate
SIH26017-PRJ-000121,2,Social Impact Assessment (SIA),2016-03-31,2016-08-06,2016-03-31,2017-05-12,Completed,100.0,279.0,LA Branch
SIH26017-PRJ-000121,3,Survey & Measurement,2017-05-17,2017-08-03,2017-05-17,2018-03-16,Completed,100.0,225.0,District Collectorate
SIH26017-PRJ-000121,4,Draft Declaration,2018-03-19,2018-05-07,2018-03-19,2018-09-09,Completed,100.0,125.0,LA Branch
SIH26017-PRJ-000121,5,Final Declaration (Sec 19),2018-09-15,2018-12-05,2018-09-15,2020-04-03,Completed,100.0,485.0,District Collectorate
SIH26017-PRJ-000121,6,Award Declaration (Sec 23),2020-04-07,2020-07-15,,,Stalled,0.0,,Implementing Agency
SIH26017-PRJ-000121,7,Compensation Disbursement,2020-04-07,2020-10-01,,,Stalled,0.0,,District Collectorate
SIH26017-PRJ-000121,8,Possession,2020-04-07,2020-06-20,,,Stalled,0.0,,LA Branch
SIH26017-PRJ-000121,9,Mutation & Handover,2020-04-07,2020-06-03,,,Stalled,0.0,,District Collectorate
SIH26017-PRJ-000122,1,Preliminary Notification (Sec 11),2023-10-12,2023-12-13,2023-10-12,2024-04-29,Completed,100.0,138.0,Implementing Agency
SIH26017-PRJ-000122,2,Social Impact Assessment (SIA),2024-05-04,2024-09-20,2024-05-04,2025-03-26,Completed,100.0,187.0,LA Branch
SIH26017-PRJ-000122,3,Survey & Measurement,2025-03-29,2025-06-23,,,Stalled,0.0,,Implementing Agency
SIH26017-PRJ-000122,4,Draft Declaration,2025-03-29,2025-05-29,,,Stalled,0.0,,Implementing Agency
SIH26017-PRJ-000122,5,Final Declaration (Sec 19),2025-03-29,2025-06-20,,,Stalled,0.0,,LA Branch
SIH26017-PRJ-000122,6,Award Declaration (Sec 23),2025-03-29,2025-07-07,,,Stalled,0.0,,District Collectorate
SIH26017-PRJ-000122,7,Compensation Disbursement,2025-03-29,2025-09-13,,,Stalled,0.0,,Revenue Dept
SIH26017-PRJ-000122,8,Possession,2025-03-29,2025-06-30,,,Stalled,0.0,,District Collectorate
SIH26017-PRJ-000122,9,Mutation & Handover,2025-03-29,2025-05-24,,,Stalled,0.0,,District Collectorate
SIH26017-PRJ-000123,1,Preliminary Notification (Sec 11),2021-12-11,2022-02-15,2021-12-11,2022-05-04,Completed,100.0,78.0,District Collectorate
SIH26017-PRJ-000123,2,Social Impact Assessment (SIA),2022-05-08,2022-09-18,2022-05-08,2023-04-18,Completed,100.0,212.0,District Collectorate
SIH26017-PRJ-000123,3,Survey & Measurement,2023-04-25,2023-07-22,2023-04-25,2023-06-25,Completed,100.0,-27.0,LA Branch
SIH26017-PRJ-000123,4,Draft Declaration,2023-06-30,2023-08-30,2023-06-30,2023-11-09,Completed,100.0,71.0,District Collectorate
SIH26017-PRJ-000123,5,Final Declaration (Sec 19),2023-11-14,2024-02-06,2023-11-14,2024-12-18,Completed,100.0,316.0,District Collectorate
SIH26017-PRJ-000123,6,Award Declaration (Sec 23),2024-12-24,2025-04-07,2024-12-24,,In Progress,100.0,,District Collectorate
SIH26017-PRJ-000123,7,Compensation Disbursement,2027-04-12,2027-09-17,,,Not Started,0.0,,Revenue Dept
SIH26017-PRJ-000123,8,Possession,2029-06-30,2029-09-25,,,Not Started,0.0,,Implementing Agency
SIH26017-PRJ-000123,9,Mutation & Handover,2031-05-26,2031-07-28,,,Not Started,0.0,,LA Branch
SIH26017-PRJ-000124,1,Preliminary Notification (Sec 11),2016-07-08,2016-09-08,2016-07-08,2016-09-11,Completed,100.0,3.0,Revenue Dept
SIH26017-PRJ-000124,2,Social Impact Assessment (SIA),2016-09-16,2017-01-24,2016-09-16,2017-07-02,Completed,100.0,159.0,District Collectorate
SIH26017-PRJ-000124,3,Survey & Measurement,2017-07-06,2017-09-29,2017-07-06,2017-11-23,Completed,100.0,55.0,Implementing Agency
SIH26017-PRJ-000124,4,Draft Declaration,2017-11-29,2018-01-20,2017-11-29,2018-03-04,Completed,100.0,43.0,LA Branch
SIH26017-PRJ-000124,5,Final Declaration (Sec 19),2018-03-07,2018-05-27,2018-03-07,2018-10-13,Completed,100.0,139.0,Revenue Dept
SIH26017-PRJ-000124,6,Award Declaration (Sec 23),2018-10-17,2019-01-20,2018-10-17,2019-08-20,Completed,100.0,212.0,Implementing Agency
SIH26017-PRJ-000124,7,Compensation Disbursement,2019-08-25,2020-02-19,2019-08-25,2021-11-14,Completed,100.0,634.0,LA Branch
SIH26017-PRJ-000124,8,Possession,2021-11-17,2022-01-27,,,Stalled,0.0,,Implementing Agency
SIH26017-PRJ-000124,9,Mutation & Handover,2021-11-17,2022-01-21,,,Stalled,0.0,,District Collectorate
SIH26017-PRJ-000125,1,Preliminary Notification (Sec 11),2017-01-01,2017-02-26,2017-01-01,2017-02-27,Completed,100.0,1.0,Implementing Agency
SIH26017-PRJ-000125,2,Social Impact Assessment (SIA),2017-02-28,2017-06-16,2017-02-28,2017-08-13,Completed,100.0,58.0,District Collectorate
SIH26017-PRJ-000125,3,Survey & Measurement,2017-08-16,2017-11-04,2017-08-16,2018-01-04,Completed,100.0,61.0,District Collectorate
SIH26017-PRJ-000125,4,Draft Declaration,2018-01-11,2018-03-10,2018-01-11,2018-04-04,Completed,100.0,25.0,Implementing Agency
SIH26017-PRJ-000125,5,Final Declaration (Sec 19),2018-04-11,2018-06-30,2018-04-11,2019-02-03,Completed,100.0,218.0,Revenue Dept
SIH26017-PRJ-000125,6,Award Declaration (Sec 23),2019-02-04,2019-05-11,2019-02-04,2019-07-27,Completed,100.0,77.0,District Collectorate
SIH26017-PRJ-000125,7,Compensation Disbursement,2019-07-30,2020-01-10,2019-07-30,2020-03-16,Completed,100.0,66.0,District Collectorate
SIH26017-PRJ-000125,8,Possession,2020-03-18,2020-06-07,2020-03-18,2020-07-30,Completed,100.0,53.0,District Collectorate
SIH26017-PRJ-000125,9,Mutation & Handover,2020-08-04,2020-10-01,,,Stalled,0.0,,Revenue Dept
SIH26017-PRJ-000126,1,Preliminary Notification (Sec 11),2018-08-16,2018-10-22,2018-08-16,2018-10-15,Completed,100.0,-7.0,District Collectorate
SIH26017-PRJ-000126,2,Social Impact Assessment (SIA),2018-10-19,2019-02-16,2018-10-19,2019-06-18,Completed,100.0,122.0,District Collectorate
SIH26017-PRJ-000126,3,Survey & Measurement,2019-06-23,2019-09-16,2019-06-23,2020-02-21,Completed,100.0,158.0,Revenue Dept
SIH26017-PRJ-000126,4,Draft Declaration,2020-02-26,2020-05-07,2020-02-26,2020-07-29,Completed,100.0,83.0,Revenue Dept
SIH26017-PRJ-000126,5,Final Declaration (Sec 19),2020-08-03,2020-10-25,2020-08-03,2020-11-26,Completed,100.0,32.0,LA Branch
SIH26017-PRJ-000126,6,Award Declaration (Sec 23),2020-12-01,2021-03-08,2020-12-01,2021-05-04,Completed,100.0,57.0,District Collectorate
SIH26017-PRJ-000126,7,Compensation Disbursement,2021-05-08,2021-11-04,2021-05-08,2021-11-10,Completed,100.0,6.0,District Collectorate
SIH26017-PRJ-000126,8,Possession,2021-11-15,2022-02-14,2021-11-15,2022-02-12,Completed,100.0,-2.0,LA Branch
SIH26017-PRJ-000126,9,Mutation & Handover,2022-02-16,2022-04-19,2022-02-16,2022-05-12,Completed,100.0,23.0,District Collectorate
SIH26017-PRJ-000127,1,Preliminary Notification (Sec 11),2024-05-09,2024-06-29,2024-05-09,2024-09-12,Completed,100.0,75.0,LA Branch
SIH26017-PRJ-000127,2,Social Impact Assessment (SIA),2024-09-13,2025-01-21,2024-09-13,,In Progress,100.0,,LA Branch
SIH26017-PRJ-000127,3,Survey & Measurement,2027-03-11,2027-06-05,,,Not Started,0.0,,District Collectorate
SIH26017-PRJ-000127,4,Draft Declaration,2028-01-26,2028-03-21,,,Not Started,0.0,,Revenue Dept
SIH26017-PRJ-000127,5,Final Declaration (Sec 19),2028-07-31,2028-10-20,,,Not Started,0.0,,Revenue Dept
SIH26017-PRJ-000127,6,Award Declaration (Sec 23),2029-04-22,2029-07-23,,,Not Started,0.0,,Implementing Agency
SIH26017-PRJ-000127,7,Compensation Disbursement,2031-03-12,2031-08-11,,,Not Started,0.0,,Revenue Dept
SIH26017-PRJ-000127,8,Possession,2033-06-20,2033-09-09,,,Not Started,0.0,,LA Branch
SIH26017-PRJ-000127,9,Mutation & Handover,2033-12-23,2034-02-26,,,Not Started,0.0,,LA Branch
SIH26017-PRJ-000128,1,Preliminary Notification (Sec 11),2016-11-25,2017-01-20,2016-11-25,2017-01-03,Completed,100.0,-17.0,LA Branch
SIH26017-PRJ-000128,2,Social Impact Assessment (SIA),2017-01-06,2017-04-25,2017-01-06,2017-06-19,Completed,100.0,55.0,LA Branch
SIH26017-PRJ-000128,3,Survey & Measurement,2017-06-26,2017-09-10,2017-06-26,2017-11-01,Completed,100.0,52.0,Revenue Dept
SIH26017-PRJ-000128,4,Draft Declaration,2017-11-06,2017-12-27,2017-11-06,2018-01-08,Completed,100.0,12.0,District Collectorate
SIH26017-PRJ-000128,5,Final Declaration (Sec 19),2018-01-13,2018-03-29,2018-01-13,2018-04-23,Completed,100.0,25.0,LA Branch
SIH26017-PRJ-000128,6,Award Declaration (Sec 23),2018-04-27,2018-07-30,,,Stalled,0.0,,LA Branch
SIH26017-PRJ-000128,7,Compensation Disbursement,2018-04-27,2018-09-03,,,Stalled,0.0,,Implementing Agency
SIH26017-PRJ-000128,8,Possession,2018-04-27,2018-07-13,,,Stalled,0.0,,Revenue Dept
SIH26017-PRJ-000128,9,Mutation & Handover,2018-04-27,2018-06-21,,,Stalled,0.0,,Implementing Agency
SIH26017-PRJ-000129,1,Preliminary Notification (Sec 11),2019-09-10,2019-11-16,2019-09-10,2019-12-26,Completed,100.0,40.0,Revenue Dept
SIH26017-PRJ-000129,2,Social Impact Assessment (SIA),2019-12-28,2020-04-10,2019-12-28,2020-05-12,Completed,100.0,32.0,Implementing Agency
SIH26017-PRJ-000129,3,Survey & Measurement,2020-05-16,2020-07-23,,,Stalled,0.0,,District Collectorate
SIH26017-PRJ-000129,4,Draft Declaration,2020-05-16,2020-07-09,,,Stalled,0.0,,District Collectorate
SIH26017-PRJ-000129,5,Final Declaration (Sec 19),2020-05-16,2020-08-02,,,Stalled,0.0,,LA Branch
SIH26017-PRJ-000129,6,Award Declaration (Sec 23),2020-05-16,2020-08-19,,,Stalled,0.0,,District Collectorate
SIH26017-PRJ-000129,7,Compensation Disbursement,2020-05-16,2020-11-09,,,Stalled,0.0,,LA Branch
SIH26017-PRJ-000129,8,Possession,2020-05-16,2020-08-03,,,Stalled,0.0,,Revenue Dept
SIH26017-PRJ-000129,9,Mutation & Handover,2020-05-16,2020-07-23,,,Stalled,0.0,,Implementing Agency
SIH26017-PRJ-000130,1,Preliminary Notification (Sec 11),2019-06-17,2019-08-11,2019-06-17,2019-07-15,Completed,100.0,-27.0,District Collectorate
SIH26017-PRJ-000130,2,Social Impact Assessment (SIA),2019-07-21,2019-11-06,2019-07-21,2020-01-05,Completed,100.0,60.0,Revenue Dept
SIH26017-PRJ-000130,3,Survey & Measurement,2020-01-08,2020-03-21,2020-01-08,2020-03-27,Completed,100.0,6.0,Implementing Agency
SIH26017-PRJ-000130,4,Draft Declaration,2020-04-04,2020-05-27,2020-04-04,2020-07-09,Completed,100.0,43.0,Revenue Dept
SIH26017-PRJ-000130,5,Final Declaration (Sec 19),2020-07-12,2020-09-12,2020-07-12,2020-08-23,Completed,100.0,-20.0,District Collectorate
SIH26017-PRJ-000130,6,Award Declaration (Sec 23),2020-08-24,2020-11-18,2020-08-24,2020-12-23,Completed,100.0,35.0,LA Branch
SIH26017-PRJ-000130,7,Compensation Disbursement,2020-12-28,2021-05-25,2020-12-28,2021-08-09,Completed,100.0,76.0,District Collectorate
SIH26017-PRJ-000130,8,Possession,2021-08-16,2021-10-28,2021-08-16,2021-09-30,Completed,100.0,-28.0,District Collectorate
SIH26017-PRJ-000130,9,Mutation & Handover,2021-10-06,2021-12-06,2021-10-06,2021-11-12,Completed,100.0,-24.0,Implementing Agency
SIH26017-PRJ-000131,1,Preliminary Notification (Sec 11),2023-10-16,2023-12-12,2023-10-16,2023-12-12,Completed,100.0,0.0,Revenue Dept
SIH26017-PRJ-000131,2,Social Impact Assessment (SIA),2023-12-18,2024-04-15,2023-12-18,2024-03-29,Completed,100.0,-17.0,LA Branch
SIH26017-PRJ-000131,3,Survey & Measurement,2024-04-02,2024-06-14,2024-04-02,2024-06-20,Completed,100.0,6.0,LA Branch
SIH26017-PRJ-000131,4,Draft Declaration,2024-06-28,2024-08-24,2024-06-28,2024-10-23,Completed,100.0,60.0,LA Branch
SIH26017-PRJ-000131,5,Final Declaration (Sec 19),2024-10-28,2025-01-13,2024-10-28,2025-01-22,Completed,100.0,9.0,Revenue Dept
SIH26017-PRJ-000131,6,Award Declaration (Sec 23),2025-01-30,2025-05-08,2025-01-30,2025-06-19,Completed,100.0,42.0,Implementing Agency
SIH26017-PRJ-000131,7,Compensation Disbursement,2025-06-25,2025-11-30,2025-06-25,2025-10-31,Completed,100.0,-30.0,District Collectorate
SIH26017-PRJ-000131,8,Possession,2025-11-02,2026-01-28,,,Stalled,0.0,,District Collectorate
SIH26017-PRJ-000131,9,Mutation & Handover,2025-11-02,2025-12-23,,,Stalled,0.0,,LA Branch
SIH26017-PRJ-000132,1,Preliminary Notification (Sec 11),2017-01-27,2017-03-29,2017-01-27,2017-03-25,Completed,100.0,-4.0,LA Branch
SIH26017-PRJ-000132,2,Social Impact Assessment (SIA),2017-04-03,2017-07-10,2017-04-03,2017-05-22,Completed,100.0,-49.0,Implementing Agency
SIH26017-PRJ-000132,3,Survey & Measurement,2017-05-26,2017-08-01,2017-05-26,2017-07-01,Completed,100.0,-31.0,District Collectorate
SIH26017-PRJ-000132,4,Draft Declaration,2017-07-03,2017-08-20,2017-07-03,2017-08-05,Completed,100.0,-15.0,Revenue Dept
SIH26017-PRJ-000132,5,Final Declaration (Sec 19),2017-08-11,2017-10-22,2017-08-11,2017-09-16,Completed,100.0,-36.0,LA Branch
SIH26017-PRJ-000132,6,Award Declaration (Sec 23),2017-09-19,2017-12-22,2017-09-19,2017-11-05,Completed,100.0,-47.0,LA Branch
SIH26017-PRJ-000132,7,Compensation Disbursement,2017-11-11,2018-03-27,2017-11-11,2018-03-05,Completed,100.0,-22.0,Revenue Dept
SIH26017-PRJ-000132,8,Possession,2018-03-09,2018-05-16,2018-03-09,2018-04-12,Completed,100.0,-34.0,Revenue Dept
SIH26017-PRJ-000132,9,Mutation & Handover,2018-04-15,2018-06-12,2018-04-15,2018-06-09,Completed,100.0,-3.0,Revenue Dept
SIH26017-PRJ-000133,1,Preliminary Notification (Sec 11),2017-12-24,2018-02-24,2017-12-24,2018-03-29,Completed,100.0,33.0,District Collectorate
SIH26017-PRJ-000133,2,Social Impact Assessment (SIA),2018-04-01,2018-08-09,2018-04-01,2019-03-18,Completed,100.0,221.0,LA Branch
SIH26017-PRJ-000133,3,Survey & Measurement,2019-03-22,2019-06-22,2019-03-22,2019-12-28,Completed,100.0,189.0,District Collectorate
SIH26017-PRJ-000133,4,Draft Declaration,2020-01-01,2020-03-11,2020-01-01,2020-08-13,Completed,100.0,155.0,Implementing Agency
SIH26017-PRJ-000133,5,Final Declaration (Sec 19),2020-08-17,2020-11-11,2020-08-17,2021-05-27,Completed,100.0,197.0,District Collectorate
SIH26017-PRJ-000133,6,Award Declaration (Sec 23),2021-05-31,2021-09-12,2021-05-31,2022-11-12,Completed,100.0,426.0,District Collectorate
SIH26017-PRJ-000133,7,Compensation Disbursement,2022-11-20,2023-05-05,2022-11-20,2023-08-12,Completed,100.0,99.0,LA Branch
SIH26017-PRJ-000133,8,Possession,2023-08-18,2023-11-03,2023-08-18,2024-02-10,Completed,100.0,99.0,District Collectorate
SIH26017-PRJ-000133,9,Mutation & Handover,2024-02-13,2024-04-14,2024-02-13,2024-09-02,Completed,100.0,141.0,Revenue Dept
SIH26017-PRJ-000134,1,Preliminary Notification (Sec 11),2019-06-08,2019-08-16,2019-06-08,2019-08-04,Completed,100.0,-12.0,LA Branch
SIH26017-PRJ-000134,2,Social Impact Assessment (SIA),2019-08-08,2019-12-08,2019-08-08,2020-01-29,Completed,100.0,52.0,LA Branch
SIH26017-PRJ-000134,3,Survey & Measurement,2020-02-05,2020-04-24,2020-02-05,2020-04-13,Completed,100.0,-11.0,District Collectorate
SIH26017-PRJ-000134,4,Draft Declaration,2020-04-14,2020-06-13,2020-04-14,2020-06-24,Completed,100.0,11.0,District Collectorate
SIH26017-PRJ-000134,5,Final Declaration (Sec 19),2020-06-28,2020-09-10,2020-06-28,2020-12-07,Completed,100.0,88.0,Implementing Agency
SIH26017-PRJ-000134,6,Award Declaration (Sec 23),2020-12-08,2021-03-21,2020-12-08,2021-04-23,Completed,100.0,33.0,Implementing Agency
SIH26017-PRJ-000134,7,Compensation Disbursement,2021-04-28,2021-09-25,2021-04-28,2022-03-23,Completed,100.0,179.0,LA Branch
SIH26017-PRJ-000134,8,Possession,2022-03-27,2022-06-28,2022-03-27,2022-08-21,Completed,100.0,54.0,District Collectorate
SIH26017-PRJ-000134,9,Mutation & Handover,2022-08-28,2022-11-09,2022-08-28,2023-01-03,Completed,100.0,55.0,Revenue Dept
SIH26017-PRJ-000135,1,Preliminary Notification (Sec 11),2024-06-13,2024-08-12,2024-06-13,2024-10-09,Completed,100.0,58.0,LA Branch
SIH26017-PRJ-000135,2,Social Impact Assessment (SIA),2024-10-15,2025-01-12,2024-10-15,2025-05-07,Completed,100.0,115.0,Revenue Dept
SIH26017-PRJ-000135,3,Survey & Measurement,2025-05-08,2025-07-26,2025-05-08,2025-11-27,Completed,100.0,124.0,LA Branch
SIH26017-PRJ-000135,4,Draft Declaration,2025-12-03,2026-01-30,2025-12-03,2026-04-14,Completed,100.0,74.0,Implementing Agency
SIH26017-PRJ-000135,5,Final Declaration (Sec 19),2026-04-15,2026-07-02,2026-04-15,2026-08-02,Completed,100.0,31.0,District Collectorate
SIH26017-PRJ-000135,6,Award Declaration (Sec 23),2026-08-05,2026-10-30,2026-08-05,,In Progress,11.6,,LA Branch
SIH26017-PRJ-000135,7,Compensation Disbursement,2027-02-04,2027-07-11,,,Not Started,0.0,,Implementing Agency
SIH26017-PRJ-000135,8,Possession,2028-08-27,2028-11-18,,,Not Started,0.0,,District Collectorate
SIH26017-PRJ-000135,9,Mutation & Handover,2030-01-08,2030-03-01,,,Not Started,0.0,,LA Branch
SIH26017-PRJ-000136,1,Preliminary Notification (Sec 11),2019-12-16,2020-02-06,2019-12-16,2020-02-06,Completed,100.0,0.0,District Collectorate
SIH26017-PRJ-000136,2,Social Impact Assessment (SIA),2020-02-09,2020-06-18,2020-02-09,2020-06-02,Completed,100.0,-16.0,LA Branch
SIH26017-PRJ-000136,3,Survey & Measurement,2020-06-05,2020-08-27,2020-06-05,2020-09-05,Completed,100.0,9.0,LA Branch
SIH26017-PRJ-000136,4,Draft Declaration,2020-09-09,2020-10-27,2020-09-09,2020-11-05,Completed,100.0,9.0,LA Branch
SIH26017-PRJ-000136,5,Final Declaration (Sec 19),2020-11-07,2021-01-20,2020-11-07,2021-01-30,Completed,100.0,10.0,District Collectorate
SIH26017-PRJ-000136,6,Award Declaration (Sec 23),2021-01-31,2021-04-26,2021-01-31,2021-04-16,Completed,100.0,-10.0,Revenue Dept
SIH26017-PRJ-000136,7,Compensation Disbursement,2021-04-20,2021-09-16,2021-04-20,2021-09-12,Completed,100.0,-4.0,LA Branch
SIH26017-PRJ-000136,8,Possession,2021-09-14,2021-12-02,2021-09-14,2021-12-10,Completed,100.0,8.0,Implementing Agency
SIH26017-PRJ-000136,9,Mutation & Handover,2021-12-14,2022-02-09,2021-12-14,2022-01-12,Completed,100.0,-28.0,LA Branch
SIH26017-PRJ-000137,1,Preliminary Notification (Sec 11),2022-10-29,2022-12-28,2022-10-29,2023-01-24,Completed,100.0,27.0,District Collectorate
SIH26017-PRJ-000137,2,Social Impact Assessment (SIA),2023-01-31,2023-05-30,2023-01-31,2023-06-07,Completed,100.0,8.0,Revenue Dept
SIH26017-PRJ-000137,3,Survey & Measurement,2023-06-11,2023-08-30,2023-06-11,2023-11-06,Completed,100.0,68.0,District Collectorate
SIH26017-PRJ-000137,4,Draft Declaration,2023-11-07,2024-01-09,2023-11-07,2024-01-02,Completed,100.0,-7.0,LA Branch
SIH26017-PRJ-000137,5,Final Declaration (Sec 19),2024-01-05,2024-03-03,2024-01-05,2024-08-12,Completed,100.0,162.0,LA Branch
SIH26017-PRJ-000137,6,Award Declaration (Sec 23),2024-08-15,2024-11-03,2024-08-15,2025-02-05,Completed,100.0,94.0,Implementing Agency
SIH26017-PRJ-000137,7,Compensation Disbursement,2025-02-11,2025-06-26,2025-02-11,2025-07-20,Completed,100.0,24.0,LA Branch
SIH26017-PRJ-000137,8,Possession,2025-07-29,2025-10-13,2025-07-29,2025-11-11,Completed,100.0,29.0,Revenue Dept
SIH26017-PRJ-000137,9,Mutation & Handover,2025-11-14,2026-01-04,2025-11-14,2026-04-23,Completed,100.0,109.0,District Collectorate
SIH26017-PRJ-000138,1,Preliminary Notification (Sec 11),2018-10-21,2018-12-27,2018-10-21,2018-11-25,Completed,100.0,-32.0,District Collectorate
SIH26017-PRJ-000138,2,Social Impact Assessment (SIA),2018-12-02,2019-03-26,2018-12-02,2019-08-21,Completed,100.0,148.0,District Collectorate
SIH26017-PRJ-000138,3,Survey & Measurement,2019-08-26,2019-11-12,2019-08-26,2019-12-18,Completed,100.0,36.0,District Collectorate
SIH26017-PRJ-000138,4,Draft Declaration,2019-12-23,2020-02-20,2019-12-23,2020-01-26,Completed,100.0,-25.0,LA Branch
SIH26017-PRJ-000138,5,Final Declaration (Sec 19),2020-01-28,2020-04-08,2020-01-28,2020-03-03,Completed,100.0,-36.0,LA Branch
SIH26017-PRJ-000138,6,Award Declaration (Sec 23),2020-03-06,2020-06-05,2020-03-06,2020-04-20,Completed,100.0,-46.0,Revenue Dept
SIH26017-PRJ-000138,7,Compensation Disbursement,2020-04-21,2020-10-01,2020-04-21,2020-09-09,Completed,100.0,-22.0,Implementing Agency
SIH26017-PRJ-000138,8,Possession,2020-09-13,2020-12-10,2020-09-13,2021-01-08,Completed,100.0,29.0,District Collectorate
SIH26017-PRJ-000138,9,Mutation & Handover,2021-01-11,2021-03-14,2021-01-11,2021-03-04,Completed,100.0,-10.0,District Collectorate
SIH26017-PRJ-000139,1,Preliminary Notification (Sec 11),2022-05-18,2022-07-14,2022-05-18,2022-07-18,Completed,100.0,4.0,District Collectorate
SIH26017-PRJ-000139,2,Social Impact Assessment (SIA),2022-07-19,2022-11-09,2022-07-19,2023-01-14,Completed,100.0,66.0,Implementing Agency
SIH26017-PRJ-000139,3,Survey & Measurement,2023-01-16,2023-03-27,2023-01-16,2023-03-12,Completed,100.0,-15.0,Implementing Agency
SIH26017-PRJ-000139,4,Draft Declaration,2023-03-13,2023-05-02,,,Stalled,0.0,,District Collectorate
SIH26017-PRJ-000139,5,Final Declaration (Sec 19),2023-03-13,2023-05-20,,,Stalled,0.0,,District Collectorate
SIH26017-PRJ-000139,6,Award Declaration (Sec 23),2023-03-13,2023-06-14,,,Stalled,0.0,,Implementing Agency
SIH26017-PRJ-000139,7,Compensation Disbursement,2023-03-13,2023-08-14,,,Stalled,0.0,,District Collectorate
SIH26017-PRJ-000139,8,Possession,2023-03-13,2023-05-24,,,Stalled,0.0,,LA Branch
SIH26017-PRJ-000139,9,Mutation & Handover,2023-03-13,2023-05-07,,,Stalled,0.0,,District Collectorate
SIH26017-PRJ-000140,1,Preliminary Notification (Sec 11),2022-03-17,2022-05-13,2022-03-17,2022-05-19,Completed,100.0,6.0,Revenue Dept
SIH26017-PRJ-000140,2,Social Impact Assessment (SIA),2022-05-21,2022-08-28,2022-05-21,2022-11-13,Completed,100.0,77.0,District Collectorate
SIH26017-PRJ-000140,3,Survey & Measurement,2022-11-16,2023-01-31,2022-11-16,2023-03-01,Completed,100.0,29.0,LA Branch
SIH26017-PRJ-000140,4,Draft Declaration,2023-03-03,2023-04-26,2023-03-03,2023-06-16,Completed,100.0,51.0,District Collectorate
SIH26017-PRJ-000140,5,Final Declaration (Sec 19),2023-06-19,2023-09-01,2023-06-19,2023-10-29,Completed,100.0,58.0,Implementing Agency
SIH26017-PRJ-000140,6,Award Declaration (Sec 23),2023-11-04,2024-02-05,2023-11-04,2024-04-24,Completed,100.0,79.0,Implementing Agency
SIH26017-PRJ-000140,7,Compensation Disbursement,2024-04-29,2024-09-17,2024-04-29,2024-08-29,Completed,100.0,-19.0,District Collectorate
SIH26017-PRJ-000140,8,Possession,2024-09-05,2024-11-09,2024-09-05,2024-12-03,Completed,100.0,24.0,Revenue Dept
SIH26017-PRJ-000140,9,Mutation & Handover,2024-12-09,2025-01-29,,,Stalled,0.0,,District Collectorate
SIH26017-PRJ-000141,1,Preliminary Notification (Sec 11),2015-09-18,2015-11-28,2015-09-18,2016-03-03,Completed,100.0,96.0,District Collectorate
SIH26017-PRJ-000141,2,Social Impact Assessment (SIA),2016-03-08,2016-07-04,2016-03-08,2016-11-25,Completed,100.0,144.0,Revenue Dept
SIH26017-PRJ-000141,3,Survey & Measurement,2016-11-26,2017-02-26,2016-11-26,2017-09-20,Completed,100.0,206.0,LA Branch
SIH26017-PRJ-000141,4,Draft Declaration,2017-09-22,2017-11-28,2017-09-22,2018-07-25,Completed,100.0,239.0,LA Branch
SIH26017-PRJ-000141,5,Final Declaration (Sec 19),2018-07-31,2018-10-21,2018-07-31,2019-12-21,Completed,100.0,426.0,Implementing Agency
SIH26017-PRJ-000141,6,Award Declaration (Sec 23),2019-12-23,2020-04-04,2019-12-23,2021-02-19,Completed,100.0,321.0,Implementing Agency
SIH26017-PRJ-000141,7,Compensation Disbursement,2021-02-20,2021-08-07,2021-02-20,2021-10-01,Completed,100.0,55.0,Revenue Dept
SIH26017-PRJ-000141,8,Possession,2021-10-04,2021-12-20,2021-10-04,2021-11-23,Completed,100.0,-27.0,LA Branch
SIH26017-PRJ-000141,9,Mutation & Handover,2021-11-25,2022-01-24,2021-11-25,2022-03-25,Completed,100.0,60.0,LA Branch
SIH26017-PRJ-000142,1,Preliminary Notification (Sec 11),2019-02-24,2019-04-24,2019-02-24,2019-06-27,Completed,100.0,64.0,District Collectorate
SIH26017-PRJ-000142,2,Social Impact Assessment (SIA),2019-07-02,2019-10-20,2019-07-02,2020-06-27,Completed,100.0,251.0,LA Branch
SIH26017-PRJ-000142,3,Survey & Measurement,2020-06-29,2020-09-20,2020-06-29,2021-06-28,Completed,100.0,281.0,District Collectorate
SIH26017-PRJ-000142,4,Draft Declaration,2021-07-03,2021-09-04,2021-07-03,2022-10-11,Completed,100.0,402.0,District Collectorate
SIH26017-PRJ-000142,5,Final Declaration (Sec 19),2022-10-14,2023-01-03,2022-10-14,2023-06-03,Completed,100.0,151.0,District Collectorate
SIH26017-PRJ-000142,6,Award Declaration (Sec 23),2023-06-06,2023-09-15,2023-06-06,2024-02-02,Completed,100.0,140.0,LA Branch
SIH26017-PRJ-000142,7,Compensation Disbursement,2024-02-05,2024-07-10,2024-02-05,2024-07-06,Completed,100.0,-4.0,Implementing Agency
SIH26017-PRJ-000142,8,Possession,2024-07-16,2024-09-30,2024-07-16,2024-11-12,Completed,100.0,43.0,District Collectorate
SIH26017-PRJ-000142,9,Mutation & Handover,2024-11-16,2025-01-12,2024-11-16,2025-02-16,Completed,100.0,35.0,Implementing Agency
SIH26017-PRJ-000143,1,Preliminary Notification (Sec 11),2017-07-23,2017-09-23,2017-07-23,2017-08-23,Completed,100.0,-31.0,Revenue Dept
SIH26017-PRJ-000143,2,Social Impact Assessment (SIA),2017-08-29,2017-12-09,2017-08-29,2017-10-19,Completed,100.0,-51.0,District Collectorate
SIH26017-PRJ-000143,3,Survey & Measurement,2017-10-23,2018-01-12,2017-10-23,2017-12-11,Completed,100.0,-32.0,Revenue Dept
SIH26017-PRJ-000143,4,Draft Declaration,2017-12-12,2018-01-30,2017-12-12,2018-01-11,Completed,100.0,-19.0,LA Branch
SIH26017-PRJ-000143,5,Final Declaration (Sec 19),2018-01-15,2018-03-30,2018-01-15,2018-03-18,Completed,100.0,-12.0,District Collectorate
SIH26017-PRJ-000143,6,Award Declaration (Sec 23),2018-03-21,2018-06-22,2018-03-21,2018-05-06,Completed,100.0,-47.0,District Collectorate
SIH26017-PRJ-000143,7,Compensation Disbursement,2018-05-09,2018-10-09,2018-05-09,2018-08-24,Completed,100.0,-46.0,Revenue Dept
SIH26017-PRJ-000143,8,Possession,2018-08-30,2018-11-09,2018-08-30,2018-10-13,Completed,100.0,-27.0,Implementing Agency
SIH26017-PRJ-000143,9,Mutation & Handover,2018-10-19,2018-12-14,2018-10-19,2018-11-16,Completed,100.0,-28.0,District Collectorate
SIH26017-PRJ-000144,1,Preliminary Notification (Sec 11),2022-11-26,2023-01-14,2022-11-26,2023-01-08,Completed,100.0,-6.0,Revenue Dept
SIH26017-PRJ-000144,2,Social Impact Assessment (SIA),2023-01-15,2023-05-05,2023-01-15,2023-08-17,Completed,100.0,104.0,District Collectorate
SIH26017-PRJ-000144,3,Survey & Measurement,2023-08-23,2023-11-06,2023-08-23,2023-12-14,Completed,100.0,38.0,Revenue Dept
SIH26017-PRJ-000144,4,Draft Declaration,2023-12-20,2024-02-02,2023-12-20,2024-01-30,Completed,100.0,-3.0,Revenue Dept
SIH26017-PRJ-000144,5,Final Declaration (Sec 19),2024-02-02,2024-04-12,2024-02-02,2024-03-08,Completed,100.0,-35.0,District Collectorate
SIH26017-PRJ-000144,6,Award Declaration (Sec 23),2024-03-14,2024-06-14,2024-03-14,2024-05-04,Completed,100.0,-41.0,Implementing Agency
SIH26017-PRJ-000144,7,Compensation Disbursement,2024-05-10,2024-09-25,2024-05-10,2024-11-01,Completed,100.0,37.0,District Collectorate
SIH26017-PRJ-000144,8,Possession,2024-11-02,2025-01-11,2024-11-02,2024-12-10,Completed,100.0,-32.0,District Collectorate
SIH26017-PRJ-000144,9,Mutation & Handover,2024-12-11,2025-01-30,2024-12-11,2025-01-21,Completed,100.0,-9.0,District Collectorate
SIH26017-PRJ-000145,1,Preliminary Notification (Sec 11),2015-09-29,2015-12-01,2015-09-29,2016-01-24,Completed,100.0,54.0,Implementing Agency
SIH26017-PRJ-000145,2,Social Impact Assessment (SIA),2016-01-31,2016-06-06,2016-01-31,2018-05-22,Completed,100.0,715.0,District Collectorate
SIH26017-PRJ-000145,3,Survey & Measurement,2018-05-25,2018-08-19,2018-05-25,2019-05-02,Completed,100.0,256.0,LA Branch
SIH26017-PRJ-000145,4,Draft Declaration,2019-05-06,2019-07-15,2019-05-06,2020-08-16,Completed,100.0,398.0,District Collectorate
SIH26017-PRJ-000145,5,Final Declaration (Sec 19),2020-08-22,2020-11-18,2020-08-22,2022-04-12,Completed,100.0,510.0,Implementing Agency
SIH26017-PRJ-000145,6,Award Declaration (Sec 23),2022-04-14,2022-08-22,2022-04-14,2023-08-13,Completed,100.0,356.0,District Collectorate
SIH26017-PRJ-000145,7,Compensation Disbursement,2023-08-15,2024-01-20,2023-08-15,,In Progress,100.0,,LA Branch
SIH26017-PRJ-000145,8,Possession,2027-01-29,2027-04-28,,,Not Started,0.0,,Revenue Dept
SIH26017-PRJ-000145,9,Mutation & Handover,2028-09-08,2028-11-20,,,Not Started,0.0,,Implementing Agency
SIH26017-PRJ-000146,1,Preliminary Notification (Sec 11),2023-12-02,2024-01-21,2023-12-02,2024-02-05,Completed,100.0,15.0,LA Branch
SIH26017-PRJ-000146,2,Social Impact Assessment (SIA),2024-02-11,2024-05-30,2024-02-11,2024-12-18,Completed,100.0,202.0,District Collectorate
SIH26017-PRJ-000146,3,Survey & Measurement,2024-12-21,2025-02-25,2024-12-21,2025-08-25,Completed,100.0,181.0,LA Branch
SIH26017-PRJ-000146,4,Draft Declaration,2025-08-30,2025-10-22,2025-08-30,2026-03-07,Completed,100.0,136.0,LA Branch
SIH26017-PRJ-000146,5,Final Declaration (Sec 19),2026-03-13,2026-05-21,2026-03-13,,In Progress,100.0,,Implementing Agency
SIH26017-PRJ-000146,6,Award Declaration (Sec 23),2026-08-29,2026-12-03,,,Not Started,0.0,,District Collectorate
SIH26017-PRJ-000146,7,Compensation Disbursement,2027-06-09,2027-11-15,,,Stalled,0.0,,Revenue Dept
SIH26017-PRJ-000146,8,Possession,2027-06-09,2027-08-19,,,Stalled,0.0,,Revenue Dept
SIH26017-PRJ-000146,9,Mutation & Handover,2027-06-09,2027-08-14,,,Stalled,0.0,,Revenue Dept
SIH26017-PRJ-000147,1,Preliminary Notification (Sec 11),2019-03-30,2019-06-01,2019-03-30,2019-06-20,Completed,100.0,19.0,District Collectorate
SIH26017-PRJ-000147,2,Social Impact Assessment (SIA),2019-06-23,2019-11-05,2019-06-23,2020-02-14,Completed,100.0,101.0,District Collectorate
SIH26017-PRJ-000147,3,Survey & Measurement,2020-02-17,2020-05-09,2020-02-17,2020-09-02,Completed,100.0,116.0,Implementing Agency
SIH26017-PRJ-000147,4,Draft Declaration,2020-09-07,2020-11-15,2020-09-07,2021-03-26,Completed,100.0,131.0,Implementing Agency
SIH26017-PRJ-000147,5,Final Declaration (Sec 19),2021-03-30,2021-06-13,2021-03-30,2021-10-01,Completed,100.0,110.0,Revenue Dept
SIH26017-PRJ-000147,6,Award Declaration (Sec 23),2021-10-03,2022-01-15,2021-10-03,2022-03-01,Completed,100.0,45.0,District Collectorate
SIH26017-PRJ-000147,7,Compensation Disbursement,2022-03-04,2022-09-16,2022-03-04,2023-01-28,Completed,100.0,134.0,LA Branch
SIH26017-PRJ-000147,8,Possession,2023-01-30,2023-04-22,2023-01-30,2023-05-22,Completed,100.0,30.0,District Collectorate
SIH26017-PRJ-000147,9,Mutation & Handover,2023-05-27,2023-08-07,2023-05-27,2023-12-07,Completed,100.0,122.0,District Collectorate
SIH26017-PRJ-000148,1,Preliminary Notification (Sec 11),2023-05-16,2023-07-10,2023-05-16,2023-07-11,Completed,100.0,1.0,LA Branch
SIH26017-PRJ-000148,2,Social Impact Assessment (SIA),2023-07-19,2023-11-07,2023-07-19,2023-10-10,Completed,100.0,-28.0,LA Branch
SIH26017-PRJ-000148,3,Survey & Measurement,2023-10-16,2023-12-20,2023-10-16,2024-03-24,Completed,100.0,95.0,Implementing Agency
SIH26017-PRJ-000148,4,Draft Declaration,2024-03-25,2024-05-18,2024-03-25,2024-05-31,Completed,100.0,13.0,District Collectorate
SIH26017-PRJ-000148,5,Final Declaration (Sec 19),2024-06-04,2024-08-14,2024-06-04,2024-08-17,Completed,100.0,3.0,Implementing Agency
SIH26017-PRJ-000148,6,Award Declaration (Sec 23),2024-08-20,2024-12-01,2024-08-20,2024-12-19,Completed,100.0,18.0,Revenue Dept
SIH26017-PRJ-000148,7,Compensation Disbursement,2024-12-22,2025-05-23,2024-12-22,2025-06-14,Completed,100.0,22.0,Revenue Dept
SIH26017-PRJ-000148,8,Possession,2025-06-16,2025-08-22,2025-06-16,2025-08-01,Completed,100.0,-21.0,District Collectorate
SIH26017-PRJ-000148,9,Mutation & Handover,2025-08-06,2025-09-24,2025-08-06,2025-09-05,Completed,100.0,-19.0,LA Branch
SIH26017-PRJ-000149,1,Preliminary Notification (Sec 11),2022-09-05,2022-11-15,2022-09-05,2022-11-29,Completed,100.0,14.0,LA Branch
SIH26017-PRJ-000149,2,Social Impact Assessment (SIA),2022-12-03,2023-04-09,2022-12-03,2024-03-18,Completed,100.0,344.0,District Collectorate
SIH26017-PRJ-000149,3,Survey & Measurement,2024-03-22,2024-06-10,2024-03-22,2025-12-25,Completed,100.0,563.0,Revenue Dept
SIH26017-PRJ-000149,4,Draft Declaration,2025-12-30,2026-03-08,2025-12-30,,In Progress,100.0,,Revenue Dept
SIH26017-PRJ-000149,5,Final Declaration (Sec 19),2026-12-16,2027-03-16,,,Not Started,0.0,,Implementing Agency
SIH26017-PRJ-000149,6,Award Declaration (Sec 23),2027-12-19,2028-03-08,,,Not Started,0.0,,Implementing Agency
SIH26017-PRJ-000149,7,Compensation Disbursement,2028-08-18,2029-02-08,,,Not Started,0.0,,District Collectorate
SIH26017-PRJ-000149,8,Possession,2030-07-19,2030-10-17,,,Not Started,0.0,,District Collectorate
SIH26017-PRJ-000149,9,Mutation & Handover,2031-12-07,2032-02-14,,,Not Started,0.0,,LA Branch
SIH26017-PRJ-000150,1,Preliminary Notification (Sec 11),2020-07-20,2020-09-16,2020-07-20,2020-10-04,Completed,100.0,18.0,Revenue Dept
SIH26017-PRJ-000150,2,Social Impact Assessment (SIA),2020-10-08,2021-02-05,2020-10-08,2021-06-11,Completed,100.0,126.0,LA Branch
SIH26017-PRJ-000150,3,Survey & Measurement,2021-06-18,2021-08-24,2021-06-18,2022-04-25,Completed,100.0,244.0,Implementing Agency
SIH26017-PRJ-000150,4,Draft Declaration,2022-04-29,2022-06-22,2022-04-29,2022-12-13,Completed,100.0,174.0,LA Branch
SIH26017-PRJ-000150,5,Final Declaration (Sec 19),2022-12-14,2023-02-26,2022-12-14,2024-02-28,Completed,100.0,367.0,District Collectorate
SIH26017-PRJ-000150,6,Award Declaration (Sec 23),2024-03-01,2024-05-31,2024-03-01,2025-04-03,Completed,100.0,307.0,District Collectorate
SIH26017-PRJ-000150,7,Compensation Disbursement,2025-04-04,2025-09-15,2025-04-04,,In Progress,100.0,,Revenue Dept
SIH26017-PRJ-000150,8,Possession,2028-09-27,2028-12-10,,,Not Started,0.0,,Implementing Agency
SIH26017-PRJ-000150,9,Mutation & Handover,2029-08-16,2029-09-30,,,Not Started,0.0,,Revenue Dept
SIH26017-PRJ-000151,1,Preliminary Notification (Sec 11),2018-02-14,2018-04-20,2018-02-14,2018-06-02,Completed,100.0,43.0,Revenue Dept
SIH26017-PRJ-000151,2,Social Impact Assessment (SIA),2018-06-10,2018-10-06,2018-06-10,2018-10-14,Completed,100.0,8.0,District Collectorate
SIH26017-PRJ-000151,3,Survey & Measurement,2018-10-15,2018-12-31,2018-10-15,2019-04-06,Completed,100.0,96.0,District Collectorate
SIH26017-PRJ-000151,4,Draft Declaration,2019-04-10,2019-06-13,2019-04-10,2019-09-15,Completed,100.0,94.0,District Collectorate
SIH26017-PRJ-000151,5,Final Declaration (Sec 19),2019-09-18,2019-12-16,2019-09-18,2020-06-07,Completed,100.0,174.0,District Collectorate
SIH26017-PRJ-000151,6,Award Declaration (Sec 23),2020-06-11,2020-09-25,2020-06-11,2021-05-01,Completed,100.0,218.0,LA Branch
SIH26017-PRJ-000151,7,Compensation Disbursement,2021-05-04,2021-10-28,2021-05-04,2025-03-23,Completed,100.0,1242.0,LA Branch
SIH26017-PRJ-000151,8,Possession,2025-03-28,2025-06-16,2025-03-28,2026-05-15,Completed,100.0,333.0,District Collectorate
SIH26017-PRJ-000151,9,Mutation & Handover,2026-05-18,2026-07-18,,,Stalled,0.0,,Implementing Agency
SIH26017-PRJ-000152,1,Preliminary Notification (Sec 11),2017-05-22,2017-07-22,2017-05-22,2017-09-23,Completed,100.0,63.0,LA Branch
SIH26017-PRJ-000152,2,Social Impact Assessment (SIA),2017-09-27,2018-01-31,,,Stalled,0.0,,LA Branch
SIH26017-PRJ-000152,3,Survey & Measurement,2017-09-27,2017-12-15,,,Stalled,0.0,,Revenue Dept
SIH26017-PRJ-000152,4,Draft Declaration,2017-09-27,2017-11-26,,,Stalled,0.0,,LA Branch
SIH26017-PRJ-000152,5,Final Declaration (Sec 19),2017-09-27,2017-12-16,,,Stalled,0.0,,Revenue Dept
SIH26017-PRJ-000152,6,Award Declaration (Sec 23),2017-09-27,2018-01-15,,,Stalled,0.0,,Implementing Agency
SIH26017-PRJ-000152,7,Compensation Disbursement,2017-09-27,2018-03-07,,,Stalled,0.0,,Revenue Dept
SIH26017-PRJ-000152,8,Possession,2017-09-27,2017-12-12,,,Stalled,0.0,,LA Branch
SIH26017-PRJ-000152,9,Mutation & Handover,2017-09-27,2017-11-27,,,Stalled,0.0,,Revenue Dept
SIH26017-PRJ-000153,1,Preliminary Notification (Sec 11),2017-11-03,2018-01-11,2017-11-03,2018-06-29,Completed,100.0,169.0,District Collectorate
SIH26017-PRJ-000153,2,Social Impact Assessment (SIA),2018-07-05,2018-10-25,2018-07-05,2020-09-14,Completed,100.0,690.0,District Collectorate
SIH26017-PRJ-000153,3,Survey & Measurement,2020-09-20,2020-12-10,2020-09-20,2021-03-01,Completed,100.0,81.0,LA Branch
SIH26017-PRJ-000153,4,Draft Declaration,2021-03-07,2021-05-12,2021-03-07,2021-06-22,Completed,100.0,41.0,Implementing Agency
SIH26017-PRJ-000153,5,Final Declaration (Sec 19),2021-06-28,2021-09-12,2021-06-28,2021-12-05,Completed,100.0,84.0,Implementing Agency
SIH26017-PRJ-000153,6,Award Declaration (Sec 23),2021-12-08,2022-03-18,2021-12-08,2022-11-14,Completed,100.0,241.0,District Collectorate
SIH26017-PRJ-000153,7,Compensation Disbursement,2022-11-17,2023-05-10,2022-11-17,,In Progress,100.0,,Revenue Dept
SIH26017-PRJ-000153,8,Possession,2026-09-10,2026-11-26,,,Not Started,0.0,,District Collectorate
SIH26017-PRJ-000153,9,Mutation & Handover,2027-06-20,2027-08-24,,,Not Started,0.0,,Implementing Agency
SIH26017-PRJ-000154,1,Preliminary Notification (Sec 11),2023-11-17,2024-01-11,2023-11-17,2024-02-18,Completed,100.0,38.0,District Collectorate
SIH26017-PRJ-000154,2,Social Impact Assessment (SIA),2024-02-21,2024-05-29,,,Stalled,0.0,,District Collectorate
SIH26017-PRJ-000154,3,Survey & Measurement,2024-02-21,2024-04-27,,,Stalled,0.0,,LA Branch
SIH26017-PRJ-000154,4,Draft Declaration,2024-02-21,2024-04-14,,,Stalled,0.0,,Revenue Dept
SIH26017-PRJ-000154,5,Final Declaration (Sec 19),2024-02-21,2024-04-23,,,Stalled,0.0,,LA Branch
SIH26017-PRJ-000154,6,Award Declaration (Sec 23),2024-02-21,2024-05-24,,,Stalled,0.0,,District Collectorate
SIH26017-PRJ-000154,7,Compensation Disbursement,2024-02-21,2024-07-05,,,Stalled,0.0,,Revenue Dept
SIH26017-PRJ-000154,8,Possession,2024-02-21,2024-05-04,,,Stalled,0.0,,LA Branch
SIH26017-PRJ-000154,9,Mutation & Handover,2024-02-21,2024-04-18,,,Stalled,0.0,,Revenue Dept
SIH26017-PRJ-000155,1,Preliminary Notification (Sec 11),2016-05-08,2016-07-18,2016-05-08,2016-08-12,Completed,100.0,25.0,Revenue Dept
SIH26017-PRJ-000155,2,Social Impact Assessment (SIA),2016-08-14,2016-12-17,2016-08-14,2017-04-09,Completed,100.0,113.0,District Collectorate
SIH26017-PRJ-000155,3,Survey & Measurement,2017-04-15,2017-07-06,2017-04-15,2017-08-30,Completed,100.0,55.0,District Collectorate
SIH26017-PRJ-000155,4,Draft Declaration,2017-08-31,2017-11-15,2017-08-31,2018-02-04,Completed,100.0,81.0,LA Branch
SIH26017-PRJ-000155,5,Final Declaration (Sec 19),2018-02-09,2018-05-12,2018-02-09,2018-06-30,Completed,100.0,49.0,Implementing Agency
SIH26017-PRJ-000155,6,Award Declaration (Sec 23),2018-07-01,2018-10-12,2018-07-01,2020-01-13,Completed,100.0,458.0,Revenue Dept
SIH26017-PRJ-000155,7,Compensation Disbursement,2020-01-16,2020-06-28,2020-01-16,2022-07-20,Completed,100.0,752.0,Revenue Dept
SIH26017-PRJ-000155,8,Possession,2022-07-25,2022-10-04,2022-07-25,2023-01-30,Completed,100.0,118.0,Revenue Dept
SIH26017-PRJ-000155,9,Mutation & Handover,2023-02-05,2023-04-12,2023-02-05,2023-11-19,Completed,100.0,221.0,District Collectorate
SIH26017-PRJ-000156,1,Preliminary Notification (Sec 11),2023-02-16,2023-04-08,2023-02-16,2023-05-13,Completed,100.0,35.0,District Collectorate
SIH26017-PRJ-000156,2,Social Impact Assessment (SIA),2023-05-17,2023-09-01,2023-05-17,2023-11-05,Completed,100.0,65.0,LA Branch
SIH26017-PRJ-000156,3,Survey & Measurement,2023-11-12,2024-01-16,2023-11-12,2024-05-08,Completed,100.0,113.0,Implementing Agency
SIH26017-PRJ-000156,4,Draft Declaration,2024-05-11,2024-07-02,2024-05-11,2024-10-22,Completed,100.0,112.0,District Collectorate
SIH26017-PRJ-000156,5,Final Declaration (Sec 19),2024-10-28,2024-12-30,2024-10-28,2025-01-16,Completed,100.0,17.0,Revenue Dept
SIH26017-PRJ-000156,6,Award Declaration (Sec 23),2025-01-20,2025-04-29,2025-01-20,2025-04-02,Completed,100.0,-27.0,District Collectorate
SIH26017-PRJ-000156,7,Compensation Disbursement,2025-04-06,2025-09-10,2025-04-06,2025-06-28,Completed,100.0,-74.0,Revenue Dept
SIH26017-PRJ-000156,8,Possession,2025-06-29,2025-09-08,2025-06-29,2025-10-04,Completed,100.0,26.0,LA Branch
SIH26017-PRJ-000156,9,Mutation & Handover,2025-10-08,2025-11-28,2025-10-08,2026-01-22,Completed,100.0,55.0,Implementing Agency
SIH26017-PRJ-000157,1,Preliminary Notification (Sec 11),2015-08-28,2015-10-23,2015-08-28,2016-02-03,Completed,100.0,103.0,District Collectorate
SIH26017-PRJ-000157,2,Social Impact Assessment (SIA),2016-02-05,2016-05-28,2016-02-05,2017-03-09,Completed,100.0,285.0,District Collectorate
SIH26017-PRJ-000157,3,Survey & Measurement,2017-03-13,2017-05-22,2017-03-13,2017-10-24,Completed,100.0,155.0,District Collectorate
SIH26017-PRJ-000157,4,Draft Declaration,2017-11-01,2017-12-31,2017-11-01,2018-07-22,Completed,100.0,203.0,Implementing Agency
SIH26017-PRJ-000157,5,Final Declaration (Sec 19),2018-07-29,2018-10-19,2018-07-29,2020-01-18,Completed,100.0,456.0,LA Branch
SIH26017-PRJ-000157,6,Award Declaration (Sec 23),2020-01-27,2020-05-01,2020-01-27,2021-03-16,Completed,100.0,319.0,LA Branch
SIH26017-PRJ-000157,7,Compensation Disbursement,2021-03-21,2021-08-25,2021-03-21,2022-11-27,Completed,100.0,459.0,LA Branch
SIH26017-PRJ-000157,8,Possession,2022-12-03,2023-02-14,2022-12-03,2023-11-03,Completed,100.0,262.0,LA Branch
SIH26017-PRJ-000157,9,Mutation & Handover,2023-11-07,2024-01-09,2023-11-07,2024-09-22,Completed,100.0,257.0,District Collectorate
SIH26017-PRJ-000158,1,Preliminary Notification (Sec 11),2017-09-15,2017-11-13,2017-09-15,2018-01-16,Completed,100.0,64.0,District Collectorate
SIH26017-PRJ-000158,2,Social Impact Assessment (SIA),2018-01-21,2018-05-13,,,Stalled,0.0,,Revenue Dept
SIH26017-PRJ-000158,3,Survey & Measurement,2018-01-21,2018-04-16,,,Stalled,0.0,,Revenue Dept
SIH26017-PRJ-000158,4,Draft Declaration,2018-01-21,2018-03-26,,,Stalled,0.0,,LA Branch
SIH26017-PRJ-000158,5,Final Declaration (Sec 19),2018-01-21,2018-04-19,,,Stalled,0.0,,LA Branch
SIH26017-PRJ-000158,6,Award Declaration (Sec 23),2018-01-21,2018-05-03,,,Stalled,0.0,,District Collectorate
SIH26017-PRJ-000158,7,Compensation Disbursement,2018-01-21,2018-07-04,,,Stalled,0.0,,Implementing Agency
SIH26017-PRJ-000158,8,Possession,2018-01-21,2018-04-16,,,Stalled,0.0,,District Collectorate
SIH26017-PRJ-000158,9,Mutation & Handover,2018-01-21,2018-03-19,,,Stalled,0.0,,District Collectorate
SIH26017-PRJ-000159,1,Preliminary Notification (Sec 11),2023-11-29,2024-01-15,2023-11-29,2024-02-06,Completed,100.0,22.0,LA Branch
SIH26017-PRJ-000159,2,Social Impact Assessment (SIA),2024-02-11,2024-05-27,2024-02-11,2024-06-19,Completed,100.0,23.0,LA Branch
SIH26017-PRJ-000159,3,Survey & Measurement,2024-06-22,2024-08-20,2024-06-22,2024-09-18,Completed,100.0,29.0,Implementing Agency
SIH26017-PRJ-000159,4,Draft Declaration,2024-09-22,2024-11-20,2024-09-22,2024-11-22,Completed,100.0,2.0,District Collectorate
SIH26017-PRJ-000159,5,Final Declaration (Sec 19),2024-11-26,2025-02-04,2024-11-26,2025-03-08,Completed,100.0,32.0,District Collectorate
SIH26017-PRJ-000159,6,Award Declaration (Sec 23),2025-03-12,2025-05-23,,,Stalled,0.0,,Implementing Agency
SIH26017-PRJ-000159,7,Compensation Disbursement,2025-03-12,2025-07-19,,,Stalled,0.0,,District Collectorate
SIH26017-PRJ-000159,8,Possession,2025-03-12,2025-05-17,,,Stalled,0.0,,Implementing Agency
SIH26017-PRJ-000159,9,Mutation & Handover,2025-03-12,2025-04-27,,,Stalled,0.0,,LA Branch
SIH26017-PRJ-000160,1,Preliminary Notification (Sec 11),2015-01-24,2015-03-19,2015-01-24,2015-06-26,Completed,100.0,99.0,District Collectorate
SIH26017-PRJ-000160,2,Social Impact Assessment (SIA),2015-06-27,2015-10-16,2015-06-27,2016-10-22,Completed,100.0,372.0,Implementing Agency
SIH26017-PRJ-000160,3,Survey & Measurement,2016-10-27,2017-01-13,2016-10-27,2018-03-24,Completed,100.0,435.0,District Collectorate
SIH26017-PRJ-000160,4,Draft Declaration,2018-03-26,2018-05-16,2018-03-26,2018-09-05,Completed,100.0,112.0,LA Branch
SIH26017-PRJ-000160,5,Final Declaration (Sec 19),2018-09-09,2018-11-25,2018-09-09,2019-06-15,Completed,100.0,202.0,LA Branch
SIH26017-PRJ-000160,6,Award Declaration (Sec 23),2019-06-18,2019-09-24,2019-06-18,2020-12-06,Completed,100.0,439.0,LA Branch
SIH26017-PRJ-000160,7,Compensation Disbursement,2020-12-10,2021-05-13,2020-12-10,2021-06-22,Completed,100.0,40.0,District Collectorate
SIH26017-PRJ-000160,8,Possession,2021-06-23,2021-09-16,2021-06-23,2021-12-31,Completed,100.0,106.0,LA Branch
SIH26017-PRJ-000160,9,Mutation & Handover,2022-01-03,2022-02-27,2022-01-03,2022-08-26,Completed,100.0,180.0,Implementing Agency
SIH26017-PRJ-000161,1,Preliminary Notification (Sec 11),2015-06-28,2015-08-14,2015-06-28,2015-08-08,Completed,100.0,-6.0,LA Branch
SIH26017-PRJ-000161,2,Social Impact Assessment (SIA),2015-08-10,2015-12-02,2015-08-10,2015-11-02,Completed,100.0,-30.0,Implementing Agency
SIH26017-PRJ-000161,3,Survey & Measurement,2015-11-08,2016-01-21,2015-11-08,2016-01-22,Completed,100.0,1.0,LA Branch
SIH26017-PRJ-000161,4,Draft Declaration,2016-01-27,2016-03-21,2016-01-27,2016-03-31,Completed,100.0,10.0,LA Branch
SIH26017-PRJ-000161,5,Final Declaration (Sec 19),2016-04-05,2016-06-24,2016-04-05,2016-06-22,Completed,100.0,-2.0,LA Branch
SIH26017-PRJ-000161,6,Award Declaration (Sec 23),2016-06-26,2016-09-25,2016-06-26,2016-11-11,Completed,100.0,47.0,Revenue Dept
SIH26017-PRJ-000161,7,Compensation Disbursement,2016-11-13,2017-04-08,2016-11-13,2017-05-12,Completed,100.0,34.0,Revenue Dept
SIH26017-PRJ-000161,8,Possession,2017-05-19,2017-07-21,2017-05-19,2017-07-05,Completed,100.0,-16.0,Revenue Dept
SIH26017-PRJ-000161,9,Mutation & Handover,2017-07-09,2017-09-05,2017-07-09,2017-09-05,Completed,100.0,0.0,Revenue Dept
SIH26017-PRJ-000162,1,Preliminary Notification (Sec 11),2022-11-24,2023-02-04,2022-11-24,2023-07-22,Completed,100.0,168.0,District Collectorate
SIH26017-PRJ-000162,2,Social Impact Assessment (SIA),2023-07-26,2023-12-16,2023-07-26,2024-12-09,Completed,100.0,359.0,Revenue Dept
SIH26017-PRJ-000162,3,Survey & Measurement,2024-12-13,2025-03-15,2024-12-13,2025-12-11,Completed,100.0,271.0,District Collectorate
SIH26017-PRJ-000162,4,Draft Declaration,2025-12-19,2026-02-20,2025-12-19,,In Progress,100.0,,District Collectorate
SIH26017-PRJ-000162,5,Final Declaration (Sec 19),2026-11-17,2027-02-14,,,Not Started,0.0,,LA Branch
SIH26017-PRJ-000162,6,Award Declaration (Sec 23),2028-03-14,2028-07-15,,,Not Started,0.0,,District Collectorate
SIH26017-PRJ-000162,7,Compensation Disbursement,2029-02-03,2029-07-29,,,Not Started,0.0,,District Collectorate
SIH26017-PRJ-000162,8,Possession,2030-01-18,2030-04-07,,,Stalled,0.0,,Revenue Dept
SIH26017-PRJ-000162,9,Mutation & Handover,2030-01-18,2030-03-21,,,Stalled,0.0,,District Collectorate
SIH26017-PRJ-000163,1,Preliminary Notification (Sec 11),2021-10-30,2021-12-31,2021-10-30,2021-12-08,Completed,100.0,-23.0,LA Branch
SIH26017-PRJ-000163,2,Social Impact Assessment (SIA),2021-12-11,2022-03-27,2021-12-11,2022-03-07,Completed,100.0,-20.0,Implementing Agency
SIH26017-PRJ-000163,3,Survey & Measurement,2022-03-10,2022-05-17,2022-03-10,2022-05-28,Completed,100.0,11.0,Revenue Dept
SIH26017-PRJ-000163,4,Draft Declaration,2022-05-30,2022-07-29,2022-05-30,2022-09-04,Completed,100.0,37.0,District Collectorate
SIH26017-PRJ-000163,5,Final Declaration (Sec 19),2022-09-07,2022-11-22,2022-09-07,2023-03-02,Completed,100.0,100.0,District Collectorate
SIH26017-PRJ-000163,6,Award Declaration (Sec 23),2023-03-06,2023-06-07,2023-03-06,2023-07-03,Completed,100.0,26.0,Implementing Agency
SIH26017-PRJ-000163,7,Compensation Disbursement,2023-07-07,2023-12-13,2023-07-07,2024-01-27,Completed,100.0,45.0,Revenue Dept
SIH26017-PRJ-000163,8,Possession,2024-01-31,2024-04-17,2024-01-31,2024-04-05,Completed,100.0,-12.0,District Collectorate
SIH26017-PRJ-000163,9,Mutation & Handover,2024-04-06,2024-06-01,2024-04-06,2024-05-25,Completed,100.0,-7.0,Implementing Agency
SIH26017-PRJ-000164,1,Preliminary Notification (Sec 11),2017-03-10,2017-05-04,2017-03-10,2017-07-24,Completed,100.0,81.0,Revenue Dept
SIH26017-PRJ-000164,2,Social Impact Assessment (SIA),2017-07-31,2017-11-18,2017-07-31,2018-04-15,Completed,100.0,148.0,Implementing Agency
SIH26017-PRJ-000164,3,Survey & Measurement,2018-04-19,2018-07-06,,,Stalled,0.0,,District Collectorate
SIH26017-PRJ-000164,4,Draft Declaration,2018-04-19,2018-06-22,,,Stalled,0.0,,Revenue Dept
SIH26017-PRJ-000164,5,Final Declaration (Sec 19),2018-04-19,2018-06-26,,,Stalled,0.0,,District Collectorate
SIH26017-PRJ-000164,6,Award Declaration (Sec 23),2018-04-19,2018-07-20,,,Stalled,0.0,,Implementing Agency
SIH26017-PRJ-000164,7,Compensation Disbursement,2018-04-19,2018-10-04,,,Stalled,0.0,,District Collectorate
SIH26017-PRJ-000164,8,Possession,2018-04-19,2018-07-11,,,Stalled,0.0,,District Collectorate
SIH26017-PRJ-000164,9,Mutation & Handover,2018-04-19,2018-06-13,,,Stalled,0.0,,District Collectorate
SIH26017-PRJ-000165,1,Preliminary Notification (Sec 11),2021-02-23,2021-04-14,2021-02-23,2021-04-07,Completed,100.0,-7.0,Revenue Dept
SIH26017-PRJ-000165,2,Social Impact Assessment (SIA),2021-04-13,2021-08-21,2021-04-13,2022-01-31,Completed,100.0,163.0,Revenue Dept
SIH26017-PRJ-000165,3,Survey & Measurement,2022-02-07,2022-04-24,2022-02-07,2022-07-27,Completed,100.0,94.0,District Collectorate
SIH26017-PRJ-000165,4,Draft Declaration,2022-08-01,2022-09-30,2022-08-01,2023-01-21,Completed,100.0,113.0,Implementing Agency
SIH26017-PRJ-000165,5,Final Declaration (Sec 19),2023-01-25,2023-03-31,2023-01-25,2023-05-25,Completed,100.0,55.0,Implementing Agency
SIH26017-PRJ-000165,6,Award Declaration (Sec 23),2023-05-30,2023-09-06,2023-05-30,2023-11-05,Completed,100.0,60.0,LA Branch
SIH26017-PRJ-000165,7,Compensation Disbursement,2023-11-13,2024-04-09,2023-11-13,2025-02-05,Completed,100.0,302.0,Implementing Agency
SIH26017-PRJ-000165,8,Possession,2025-02-07,2025-04-11,2025-02-07,2025-06-26,Completed,100.0,76.0,Implementing Agency
SIH26017-PRJ-000165,9,Mutation & Handover,2025-07-01,2025-08-22,2025-07-01,2025-11-14,Completed,100.0,84.0,Revenue Dept
SIH26017-PRJ-000166,1,Preliminary Notification (Sec 11),2020-02-24,2020-04-18,2020-02-24,2020-04-01,Completed,100.0,-17.0,District Collectorate
SIH26017-PRJ-000166,2,Social Impact Assessment (SIA),2020-04-04,2020-07-19,2020-04-04,2020-12-30,Completed,100.0,164.0,Revenue Dept
SIH26017-PRJ-000166,3,Survey & Measurement,2021-01-04,2021-03-10,2021-01-04,2021-05-07,Completed,100.0,58.0,Revenue Dept
SIH26017-PRJ-000166,4,Draft Declaration,2021-05-10,2021-07-04,2021-05-10,2021-08-17,Completed,100.0,44.0,Revenue Dept
SIH26017-PRJ-000166,5,Final Declaration (Sec 19),2021-08-20,2021-10-29,2021-08-20,2021-10-20,Completed,100.0,-9.0,District Collectorate
SIH26017-PRJ-000166,6,Award Declaration (Sec 23),2021-10-25,2022-01-27,,,Stalled,0.0,,Revenue Dept
SIH26017-PRJ-000166,7,Compensation Disbursement,2021-10-25,2022-02-25,,,Stalled,0.0,,District Collectorate
SIH26017-PRJ-000166,8,Possession,2021-10-25,2022-01-11,,,Stalled,0.0,,District Collectorate
SIH26017-PRJ-000166,9,Mutation & Handover,2021-10-25,2021-12-16,,,Stalled,0.0,,District Collectorate
SIH26017-PRJ-000167,1,Preliminary Notification (Sec 11),2023-12-09,2024-02-03,2023-12-09,2024-02-09,Completed,100.0,6.0,Implementing Agency
SIH26017-PRJ-000167,2,Social Impact Assessment (SIA),2024-02-15,2024-06-27,2024-02-15,2024-12-25,Completed,100.0,181.0,LA Branch
SIH26017-PRJ-000167,3,Survey & Measurement,2024-12-26,2025-03-18,2024-12-26,2026-01-08,Completed,100.0,296.0,Revenue Dept
SIH26017-PRJ-000167,4,Draft Declaration,2026-01-15,2026-03-20,2026-01-15,2026-08-06,Completed,100.0,139.0,LA Branch
SIH26017-PRJ-000167,5,Final Declaration (Sec 19),2026-08-11,2026-10-25,2026-08-11,,In Progress,5.3,,District Collectorate
SIH26017-PRJ-000167,6,Award Declaration (Sec 23),2027-01-05,2027-04-17,,,Stalled,0.0,,LA Branch
SIH26017-PRJ-000167,7,Compensation Disbursement,2027-01-05,2027-06-02,,,Stalled,0.0,,LA Branch
SIH26017-PRJ-000167,8,Possession,2027-01-05,2027-03-13,,,Stalled,0.0,,District Collectorate
SIH26017-PRJ-000167,9,Mutation & Handover,2027-01-05,2027-03-03,,,Stalled,0.0,,LA Branch
SIH26017-PRJ-000168,1,Preliminary Notification (Sec 11),2019-09-11,2019-11-17,2019-09-11,2019-11-08,Completed,100.0,-9.0,District Collectorate
SIH26017-PRJ-000168,2,Social Impact Assessment (SIA),2019-11-15,2020-04-07,2019-11-15,2020-02-10,Completed,100.0,-57.0,District Collectorate
SIH26017-PRJ-000168,3,Survey & Measurement,2020-02-14,2020-05-12,2020-02-14,2020-05-22,Completed,100.0,10.0,District Collectorate
SIH26017-PRJ-000168,4,Draft Declaration,2020-05-26,2020-08-04,2020-05-26,2020-08-21,Completed,100.0,17.0,Implementing Agency
SIH26017-PRJ-000168,5,Final Declaration (Sec 19),2020-08-25,2020-12-01,2020-08-25,2021-04-20,Completed,100.0,140.0,District Collectorate
SIH26017-PRJ-000168,6,Award Declaration (Sec 23),2021-04-24,2021-08-26,2021-04-24,2023-06-16,Completed,100.0,659.0,District Collectorate
SIH26017-PRJ-000168,7,Compensation Disbursement,2023-06-24,2023-12-25,2023-06-24,2025-04-19,Completed,100.0,481.0,Implementing Agency
SIH26017-PRJ-000168,8,Possession,2025-04-23,2025-07-16,,,Stalled,0.0,,LA Branch
SIH26017-PRJ-000168,9,Mutation & Handover,2025-04-23,2025-07-02,,,Stalled,0.0,,Implementing Agency
SIH26017-PRJ-000169,1,Preliminary Notification (Sec 11),2018-02-01,2018-03-25,2018-02-01,2018-05-22,Completed,100.0,58.0,Revenue Dept
SIH26017-PRJ-000169,2,Social Impact Assessment (SIA),2018-05-26,2018-09-14,2018-05-26,2019-04-22,Completed,100.0,220.0,District Collectorate
SIH26017-PRJ-000169,3,Survey & Measurement,2019-04-25,2019-07-03,2019-04-25,2019-10-09,Completed,100.0,98.0,Implementing Agency
SIH26017-PRJ-000169,4,Draft Declaration,2019-10-12,2019-11-29,2019-10-12,2019-12-21,Completed,100.0,22.0,Implementing Agency
SIH26017-PRJ-000169,5,Final Declaration (Sec 19),2019-12-29,2020-03-13,2019-12-29,2020-05-01,Completed,100.0,49.0,District Collectorate
SIH26017-PRJ-000169,6,Award Declaration (Sec 23),2020-05-09,2020-07-23,,,Stalled,0.0,,Implementing Agency
SIH26017-PRJ-000169,7,Compensation Disbursement,2020-05-09,2020-09-28,,,Stalled,0.0,,LA Branch
SIH26017-PRJ-000169,8,Possession,2020-05-09,2020-07-19,,,Stalled,0.0,,Implementing Agency
SIH26017-PRJ-000169,9,Mutation & Handover,2020-05-09,2020-07-03,,,Stalled,0.0,,LA Branch
SIH26017-PRJ-000170,1,Preliminary Notification (Sec 11),2023-06-11,2023-08-07,2023-06-11,2023-10-12,Completed,100.0,66.0,Revenue Dept
SIH26017-PRJ-000170,2,Social Impact Assessment (SIA),2023-10-17,2024-02-01,2023-10-17,2024-10-05,Completed,100.0,247.0,LA Branch
SIH26017-PRJ-000170,3,Survey & Measurement,2024-10-06,2024-12-19,2024-10-06,2025-06-30,Completed,100.0,193.0,Revenue Dept
SIH26017-PRJ-000170,4,Draft Declaration,2025-07-05,2025-09-02,2025-07-05,2026-04-19,Completed,100.0,229.0,District Collectorate
SIH26017-PRJ-000170,5,Final Declaration (Sec 19),2026-04-23,2026-06-24,2026-04-23,,In Progress,100.0,,District Collectorate
SIH26017-PRJ-000170,6,Award Declaration (Sec 23),2027-04-19,2027-07-23,,,Not Started,0.0,,District Collectorate
SIH26017-PRJ-000170,7,Compensation Disbursement,2029-05-24,2029-10-24,,,Not Started,0.0,,District Collectorate
SIH26017-PRJ-000170,8,Possession,2031-02-22,2031-05-04,,,Not Started,0.0,,District Collectorate
SIH26017-PRJ-000170,9,Mutation & Handover,2031-09-02,2031-10-28,,,Not Started,0.0,,District Collectorate
SIH26017-PRJ-000171,1,Preliminary Notification (Sec 11),2022-08-20,2022-10-20,2022-08-20,2022-10-26,Completed,100.0,6.0,Implementing Agency
SIH26017-PRJ-000171,2,Social Impact Assessment (SIA),2022-10-30,2023-02-22,2022-10-30,2023-02-25,Completed,100.0,3.0,District Collectorate
SIH26017-PRJ-000171,3,Survey & Measurement,2023-03-02,2023-05-21,2023-03-02,2023-09-24,Completed,100.0,126.0,Revenue Dept
SIH26017-PRJ-000171,4,Draft Declaration,2023-09-27,2023-11-20,2023-09-27,2024-01-29,Completed,100.0,70.0,District Collectorate
SIH26017-PRJ-000171,5,Final Declaration (Sec 19),2024-02-03,2024-04-14,2024-02-03,2024-12-31,Completed,100.0,261.0,District Collectorate
SIH26017-PRJ-000171,6,Award Declaration (Sec 23),2025-01-01,2025-04-11,2025-01-01,,In Progress,100.0,,Revenue Dept
SIH26017-PRJ-000171,7,Compensation Disbursement,2027-03-20,2027-08-27,,,Not Started,0.0,,District Collectorate
SIH26017-PRJ-000171,8,Possession,2028-02-23,2028-05-02,,,Not Started,0.0,,Implementing Agency
SIH26017-PRJ-000171,9,Mutation & Handover,2028-07-12,2028-09-10,,,Not Started,0.0,,Implementing Agency
SIH26017-PRJ-000172,1,Preliminary Notification (Sec 11),2020-05-29,2020-07-29,2020-05-29,2020-12-14,Completed,100.0,138.0,District Collectorate
SIH26017-PRJ-000172,2,Social Impact Assessment (SIA),2020-12-18,2021-04-14,2020-12-18,2023-01-01,Completed,100.0,627.0,LA Branch
SIH26017-PRJ-000172,3,Survey & Measurement,2023-01-07,2023-03-27,2023-01-07,2024-05-17,Completed,100.0,417.0,Revenue Dept
SIH26017-PRJ-000172,4,Draft Declaration,2024-05-18,2024-07-16,,,Stalled,0.0,,LA Branch
SIH26017-PRJ-000172,5,Final Declaration (Sec 19),2024-05-18,2024-07-26,,,Stalled,0.0,,District Collectorate
SIH26017-PRJ-000172,6,Award Declaration (Sec 23),2024-05-18,2024-08-26,,,Stalled,0.0,,LA Branch
SIH26017-PRJ-000172,7,Compensation Disbursement,2024-05-18,2024-11-17,,,Stalled,0.0,,LA Branch
SIH26017-PRJ-000172,8,Possession,2024-05-18,2024-08-02,,,Stalled,0.0,,LA Branch
SIH26017-PRJ-000172,9,Mutation & Handover,2024-05-18,2024-07-19,,,Stalled,0.0,,LA Branch
SIH26017-PRJ-000173,1,Preliminary Notification (Sec 11),2023-12-01,2024-01-26,2023-12-01,2024-04-26,Completed,100.0,91.0,LA Branch
SIH26017-PRJ-000173,2,Social Impact Assessment (SIA),2024-04-29,2024-08-05,2024-04-29,2024-11-08,Completed,100.0,95.0,District Collectorate
SIH26017-PRJ-000173,3,Survey & Measurement,2024-11-13,2025-01-29,2024-11-13,2025-04-05,Completed,100.0,66.0,LA Branch
SIH26017-PRJ-000173,4,Draft Declaration,2025-04-09,2025-05-31,2025-04-09,2025-09-11,Completed,100.0,103.0,District Collectorate
SIH26017-PRJ-000173,5,Final Declaration (Sec 19),2025-09-15,2025-11-25,2025-09-15,2026-02-10,Completed,100.0,77.0,Implementing Agency
SIH26017-PRJ-000173,6,Award Declaration (Sec 23),2026-02-11,2026-05-14,2026-02-11,,In Progress,100.0,,Revenue Dept
SIH26017-PRJ-000173,7,Compensation Disbursement,2027-04-05,2027-09-01,,,Stalled,0.0,,District Collectorate
SIH26017-PRJ-000173,8,Possession,2027-04-05,2027-06-21,,,Stalled,0.0,,Revenue Dept
SIH26017-PRJ-000173,9,Mutation & Handover,2027-04-05,2027-06-09,,,Stalled,0.0,,LA Branch
SIH26017-PRJ-000174,1,Preliminary Notification (Sec 11),2018-02-26,2018-04-26,2018-02-26,2018-06-03,Completed,100.0,38.0,District Collectorate
SIH26017-PRJ-000174,2,Social Impact Assessment (SIA),2018-06-06,2018-09-19,2018-06-06,2018-12-29,Completed,100.0,101.0,LA Branch
SIH26017-PRJ-000174,3,Survey & Measurement,2019-01-02,2019-03-23,2019-01-02,2020-03-11,Completed,100.0,354.0,District Collectorate
SIH26017-PRJ-000174,4,Draft Declaration,2020-03-12,2020-04-29,2020-03-12,2021-02-18,Completed,100.0,295.0,District Collectorate
SIH26017-PRJ-000174,5,Final Declaration (Sec 19),2021-02-22,2021-04-25,2021-02-22,2021-08-02,Completed,100.0,99.0,Implementing Agency
SIH26017-PRJ-000174,6,Award Declaration (Sec 23),2021-08-03,2021-11-14,2021-08-03,2022-05-26,Completed,100.0,193.0,District Collectorate
SIH26017-PRJ-000174,7,Compensation Disbursement,2022-05-30,2022-10-16,2022-05-30,2023-05-10,Completed,100.0,206.0,Revenue Dept
SIH26017-PRJ-000174,8,Possession,2023-05-15,2023-08-02,2023-05-15,2023-09-20,Completed,100.0,49.0,District Collectorate
SIH26017-PRJ-000174,9,Mutation & Handover,2023-09-26,2023-11-20,2023-09-26,2024-01-22,Completed,100.0,63.0,LA Branch
SIH26017-PRJ-000175,1,Preliminary Notification (Sec 11),2019-09-24,2019-11-15,2019-09-24,2019-11-08,Completed,100.0,-7.0,LA Branch
SIH26017-PRJ-000175,2,Social Impact Assessment (SIA),2019-11-11,2020-02-27,2019-11-11,2020-03-14,Completed,100.0,16.0,District Collectorate
SIH26017-PRJ-000175,3,Survey & Measurement,2020-03-15,2020-06-05,2020-03-15,2020-07-19,Completed,100.0,44.0,Implementing Agency
SIH26017-PRJ-000175,4,Draft Declaration,2020-07-23,2020-09-17,2020-07-23,2020-09-11,Completed,100.0,-6.0,LA Branch
SIH26017-PRJ-000175,5,Final Declaration (Sec 19),2020-09-18,2020-12-05,2020-09-18,2020-12-27,Completed,100.0,22.0,District Collectorate
SIH26017-PRJ-000175,6,Award Declaration (Sec 23),2020-12-28,2021-03-18,2020-12-28,2021-08-06,Completed,100.0,141.0,LA Branch
SIH26017-PRJ-000175,7,Compensation Disbursement,2021-08-11,2021-12-30,2021-08-11,2023-02-12,Completed,100.0,409.0,Implementing Agency
SIH26017-PRJ-000175,8,Possession,2023-02-15,2023-05-09,2023-02-15,2023-07-23,Completed,100.0,75.0,LA Branch
SIH26017-PRJ-000175,9,Mutation & Handover,2023-07-26,2023-09-14,2023-07-26,2023-11-26,Completed,100.0,73.0,Revenue Dept
SIH26017-PRJ-000176,1,Preliminary Notification (Sec 11),2016-02-24,2016-04-18,2016-02-24,2016-05-23,Completed,100.0,35.0,Implementing Agency
SIH26017-PRJ-000176,2,Social Impact Assessment (SIA),2016-05-27,2016-10-04,2016-05-27,2017-01-01,Completed,100.0,89.0,Revenue Dept
SIH26017-PRJ-000176,3,Survey & Measurement,2017-01-08,2017-03-26,2017-01-08,2017-06-23,Completed,100.0,89.0,District Collectorate
SIH26017-PRJ-000176,4,Draft Declaration,2017-06-27,2017-08-26,2017-06-27,2017-09-07,Completed,100.0,12.0,LA Branch
SIH26017-PRJ-000176,5,Final Declaration (Sec 19),2017-09-12,2017-11-13,2017-09-12,2017-12-05,Completed,100.0,22.0,Implementing Agency
SIH26017-PRJ-000176,6,Award Declaration (Sec 23),2017-12-12,2018-03-10,2017-12-12,2019-02-12,Completed,100.0,339.0,District Collectorate
SIH26017-PRJ-000176,7,Compensation Disbursement,2019-02-16,2019-06-26,2019-02-16,2021-12-20,Completed,100.0,908.0,District Collectorate
SIH26017-PRJ-000176,8,Possession,2021-12-24,2022-03-04,2021-12-24,2022-05-06,Completed,100.0,63.0,LA Branch
SIH26017-PRJ-000176,9,Mutation & Handover,2022-05-09,2022-07-09,2022-05-09,2022-07-15,Completed,100.0,6.0,District Collectorate
SIH26017-PRJ-000177,1,Preliminary Notification (Sec 11),2022-12-18,2023-02-05,2022-12-18,2023-02-20,Completed,100.0,15.0,LA Branch
SIH26017-PRJ-000177,2,Social Impact Assessment (SIA),2023-02-24,2023-06-19,2023-02-24,2023-07-05,Completed,100.0,16.0,District Collectorate
SIH26017-PRJ-000177,3,Survey & Measurement,2023-07-09,2023-09-20,2023-07-09,2023-12-04,Completed,100.0,75.0,District Collectorate
SIH26017-PRJ-000177,4,Draft Declaration,2023-12-11,2024-02-06,2023-12-11,2024-04-01,Completed,100.0,55.0,Revenue Dept
SIH26017-PRJ-000177,5,Final Declaration (Sec 19),2024-04-08,2024-06-16,2024-04-08,2025-01-26,Completed,100.0,224.0,LA Branch
SIH26017-PRJ-000177,6,Award Declaration (Sec 23),2025-02-01,2025-04-21,2025-02-01,2025-10-12,Completed,100.0,174.0,District Collectorate
SIH26017-PRJ-000177,7,Compensation Disbursement,2025-10-17,2026-03-09,2025-10-17,,In Progress,100.0,,Implementing Agency
SIH26017-PRJ-000177,8,Possession,2027-03-20,2027-05-22,,,Not Started,0.0,,District Collectorate
SIH26017-PRJ-000177,9,Mutation & Handover,2027-10-13,2027-12-04,,,Not Started,0.0,,LA Branch
SIH26017-PRJ-000178,1,Preliminary Notification (Sec 11),2022-10-14,2022-12-02,2022-10-14,2022-12-22,Completed,100.0,20.0,District Collectorate
SIH26017-PRJ-000178,2,Social Impact Assessment (SIA),2022-12-30,2023-04-24,2022-12-30,2024-05-04,Completed,100.0,376.0,LA Branch
SIH26017-PRJ-000178,3,Survey & Measurement,2024-05-06,2024-07-30,2024-05-06,2026-03-16,Completed,100.0,594.0,Revenue Dept
SIH26017-PRJ-000178,4,Draft Declaration,2026-03-24,2026-05-09,2026-03-24,,In Progress,100.0,,LA Branch
SIH26017-PRJ-000178,5,Final Declaration (Sec 19),2026-08-26,2026-11-08,,,Not Started,0.0,,District Collectorate
SIH26017-PRJ-000178,6,Award Declaration (Sec 23),2027-07-07,2027-10-05,,,Not Started,0.0,,LA Branch
SIH26017-PRJ-000178,7,Compensation Disbursement,2028-10-08,2029-03-05,,,Not Started,0.0,,District Collectorate
SIH26017-PRJ-000178,8,Possession,2029-09-02,2029-11-16,,,Not Started,0.0,,Implementing Agency
SIH26017-PRJ-000178,9,Mutation & Handover,2030-04-26,2030-06-15,,,Not Started,0.0,,District Collectorate
SIH26017-PRJ-000179,1,Preliminary Notification (Sec 11),2018-03-06,2018-04-20,2018-03-06,2018-06-16,Completed,100.0,57.0,District Collectorate
SIH26017-PRJ-000179,2,Social Impact Assessment (SIA),2018-06-20,2018-09-27,2018-06-20,2019-06-04,Completed,100.0,250.0,District Collectorate
SIH26017-PRJ-000179,3,Survey & Measurement,2019-06-09,2019-08-16,2019-06-09,2019-11-15,Completed,100.0,91.0,LA Branch
SIH26017-PRJ-000179,4,Draft Declaration,2019-11-21,2020-01-06,2019-11-21,2020-09-27,Completed,100.0,265.0,District Collectorate
SIH26017-PRJ-000179,5,Final Declaration (Sec 19),2020-10-02,2020-12-14,2020-10-02,2021-04-03,Completed,100.0,110.0,Revenue Dept
SIH26017-PRJ-000179,6,Award Declaration (Sec 23),2021-04-09,2021-07-02,2021-04-09,2021-11-27,Completed,100.0,148.0,LA Branch
SIH26017-PRJ-000179,7,Compensation Disbursement,2021-12-08,2022-04-20,2021-12-08,2022-08-10,Completed,100.0,112.0,District Collectorate
SIH26017-PRJ-000179,8,Possession,2022-08-16,2022-10-27,2022-08-16,2023-01-02,Completed,100.0,67.0,LA Branch
SIH26017-PRJ-000179,9,Mutation & Handover,2023-01-09,2023-03-07,2023-01-09,2023-04-26,Completed,100.0,50.0,Implementing Agency
SIH26017-PRJ-000180,1,Preliminary Notification (Sec 11),2015-11-03,2015-12-28,2015-11-03,2016-12-07,Completed,100.0,345.0,District Collectorate
SIH26017-PRJ-000180,2,Social Impact Assessment (SIA),2016-12-10,2017-04-17,2016-12-10,2017-09-22,Completed,100.0,158.0,LA Branch
SIH26017-PRJ-000180,3,Survey & Measurement,2017-09-24,2017-12-15,2017-09-24,2018-01-22,Completed,100.0,38.0,Revenue Dept
SIH26017-PRJ-000180,4,Draft Declaration,2018-01-26,2018-03-21,,,Stalled,0.0,,District Collectorate
SIH26017-PRJ-000180,5,Final Declaration (Sec 19),2018-01-26,2018-04-07,,,Stalled,0.0,,Revenue Dept
SIH26017-PRJ-000180,6,Award Declaration (Sec 23),2018-01-26,2018-05-04,,,Stalled,0.0,,District Collectorate
SIH26017-PRJ-000180,7,Compensation Disbursement,2018-01-26,2018-06-01,,,Stalled,0.0,,Revenue Dept
SIH26017-PRJ-000180,8,Possession,2018-01-26,2018-04-09,,,Stalled,0.0,,District Collectorate
SIH26017-PRJ-000180,9,Mutation & Handover,2018-01-26,2018-03-18,,,Stalled,0.0,,Revenue Dept
SIH26017-PRJ-000181,1,Preliminary Notification (Sec 11),2023-05-17,2023-07-27,2023-05-17,2023-10-24,Completed,100.0,89.0,Revenue Dept
SIH26017-PRJ-000181,2,Social Impact Assessment (SIA),2023-10-25,2024-03-02,2023-10-25,2024-09-18,Completed,100.0,200.0,District Collectorate
SIH26017-PRJ-000181,3,Survey & Measurement,2024-09-23,2024-12-26,2024-09-23,2025-12-08,Completed,100.0,347.0,Revenue Dept
SIH26017-PRJ-000181,4,Draft Declaration,2025-12-13,2026-02-15,2025-12-13,,In Progress,100.0,,Revenue Dept
SIH26017-PRJ-000181,5,Final Declaration (Sec 19),2027-01-28,2027-04-28,,,Not Started,0.0,,Implementing Agency
SIH26017-PRJ-000181,6,Award Declaration (Sec 23),2027-08-10,2027-11-15,,,Not Started,0.0,,District Collectorate
SIH26017-PRJ-000181,7,Compensation Disbursement,2027-12-07,2028-05-23,,,Not Started,0.0,,LA Branch
SIH26017-PRJ-000181,8,Possession,2028-08-15,2028-11-13,,,Not Started,0.0,,Revenue Dept
SIH26017-PRJ-000181,9,Mutation & Handover,2029-05-01,2029-07-06,,,Not Started,0.0,,District Collectorate
SIH26017-PRJ-000182,1,Preliminary Notification (Sec 11),2020-07-11,2020-09-07,2020-07-11,2020-08-14,Completed,100.0,-24.0,LA Branch
SIH26017-PRJ-000182,2,Social Impact Assessment (SIA),2020-08-17,2020-11-28,2020-08-17,2020-10-24,Completed,100.0,-35.0,District Collectorate
SIH26017-PRJ-000182,3,Survey & Measurement,2020-10-25,2021-01-02,2020-10-25,2020-12-16,Completed,100.0,-17.0,District Collectorate
SIH26017-PRJ-000182,4,Draft Declaration,2020-12-20,2021-02-03,2020-12-20,2021-01-16,Completed,100.0,-18.0,District Collectorate
SIH26017-PRJ-000182,5,Final Declaration (Sec 19),2021-01-22,2021-04-05,2021-01-22,2021-02-28,Completed,100.0,-36.0,LA Branch
SIH26017-PRJ-000182,6,Award Declaration (Sec 23),2021-03-08,2021-06-13,2021-03-08,2021-08-31,Completed,100.0,79.0,Implementing Agency
SIH26017-PRJ-000182,7,Compensation Disbursement,2021-09-04,2022-02-12,2021-09-04,2022-05-16,Completed,100.0,93.0,Revenue Dept
SIH26017-PRJ-000182,8,Possession,2022-05-19,2022-07-28,2022-05-19,2022-07-02,Completed,100.0,-26.0,Revenue Dept
SIH26017-PRJ-000182,9,Mutation & Handover,2022-07-07,2022-08-29,2022-07-07,2022-08-10,Completed,100.0,-19.0,Revenue Dept
SIH26017-PRJ-000183,1,Preliminary Notification (Sec 11),2024-06-01,2024-07-23,2024-06-01,2024-08-09,Completed,100.0,17.0,LA Branch
SIH26017-PRJ-000183,2,Social Impact Assessment (SIA),2024-08-12,2024-11-16,2024-08-12,2024-10-24,Completed,100.0,-23.0,LA Branch
SIH26017-PRJ-000183,3,Survey & Measurement,2024-10-30,2025-01-10,2024-10-30,2025-02-03,Completed,100.0,24.0,Revenue Dept
SIH26017-PRJ-000183,4,Draft Declaration,2025-02-08,2025-03-29,2025-02-08,2025-04-07,Completed,100.0,9.0,LA Branch
SIH26017-PRJ-000183,5,Final Declaration (Sec 19),2025-04-16,2025-06-30,2025-04-16,2025-10-05,Completed,100.0,97.0,Implementing Agency
SIH26017-PRJ-000183,6,Award Declaration (Sec 23),2025-10-11,2025-12-27,2025-10-11,2026-03-05,Completed,100.0,68.0,District Collectorate
SIH26017-PRJ-000183,7,Compensation Disbursement,2026-03-10,2026-07-24,2026-03-10,,In Progress,100.0,,Revenue Dept
SIH26017-PRJ-000183,8,Possession,2026-09-14,2026-11-14,,,Not Started,0.0,,District Collectorate
SIH26017-PRJ-000183,9,Mutation & Handover,2026-10-29,2026-12-21,,,Not Started,0.0,,District Collectorate
SIH26017-PRJ-000184,1,Preliminary Notification (Sec 11),2022-08-07,2022-10-08,2022-08-07,2022-10-24,Completed,100.0,16.0,District Collectorate
SIH26017-PRJ-000184,2,Social Impact Assessment (SIA),2022-10-28,2023-03-06,2022-10-28,2023-10-01,Completed,100.0,209.0,LA Branch
SIH26017-PRJ-000184,3,Survey & Measurement,2023-10-08,2023-12-28,2023-10-08,2024-04-17,Completed,100.0,111.0,Revenue Dept
SIH26017-PRJ-000184,4,Draft Declaration,2024-04-18,2024-07-01,2024-04-18,2024-09-23,Completed,100.0,84.0,District Collectorate
SIH26017-PRJ-000184,5,Final Declaration (Sec 19),2024-09-25,2024-12-17,2024-09-25,2025-10-21,Completed,100.0,308.0,LA Branch
SIH26017-PRJ-000184,6,Award Declaration (Sec 23),2025-10-23,2026-01-24,2025-10-23,,In Progress,100.0,,District Collectorate
SIH26017-PRJ-000184,7,Compensation Disbursement,2026-12-26,2027-06-22,,,Not Started,0.0,,LA Branch
SIH26017-PRJ-000184,8,Possession,2029-04-10,2029-06-23,,,Not Started,0.0,,District Collectorate
SIH26017-PRJ-000184,9,Mutation & Handover,2029-12-06,2030-01-30,,,Not Started,0.0,,District Collectorate
SIH26017-PRJ-000185,1,Preliminary Notification (Sec 11),2017-07-20,2017-09-20,2017-07-20,2017-10-31,Completed,100.0,41.0,District Collectorate
SIH26017-PRJ-000185,2,Social Impact Assessment (SIA),2017-11-06,2018-03-08,,,Stalled,0.0,,District Collectorate
SIH26017-PRJ-000185,3,Survey & Measurement,2017-11-06,2018-02-02,,,Stalled,0.0,,District Collectorate
SIH26017-PRJ-000185,4,Draft Declaration,2017-11-06,2018-01-08,,,Stalled,0.0,,District Collectorate
SIH26017-PRJ-000185,5,Final Declaration (Sec 19),2017-11-06,2018-02-01,,,Stalled,0.0,,District Collectorate
SIH26017-PRJ-000185,6,Award Declaration (Sec 23),2017-11-06,2018-02-11,,,Stalled,0.0,,Revenue Dept
SIH26017-PRJ-000185,7,Compensation Disbursement,2017-11-06,2018-05-04,,,Stalled,0.0,,LA Branch
SIH26017-PRJ-000185,8,Possession,2017-11-06,2018-01-24,,,Stalled,0.0,,District Collectorate
SIH26017-PRJ-000185,9,Mutation & Handover,2017-11-06,2018-01-17,,,Stalled,0.0,,District Collectorate
SIH26017-PRJ-000186,1,Preliminary Notification (Sec 11),2017-07-31,2017-09-22,2017-07-31,2017-10-15,Completed,100.0,23.0,LA Branch
SIH26017-PRJ-000186,2,Social Impact Assessment (SIA),2017-10-17,2018-01-15,2017-10-17,2018-06-21,Completed,100.0,157.0,Implementing Agency
SIH26017-PRJ-000186,3,Survey & Measurement,2018-06-24,2018-08-27,2018-06-24,2019-02-26,Completed,100.0,183.0,Implementing Agency
SIH26017-PRJ-000186,4,Draft Declaration,2019-03-02,2019-04-20,,,Stalled,0.0,,Implementing Agency
SIH26017-PRJ-000186,5,Final Declaration (Sec 19),2019-03-02,2019-05-22,,,Stalled,0.0,,LA Branch
SIH26017-PRJ-000186,6,Award Declaration (Sec 23),2019-03-02,2019-06-05,,,Stalled,0.0,,LA Branch
SIH26017-PRJ-000186,7,Compensation Disbursement,2019-03-02,2019-08-03,,,Stalled,0.0,,LA Branch
SIH26017-PRJ-000186,8,Possession,2019-03-02,2019-04-30,,,Stalled,0.0,,District Collectorate
SIH26017-PRJ-000186,9,Mutation & Handover,2019-03-02,2019-04-22,,,Stalled,0.0,,District Collectorate
SIH26017-PRJ-000187,1,Preliminary Notification (Sec 11),2022-12-16,2023-02-03,2022-12-16,2023-01-19,Completed,100.0,-15.0,Implementing Agency
SIH26017-PRJ-000187,2,Social Impact Assessment (SIA),2023-01-25,2023-04-26,2023-01-25,2023-04-02,Completed,100.0,-24.0,District Collectorate
SIH26017-PRJ-000187,3,Survey & Measurement,2023-04-03,2023-06-13,2023-04-03,2023-05-15,Completed,100.0,-29.0,LA Branch
SIH26017-PRJ-000187,4,Draft Declaration,2023-05-19,2023-07-10,2023-05-19,2023-07-01,Completed,100.0,-9.0,District Collectorate
SIH26017-PRJ-000187,5,Final Declaration (Sec 19),2023-07-05,2023-09-10,2023-07-05,2023-11-04,Completed,100.0,55.0,Revenue Dept
SIH26017-PRJ-000187,6,Award Declaration (Sec 23),2023-11-12,2024-02-04,2023-11-12,2024-03-08,Completed,100.0,33.0,District Collectorate
SIH26017-PRJ-000187,7,Compensation Disbursement,2024-03-12,2024-07-27,2024-03-12,2025-10-03,Completed,100.0,433.0,District Collectorate
SIH26017-PRJ-000187,8,Possession,2025-10-04,2025-12-09,2025-10-04,2026-03-16,Completed,100.0,97.0,Implementing Agency
SIH26017-PRJ-000187,9,Mutation & Handover,2026-03-22,2026-05-15,2026-03-22,,In Progress,100.0,,District Collectorate
SIH26017-PRJ-000188,1,Preliminary Notification (Sec 11),2022-07-15,2022-09-02,2022-07-15,2022-09-11,Completed,100.0,9.0,Implementing Agency
SIH26017-PRJ-000188,2,Social Impact Assessment (SIA),2022-09-12,2023-01-04,2022-09-12,2023-04-05,Completed,100.0,91.0,LA Branch
SIH26017-PRJ-000188,3,Survey & Measurement,2023-04-09,2023-06-30,2023-04-09,2023-06-19,Completed,100.0,-11.0,District Collectorate
SIH26017-PRJ-000188,4,Draft Declaration,2023-06-23,2023-08-17,2023-06-23,2023-08-05,Completed,100.0,-12.0,District Collectorate
SIH26017-PRJ-000188,5,Final Declaration (Sec 19),2023-08-08,2023-10-31,2023-08-08,2023-11-01,Completed,100.0,1.0,District Collectorate
SIH26017-PRJ-000188,6,Award Declaration (Sec 23),2023-11-06,2024-01-23,2023-11-06,2024-03-04,Completed,100.0,41.0,LA Branch
SIH26017-PRJ-000188,7,Compensation Disbursement,2024-03-08,2024-07-28,2024-03-08,2024-11-08,Completed,100.0,103.0,District Collectorate
SIH26017-PRJ-000188,8,Possession,2024-11-12,2025-01-31,2024-11-12,2025-05-22,Completed,100.0,111.0,District Collectorate
SIH26017-PRJ-000188,9,Mutation & Handover,2025-05-27,2025-07-29,2025-05-27,2026-01-14,Completed,100.0,169.0,Implementing Agency
SIH26017-PRJ-000189,1,Preliminary Notification (Sec 11),2018-04-13,2018-06-13,2018-04-13,2018-09-21,Completed,100.0,100.0,District Collectorate
SIH26017-PRJ-000189,2,Social Impact Assessment (SIA),2018-09-28,2019-02-11,2018-09-28,2019-03-20,Completed,100.0,37.0,Revenue Dept
SIH26017-PRJ-000189,3,Survey & Measurement,2019-03-22,2019-06-13,2019-03-22,2019-07-23,Completed,100.0,40.0,District Collectorate
SIH26017-PRJ-000189,4,Draft Declaration,2019-07-28,2019-10-02,2019-07-28,2019-11-21,Completed,100.0,50.0,District Collectorate
SIH26017-PRJ-000189,5,Final Declaration (Sec 19),2019-11-23,2020-01-29,2019-11-23,2020-03-04,Completed,100.0,35.0,LA Branch
SIH26017-PRJ-000189,6,Award Declaration (Sec 23),2020-03-05,2020-06-23,2020-03-05,2020-12-23,Completed,100.0,183.0,Implementing Agency
SIH26017-PRJ-000189,7,Compensation Disbursement,2020-12-29,2021-06-05,2020-12-29,2021-12-05,Completed,100.0,183.0,District Collectorate
SIH26017-PRJ-000189,8,Possession,2021-12-11,2022-02-20,2021-12-11,2022-07-19,Completed,100.0,149.0,LA Branch
SIH26017-PRJ-000189,9,Mutation & Handover,2022-07-25,2022-10-01,2022-07-25,2022-10-02,Completed,100.0,1.0,LA Branch
SIH26017-PRJ-000190,1,Preliminary Notification (Sec 11),2018-12-22,2019-02-13,2018-12-22,2019-03-11,Completed,100.0,26.0,District Collectorate
SIH26017-PRJ-000190,2,Social Impact Assessment (SIA),2019-03-16,2019-06-23,2019-03-16,2019-09-26,Completed,100.0,95.0,LA Branch
SIH26017-PRJ-000190,3,Survey & Measurement,2019-10-01,2019-12-14,2019-10-01,2019-12-14,Completed,100.0,0.0,LA Branch
SIH26017-PRJ-000190,4,Draft Declaration,2019-12-16,2020-02-10,,,Stalled,0.0,,District Collectorate
SIH26017-PRJ-000190,5,Final Declaration (Sec 19),2019-12-16,2020-03-01,,,Stalled,0.0,,LA Branch
SIH26017-PRJ-000190,6,Award Declaration (Sec 23),2019-12-16,2020-03-12,,,Stalled,0.0,,District Collectorate
SIH26017-PRJ-000190,7,Compensation Disbursement,2019-12-16,2020-05-10,,,Stalled,0.0,,District Collectorate
SIH26017-PRJ-000190,8,Possession,2019-12-16,2020-03-08,,,Stalled,0.0,,Revenue Dept
SIH26017-PRJ-000190,9,Mutation & Handover,2019-12-16,2020-02-12,,,Stalled,0.0,,Implementing Agency
SIH26017-PRJ-000191,1,Preliminary Notification (Sec 11),2021-03-18,2021-05-02,2021-03-18,2021-05-04,Completed,100.0,2.0,Implementing Agency
SIH26017-PRJ-000191,2,Social Impact Assessment (SIA),2021-05-09,2021-08-14,2021-05-09,2021-09-20,Completed,100.0,37.0,LA Branch
SIH26017-PRJ-000191,3,Survey & Measurement,2021-09-26,2021-12-16,2021-09-26,2022-01-16,Completed,100.0,31.0,Implementing Agency
SIH26017-PRJ-000191,4,Draft Declaration,2022-01-20,2022-03-17,2022-01-20,2022-05-24,Completed,100.0,68.0,LA Branch
SIH26017-PRJ-000191,5,Final Declaration (Sec 19),2022-05-25,2022-08-06,2022-05-25,2022-09-14,Completed,100.0,39.0,LA Branch
SIH26017-PRJ-000191,6,Award Declaration (Sec 23),2022-09-15,2022-12-12,2022-09-15,2023-06-18,Completed,100.0,188.0,Revenue Dept
SIH26017-PRJ-000191,7,Compensation Disbursement,2023-06-23,2023-11-03,2023-06-23,2024-07-17,Completed,100.0,257.0,LA Branch
SIH26017-PRJ-000191,8,Possession,2024-07-22,2024-09-30,2024-07-22,2024-11-25,Completed,100.0,56.0,Revenue Dept
SIH26017-PRJ-000191,9,Mutation & Handover,2024-12-01,2025-01-27,2024-12-01,2025-01-20,Completed,100.0,-7.0,District Collectorate
SIH26017-PRJ-000192,1,Preliminary Notification (Sec 11),2016-02-04,2016-04-03,2016-02-04,2016-04-17,Completed,100.0,14.0,Implementing Agency
SIH26017-PRJ-000192,2,Social Impact Assessment (SIA),2016-04-22,2016-08-26,2016-04-22,2016-09-21,Completed,100.0,26.0,District Collectorate
SIH26017-PRJ-000192,3,Survey & Measurement,2016-09-24,2016-12-11,2016-09-24,2017-02-26,Completed,100.0,77.0,LA Branch
SIH26017-PRJ-000192,4,Draft Declaration,2017-03-02,2017-04-26,2017-03-02,2017-07-05,Completed,100.0,70.0,Revenue Dept
SIH26017-PRJ-000192,5,Final Declaration (Sec 19),2017-07-06,2017-09-27,2017-07-06,2018-02-19,Completed,100.0,145.0,Implementing Agency
SIH26017-PRJ-000192,6,Award Declaration (Sec 23),2018-02-22,2018-06-08,2018-02-22,2018-06-26,Completed,100.0,18.0,Revenue Dept
SIH26017-PRJ-000192,7,Compensation Disbursement,2018-07-03,2018-12-29,2018-07-03,2019-05-01,Completed,100.0,123.0,Revenue Dept
SIH26017-PRJ-000192,8,Possession,2019-05-07,2019-08-01,2019-05-07,2020-08-12,Completed,100.0,377.0,Revenue Dept
SIH26017-PRJ-000192,9,Mutation & Handover,2020-08-16,2020-10-16,2020-08-16,2020-11-18,Completed,100.0,33.0,District Collectorate
SIH26017-PRJ-000193,1,Preliminary Notification (Sec 11),2022-05-12,2022-07-02,2022-05-12,2022-07-25,Completed,100.0,23.0,Implementing Agency
SIH26017-PRJ-000193,2,Social Impact Assessment (SIA),2022-07-30,2022-11-30,2022-07-30,2023-03-21,Completed,100.0,111.0,Implementing Agency
SIH26017-PRJ-000193,3,Survey & Measurement,2023-03-23,2023-05-28,2023-03-23,2023-08-13,Completed,100.0,77.0,District Collectorate
SIH26017-PRJ-000193,4,Draft Declaration,2023-08-15,2023-10-03,2023-08-15,2024-02-28,Completed,100.0,148.0,Implementing Agency
SIH26017-PRJ-000193,5,Final Declaration (Sec 19),2024-03-03,2024-05-16,2024-03-03,2024-11-18,Completed,100.0,186.0,Revenue Dept
SIH26017-PRJ-000193,6,Award Declaration (Sec 23),2024-11-19,2025-02-09,2024-11-19,2025-05-31,Completed,100.0,111.0,District Collectorate
SIH26017-PRJ-000193,7,Compensation Disbursement,2025-06-02,2025-11-08,2025-06-02,2025-11-18,Completed,100.0,10.0,LA Branch
SIH26017-PRJ-000193,8,Possession,2025-11-24,2026-02-01,2025-11-24,2026-03-02,Completed,100.0,29.0,LA Branch
SIH26017-PRJ-000193,9,Mutation & Handover,2026-03-03,2026-04-28,2026-03-03,2026-04-20,Completed,100.0,-8.0,District Collectorate
SIH26017-PRJ-000194,1,Preliminary Notification (Sec 11),2018-01-03,2018-02-26,2018-01-03,2018-03-14,Completed,100.0,16.0,Implementing Agency
SIH26017-PRJ-000194,2,Social Impact Assessment (SIA),2018-03-23,2018-07-12,2018-03-23,2018-06-29,Completed,100.0,-13.0,District Collectorate
SIH26017-PRJ-000194,3,Survey & Measurement,2018-07-04,2018-09-11,2018-07-04,2018-10-18,Completed,100.0,37.0,District Collectorate
SIH26017-PRJ-000194,4,Draft Declaration,2018-10-19,2018-12-07,2018-10-19,2019-01-25,Completed,100.0,49.0,District Collectorate
SIH26017-PRJ-000194,5,Final Declaration (Sec 19),2019-01-27,2019-04-09,2019-01-27,2019-06-16,Completed,100.0,68.0,District Collectorate
SIH26017-PRJ-000194,6,Award Declaration (Sec 23),2019-06-21,2019-09-28,2019-06-21,2019-10-25,Completed,100.0,27.0,Revenue Dept
SIH26017-PRJ-000194,7,Compensation Disbursement,2019-11-01,2020-03-20,2019-11-01,2020-04-09,Completed,100.0,20.0,District Collectorate
SIH26017-PRJ-000194,8,Possession,2020-04-13,2020-06-18,2020-04-13,2020-08-26,Completed,100.0,69.0,LA Branch
SIH26017-PRJ-000194,9,Mutation & Handover,2020-08-29,2020-10-19,2020-08-29,2020-11-10,Completed,100.0,22.0,LA Branch
SIH26017-PRJ-000195,1,Preliminary Notification (Sec 11),2017-06-02,2017-07-30,2017-06-02,2017-09-27,Completed,100.0,59.0,District Collectorate
SIH26017-PRJ-000195,2,Social Impact Assessment (SIA),2017-10-03,2018-01-08,2017-10-03,2018-06-16,Completed,100.0,159.0,Implementing Agency
SIH26017-PRJ-000195,3,Survey & Measurement,2018-06-17,2018-09-05,2018-06-17,2019-01-03,Completed,100.0,120.0,District Collectorate
SIH26017-PRJ-000195,4,Draft Declaration,2019-01-06,2019-03-02,2019-01-06,2019-05-09,Completed,100.0,68.0,Revenue Dept
SIH26017-PRJ-000195,5,Final Declaration (Sec 19),2019-05-12,2019-07-20,2019-05-12,2020-01-13,Completed,100.0,177.0,Revenue Dept
SIH26017-PRJ-000195,6,Award Declaration (Sec 23),2020-01-18,2020-04-18,2020-01-18,2020-12-17,Completed,100.0,243.0,Revenue Dept
SIH26017-PRJ-000195,7,Compensation Disbursement,2020-12-19,2021-05-30,2020-12-19,2024-07-07,Completed,100.0,1134.0,LA Branch
SIH26017-PRJ-000195,8,Possession,2024-07-13,2024-09-19,2024-07-13,2025-01-16,Completed,100.0,119.0,Revenue Dept
SIH26017-PRJ-000195,9,Mutation & Handover,2025-01-21,2025-03-15,2025-01-21,2025-03-23,Completed,100.0,8.0,Implementing Agency
SIH26017-PRJ-000196,1,Preliminary Notification (Sec 11),2022-03-16,2022-05-22,2022-03-16,2022-07-28,Completed,100.0,67.0,District Collectorate
SIH26017-PRJ-000196,2,Social Impact Assessment (SIA),2022-07-30,2022-12-11,2022-07-30,2023-09-25,Completed,100.0,288.0,District Collectorate
SIH26017-PRJ-000196,3,Survey & Measurement,2023-09-27,2024-01-02,2023-09-27,2025-07-10,Completed,100.0,555.0,LA Branch
SIH26017-PRJ-000196,4,Draft Declaration,2025-07-11,2025-09-09,2025-07-11,2026-06-26,Completed,100.0,290.0,Implementing Agency
SIH26017-PRJ-000196,5,Final Declaration (Sec 19),2026-06-29,2026-10-02,2026-06-29,,In Progress,49.5,,District Collectorate
SIH26017-PRJ-000196,6,Award Declaration (Sec 23),2027-07-13,2027-10-27,,,Not Started,0.0,,LA Branch
SIH26017-PRJ-000196,7,Compensation Disbursement,2028-11-03,2029-05-15,,,Not Started,0.0,,District Collectorate
SIH26017-PRJ-000196,8,Possession,2030-08-15,2030-11-14,,,Not Started,0.0,,Revenue Dept
SIH26017-PRJ-000196,9,Mutation & Handover,2031-10-01,2031-12-16,,,Not Started,0.0,,Revenue Dept
SIH26017-PRJ-000197,1,Preliminary Notification (Sec 11),2016-10-22,2016-12-15,2016-10-22,2017-02-03,Completed,100.0,50.0,Implementing Agency
SIH26017-PRJ-000197,2,Social Impact Assessment (SIA),2017-02-08,2017-06-26,2017-02-08,2018-04-28,Completed,100.0,306.0,District Collectorate
SIH26017-PRJ-000197,3,Survey & Measurement,2018-05-03,2018-08-05,2018-05-03,2018-10-22,Completed,100.0,78.0,Revenue Dept
SIH26017-PRJ-000197,4,Draft Declaration,2018-10-26,2018-12-29,2018-10-26,2019-01-17,Completed,100.0,19.0,District Collectorate
SIH26017-PRJ-000197,5,Final Declaration (Sec 19),2019-01-20,2019-04-21,2019-01-20,2019-06-29,Completed,100.0,69.0,Revenue Dept
SIH26017-PRJ-000197,6,Award Declaration (Sec 23),2019-07-07,2019-10-12,2019-07-07,2020-07-10,Completed,100.0,272.0,Revenue Dept
SIH26017-PRJ-000197,7,Compensation Disbursement,2020-07-14,2020-12-31,2020-07-14,2022-08-31,Completed,100.0,608.0,Implementing Agency
SIH26017-PRJ-000197,8,Possession,2022-09-03,2022-11-24,2022-09-03,2023-07-24,Completed,100.0,242.0,Implementing Agency
SIH26017-PRJ-000197,9,Mutation & Handover,2023-07-27,2023-09-17,2023-07-27,2024-01-31,Completed,100.0,136.0,Implementing Agency
SIH26017-PRJ-000198,1,Preliminary Notification (Sec 11),2021-04-22,2021-06-18,2021-04-22,2021-08-07,Completed,100.0,50.0,Revenue Dept
SIH26017-PRJ-000198,2,Social Impact Assessment (SIA),2021-08-13,2021-11-23,2021-08-13,2022-04-19,Completed,100.0,147.0,District Collectorate
SIH26017-PRJ-000198,3,Survey & Measurement,2022-04-23,2022-07-02,,,Stalled,0.0,,LA Branch
SIH26017-PRJ-000198,4,Draft Declaration,2022-04-23,2022-06-14,,,Stalled,0.0,,District Collectorate
SIH26017-PRJ-000198,5,Final Declaration (Sec 19),2022-04-23,2022-07-01,,,Stalled,0.0,,District Collectorate
SIH26017-PRJ-000198,6,Award Declaration (Sec 23),2022-04-23,2022-07-21,,,Stalled,0.0,,Revenue Dept
SIH26017-PRJ-000198,7,Compensation Disbursement,2022-04-23,2022-09-27,,,Stalled,0.0,,Implementing Agency
SIH26017-PRJ-000198,8,Possession,2022-04-23,2022-06-24,,,Stalled,0.0,,LA Branch
SIH26017-PRJ-000198,9,Mutation & Handover,2022-04-23,2022-06-18,,,Stalled,0.0,,District Collectorate
SIH26017-PRJ-000199,1,Preliminary Notification (Sec 11),2024-01-14,2024-03-20,2024-01-14,2024-09-09,Completed,100.0,173.0,LA Branch
SIH26017-PRJ-000199,2,Social Impact Assessment (SIA),2024-09-11,2025-02-07,2024-09-11,2025-07-13,Completed,100.0,156.0,Revenue Dept
SIH26017-PRJ-000199,3,Survey & Measurement,2025-07-14,2025-10-12,2025-07-14,,In Progress,100.0,,District Collectorate
SIH26017-PRJ-000199,4,Draft Declaration,2026-09-18,2026-11-22,,,Stalled,0.0,,LA Branch
SIH26017-PRJ-000199,5,Final Declaration (Sec 19),2026-09-18,2026-12-11,,,Stalled,0.0,,District Collectorate
SIH26017-PRJ-000199,6,Award Declaration (Sec 23),2026-09-18,2026-12-30,,,Stalled,0.0,,LA Branch
SIH26017-PRJ-000199,7,Compensation Disbursement,2026-09-18,2027-03-02,,,Stalled,0.0,,Revenue Dept
SIH26017-PRJ-000199,8,Possession,2026-09-18,2026-12-13,,,Stalled,0.0,,LA Branch
SIH26017-PRJ-000199,9,Mutation & Handover,2026-09-18,2026-11-22,,,Stalled,0.0,,District Collectorate
SIH26017-PRJ-000200,1,Preliminary Notification (Sec 11),2021-06-09,2021-07-26,2021-06-09,2021-09-05,Completed,100.0,41.0,Implementing Agency
SIH26017-PRJ-000200,2,Social Impact Assessment (SIA),2021-09-08,2021-12-27,2021-09-08,2022-07-24,Completed,100.0,209.0,District Collectorate
SIH26017-PRJ-000200,3,Survey & Measurement,2022-07-28,2022-10-08,2022-07-28,2023-03-10,Completed,100.0,153.0,Implementing Agency
SIH26017-PRJ-000200,4,Draft Declaration,2023-03-12,2023-05-08,2023-03-12,2023-12-20,Completed,100.0,226.0,District Collectorate
SIH26017-PRJ-000200,5,Final Declaration (Sec 19),2023-12-27,2024-03-05,2023-12-27,2024-09-01,Completed,100.0,180.0,LA Branch
SIH26017-PRJ-000200,6,Award Declaration (Sec 23),2024-09-02,2024-11-19,2024-09-02,2024-12-29,Completed,100.0,40.0,LA Branch
SIH26017-PRJ-000200,7,Compensation Disbursement,2024-12-31,2025-05-20,2024-12-31,2026-06-18,Completed,100.0,394.0,Revenue Dept
SIH26017-PRJ-000200,8,Possession,2026-06-22,2026-08-27,2026-06-22,,In Progress,81.8,,District Collectorate
SIH26017-PRJ-000200,9,Mutation & Handover,2027-08-10,2027-10-03,,,Not Started,0.0,,District Collectorate
SIH26017-PRJ-000201,1,Preliminary Notification (Sec 11),2021-12-05,2022-01-29,2021-12-05,2022-06-24,Completed,100.0,146.0,LA Branch
SIH26017-PRJ-000201,2,Social Impact Assessment (SIA),2022-06-28,2022-11-03,2022-06-28,2023-03-05,Completed,100.0,122.0,LA Branch
SIH26017-PRJ-000201,3,Survey & Measurement,2023-03-07,2023-05-24,2023-03-07,2023-06-19,Completed,100.0,26.0,District Collectorate
SIH26017-PRJ-000201,4,Draft Declaration,2023-06-21,2023-08-22,2023-06-21,2023-11-05,Completed,100.0,75.0,Revenue Dept
SIH26017-PRJ-000201,5,Final Declaration (Sec 19),2023-11-07,2024-01-17,2023-11-07,2024-08-31,Completed,100.0,227.0,Revenue Dept
SIH26017-PRJ-000201,6,Award Declaration (Sec 23),2024-09-03,2024-12-05,2024-09-03,2025-12-16,Completed,100.0,376.0,District Collectorate
SIH26017-PRJ-000201,7,Compensation Disbursement,2025-12-20,2026-06-20,2025-12-20,,In Progress,100.0,,Revenue Dept
SIH26017-PRJ-000201,8,Possession,2028-03-28,2028-06-13,,,Not Started,0.0,,LA Branch
SIH26017-PRJ-000201,9,Mutation & Handover,2028-11-28,2029-01-29,,,Not Started,0.0,,District Collectorate
SIH26017-PRJ-000202,1,Preliminary Notification (Sec 11),2022-05-31,2022-07-21,2022-05-31,2022-08-11,Completed,100.0,21.0,District Collectorate
SIH26017-PRJ-000202,2,Social Impact Assessment (SIA),2022-08-16,2022-12-02,2022-08-16,2023-01-29,Completed,100.0,58.0,Implementing Agency
SIH26017-PRJ-000202,3,Survey & Measurement,2023-01-31,2023-04-07,2023-01-31,2023-05-07,Completed,100.0,30.0,Revenue Dept
SIH26017-PRJ-000202,4,Draft Declaration,2023-05-08,2023-07-04,2023-05-08,2023-08-12,Completed,100.0,39.0,Revenue Dept
SIH26017-PRJ-000202,5,Final Declaration (Sec 19),2023-08-17,2023-10-25,2023-08-17,2024-02-23,Completed,100.0,121.0,LA Branch
SIH26017-PRJ-000202,6,Award Declaration (Sec 23),2024-02-28,2024-06-02,2024-02-28,2024-05-19,Completed,100.0,-14.0,LA Branch
SIH26017-PRJ-000202,7,Compensation Disbursement,2024-05-27,2024-09-27,2024-05-27,2025-02-05,Completed,100.0,131.0,District Collectorate
SIH26017-PRJ-000202,8,Possession,2025-02-10,2025-04-20,2025-02-10,2025-09-28,Completed,100.0,161.0,Implementing Agency
SIH26017-PRJ-000202,9,Mutation & Handover,2025-10-02,2025-11-16,2025-10-02,2026-02-23,Completed,100.0,99.0,District Collectorate
SIH26017-PRJ-000203,1,Preliminary Notification (Sec 11),2023-09-13,2023-11-05,2023-09-13,2024-02-05,Completed,100.0,92.0,Revenue Dept
SIH26017-PRJ-000203,2,Social Impact Assessment (SIA),2024-02-07,2024-05-23,2024-02-07,2025-02-13,Completed,100.0,266.0,Revenue Dept
SIH26017-PRJ-000203,3,Survey & Measurement,2025-02-16,2025-05-09,2025-02-16,2026-01-15,Completed,100.0,251.0,District Collectorate
SIH26017-PRJ-000203,4,Draft Declaration,2026-01-20,2026-03-20,2026-01-20,2026-06-06,Completed,100.0,78.0,Revenue Dept
SIH26017-PRJ-000203,5,Final Declaration (Sec 19),2026-06-12,2026-08-26,2026-06-12,,In Progress,85.3,,Implementing Agency
SIH26017-PRJ-000203,6,Award Declaration (Sec 23),2026-12-08,2027-02-22,,,Not Started,0.0,,Implementing Agency
SIH26017-PRJ-000203,7,Compensation Disbursement,2027-09-19,2028-02-18,,,Not Started,0.0,,District Collectorate
SIH26017-PRJ-000203,8,Possession,2028-11-26,2029-02-01,,,Not Started,0.0,,District Collectorate
SIH26017-PRJ-000203,9,Mutation & Handover,2030-02-13,2030-04-11,,,Not Started,0.0,,District Collectorate
SIH26017-PRJ-000204,1,Preliminary Notification (Sec 11),2020-09-01,2020-10-29,2020-09-01,2020-12-12,Completed,100.0,44.0,District Collectorate
SIH26017-PRJ-000204,2,Social Impact Assessment (SIA),2020-12-13,2021-03-27,2020-12-13,2021-07-17,Completed,100.0,112.0,District Collectorate
SIH26017-PRJ-000204,3,Survey & Measurement,2021-07-21,2021-10-04,2021-07-21,2021-12-04,Completed,100.0,61.0,LA Branch
SIH26017-PRJ-000204,4,Draft Declaration,2021-12-09,2022-02-11,2021-12-09,2022-06-19,Completed,100.0,128.0,District Collectorate
SIH26017-PRJ-000204,5,Final Declaration (Sec 19),2022-06-23,2022-09-12,2022-06-23,2022-11-29,Completed,100.0,78.0,District Collectorate
SIH26017-PRJ-000204,6,Award Declaration (Sec 23),2022-12-05,2023-03-03,,,Stalled,0.0,,District Collectorate
SIH26017-PRJ-000204,7,Compensation Disbursement,2022-12-05,2023-05-07,,,Stalled,0.0,,District Collectorate
SIH26017-PRJ-000204,8,Possession,2022-12-05,2023-02-21,,,Stalled,0.0,,District Collectorate
SIH26017-PRJ-000204,9,Mutation & Handover,2022-12-05,2023-01-28,,,Stalled,0.0,,Implementing Agency
SIH26017-PRJ-000205,1,Preliminary Notification (Sec 11),2024-01-03,2024-03-02,2024-01-03,2024-03-20,Completed,100.0,18.0,District Collectorate
SIH26017-PRJ-000205,2,Social Impact Assessment (SIA),2024-03-27,2024-07-13,,,Stalled,0.0,,LA Branch
SIH26017-PRJ-000205,3,Survey & Measurement,2024-03-27,2024-06-18,,,Stalled,0.0,,District Collectorate
SIH26017-PRJ-000205,4,Draft Declaration,2024-03-27,2024-05-26,,,Stalled,0.0,,LA Branch
SIH26017-PRJ-000205,5,Final Declaration (Sec 19),2024-03-27,2024-06-07,,,Stalled,0.0,,LA Branch
SIH26017-PRJ-000205,6,Award Declaration (Sec 23),2024-03-27,2024-06-27,,,Stalled,0.0,,District Collectorate
SIH26017-PRJ-000205,7,Compensation Disbursement,2024-03-27,2024-09-09,,,Stalled,0.0,,District Collectorate
SIH26017-PRJ-000205,8,Possession,2024-03-27,2024-06-10,,,Stalled,0.0,,District Collectorate
SIH26017-PRJ-000205,9,Mutation & Handover,2024-03-27,2024-05-16,,,Stalled,0.0,,Implementing Agency
SIH26017-PRJ-000206,1,Preliminary Notification (Sec 11),2019-03-25,2019-05-24,2019-03-25,2019-08-23,Completed,100.0,91.0,District Collectorate
SIH26017-PRJ-000206,2,Social Impact Assessment (SIA),2019-08-27,2019-12-14,2019-08-27,2020-12-30,Completed,100.0,382.0,District Collectorate
SIH26017-PRJ-000206,3,Survey & Measurement,2021-01-04,2021-04-02,2021-01-04,2022-02-23,Completed,100.0,327.0,District Collectorate
SIH26017-PRJ-000206,4,Draft Declaration,2022-02-26,2022-04-20,2022-02-26,2022-06-18,Completed,100.0,59.0,Implementing Agency
SIH26017-PRJ-000206,5,Final Declaration (Sec 19),2022-06-23,2022-09-13,2022-06-23,2022-11-30,Completed,100.0,78.0,Revenue Dept
SIH26017-PRJ-000206,6,Award Declaration (Sec 23),2022-12-04,2023-03-15,,,Stalled,0.0,,Implementing Agency
SIH26017-PRJ-000206,7,Compensation Disbursement,2022-12-04,2023-05-13,,,Stalled,0.0,,Revenue Dept
SIH26017-PRJ-000206,8,Possession,2022-12-04,2023-02-21,,,Stalled,0.0,,Revenue Dept
SIH26017-PRJ-000206,9,Mutation & Handover,2022-12-04,2023-01-27,,,Stalled,0.0,,LA Branch
SIH26017-PRJ-000207,1,Preliminary Notification (Sec 11),2017-10-04,2017-12-03,2017-10-04,2018-04-08,Completed,100.0,126.0,Implementing Agency
SIH26017-PRJ-000207,2,Social Impact Assessment (SIA),2018-04-13,2018-08-04,2018-04-13,2020-02-15,Completed,100.0,560.0,Revenue Dept
SIH26017-PRJ-000207,3,Survey & Measurement,2020-02-20,2020-05-05,2020-02-20,2021-02-24,Completed,100.0,295.0,LA Branch
SIH26017-PRJ-000207,4,Draft Declaration,2021-03-02,2021-05-01,2021-03-02,2021-12-08,Completed,100.0,221.0,LA Branch
SIH26017-PRJ-000207,5,Final Declaration (Sec 19),2021-12-16,2022-03-07,,,Stalled,0.0,,Implementing Agency
SIH26017-PRJ-000207,6,Award Declaration (Sec 23),2021-12-16,2022-03-07,,,Stalled,0.0,,Implementing Agency
SIH26017-PRJ-000207,7,Compensation Disbursement,2021-12-16,2022-05-15,,,Stalled,0.0,,Revenue Dept
SIH26017-PRJ-000207,8,Possession,2021-12-16,2022-03-10,,,Stalled,0.0,,LA Branch
SIH26017-PRJ-000207,9,Mutation & Handover,2021-12-16,2022-02-06,,,Stalled,0.0,,Implementing Agency
SIH26017-PRJ-000208,1,Preliminary Notification (Sec 11),2022-08-18,2022-10-13,2022-08-18,2022-11-20,Completed,100.0,38.0,Revenue Dept
SIH26017-PRJ-000208,2,Social Impact Assessment (SIA),2022-11-25,2023-03-21,2022-11-25,2023-10-07,Completed,100.0,200.0,District Collectorate
SIH26017-PRJ-000208,3,Survey & Measurement,2023-10-10,2023-12-26,2023-10-10,2025-05-23,Completed,100.0,514.0,District Collectorate
SIH26017-PRJ-000208,4,Draft Declaration,2025-05-26,2025-07-20,2025-05-26,2025-11-12,Completed,100.0,115.0,Revenue Dept
SIH26017-PRJ-000208,5,Final Declaration (Sec 19),2025-11-15,2026-02-01,2025-11-15,,In Progress,100.0,,LA Branch
SIH26017-PRJ-000208,6,Award Declaration (Sec 23),2026-09-18,2026-12-16,,,Not Started,0.0,,District Collectorate
SIH26017-PRJ-000208,7,Compensation Disbursement,2027-07-14,2027-12-26,,,Not Started,0.0,,LA Branch
SIH26017-PRJ-000208,8,Possession,2028-03-10,2028-05-25,,,Not Started,0.0,,District Collectorate
SIH26017-PRJ-000208,9,Mutation & Handover,2028-07-22,2028-09-18,,,Not Started,0.0,,District Collectorate
SIH26017-PRJ-000209,1,Preliminary Notification (Sec 11),2022-05-17,2022-07-19,2022-05-17,2022-09-12,Completed,100.0,55.0,Implementing Agency
SIH26017-PRJ-000209,2,Social Impact Assessment (SIA),2022-09-17,2023-01-24,2022-09-17,2023-07-02,Completed,100.0,159.0,District Collectorate
SIH26017-PRJ-000209,3,Survey & Measurement,2023-07-03,2023-09-24,2023-07-03,2024-01-19,Completed,100.0,117.0,District Collectorate
SIH26017-PRJ-000209,4,Draft Declaration,2024-01-24,2024-03-30,2024-01-24,2024-05-25,Completed,100.0,56.0,LA Branch
SIH26017-PRJ-000209,5,Final Declaration (Sec 19),2024-05-26,2024-08-16,2024-05-26,2024-09-18,Completed,100.0,33.0,Implementing Agency
SIH26017-PRJ-000209,6,Award Declaration (Sec 23),2024-09-22,2025-01-05,2024-09-22,2025-01-23,Completed,100.0,18.0,Implementing Agency
SIH26017-PRJ-000209,7,Compensation Disbursement,2025-01-26,2025-07-02,2025-01-26,2025-09-25,Completed,100.0,85.0,Revenue Dept
SIH26017-PRJ-000209,8,Possession,2025-09-29,2026-01-01,2025-09-29,2026-02-24,Completed,100.0,54.0,District Collectorate
SIH26017-PRJ-000209,9,Mutation & Handover,2026-03-01,2026-05-05,2026-03-01,,In Progress,100.0,,Revenue Dept
SIH26017-PRJ-000210,1,Preliminary Notification (Sec 11),2018-01-01,2018-03-12,2018-01-01,2018-04-25,Completed,100.0,44.0,Implementing Agency
SIH26017-PRJ-000210,2,Social Impact Assessment (SIA),2018-05-04,2018-09-11,2018-05-04,2019-01-31,Completed,100.0,142.0,Implementing Agency
SIH26017-PRJ-000210,3,Survey & Measurement,2019-02-05,2019-05-05,2019-02-05,2019-07-25,Completed,100.0,81.0,District Collectorate
SIH26017-PRJ-000210,4,Draft Declaration,2019-07-29,2019-10-07,2019-07-29,2020-01-03,Completed,100.0,88.0,Revenue Dept
SIH26017-PRJ-000210,5,Final Declaration (Sec 19),2020-01-10,2020-03-27,2020-01-10,2020-06-04,Completed,100.0,69.0,LA Branch
SIH26017-PRJ-000210,6,Award Declaration (Sec 23),2020-06-06,2020-09-19,2020-06-06,2020-12-22,Completed,100.0,94.0,District Collectorate
SIH26017-PRJ-000210,7,Compensation Disbursement,2020-12-23,2021-05-23,2020-12-23,2021-07-10,Completed,100.0,48.0,LA Branch
SIH26017-PRJ-000210,8,Possession,2021-07-16,2021-10-10,2021-07-16,2022-02-10,Completed,100.0,123.0,District Collectorate
SIH26017-PRJ-000210,9,Mutation & Handover,2022-02-12,2022-04-18,2022-02-12,2023-01-08,Completed,100.0,265.0,Implementing Agency
SIH26017-PRJ-000211,1,Preliminary Notification (Sec 11),2015-12-21,2016-02-13,2015-12-21,2016-02-21,Completed,100.0,8.0,LA Branch
SIH26017-PRJ-000211,2,Social Impact Assessment (SIA),2016-02-22,2016-05-30,2016-02-22,2016-06-21,Completed,100.0,22.0,Implementing Agency
SIH26017-PRJ-000211,3,Survey & Measurement,2016-06-25,2016-09-17,2016-06-25,2016-10-03,Completed,100.0,16.0,Implementing Agency
SIH26017-PRJ-000211,4,Draft Declaration,2016-10-04,2016-11-27,2016-10-04,2016-11-29,Completed,100.0,2.0,District Collectorate
SIH26017-PRJ-000211,5,Final Declaration (Sec 19),2016-12-01,2017-02-05,2016-12-01,2017-02-06,Completed,100.0,1.0,Revenue Dept
SIH26017-PRJ-000211,6,Award Declaration (Sec 23),2017-02-07,2017-05-06,2017-02-07,2017-04-07,Completed,100.0,-29.0,District Collectorate
SIH26017-PRJ-000211,7,Compensation Disbursement,2017-04-09,2017-08-31,2017-04-09,2017-08-22,Completed,100.0,-9.0,LA Branch
SIH26017-PRJ-000211,8,Possession,2017-08-24,2017-11-04,2017-08-24,2017-10-30,Completed,100.0,-5.0,Revenue Dept
SIH26017-PRJ-000211,9,Mutation & Handover,2017-11-06,2017-12-31,2017-11-06,2017-12-16,Completed,100.0,-15.0,District Collectorate
SIH26017-PRJ-000212,1,Preliminary Notification (Sec 11),2016-07-08,2016-08-30,2016-07-08,2016-09-30,Completed,100.0,31.0,Implementing Agency
SIH26017-PRJ-000212,2,Social Impact Assessment (SIA),2016-10-03,2017-01-19,2016-10-03,2017-03-20,Completed,100.0,60.0,District Collectorate
SIH26017-PRJ-000212,3,Survey & Measurement,2017-03-21,2017-05-23,2017-03-21,2017-05-23,Completed,100.0,0.0,District Collectorate
SIH26017-PRJ-000212,4,Draft Declaration,2017-05-27,2017-07-18,2017-05-27,2017-07-05,Completed,100.0,-13.0,Implementing Agency
SIH26017-PRJ-000212,5,Final Declaration (Sec 19),2017-07-09,2017-09-19,2017-07-09,2017-09-28,Completed,100.0,9.0,Implementing Agency
SIH26017-PRJ-000212,6,Award Declaration (Sec 23),2017-09-29,2017-12-27,2017-09-29,2018-03-11,Completed,100.0,74.0,LA Branch
SIH26017-PRJ-000212,7,Compensation Disbursement,2018-03-16,2018-08-07,,,Stalled,0.0,,Implementing Agency
SIH26017-PRJ-000212,8,Possession,2018-03-16,2018-06-02,,,Stalled,0.0,,LA Branch
SIH26017-PRJ-000212,9,Mutation & Handover,2018-03-16,2018-05-13,,,Stalled,0.0,,District Collectorate
SIH26017-PRJ-000213,1,Preliminary Notification (Sec 11),2020-07-12,2020-09-10,2020-07-12,2020-11-08,Completed,100.0,59.0,District Collectorate
SIH26017-PRJ-000213,2,Social Impact Assessment (SIA),2020-11-10,2021-03-20,2020-11-10,2021-06-18,Completed,100.0,90.0,Revenue Dept
SIH26017-PRJ-000213,3,Survey & Measurement,2021-06-20,2021-09-30,2021-06-20,2021-12-20,Completed,100.0,81.0,LA Branch
SIH26017-PRJ-000213,4,Draft Declaration,2021-12-23,2022-02-27,2021-12-23,2022-03-29,Completed,100.0,30.0,District Collectorate
SIH26017-PRJ-000213,5,Final Declaration (Sec 19),2022-04-02,2022-06-26,2022-04-02,2022-07-31,Completed,100.0,35.0,Revenue Dept
SIH26017-PRJ-000213,6,Award Declaration (Sec 23),2022-08-03,2022-11-13,2022-08-03,2023-03-21,Completed,100.0,128.0,Revenue Dept
SIH26017-PRJ-000213,7,Compensation Disbursement,2023-03-29,2023-10-04,2023-03-29,2024-03-19,Completed,100.0,167.0,LA Branch
SIH26017-PRJ-000213,8,Possession,2024-03-26,2024-06-21,2024-03-26,2024-11-13,Completed,100.0,145.0,Revenue Dept
SIH26017-PRJ-000213,9,Mutation & Handover,2024-11-16,2025-01-23,2024-11-16,2025-02-23,Completed,100.0,31.0,LA Branch
SIH26017-PRJ-000214,1,Preliminary Notification (Sec 11),2016-05-02,2016-07-01,2016-05-02,2016-07-03,Completed,100.0,2.0,District Collectorate
SIH26017-PRJ-000214,2,Social Impact Assessment (SIA),2016-07-06,2016-10-28,2016-07-06,2017-01-18,Completed,100.0,82.0,District Collectorate
SIH26017-PRJ-000214,3,Survey & Measurement,2017-01-22,2017-04-03,2017-01-22,2017-06-18,Completed,100.0,76.0,District Collectorate
SIH26017-PRJ-000214,4,Draft Declaration,2017-06-20,2017-08-09,2017-06-20,2017-09-08,Completed,100.0,30.0,LA Branch
SIH26017-PRJ-000214,5,Final Declaration (Sec 19),2017-09-13,2017-12-02,2017-09-13,2017-12-31,Completed,100.0,29.0,LA Branch
SIH26017-PRJ-000214,6,Award Declaration (Sec 23),2018-01-02,2018-04-16,2018-01-02,2018-05-15,Completed,100.0,29.0,District Collectorate
SIH26017-PRJ-000214,7,Compensation Disbursement,2018-05-20,2018-10-10,2018-05-20,2018-09-09,Completed,100.0,-31.0,Implementing Agency
SIH26017-PRJ-000214,8,Possession,2018-09-13,2018-11-29,2018-09-13,2018-12-09,Completed,100.0,10.0,LA Branch
SIH26017-PRJ-000214,9,Mutation & Handover,2018-12-11,2019-02-04,2018-12-11,2019-05-02,Completed,100.0,87.0,Revenue Dept
SIH26017-PRJ-000215,1,Preliminary Notification (Sec 11),2018-12-16,2019-02-20,2018-12-16,2019-04-04,Completed,100.0,43.0,LA Branch
SIH26017-PRJ-000215,2,Social Impact Assessment (SIA),2019-04-05,2019-08-10,2019-04-05,2020-04-14,Completed,100.0,248.0,District Collectorate
SIH26017-PRJ-000215,3,Survey & Measurement,2020-04-18,2020-07-15,2020-04-18,2020-12-08,Completed,100.0,146.0,District Collectorate
SIH26017-PRJ-000215,4,Draft Declaration,2020-12-11,2021-02-03,2020-12-11,2021-03-09,Completed,100.0,34.0,District Collectorate
SIH26017-PRJ-000215,5,Final Declaration (Sec 19),2021-03-15,2021-06-07,2021-03-15,2021-10-13,Completed,100.0,128.0,Implementing Agency
SIH26017-PRJ-000215,6,Award Declaration (Sec 23),2021-10-18,2022-01-25,,,Stalled,0.0,,Implementing Agency
SIH26017-PRJ-000215,7,Compensation Disbursement,2021-10-18,2022-04-09,,,Stalled,0.0,,District Collectorate
SIH26017-PRJ-000215,8,Possession,2021-10-18,2022-01-01,,,Stalled,0.0,,Revenue Dept
SIH26017-PRJ-000215,9,Mutation & Handover,2021-10-18,2021-12-20,,,Stalled,0.0,,LA Branch
SIH26017-PRJ-000216,1,Preliminary Notification (Sec 11),2021-04-06,2021-05-27,2021-04-06,2021-05-25,Completed,100.0,-2.0,District Collectorate
SIH26017-PRJ-000216,2,Social Impact Assessment (SIA),2021-05-31,2021-09-09,2021-05-31,2021-11-24,Completed,100.0,76.0,District Collectorate
SIH26017-PRJ-000216,3,Survey & Measurement,2021-11-27,2022-02-14,2021-11-27,2022-09-25,Completed,100.0,223.0,Revenue Dept
SIH26017-PRJ-000216,4,Draft Declaration,2022-09-28,2022-11-21,2022-09-28,2023-04-07,Completed,100.0,137.0,District Collectorate
SIH26017-PRJ-000216,5,Final Declaration (Sec 19),2023-04-09,2023-06-17,2023-04-09,2024-10-10,Completed,100.0,481.0,Revenue Dept
SIH26017-PRJ-000216,6,Award Declaration (Sec 23),2024-10-13,2025-01-18,2024-10-13,2026-03-05,Completed,100.0,411.0,District Collectorate
SIH26017-PRJ-000216,7,Compensation Disbursement,2026-03-09,2026-07-31,2026-03-09,,In Progress,100.0,,District Collectorate
SIH26017-PRJ-000216,8,Possession,2028-01-01,2028-03-02,,,Not Started,0.0,,LA Branch
SIH26017-PRJ-000216,9,Mutation & Handover,2028-04-11,2028-06-02,,,Not Started,0.0,,Implementing Agency
SIH26017-PRJ-000217,1,Preliminary Notification (Sec 11),2019-10-12,2019-12-07,2019-10-12,2019-11-09,Completed,100.0,-28.0,Implementing Agency
SIH26017-PRJ-000217,2,Social Impact Assessment (SIA),2019-11-12,2020-02-24,2019-11-12,2020-03-02,Completed,100.0,7.0,LA Branch
SIH26017-PRJ-000217,3,Survey & Measurement,2020-03-05,2020-05-16,2020-03-05,2020-06-26,Completed,100.0,41.0,Revenue Dept
SIH26017-PRJ-000217,4,Draft Declaration,2020-06-29,2020-08-21,2020-06-29,2020-09-10,Completed,100.0,20.0,District Collectorate
SIH26017-PRJ-000217,5,Final Declaration (Sec 19),2020-09-15,2020-11-22,2020-09-15,2021-02-04,Completed,100.0,74.0,Implementing Agency
SIH26017-PRJ-000217,6,Award Declaration (Sec 23),2021-02-05,2021-05-10,2021-02-05,2021-09-19,Completed,100.0,132.0,Implementing Agency
SIH26017-PRJ-000217,7,Compensation Disbursement,2021-09-22,2022-02-17,2021-09-22,2023-02-15,Completed,100.0,363.0,District Collectorate
SIH26017-PRJ-000217,8,Possession,2023-02-16,2023-04-28,2023-02-16,2023-09-05,Completed,100.0,130.0,LA Branch
SIH26017-PRJ-000217,9,Mutation & Handover,2023-09-12,2023-11-20,2023-09-12,2023-12-03,Completed,100.0,13.0,District Collectorate
SIH26017-PRJ-000218,1,Preliminary Notification (Sec 11),2018-09-14,2018-11-20,2018-09-14,2019-05-09,Completed,100.0,170.0,District Collectorate
SIH26017-PRJ-000218,2,Social Impact Assessment (SIA),2019-05-11,2019-09-10,2019-05-11,2020-03-09,Completed,100.0,181.0,District Collectorate
SIH26017-PRJ-000218,3,Survey & Measurement,2020-03-13,2020-06-19,2020-03-13,2021-01-23,Completed,100.0,218.0,District Collectorate
SIH26017-PRJ-000218,4,Draft Declaration,2021-01-29,2021-04-04,2021-01-29,2021-08-21,Completed,100.0,139.0,LA Branch
SIH26017-PRJ-000218,5,Final Declaration (Sec 19),2021-08-23,2021-11-18,2021-08-23,2022-04-23,Completed,100.0,156.0,Implementing Agency
SIH26017-PRJ-000218,6,Award Declaration (Sec 23),2022-04-28,2022-08-28,,,Stalled,0.0,,District Collectorate
SIH26017-PRJ-000218,7,Compensation Disbursement,2022-04-28,2022-11-07,,,Stalled,0.0,,Revenue Dept
SIH26017-PRJ-000218,8,Possession,2022-04-28,2022-08-04,,,Stalled,0.0,,Revenue Dept
SIH26017-PRJ-000218,9,Mutation & Handover,2022-04-28,2022-06-29,,,Stalled,0.0,,Implementing Agency
SIH26017-PRJ-000219,1,Preliminary Notification (Sec 11),2020-05-09,2020-07-01,2020-05-09,2020-07-24,Completed,100.0,23.0,LA Branch
SIH26017-PRJ-000219,2,Social Impact Assessment (SIA),2020-07-28,2020-11-27,2020-07-28,2021-02-09,Completed,100.0,74.0,District Collectorate
SIH26017-PRJ-000219,3,Survey & Measurement,2021-02-17,2021-05-09,2021-02-17,2021-07-12,Completed,100.0,64.0,District Collectorate
SIH26017-PRJ-000219,4,Draft Declaration,2021-07-14,2021-09-13,2021-07-14,2021-12-04,Completed,100.0,82.0,District Collectorate
SIH26017-PRJ-000219,5,Final Declaration (Sec 19),2021-12-11,2022-03-02,2021-12-11,2022-10-26,Completed,100.0,238.0,District Collectorate
SIH26017-PRJ-000219,6,Award Declaration (Sec 23),2022-10-30,2023-02-13,2022-10-30,2023-07-20,Completed,100.0,157.0,LA Branch
SIH26017-PRJ-000219,7,Compensation Disbursement,2023-07-24,2023-12-31,2023-07-24,2024-12-14,Completed,100.0,349.0,District Collectorate
SIH26017-PRJ-000219,8,Possession,2024-12-18,2025-03-05,2024-12-18,2025-10-23,Completed,100.0,232.0,Revenue Dept
SIH26017-PRJ-000219,9,Mutation & Handover,2025-10-25,2025-12-22,2025-10-25,2026-07-25,Completed,100.0,215.0,District Collectorate
SIH26017-PRJ-000220,1,Preliminary Notification (Sec 11),2019-04-25,2019-06-21,2019-04-25,2019-07-05,Completed,100.0,14.0,Implementing Agency
SIH26017-PRJ-000220,2,Social Impact Assessment (SIA),2019-07-11,2019-11-24,2019-07-11,2020-01-21,Completed,100.0,58.0,District Collectorate
SIH26017-PRJ-000220,3,Survey & Measurement,2020-01-22,2020-04-22,2020-01-22,2020-05-20,Completed,100.0,28.0,District Collectorate
SIH26017-PRJ-000220,4,Draft Declaration,2020-05-21,2020-07-25,2020-05-21,2020-10-20,Completed,100.0,87.0,LA Branch
SIH26017-PRJ-000220,5,Final Declaration (Sec 19),2020-10-21,2021-01-20,2020-10-21,2021-04-19,Completed,100.0,89.0,LA Branch
SIH26017-PRJ-000220,6,Award Declaration (Sec 23),2021-04-24,2021-08-11,2021-04-24,2022-01-28,Completed,100.0,170.0,Implementing Agency
SIH26017-PRJ-000220,7,Compensation Disbursement,2022-02-01,2022-07-10,2022-02-01,2022-12-30,Completed,100.0,173.0,LA Branch
SIH26017-PRJ-000220,8,Possession,2023-01-06,2023-04-11,2023-01-06,2023-04-25,Completed,100.0,14.0,District Collectorate
SIH26017-PRJ-000220,9,Mutation & Handover,2023-05-01,2023-07-17,2023-05-01,2023-07-31,Completed,100.0,14.0,Revenue Dept
SIH26017-PRJ-000221,1,Preliminary Notification (Sec 11),2023-06-21,2023-08-09,2023-06-21,2023-08-05,Completed,100.0,-4.0,District Collectorate
SIH26017-PRJ-000221,2,Social Impact Assessment (SIA),2023-08-06,2023-11-08,2023-08-06,2023-10-01,Completed,100.0,-38.0,LA Branch
SIH26017-PRJ-000221,3,Survey & Measurement,2023-10-07,2023-12-17,2023-10-07,2023-12-18,Completed,100.0,1.0,Revenue Dept
SIH26017-PRJ-000221,4,Draft Declaration,2023-12-22,2024-02-17,2023-12-22,2024-02-09,Completed,100.0,-8.0,District Collectorate
SIH26017-PRJ-000221,5,Final Declaration (Sec 19),2024-02-10,2024-04-24,2024-02-10,2024-04-29,Completed,100.0,5.0,LA Branch
SIH26017-PRJ-000221,6,Award Declaration (Sec 23),2024-05-03,2024-07-21,2024-05-03,2024-07-28,Completed,100.0,7.0,District Collectorate
SIH26017-PRJ-000221,7,Compensation Disbursement,2024-08-01,2024-12-22,2024-08-01,2025-02-08,Completed,100.0,48.0,District Collectorate
SIH26017-PRJ-000221,8,Possession,2025-02-11,2025-04-17,2025-02-11,2025-05-20,Completed,100.0,33.0,District Collectorate
SIH26017-PRJ-000221,9,Mutation & Handover,2025-05-25,2025-07-16,2025-05-25,2025-09-06,Completed,100.0,52.0,District Collectorate
SIH26017-PRJ-000222,1,Preliminary Notification (Sec 11),2017-09-13,2017-11-15,2017-09-13,2017-12-23,Completed,100.0,38.0,LA Branch
SIH26017-PRJ-000222,2,Social Impact Assessment (SIA),2017-12-31,2018-04-25,2017-12-31,2018-11-01,Completed,100.0,190.0,LA Branch
SIH26017-PRJ-000222,3,Survey & Measurement,2018-11-02,2019-01-15,2018-11-02,2019-05-10,Completed,100.0,115.0,District Collectorate
SIH26017-PRJ-000222,4,Draft Declaration,2019-05-15,2019-07-08,2019-05-15,2019-08-07,Completed,100.0,30.0,Revenue Dept
SIH26017-PRJ-000222,5,Final Declaration (Sec 19),2019-08-14,2019-10-30,2019-08-14,2019-12-13,Completed,100.0,44.0,District Collectorate
SIH26017-PRJ-000222,6,Award Declaration (Sec 23),2019-12-21,2020-03-22,2019-12-21,2020-07-15,Completed,100.0,115.0,Implementing Agency
SIH26017-PRJ-000222,7,Compensation Disbursement,2020-07-21,2021-01-07,2020-07-21,2022-06-05,Completed,100.0,514.0,Revenue Dept
SIH26017-PRJ-000222,8,Possession,2022-06-07,2022-08-31,2022-06-07,2023-03-28,Completed,100.0,209.0,LA Branch
SIH26017-PRJ-000222,9,Mutation & Handover,2023-04-01,2023-05-31,2023-04-01,2023-10-08,Completed,100.0,130.0,District Collectorate
SIH26017-PRJ-000223,1,Preliminary Notification (Sec 11),2019-02-16,2019-04-10,2019-02-16,2019-05-11,Completed,100.0,31.0,District Collectorate
SIH26017-PRJ-000223,2,Social Impact Assessment (SIA),2019-05-17,2019-09-05,2019-05-17,2020-03-03,Completed,100.0,180.0,Implementing Agency
SIH26017-PRJ-000223,3,Survey & Measurement,2020-03-07,2020-06-06,2020-03-07,2020-11-19,Completed,100.0,166.0,Revenue Dept
SIH26017-PRJ-000223,4,Draft Declaration,2020-11-24,2021-01-29,,,Stalled,0.0,,Implementing Agency
SIH26017-PRJ-000223,5,Final Declaration (Sec 19),2020-11-24,2021-02-20,,,Stalled,0.0,,District Collectorate
SIH26017-PRJ-000223,6,Award Declaration (Sec 23),2020-11-24,2021-03-02,,,Stalled,0.0,,Implementing Agency
SIH26017-PRJ-000223,7,Compensation Disbursement,2020-11-24,2021-05-06,,,Stalled,0.0,,Revenue Dept
SIH26017-PRJ-000223,8,Possession,2020-11-24,2021-02-18,,,Stalled,0.0,,District Collectorate
SIH26017-PRJ-000223,9,Mutation & Handover,2020-11-24,2021-01-28,,,Stalled,0.0,,District Collectorate
SIH26017-PRJ-000224,1,Preliminary Notification (Sec 11),2018-01-20,2018-03-16,2018-01-20,2018-03-05,Completed,100.0,-11.0,LA Branch
SIH26017-PRJ-000224,2,Social Impact Assessment (SIA),2018-03-07,2018-06-27,2018-03-07,2018-08-06,Completed,100.0,40.0,District Collectorate
SIH26017-PRJ-000224,3,Survey & Measurement,2018-08-10,2018-10-29,2018-08-10,2019-01-12,Completed,100.0,75.0,District Collectorate
SIH26017-PRJ-000224,4,Draft Declaration,2019-01-13,2019-03-07,2019-01-13,2019-04-23,Completed,100.0,47.0,District Collectorate
SIH26017-PRJ-000224,5,Final Declaration (Sec 19),2019-04-29,2019-07-06,2019-04-29,2019-08-11,Completed,100.0,36.0,District Collectorate
SIH26017-PRJ-000224,6,Award Declaration (Sec 23),2019-08-15,2019-11-21,2019-08-15,2020-01-03,Completed,100.0,43.0,LA Branch
SIH26017-PRJ-000224,7,Compensation Disbursement,2020-01-10,2020-07-05,2020-01-10,2020-10-07,Completed,100.0,94.0,District Collectorate
SIH26017-PRJ-000224,8,Possession,2020-10-13,2021-01-03,2020-10-13,2021-02-28,Completed,100.0,56.0,LA Branch
SIH26017-PRJ-000224,9,Mutation & Handover,2021-03-01,2021-04-28,2021-03-01,2021-06-23,Completed,100.0,56.0,Revenue Dept
SIH26017-PRJ-000225,1,Preliminary Notification (Sec 11),2016-08-22,2016-10-12,2016-08-22,2016-10-12,Completed,100.0,0.0,District Collectorate
SIH26017-PRJ-000225,2,Social Impact Assessment (SIA),2016-10-16,2017-02-04,2016-10-16,2017-01-10,Completed,100.0,-25.0,Revenue Dept
SIH26017-PRJ-000225,3,Survey & Measurement,2017-01-14,2017-03-23,2017-01-14,2017-03-20,Completed,100.0,-3.0,LA Branch
SIH26017-PRJ-000225,4,Draft Declaration,2017-03-22,2017-05-16,2017-03-22,2017-05-20,Completed,100.0,4.0,Revenue Dept
SIH26017-PRJ-000225,5,Final Declaration (Sec 19),2017-05-25,2017-08-03,2017-05-25,2017-08-19,Completed,100.0,16.0,District Collectorate
SIH26017-PRJ-000225,6,Award Declaration (Sec 23),2017-08-22,2017-11-14,2017-08-22,2017-10-03,Completed,100.0,-42.0,LA Branch
SIH26017-PRJ-000225,7,Compensation Disbursement,2017-10-07,2018-03-19,2017-10-07,2017-12-27,Completed,100.0,-82.0,District Collectorate
SIH26017-PRJ-000225,8,Possession,2018-01-02,2018-03-18,2018-01-02,2018-02-27,Completed,100.0,-19.0,LA Branch
SIH26017-PRJ-000225,9,Mutation & Handover,2018-03-02,2018-05-02,2018-03-02,2018-05-10,Completed,100.0,8.0,LA Branch
SIH26017-PRJ-000226,1,Preliminary Notification (Sec 11),2020-12-29,2021-02-18,2020-12-29,2021-01-30,Completed,100.0,-19.0,Revenue Dept
SIH26017-PRJ-000226,2,Social Impact Assessment (SIA),2021-02-07,2021-05-16,2021-02-07,2021-05-10,Completed,100.0,-6.0,Revenue Dept
SIH26017-PRJ-000226,3,Survey & Measurement,2021-05-13,2021-07-27,2021-05-13,2021-08-03,Completed,100.0,7.0,District Collectorate
SIH26017-PRJ-000226,4,Draft Declaration,2021-08-06,2021-09-30,2021-08-06,2021-10-07,Completed,100.0,7.0,District Collectorate
SIH26017-PRJ-000226,5,Final Declaration (Sec 19),2021-10-11,2021-12-27,2021-10-11,2021-12-16,Completed,100.0,-11.0,LA Branch
SIH26017-PRJ-000226,6,Award Declaration (Sec 23),2021-12-19,2022-03-28,2021-12-19,2022-02-06,Completed,100.0,-50.0,Revenue Dept
SIH26017-PRJ-000226,7,Compensation Disbursement,2022-02-08,2022-07-01,2022-02-08,2022-08-21,Completed,100.0,51.0,District Collectorate
SIH26017-PRJ-000226,8,Possession,2022-08-31,2022-10-30,2022-08-31,2022-10-29,Completed,100.0,-1.0,Implementing Agency
SIH26017-PRJ-000226,9,Mutation & Handover,2022-11-02,2022-12-30,2022-11-02,2022-12-16,Completed,100.0,-14.0,District Collectorate
SIH26017-PRJ-000227,1,Preliminary Notification (Sec 11),2021-03-25,2021-05-15,2021-03-25,2021-11-03,Completed,100.0,172.0,District Collectorate
SIH26017-PRJ-000227,2,Social Impact Assessment (SIA),2021-11-09,2022-02-03,2021-11-09,2022-11-10,Completed,100.0,280.0,District Collectorate
SIH26017-PRJ-000227,3,Survey & Measurement,2022-11-12,2023-01-25,2022-11-12,2023-05-13,Completed,100.0,108.0,District Collectorate
SIH26017-PRJ-000227,4,Draft Declaration,2023-05-15,2023-07-11,2023-05-15,2023-12-07,Completed,100.0,149.0,District Collectorate
SIH26017-PRJ-000227,5,Final Declaration (Sec 19),2023-12-13,2024-02-20,2023-12-13,2024-10-05,Completed,100.0,228.0,District Collectorate
SIH26017-PRJ-000227,6,Award Declaration (Sec 23),2024-10-08,2024-12-25,2024-10-08,2025-04-20,Completed,100.0,116.0,Implementing Agency
SIH26017-PRJ-000227,7,Compensation Disbursement,2025-04-21,2025-09-13,2025-04-21,,In Progress,100.0,,District Collectorate
SIH26017-PRJ-000227,8,Possession,2027-05-16,2027-07-24,,,Not Started,0.0,,Revenue Dept
SIH26017-PRJ-000227,9,Mutation & Handover,2028-03-03,2028-04-26,,,Not Started,0.0,,District Collectorate
SIH26017-PRJ-000228,1,Preliminary Notification (Sec 11),2024-04-27,2024-06-21,2024-04-27,2024-07-12,Completed,100.0,21.0,District Collectorate
SIH26017-PRJ-000228,2,Social Impact Assessment (SIA),2024-07-16,2024-10-28,2024-07-16,2025-03-02,Completed,100.0,125.0,LA Branch
SIH26017-PRJ-000228,3,Survey & Measurement,2025-03-03,2025-05-16,2025-03-03,2025-05-11,Completed,100.0,-5.0,Implementing Agency
SIH26017-PRJ-000228,4,Draft Declaration,2025-05-13,2025-07-05,2025-05-13,2025-08-13,Completed,100.0,39.0,District Collectorate
SIH26017-PRJ-000228,5,Final Declaration (Sec 19),2025-08-19,2025-10-20,2025-08-19,2026-01-04,Completed,100.0,76.0,Implementing Agency
SIH26017-PRJ-000228,6,Award Declaration (Sec 23),2026-01-08,2026-04-10,2026-01-08,2026-04-27,Completed,100.0,17.0,LA Branch
SIH26017-PRJ-000228,7,Compensation Disbursement,2026-05-04,2026-09-19,2026-05-04,,In Progress,74.6,,District Collectorate
SIH26017-PRJ-000228,8,Possession,2026-08-23,2026-10-29,,,Not Started,0.0,,Revenue Dept
SIH26017-PRJ-000228,9,Mutation & Handover,2026-11-10,2027-01-05,,,Not Started,0.0,,Revenue Dept
SIH26017-PRJ-000229,1,Preliminary Notification (Sec 11),2021-01-21,2021-03-12,2021-01-21,2021-03-18,Completed,100.0,6.0,District Collectorate
SIH26017-PRJ-000229,2,Social Impact Assessment (SIA),2021-03-27,2021-07-31,2021-03-27,2021-08-26,Completed,100.0,26.0,District Collectorate
SIH26017-PRJ-000229,3,Survey & Measurement,2021-08-30,2021-11-13,2021-08-30,2022-03-07,Completed,100.0,114.0,LA Branch
SIH26017-PRJ-000229,4,Draft Declaration,2022-03-11,2022-05-09,2022-03-11,2022-06-28,Completed,100.0,50.0,LA Branch
SIH26017-PRJ-000229,5,Final Declaration (Sec 19),2022-06-29,2022-09-16,2022-06-29,2022-11-14,Completed,100.0,59.0,LA Branch
SIH26017-PRJ-000229,6,Award Declaration (Sec 23),2022-11-16,2023-03-01,2022-11-16,2023-02-11,Completed,100.0,-18.0,Implementing Agency
SIH26017-PRJ-000229,7,Compensation Disbursement,2023-02-12,2023-07-15,2023-02-12,2023-06-28,Completed,100.0,-17.0,Implementing Agency
SIH26017-PRJ-000229,8,Possession,2023-07-03,2023-09-17,,,Stalled,0.0,,Revenue Dept
SIH26017-PRJ-000229,9,Mutation & Handover,2023-07-03,2023-08-23,,,Stalled,0.0,,Implementing Agency
SIH26017-PRJ-000230,1,Preliminary Notification (Sec 11),2017-08-02,2017-10-02,2017-08-02,2017-10-25,Completed,100.0,23.0,LA Branch
SIH26017-PRJ-000230,2,Social Impact Assessment (SIA),2017-10-26,2018-02-18,2017-10-26,2018-04-19,Completed,100.0,60.0,LA Branch
SIH26017-PRJ-000230,3,Survey & Measurement,2018-04-23,2018-06-30,2018-04-23,2018-07-07,Completed,100.0,7.0,LA Branch
SIH26017-PRJ-000230,4,Draft Declaration,2018-07-12,2018-09-01,2018-07-12,2018-09-27,Completed,100.0,26.0,Revenue Dept
SIH26017-PRJ-000230,5,Final Declaration (Sec 19),2018-10-03,2018-12-18,2018-10-03,2018-12-17,Completed,100.0,-1.0,Implementing Agency
SIH26017-PRJ-000230,6,Award Declaration (Sec 23),2018-12-20,2019-03-27,2018-12-20,2019-06-07,Completed,100.0,72.0,Revenue Dept
SIH26017-PRJ-000230,7,Compensation Disbursement,2019-06-12,2019-11-19,2019-06-12,2020-03-31,Completed,100.0,133.0,LA Branch
SIH26017-PRJ-000230,8,Possession,2020-04-01,2020-06-16,,,Stalled,0.0,,District Collectorate
SIH26017-PRJ-000230,9,Mutation & Handover,2020-04-01,2020-05-24,,,Stalled,0.0,,LA Branch
SIH26017-PRJ-000231,1,Preliminary Notification (Sec 11),2017-11-23,2018-01-22,2017-11-23,2018-02-18,Completed,100.0,27.0,Revenue Dept
SIH26017-PRJ-000231,2,Social Impact Assessment (SIA),2018-02-25,2018-06-08,2018-02-25,2018-08-13,Completed,100.0,66.0,District Collectorate
SIH26017-PRJ-000231,3,Survey & Measurement,2018-08-16,2018-10-31,2018-08-16,2019-10-10,Completed,100.0,344.0,District Collectorate
SIH26017-PRJ-000231,4,Draft Declaration,2019-10-12,2019-12-01,2019-10-12,2020-10-14,Completed,100.0,318.0,District Collectorate
SIH26017-PRJ-000231,5,Final Declaration (Sec 19),2020-10-17,2020-12-22,2020-10-17,2021-05-08,Completed,100.0,137.0,LA Branch
SIH26017-PRJ-000231,6,Award Declaration (Sec 23),2021-05-13,2021-08-11,2021-05-13,2022-05-18,Completed,100.0,280.0,District Collectorate
SIH26017-PRJ-000231,7,Compensation Disbursement,2022-05-24,2022-10-11,2022-05-24,2024-04-11,Completed,100.0,548.0,Revenue Dept
SIH26017-PRJ-000231,8,Possession,2024-04-15,2024-06-28,2024-04-15,2025-06-17,Completed,100.0,354.0,District Collectorate
SIH26017-PRJ-000231,9,Mutation & Handover,2025-06-19,2025-08-11,2025-06-19,2025-11-21,Completed,100.0,102.0,Implementing Agency
SIH26017-PRJ-000232,1,Preliminary Notification (Sec 11),2021-03-24,2021-05-29,2021-03-24,2021-07-12,Completed,100.0,44.0,District Collectorate
SIH26017-PRJ-000232,2,Social Impact Assessment (SIA),2021-07-18,2021-11-02,2021-07-18,2022-11-17,Completed,100.0,380.0,District Collectorate
SIH26017-PRJ-000232,3,Survey & Measurement,2022-11-20,2023-02-09,2022-11-20,2023-07-07,Completed,100.0,148.0,LA Branch
SIH26017-PRJ-000232,4,Draft Declaration,2023-07-10,2023-09-11,2023-07-10,2024-01-03,Completed,100.0,114.0,LA Branch
SIH26017-PRJ-000232,5,Final Declaration (Sec 19),2024-01-06,2024-04-02,2024-01-06,2024-08-26,Completed,100.0,146.0,LA Branch
SIH26017-PRJ-000232,6,Award Declaration (Sec 23),2024-08-31,2024-12-07,2024-08-31,2025-06-19,Completed,100.0,194.0,Implementing Agency
SIH26017-PRJ-000232,7,Compensation Disbursement,2025-06-24,2025-11-19,2025-06-24,,In Progress,100.0,,District Collectorate
SIH26017-PRJ-000232,8,Possession,2028-09-26,2028-12-15,,,Stalled,0.0,,Revenue Dept
SIH26017-PRJ-000232,9,Mutation & Handover,2028-09-26,2028-11-27,,,Stalled,0.0,,Revenue Dept
SIH26017-PRJ-000233,1,Preliminary Notification (Sec 11),2019-03-20,2019-05-15,2019-03-20,2019-10-01,Completed,100.0,139.0,LA Branch
SIH26017-PRJ-000233,2,Social Impact Assessment (SIA),2019-10-05,2020-02-02,2019-10-05,2020-11-13,Completed,100.0,285.0,Revenue Dept
SIH26017-PRJ-000233,3,Survey & Measurement,2020-11-19,2021-02-12,2020-11-19,2021-10-23,Completed,100.0,253.0,LA Branch
SIH26017-PRJ-000233,4,Draft Declaration,2021-10-28,2021-12-26,2021-10-28,2022-11-28,Completed,100.0,337.0,LA Branch
SIH26017-PRJ-000233,5,Final Declaration (Sec 19),2022-12-04,2023-02-17,2022-12-04,2023-11-15,Completed,100.0,271.0,Implementing Agency
SIH26017-PRJ-000233,6,Award Declaration (Sec 23),2023-11-22,2024-02-12,2023-11-22,2024-07-29,Completed,100.0,168.0,Implementing Agency
SIH26017-PRJ-000233,7,Compensation Disbursement,2024-07-30,2025-01-08,2024-07-30,2025-07-22,Completed,100.0,195.0,District Collectorate
SIH26017-PRJ-000233,8,Possession,2025-07-24,2025-10-21,2025-07-24,2026-04-30,Completed,100.0,191.0,LA Branch
SIH26017-PRJ-000233,9,Mutation & Handover,2026-05-01,2026-06-30,,,Stalled,0.0,,District Collectorate
SIH26017-PRJ-000234,1,Preliminary Notification (Sec 11),2016-10-21,2016-12-11,2016-10-21,2017-01-21,Completed,100.0,41.0,Implementing Agency
SIH26017-PRJ-000234,2,Social Impact Assessment (SIA),2017-01-24,2017-05-12,2017-01-24,2018-02-01,Completed,100.0,265.0,Revenue Dept
SIH26017-PRJ-000234,3,Survey & Measurement,2018-02-07,2018-04-13,2018-02-07,2018-09-12,Completed,100.0,152.0,Revenue Dept
SIH26017-PRJ-000234,4,Draft Declaration,2018-09-16,2018-11-15,2018-09-16,2019-07-24,Completed,100.0,251.0,District Collectorate
SIH26017-PRJ-000234,5,Final Declaration (Sec 19),2019-07-29,2019-10-07,2019-07-29,2020-07-07,Completed,100.0,274.0,LA Branch
SIH26017-PRJ-000234,6,Award Declaration (Sec 23),2020-07-09,2020-10-01,2020-07-09,2021-06-03,Completed,100.0,245.0,District Collectorate
SIH26017-PRJ-000234,7,Compensation Disbursement,2021-06-10,2021-11-05,2021-06-10,2022-12-27,Completed,100.0,417.0,LA Branch
SIH26017-PRJ-000234,8,Possession,2022-12-31,2023-03-16,2022-12-31,2023-07-18,Completed,100.0,124.0,Implementing Agency
SIH26017-PRJ-000234,9,Mutation & Handover,2023-07-22,2023-09-16,2023-07-22,2023-11-18,Completed,100.0,63.0,District Collectorate
SIH26017-PRJ-000235,1,Preliminary Notification (Sec 11),2018-01-06,2018-03-06,2018-01-06,2018-04-29,Completed,100.0,54.0,Revenue Dept
SIH26017-PRJ-000235,2,Social Impact Assessment (SIA),2018-05-05,2018-08-31,2018-05-05,2018-09-04,Completed,100.0,4.0,District Collectorate
SIH26017-PRJ-000235,3,Survey & Measurement,2018-09-08,2018-11-23,2018-09-08,2018-10-16,Completed,100.0,-38.0,District Collectorate
SIH26017-PRJ-000235,4,Draft Declaration,2018-10-21,2018-12-12,2018-10-21,2019-02-26,Completed,100.0,76.0,District Collectorate
SIH26017-PRJ-000235,5,Final Declaration (Sec 19),2019-03-01,2019-05-17,2019-03-01,2019-10-06,Completed,100.0,142.0,LA Branch
SIH26017-PRJ-000235,6,Award Declaration (Sec 23),2019-10-10,2020-01-07,2019-10-10,2021-03-09,Completed,100.0,427.0,District Collectorate
SIH26017-PRJ-000235,7,Compensation Disbursement,2021-03-14,2021-08-20,2021-03-14,2023-10-24,Completed,100.0,795.0,Implementing Agency
SIH26017-PRJ-000235,8,Possession,2023-10-26,2024-01-09,2023-10-26,2025-01-20,Completed,100.0,377.0,LA Branch
SIH26017-PRJ-000235,9,Mutation & Handover,2025-01-29,2025-03-28,,,Stalled,0.0,,LA Branch
SIH26017-PRJ-000236,1,Preliminary Notification (Sec 11),2022-10-10,2022-12-07,2022-10-10,2022-12-08,Completed,100.0,1.0,District Collectorate
SIH26017-PRJ-000236,2,Social Impact Assessment (SIA),2022-12-10,2023-04-20,2022-12-10,2023-06-09,Completed,100.0,50.0,District Collectorate
SIH26017-PRJ-000236,3,Survey & Measurement,2023-06-12,2023-09-06,2023-06-12,2023-12-02,Completed,100.0,87.0,District Collectorate
SIH26017-PRJ-000236,4,Draft Declaration,2023-12-07,2024-02-10,2023-12-07,2024-03-21,Completed,100.0,40.0,Implementing Agency
SIH26017-PRJ-000236,5,Final Declaration (Sec 19),2024-03-24,2024-06-10,2024-03-24,2024-08-28,Completed,100.0,79.0,Implementing Agency
SIH26017-PRJ-000236,6,Award Declaration (Sec 23),2024-09-02,2024-12-14,2024-09-02,2025-05-31,Completed,100.0,168.0,LA Branch
SIH26017-PRJ-000236,7,Compensation Disbursement,2025-06-06,2025-11-04,,,Stalled,0.0,,Revenue Dept
SIH26017-PRJ-000236,8,Possession,2025-06-06,2025-08-19,,,Stalled,0.0,,District Collectorate
SIH26017-PRJ-000236,9,Mutation & Handover,2025-06-06,2025-08-07,,,Stalled,0.0,,Revenue Dept
SIH26017-PRJ-000237,1,Preliminary Notification (Sec 11),2015-04-23,2015-06-14,2015-04-23,2015-07-15,Completed,100.0,31.0,District Collectorate
SIH26017-PRJ-000237,2,Social Impact Assessment (SIA),2015-07-19,2015-11-07,2015-07-19,2015-12-24,Completed,100.0,47.0,Revenue Dept
SIH26017-PRJ-000237,3,Survey & Measurement,2015-12-30,2016-03-09,2015-12-30,2016-03-09,Completed,100.0,0.0,District Collectorate
SIH26017-PRJ-000237,4,Draft Declaration,2016-03-12,2016-05-13,2016-03-12,2016-06-16,Completed,100.0,34.0,Implementing Agency
SIH26017-PRJ-000237,5,Final Declaration (Sec 19),2016-06-19,2016-08-16,2016-06-19,2016-08-30,Completed,100.0,14.0,LA Branch
SIH26017-PRJ-000237,6,Award Declaration (Sec 23),2016-09-04,2016-12-09,2016-09-04,2017-02-07,Completed,100.0,60.0,LA Branch
SIH26017-PRJ-000237,7,Compensation Disbursement,2017-02-09,2017-07-09,2017-02-09,2017-05-06,Completed,100.0,-64.0,LA Branch
SIH26017-PRJ-000237,8,Possession,2017-05-12,2017-07-28,2017-05-12,2017-11-29,Completed,100.0,124.0,LA Branch
SIH26017-PRJ-000237,9,Mutation & Handover,2017-12-05,2018-01-29,2017-12-05,2018-02-26,Completed,100.0,28.0,District Collectorate
SIH26017-PRJ-000238,1,Preliminary Notification (Sec 11),2019-03-16,2019-05-09,2019-03-16,2019-06-11,Completed,100.0,33.0,District Collectorate
SIH26017-PRJ-000238,2,Social Impact Assessment (SIA),2019-06-15,2019-10-01,2019-06-15,2020-01-07,Completed,100.0,98.0,Revenue Dept
SIH26017-PRJ-000238,3,Survey & Measurement,2020-01-13,2020-04-05,2020-01-13,2021-05-12,Completed,100.0,402.0,District Collectorate
SIH26017-PRJ-000238,4,Draft Declaration,2021-05-18,2021-07-22,2021-05-18,2021-10-28,Completed,100.0,98.0,District Collectorate
SIH26017-PRJ-000238,5,Final Declaration (Sec 19),2021-10-31,2022-01-10,2021-10-31,2022-01-31,Completed,100.0,21.0,Revenue Dept
SIH26017-PRJ-000238,6,Award Declaration (Sec 23),2022-02-06,2022-04-26,2022-02-06,2023-06-14,Completed,100.0,414.0,LA Branch
SIH26017-PRJ-000238,7,Compensation Disbursement,2023-06-16,2023-11-16,2023-06-16,2026-06-09,Completed,100.0,936.0,District Collectorate
SIH26017-PRJ-000238,8,Possession,2026-06-11,2026-08-24,2026-06-11,,In Progress,87.8,,LA Branch
SIH26017-PRJ-000238,9,Mutation & Handover,2027-05-17,2027-07-17,,,Not Started,0.0,,LA Branch
SIH26017-PRJ-000239,1,Preliminary Notification (Sec 11),2021-01-16,2021-03-03,2021-01-16,2021-04-21,Completed,100.0,49.0,District Collectorate
SIH26017-PRJ-000239,2,Social Impact Assessment (SIA),2021-04-26,2021-08-02,2021-04-26,2021-12-27,Completed,100.0,147.0,Revenue Dept
SIH26017-PRJ-000239,3,Survey & Measurement,2022-01-03,2022-03-09,2022-01-03,2022-04-25,Completed,100.0,47.0,LA Branch
SIH26017-PRJ-000239,4,Draft Declaration,2022-04-29,2022-06-27,2022-04-29,2022-07-06,Completed,100.0,9.0,LA Branch
SIH26017-PRJ-000239,5,Final Declaration (Sec 19),2022-07-12,2022-09-21,2022-07-12,2022-10-04,Completed,100.0,13.0,Revenue Dept
SIH26017-PRJ-000239,6,Award Declaration (Sec 23),2022-10-08,2023-01-09,2022-10-08,2022-12-09,Completed,100.0,-31.0,LA Branch
SIH26017-PRJ-000239,7,Compensation Disbursement,2022-12-19,2023-05-12,2022-12-19,2023-08-11,Completed,100.0,91.0,Implementing Agency
SIH26017-PRJ-000239,8,Possession,2023-08-16,2023-10-31,2023-08-16,2023-12-25,Completed,100.0,55.0,District Collectorate
SIH26017-PRJ-000239,9,Mutation & Handover,2023-12-26,2024-02-19,2023-12-26,2024-06-10,Completed,100.0,112.0,District Collectorate
SIH26017-PRJ-000240,1,Preliminary Notification (Sec 11),2019-02-11,2019-04-06,2019-02-11,2019-06-14,Completed,100.0,69.0,Implementing Agency
SIH26017-PRJ-000240,2,Social Impact Assessment (SIA),2019-06-21,2019-10-09,2019-06-21,2019-12-05,Completed,100.0,57.0,Implementing Agency
SIH26017-PRJ-000240,3,Survey & Measurement,2019-12-08,2020-02-28,2019-12-08,2020-05-06,Completed,100.0,68.0,Implementing Agency
SIH26017-PRJ-000240,4,Draft Declaration,2020-05-08,2020-06-25,2020-05-08,2020-07-24,Completed,100.0,29.0,Revenue Dept
SIH26017-PRJ-000240,5,Final Declaration (Sec 19),2020-07-27,2020-09-27,2020-07-27,2021-01-31,Completed,100.0,126.0,District Collectorate
SIH26017-PRJ-000240,6,Award Declaration (Sec 23),2021-02-02,2021-05-08,2021-02-02,2021-07-19,Completed,100.0,72.0,LA Branch
SIH26017-PRJ-000240,7,Compensation Disbursement,2021-07-21,2021-11-18,2021-07-21,2022-06-13,Completed,100.0,207.0,Revenue Dept
SIH26017-PRJ-000240,8,Possession,2022-06-15,2022-08-26,2022-06-15,2023-03-26,Completed,100.0,212.0,LA Branch
SIH26017-PRJ-000240,9,Mutation & Handover,2023-03-29,2023-05-12,2023-03-29,2023-10-11,Completed,100.0,152.0,Revenue Dept
SIH26017-PRJ-000241,1,Preliminary Notification (Sec 11),2019-03-15,2019-05-11,2019-03-15,2019-10-10,Completed,100.0,152.0,Implementing Agency
SIH26017-PRJ-000241,2,Social Impact Assessment (SIA),2019-10-14,2020-02-24,2019-10-14,2022-03-28,Completed,100.0,763.0,LA Branch
SIH26017-PRJ-000241,3,Survey & Measurement,2022-04-01,2022-06-14,2022-04-01,2023-03-06,Completed,100.0,265.0,LA Branch
SIH26017-PRJ-000241,4,Draft Declaration,2023-03-11,2023-05-19,2023-03-11,2024-04-17,Completed,100.0,334.0,Implementing Agency
SIH26017-PRJ-000241,5,Final Declaration (Sec 19),2024-04-21,2024-07-17,2024-04-21,2024-12-27,Completed,100.0,163.0,District Collectorate
SIH26017-PRJ-000241,6,Award Declaration (Sec 23),2024-12-31,2025-04-09,2024-12-31,2025-06-29,Completed,100.0,81.0,District Collectorate
SIH26017-PRJ-000241,7,Compensation Disbursement,2025-07-04,2025-12-19,2025-07-04,2026-05-17,Completed,100.0,149.0,Revenue Dept
SIH26017-PRJ-000241,8,Possession,2026-05-20,2026-08-08,2026-05-20,,In Progress,100.0,,Revenue Dept
SIH26017-PRJ-000241,9,Mutation & Handover,2026-09-29,2026-11-30,,,Not Started,0.0,,Implementing Agency
SIH26017-PRJ-000242,1,Preliminary Notification (Sec 11),2023-09-21,2023-11-18,2023-09-21,2023-12-31,Completed,100.0,43.0,Implementing Agency
SIH26017-PRJ-000242,2,Social Impact Assessment (SIA),2024-01-05,2024-04-13,2024-01-05,2024-11-30,Completed,100.0,231.0,LA Branch
SIH26017-PRJ-000242,3,Survey & Measurement,2024-12-02,2025-02-14,2024-12-02,2025-09-15,Completed,100.0,213.0,LA Branch
SIH26017-PRJ-000242,4,Draft Declaration,2025-09-17,2025-11-10,2025-09-17,2026-02-12,Completed,100.0,94.0,LA Branch
SIH26017-PRJ-000242,5,Final Declaration (Sec 19),2026-02-14,2026-04-29,2026-02-14,,In Progress,100.0,,Implementing Agency
SIH26017-PRJ-000242,6,Award Declaration (Sec 23),2027-10-02,2027-12-21,,,Not Started,0.0,,Implementing Agency
SIH26017-PRJ-000242,7,Compensation Disbursement,2029-07-04,2029-11-11,,,Not Started,0.0,,District Collectorate
SIH26017-PRJ-000242,8,Possession,2032-05-08,2032-07-17,,,Not Started,0.0,,District Collectorate
SIH26017-PRJ-000242,9,Mutation & Handover,2032-07-17,2032-09-12,,,Not Started,0.0,,District Collectorate
SIH26017-PRJ-000243,1,Preliminary Notification (Sec 11),2023-02-14,2023-04-27,2023-02-14,2023-05-03,Completed,100.0,6.0,Revenue Dept
SIH26017-PRJ-000243,2,Social Impact Assessment (SIA),2023-05-09,2023-09-08,2023-05-09,2024-04-28,Completed,100.0,233.0,LA Branch
SIH26017-PRJ-000243,3,Survey & Measurement,2024-05-03,2024-07-25,2024-05-03,2025-03-09,Completed,100.0,227.0,District Collectorate
SIH26017-PRJ-000243,4,Draft Declaration,2025-03-20,2025-05-14,2025-03-20,2026-02-27,Completed,100.0,289.0,Implementing Agency
SIH26017-PRJ-000243,5,Final Declaration (Sec 19),2026-03-03,2026-06-02,2026-03-03,,In Progress,100.0,,District Collectorate
SIH26017-PRJ-000243,6,Award Declaration (Sec 23),2027-05-10,2027-08-20,,,Not Started,0.0,,Revenue Dept
SIH26017-PRJ-000243,7,Compensation Disbursement,2028-01-09,2028-07-17,,,Not Started,0.0,,District Collectorate
SIH26017-PRJ-000243,8,Possession,2028-10-21,2029-01-05,,,Not Started,0.0,,Revenue Dept
SIH26017-PRJ-000243,9,Mutation & Handover,2029-04-11,2029-06-21,,,Not Started,0.0,,LA Branch
SIH26017-PRJ-000244,1,Preliminary Notification (Sec 11),2018-10-19,2018-12-06,2018-10-19,2018-12-16,Completed,100.0,10.0,District Collectorate
SIH26017-PRJ-000244,2,Social Impact Assessment (SIA),2018-12-18,2019-04-10,2018-12-18,2019-04-22,Completed,100.0,12.0,District Collectorate
SIH26017-PRJ-000244,3,Survey & Measurement,2019-04-28,2019-07-02,2019-04-28,2019-07-06,Completed,100.0,4.0,Revenue Dept
SIH26017-PRJ-000244,4,Draft Declaration,2019-07-11,2019-09-05,2019-07-11,2019-09-17,Completed,100.0,12.0,District Collectorate
SIH26017-PRJ-000244,5,Final Declaration (Sec 19),2019-09-24,2019-12-04,2019-09-24,2019-12-17,Completed,100.0,13.0,District Collectorate
SIH26017-PRJ-000244,6,Award Declaration (Sec 23),2019-12-24,2020-03-19,2019-12-24,2020-05-19,Completed,100.0,61.0,Implementing Agency
SIH26017-PRJ-000244,7,Compensation Disbursement,2020-05-24,2020-10-04,2020-05-24,2021-04-17,Completed,100.0,195.0,Revenue Dept
SIH26017-PRJ-000244,8,Possession,2021-04-21,2021-06-26,2021-04-21,2021-09-03,Completed,100.0,69.0,LA Branch
SIH26017-PRJ-000244,9,Mutation & Handover,2021-09-05,2021-10-28,2021-09-05,2022-02-16,Completed,100.0,111.0,LA Branch
SIH26017-PRJ-000245,1,Preliminary Notification (Sec 11),2019-05-28,2019-07-21,2019-05-28,2019-08-15,Completed,100.0,25.0,District Collectorate
SIH26017-PRJ-000245,2,Social Impact Assessment (SIA),2019-08-18,2019-12-18,2019-08-18,2020-02-19,Completed,100.0,63.0,District Collectorate
SIH26017-PRJ-000245,3,Survey & Measurement,2020-02-23,2020-05-22,2020-02-23,2021-05-07,Completed,100.0,350.0,District Collectorate
SIH26017-PRJ-000245,4,Draft Declaration,2021-05-12,2021-07-17,2021-05-12,2021-10-29,Completed,100.0,104.0,District Collectorate
SIH26017-PRJ-000245,5,Final Declaration (Sec 19),2021-10-30,2022-01-21,2021-10-30,2022-07-30,Completed,100.0,190.0,District Collectorate
SIH26017-PRJ-000245,6,Award Declaration (Sec 23),2022-08-01,2022-11-14,2022-08-01,2023-03-05,Completed,100.0,111.0,Revenue Dept
SIH26017-PRJ-000245,7,Compensation Disbursement,2023-03-12,2023-09-04,2023-03-12,2024-01-04,Completed,100.0,122.0,LA Branch
SIH26017-PRJ-000245,8,Possession,2024-01-09,2024-04-08,2024-01-09,2024-09-01,Completed,100.0,146.0,District Collectorate
SIH26017-PRJ-000245,9,Mutation & Handover,2024-09-07,2024-11-16,2024-09-07,2025-06-21,Completed,100.0,217.0,LA Branch
SIH26017-PRJ-000246,1,Preliminary Notification (Sec 11),2018-09-25,2018-11-27,2018-09-25,2019-02-24,Completed,100.0,89.0,Implementing Agency
SIH26017-PRJ-000246,2,Social Impact Assessment (SIA),2019-03-01,2019-07-09,2019-03-01,2019-12-25,Completed,100.0,169.0,LA Branch
SIH26017-PRJ-000246,3,Survey & Measurement,2019-12-29,2020-03-18,2019-12-29,2020-05-13,Completed,100.0,56.0,Revenue Dept
SIH26017-PRJ-000246,4,Draft Declaration,2020-05-15,2020-07-20,2020-05-15,2020-10-03,Completed,100.0,75.0,District Collectorate
SIH26017-PRJ-000246,5,Final Declaration (Sec 19),2020-10-06,2021-01-13,2020-10-06,2021-03-24,Completed,100.0,70.0,District Collectorate
SIH26017-PRJ-000246,6,Award Declaration (Sec 23),2021-03-26,2021-07-12,2021-03-26,2022-03-12,Completed,100.0,243.0,District Collectorate
SIH26017-PRJ-000246,7,Compensation Disbursement,2022-03-18,2022-09-06,2022-03-18,2025-12-27,Completed,100.0,1208.0,Implementing Agency
SIH26017-PRJ-000246,8,Possession,2025-12-28,2026-03-25,2025-12-28,,In Progress,100.0,,Revenue Dept
SIH26017-PRJ-000246,9,Mutation & Handover,2027-11-28,2028-01-30,,,Not Started,0.0,,District Collectorate
SIH26017-PRJ-000247,1,Preliminary Notification (Sec 11),2015-04-13,2015-06-12,2015-04-13,2015-06-04,Completed,100.0,-8.0,Implementing Agency
SIH26017-PRJ-000247,2,Social Impact Assessment (SIA),2015-06-10,2015-09-29,2015-06-10,2015-12-02,Completed,100.0,64.0,District Collectorate
SIH26017-PRJ-000247,3,Survey & Measurement,2015-12-10,2016-03-02,2015-12-10,2016-05-26,Completed,100.0,85.0,LA Branch
SIH26017-PRJ-000247,4,Draft Declaration,2016-05-29,2016-07-15,2016-05-29,2016-09-19,Completed,100.0,66.0,District Collectorate
SIH26017-PRJ-000247,5,Final Declaration (Sec 19),2016-09-20,2016-12-01,2016-09-20,2017-02-07,Completed,100.0,68.0,Implementing Agency
SIH26017-PRJ-000247,6,Award Declaration (Sec 23),2017-02-10,2017-05-10,2017-02-10,2017-10-02,Completed,100.0,145.0,District Collectorate
SIH26017-PRJ-000247,7,Compensation Disbursement,2017-10-08,2018-02-14,2017-10-08,2019-01-09,Completed,100.0,329.0,District Collectorate
SIH26017-PRJ-000247,8,Possession,2019-01-10,2019-03-21,2019-01-10,2019-09-07,Completed,100.0,170.0,LA Branch
SIH26017-PRJ-000247,9,Mutation & Handover,2019-09-12,2019-11-03,2019-09-12,2019-12-31,Completed,100.0,58.0,District Collectorate
SIH26017-PRJ-000248,1,Preliminary Notification (Sec 11),2016-11-04,2017-01-02,2016-11-04,2017-03-26,Completed,100.0,83.0,District Collectorate
SIH26017-PRJ-000248,2,Social Impact Assessment (SIA),2017-03-29,2017-07-11,2017-03-29,2017-09-20,Completed,100.0,71.0,Revenue Dept
SIH26017-PRJ-000248,3,Survey & Measurement,2017-09-22,2017-12-19,2017-09-22,2018-02-24,Completed,100.0,67.0,Implementing Agency
SIH26017-PRJ-000248,4,Draft Declaration,2018-02-25,2018-04-28,2018-02-25,2018-07-31,Completed,100.0,94.0,Implementing Agency
SIH26017-PRJ-000248,5,Final Declaration (Sec 19),2018-08-05,2018-10-23,2018-08-05,2018-12-15,Completed,100.0,53.0,District Collectorate
SIH26017-PRJ-000248,6,Award Declaration (Sec 23),2018-12-18,2019-03-30,2018-12-18,2019-10-18,Completed,100.0,202.0,LA Branch
SIH26017-PRJ-000248,7,Compensation Disbursement,2019-10-19,2020-03-05,2019-10-19,2020-06-20,Completed,100.0,107.0,Revenue Dept
SIH26017-PRJ-000248,8,Possession,2020-06-24,2020-09-03,2020-06-24,2020-10-10,Completed,100.0,37.0,LA Branch
SIH26017-PRJ-000248,9,Mutation & Handover,2020-10-17,2020-12-18,2020-10-17,2021-07-07,Completed,100.0,201.0,District Collectorate
SIH26017-PRJ-000249,1,Preliminary Notification (Sec 11),2020-07-20,2020-09-02,2020-07-20,2020-09-04,Completed,100.0,2.0,LA Branch
SIH26017-PRJ-000249,2,Social Impact Assessment (SIA),2020-09-06,2020-12-16,2020-09-06,2020-11-19,Completed,100.0,-27.0,District Collectorate
SIH26017-PRJ-000249,3,Survey & Measurement,2020-11-24,2021-02-04,2020-11-24,2021-02-06,Completed,100.0,2.0,LA Branch
SIH26017-PRJ-000249,4,Draft Declaration,2021-02-12,2021-04-03,2021-02-12,2021-03-09,Completed,100.0,-25.0,District Collectorate
SIH26017-PRJ-000249,5,Final Declaration (Sec 19),2021-03-11,2021-05-20,2021-03-11,2021-04-19,Completed,100.0,-31.0,District Collectorate
SIH26017-PRJ-000249,6,Award Declaration (Sec 23),2021-04-28,2021-07-25,2021-04-28,2021-10-10,Completed,100.0,77.0,District Collectorate
SIH26017-PRJ-000249,7,Compensation Disbursement,2021-10-11,2022-03-02,2021-10-11,2021-12-21,Completed,100.0,-71.0,LA Branch
SIH26017-PRJ-000249,8,Possession,2021-12-27,2022-03-05,2021-12-27,2022-01-30,Completed,100.0,-34.0,Implementing Agency
SIH26017-PRJ-000249,9,Mutation & Handover,2022-01-31,2022-03-22,2022-01-31,2022-04-02,Completed,100.0,11.0,LA Branch
SIH26017-PRJ-000250,1,Preliminary Notification (Sec 11),2017-05-26,2017-08-05,2017-05-26,2017-11-28,Completed,100.0,115.0,Implementing Agency
SIH26017-PRJ-000250,2,Social Impact Assessment (SIA),2017-12-01,2018-03-25,2017-12-01,2019-05-23,Completed,100.0,424.0,Revenue Dept
SIH26017-PRJ-000250,3,Survey & Measurement,2019-05-25,2019-08-06,2019-05-25,2019-11-08,Completed,100.0,94.0,District Collectorate
SIH26017-PRJ-000250,4,Draft Declaration,2019-11-10,2020-01-08,2019-11-10,2020-02-10,Completed,100.0,33.0,LA Branch
SIH26017-PRJ-000250,5,Final Declaration (Sec 19),2020-02-15,2020-05-08,2020-02-15,2021-01-06,Completed,100.0,243.0,District Collectorate
SIH26017-PRJ-000250,6,Award Declaration (Sec 23),2021-01-11,2021-04-13,2021-01-11,2021-11-06,Completed,100.0,207.0,District Collectorate
SIH26017-PRJ-000250,7,Compensation Disbursement,2021-11-10,2022-04-12,2021-11-10,2023-01-03,Completed,100.0,266.0,District Collectorate
SIH26017-PRJ-000250,8,Possession,2023-01-06,2023-03-26,2023-01-06,2023-12-24,Completed,100.0,273.0,Revenue Dept
SIH26017-PRJ-000250,9,Mutation & Handover,2023-12-25,2024-02-23,2023-12-25,2024-08-28,Completed,100.0,187.0,Revenue Dept
SIH26017-PRJ-000251,1,Preliminary Notification (Sec 11),2015-12-30,2016-02-23,2015-12-30,2016-03-06,Completed,100.0,12.0,District Collectorate
SIH26017-PRJ-000251,2,Social Impact Assessment (SIA),2016-03-11,2016-06-12,2016-03-11,2016-07-03,Completed,100.0,21.0,District Collectorate
SIH26017-PRJ-000251,3,Survey & Measurement,2016-07-05,2016-09-06,2016-07-05,2016-09-23,Completed,100.0,17.0,LA Branch
SIH26017-PRJ-000251,4,Draft Declaration,2016-09-30,2016-11-18,2016-09-30,2017-01-11,Completed,100.0,54.0,District Collectorate
SIH26017-PRJ-000251,5,Final Declaration (Sec 19),2017-01-13,2017-03-27,2017-01-13,2017-05-30,Completed,100.0,64.0,Implementing Agency
SIH26017-PRJ-000251,6,Award Declaration (Sec 23),2017-06-05,2017-09-04,2017-06-05,2017-08-31,Completed,100.0,-4.0,LA Branch
SIH26017-PRJ-000251,7,Compensation Disbursement,2017-09-01,2018-02-15,2017-09-01,2019-03-28,Completed,100.0,406.0,Implementing Agency
SIH26017-PRJ-000251,8,Possession,2019-03-31,2019-06-02,2019-03-31,2019-09-18,Completed,100.0,108.0,LA Branch
SIH26017-PRJ-000251,9,Mutation & Handover,2019-09-24,2019-11-18,2019-09-24,2019-11-27,Completed,100.0,9.0,LA Branch
SIH26017-PRJ-000252,1,Preliminary Notification (Sec 11),2019-01-02,2019-02-21,2019-01-02,2019-03-22,Completed,100.0,29.0,Implementing Agency
SIH26017-PRJ-000252,2,Social Impact Assessment (SIA),2019-03-28,2019-07-17,2019-03-28,2019-08-16,Completed,100.0,30.0,LA Branch
SIH26017-PRJ-000252,3,Survey & Measurement,2019-08-21,2019-10-25,2019-08-21,2019-10-10,Completed,100.0,-15.0,District Collectorate
SIH26017-PRJ-000252,4,Draft Declaration,2019-10-17,2019-12-03,2019-10-17,2019-12-04,Completed,100.0,1.0,District Collectorate
SIH26017-PRJ-000252,5,Final Declaration (Sec 19),2019-12-08,2020-02-13,2019-12-08,2020-02-25,Completed,100.0,12.0,LA Branch
SIH26017-PRJ-000252,6,Award Declaration (Sec 23),2020-02-28,2020-05-25,2020-02-28,2020-07-11,Completed,100.0,47.0,District Collectorate
SIH26017-PRJ-000252,7,Compensation Disbursement,2020-07-14,2020-11-22,2020-07-14,2020-12-07,Completed,100.0,15.0,District Collectorate
SIH26017-PRJ-000252,8,Possession,2020-12-10,2021-02-23,2020-12-10,2021-03-29,Completed,100.0,34.0,District Collectorate
SIH26017-PRJ-000252,9,Mutation & Handover,2021-04-04,2021-05-31,2021-04-04,2021-06-02,Completed,100.0,2.0,District Collectorate
SIH26017-PRJ-000253,1,Preliminary Notification (Sec 11),2015-07-29,2015-09-24,2015-07-29,2016-02-23,Completed,100.0,152.0,LA Branch
SIH26017-PRJ-000253,2,Social Impact Assessment (SIA),2016-02-28,2016-07-01,,,Stalled,0.0,,Implementing Agency
SIH26017-PRJ-000253,3,Survey & Measurement,2016-02-28,2016-05-20,,,Stalled,0.0,,Revenue Dept
SIH26017-PRJ-000253,4,Draft Declaration,2016-02-28,2016-04-28,,,Stalled,0.0,,LA Branch
SIH26017-PRJ-000253,5,Final Declaration (Sec 19),2016-02-28,2016-05-13,,,Stalled,0.0,,Revenue Dept
SIH26017-PRJ-000253,6,Award Declaration (Sec 23),2016-02-28,2016-06-03,,,Stalled,0.0,,Revenue Dept
SIH26017-PRJ-000253,7,Compensation Disbursement,2016-02-28,2016-07-31,,,Stalled,0.0,,Implementing Agency
SIH26017-PRJ-000253,8,Possession,2016-02-28,2016-05-08,,,Stalled,0.0,,District Collectorate
SIH26017-PRJ-000253,9,Mutation & Handover,2016-02-28,2016-04-22,,,Stalled,0.0,,Revenue Dept
SIH26017-PRJ-000254,1,Preliminary Notification (Sec 11),2017-11-28,2018-01-21,2017-11-28,2018-02-02,Completed,100.0,12.0,Implementing Agency
SIH26017-PRJ-000254,2,Social Impact Assessment (SIA),2018-02-05,2018-05-29,2018-02-05,2018-11-06,Completed,100.0,161.0,District Collectorate
SIH26017-PRJ-000254,3,Survey & Measurement,2018-11-12,2019-01-23,2018-11-12,2019-09-03,Completed,100.0,223.0,District Collectorate
SIH26017-PRJ-000254,4,Draft Declaration,2019-09-06,2019-10-31,2019-09-06,2020-03-28,Completed,100.0,149.0,Implementing Agency
SIH26017-PRJ-000254,5,Final Declaration (Sec 19),2020-04-04,2020-07-02,2020-04-04,2021-03-11,Completed,100.0,252.0,District Collectorate
SIH26017-PRJ-000254,6,Award Declaration (Sec 23),2021-03-16,2021-06-29,2021-03-16,2023-07-05,Completed,100.0,736.0,Implementing Agency
SIH26017-PRJ-000254,7,Compensation Disbursement,2023-07-08,2023-11-17,2023-07-08,2024-05-26,Completed,100.0,191.0,LA Branch
SIH26017-PRJ-000254,8,Possession,2024-05-31,2024-08-02,2024-05-31,2024-12-05,Completed,100.0,125.0,Revenue Dept
SIH26017-PRJ-000254,9,Mutation & Handover,2024-12-12,2025-02-07,2024-12-12,2025-04-15,Completed,100.0,67.0,Revenue Dept
SIH26017-PRJ-000255,1,Preliminary Notification (Sec 11),2019-10-28,2019-12-10,2019-10-28,2020-01-08,Completed,100.0,29.0,District Collectorate
SIH26017-PRJ-000255,2,Social Impact Assessment (SIA),2020-01-14,2020-04-28,2020-01-14,2020-07-10,Completed,100.0,73.0,Revenue Dept
SIH26017-PRJ-000255,3,Survey & Measurement,2020-07-13,2020-09-18,2020-07-13,2020-12-03,Completed,100.0,76.0,Revenue Dept
SIH26017-PRJ-000255,4,Draft Declaration,2020-12-04,2021-01-29,2020-12-04,2021-03-11,Completed,100.0,41.0,Revenue Dept
SIH26017-PRJ-000255,5,Final Declaration (Sec 19),2021-03-14,2021-05-20,2021-03-14,2021-08-26,Completed,100.0,98.0,District Collectorate
SIH26017-PRJ-000255,6,Award Declaration (Sec 23),2021-08-31,2021-11-28,2021-08-31,2022-05-15,Completed,100.0,168.0,Revenue Dept
SIH26017-PRJ-000255,7,Compensation Disbursement,2022-05-16,2022-09-13,2022-05-16,2023-09-17,Completed,100.0,369.0,District Collectorate
SIH26017-PRJ-000255,8,Possession,2023-09-21,2023-12-01,,,Stalled,0.0,,LA Branch
SIH26017-PRJ-000255,9,Mutation & Handover,2023-09-21,2023-11-14,,,Stalled,0.0,,Revenue Dept
SIH26017-PRJ-000256,1,Preliminary Notification (Sec 11),2020-11-07,2020-12-28,2020-11-07,2021-01-30,Completed,100.0,33.0,Revenue Dept
SIH26017-PRJ-000256,2,Social Impact Assessment (SIA),2021-02-02,2021-05-04,2021-02-02,2021-05-26,Completed,100.0,22.0,District Collectorate
SIH26017-PRJ-000256,3,Survey & Measurement,2021-05-31,2021-08-05,2021-05-31,2021-10-24,Completed,100.0,80.0,District Collectorate
SIH26017-PRJ-000256,4,Draft Declaration,2021-10-28,2021-12-24,2021-10-28,2022-01-31,Completed,100.0,38.0,District Collectorate
SIH26017-PRJ-000256,5,Final Declaration (Sec 19),2022-02-08,2022-04-20,2022-02-08,2022-05-21,Completed,100.0,31.0,LA Branch
SIH26017-PRJ-000256,6,Award Declaration (Sec 23),2022-05-28,2022-08-25,2022-05-28,2024-05-09,Completed,100.0,623.0,District Collectorate
SIH26017-PRJ-000256,7,Compensation Disbursement,2024-05-10,2024-10-01,2024-05-10,2025-04-13,Completed,100.0,194.0,Implementing Agency
SIH26017-PRJ-000256,8,Possession,2025-04-15,2025-06-23,2025-04-15,2025-06-09,Completed,100.0,-14.0,District Collectorate
SIH26017-PRJ-000256,9,Mutation & Handover,2025-06-16,2025-08-14,2025-06-16,2025-09-16,Completed,100.0,33.0,LA Branch
SIH26017-PRJ-000257,1,Preliminary Notification (Sec 11),2024-05-12,2024-07-08,2024-05-12,2024-06-09,Completed,100.0,-29.0,LA Branch
SIH26017-PRJ-000257,2,Social Impact Assessment (SIA),2024-06-12,2024-10-06,2024-06-12,2024-11-10,Completed,100.0,35.0,District Collectorate
SIH26017-PRJ-000257,3,Survey & Measurement,2024-11-12,2025-01-24,2024-11-12,2025-02-25,Completed,100.0,32.0,LA Branch
SIH26017-PRJ-000257,4,Draft Declaration,2025-03-05,2025-05-03,2025-03-05,2025-06-23,Completed,100.0,51.0,LA Branch
SIH26017-PRJ-000257,5,Final Declaration (Sec 19),2025-06-25,2025-09-01,2025-06-25,2025-08-30,Completed,100.0,-2.0,LA Branch
SIH26017-PRJ-000257,6,Award Declaration (Sec 23),2025-09-01,2025-11-28,2025-09-01,2025-12-13,Completed,100.0,15.0,Revenue Dept
SIH26017-PRJ-000257,7,Compensation Disbursement,2025-12-17,2026-04-25,2025-12-17,2026-03-11,Completed,100.0,-45.0,District Collectorate
SIH26017-PRJ-000257,8,Possession,2026-03-17,2026-05-14,2026-03-17,2026-04-26,Completed,100.0,-18.0,District Collectorate
SIH26017-PRJ-000257,9,Mutation & Handover,2026-04-29,2026-06-29,2026-04-29,2026-06-12,Completed,100.0,-17.0,Revenue Dept
SIH26017-PRJ-000258,1,Preliminary Notification (Sec 11),2016-07-26,2016-09-21,2016-07-26,2016-09-08,Completed,100.0,-13.0,Revenue Dept
SIH26017-PRJ-000258,2,Social Impact Assessment (SIA),2016-09-09,2017-01-05,2016-09-09,2016-11-07,Completed,100.0,-59.0,District Collectorate
SIH26017-PRJ-000258,3,Survey & Measurement,2016-11-12,2017-02-15,2016-11-12,2017-02-19,Completed,100.0,4.0,Revenue Dept
SIH26017-PRJ-000258,4,Draft Declaration,2017-02-26,2017-05-13,2017-02-26,2017-06-05,Completed,100.0,23.0,District Collectorate
SIH26017-PRJ-000258,5,Final Declaration (Sec 19),2017-06-12,2017-09-03,2017-06-12,2017-08-29,Completed,100.0,-5.0,District Collectorate
SIH26017-PRJ-000258,6,Award Declaration (Sec 23),2017-09-03,2017-12-06,2017-09-03,2018-01-12,Completed,100.0,37.0,LA Branch
SIH26017-PRJ-000258,7,Compensation Disbursement,2018-01-17,2018-06-10,2018-01-17,2019-01-24,Completed,100.0,228.0,Implementing Agency
SIH26017-PRJ-000258,8,Possession,2019-01-28,2019-04-15,2019-01-28,2019-07-20,Completed,100.0,96.0,LA Branch
SIH26017-PRJ-000258,9,Mutation & Handover,2019-07-25,2019-09-29,2019-07-25,2019-10-13,Completed,100.0,14.0,District Collectorate
SIH26017-PRJ-000259,1,Preliminary Notification (Sec 11),2015-01-01,2015-02-26,2015-01-01,2015-01-30,Completed,100.0,-27.0,LA Branch
SIH26017-PRJ-000259,2,Social Impact Assessment (SIA),2015-02-05,2015-05-12,2015-02-05,2016-02-04,Completed,100.0,268.0,District Collectorate
SIH26017-PRJ-000259,3,Survey & Measurement,2016-02-10,2016-04-12,2016-02-10,2017-05-22,Completed,100.0,405.0,Revenue Dept
SIH26017-PRJ-000259,4,Draft Declaration,2017-05-24,2017-07-15,2017-05-24,2018-03-02,Completed,100.0,230.0,LA Branch
SIH26017-PRJ-000259,5,Final Declaration (Sec 19),2018-03-03,2018-05-16,2018-03-03,2018-12-22,Completed,100.0,220.0,Revenue Dept
SIH26017-PRJ-000259,6,Award Declaration (Sec 23),2018-12-26,2019-03-29,2018-12-26,2021-01-06,Completed,100.0,649.0,District Collectorate
SIH26017-PRJ-000259,7,Compensation Disbursement,2021-01-12,2021-05-25,2021-01-12,2022-10-29,Completed,100.0,522.0,LA Branch
SIH26017-PRJ-000259,8,Possession,2022-11-02,2023-01-17,2022-11-02,2023-03-21,Completed,100.0,63.0,Implementing Agency
SIH26017-PRJ-000259,9,Mutation & Handover,2023-03-25,2023-05-15,2023-03-25,2023-06-01,Completed,100.0,17.0,Implementing Agency
SIH26017-PRJ-000260,1,Preliminary Notification (Sec 11),2019-12-20,2020-02-22,2019-12-20,2020-03-19,Completed,100.0,26.0,LA Branch
SIH26017-PRJ-000260,2,Social Impact Assessment (SIA),2020-03-24,2020-08-01,2020-03-24,2020-11-16,Completed,100.0,107.0,LA Branch
SIH26017-PRJ-000260,3,Survey & Measurement,2020-11-19,2021-02-11,2020-11-19,2021-07-11,Completed,100.0,150.0,District Collectorate
SIH26017-PRJ-000260,4,Draft Declaration,2021-07-14,2021-09-19,2021-07-14,2022-03-17,Completed,100.0,179.0,District Collectorate
SIH26017-PRJ-000260,5,Final Declaration (Sec 19),2022-03-18,2022-06-15,2022-03-18,2023-02-13,Completed,100.0,243.0,Revenue Dept
SIH26017-PRJ-000260,6,Award Declaration (Sec 23),2023-02-17,2023-05-24,2023-02-17,2024-02-02,Completed,100.0,254.0,Revenue Dept
SIH26017-PRJ-000260,7,Compensation Disbursement,2024-02-06,2024-07-28,2024-02-06,,In Progress,100.0,,District Collectorate
SIH26017-PRJ-000260,8,Possession,2026-10-27,2027-01-29,,,Not Started,0.0,,District Collectorate
SIH26017-PRJ-000260,9,Mutation & Handover,2028-04-28,2028-06-29,,,Not Started,0.0,,LA Branch
SIH26017-PRJ-000261,1,Preliminary Notification (Sec 11),2015-11-08,2016-01-01,2015-11-08,2016-01-13,Completed,100.0,12.0,District Collectorate
SIH26017-PRJ-000261,2,Social Impact Assessment (SIA),2016-01-16,2016-05-28,2016-01-16,2017-01-15,Completed,100.0,232.0,LA Branch
SIH26017-PRJ-000261,3,Survey & Measurement,2017-01-19,2017-04-11,2017-01-19,2017-08-31,Completed,100.0,142.0,District Collectorate
SIH26017-PRJ-000261,4,Draft Declaration,2017-09-03,2017-10-27,2017-09-03,2018-04-09,Completed,100.0,164.0,Implementing Agency
SIH26017-PRJ-000261,5,Final Declaration (Sec 19),2018-04-16,2018-07-02,2018-04-16,2019-07-26,Completed,100.0,389.0,LA Branch
SIH26017-PRJ-000261,6,Award Declaration (Sec 23),2019-07-30,2019-10-29,2019-07-30,2020-03-27,Completed,100.0,150.0,District Collectorate
SIH26017-PRJ-000261,7,Compensation Disbursement,2020-03-30,2020-08-25,2020-03-30,2021-01-06,Completed,100.0,134.0,District Collectorate
SIH26017-PRJ-000261,8,Possession,2021-01-10,2021-04-17,2021-01-10,2021-08-10,Completed,100.0,115.0,District Collectorate
SIH26017-PRJ-000261,9,Mutation & Handover,2021-08-14,2021-10-17,2021-08-14,2021-12-01,Completed,100.0,45.0,LA Branch
SIH26017-PRJ-000262,1,Preliminary Notification (Sec 11),2015-02-07,2015-04-01,2015-02-07,2015-05-24,Completed,100.0,53.0,Revenue Dept
SIH26017-PRJ-000262,2,Social Impact Assessment (SIA),2015-05-28,2015-09-30,2015-05-28,2015-12-14,Completed,100.0,75.0,LA Branch
SIH26017-PRJ-000262,3,Survey & Measurement,2015-12-16,2016-03-06,2015-12-16,2016-06-27,Completed,100.0,113.0,District Collectorate
SIH26017-PRJ-000262,4,Draft Declaration,2016-06-30,2016-08-25,2016-06-30,2016-09-11,Completed,100.0,17.0,Revenue Dept
SIH26017-PRJ-000262,5,Final Declaration (Sec 19),2016-09-14,2016-12-02,2016-09-14,2016-11-18,Completed,100.0,-14.0,District Collectorate
SIH26017-PRJ-000262,6,Award Declaration (Sec 23),2016-11-23,2017-02-25,2016-11-23,2017-02-28,Completed,100.0,3.0,District Collectorate
SIH26017-PRJ-000262,7,Compensation Disbursement,2017-03-06,2017-08-26,2017-03-06,2018-08-03,Completed,100.0,342.0,Implementing Agency
SIH26017-PRJ-000262,8,Possession,2018-08-09,2018-11-06,2018-08-09,2019-07-07,Completed,100.0,243.0,Revenue Dept
SIH26017-PRJ-000262,9,Mutation & Handover,2019-07-09,2019-09-03,2019-07-09,2019-11-07,Completed,100.0,65.0,LA Branch
SIH26017-PRJ-000263,1,Preliminary Notification (Sec 11),2021-01-07,2021-03-09,2021-01-07,2021-02-06,Completed,100.0,-31.0,Revenue Dept
SIH26017-PRJ-000263,2,Social Impact Assessment (SIA),2021-02-08,2021-06-28,2021-02-08,2021-06-22,Completed,100.0,-6.0,District Collectorate
SIH26017-PRJ-000263,3,Survey & Measurement,2021-06-27,2021-09-16,2021-06-27,2021-09-17,Completed,100.0,1.0,Implementing Agency
SIH26017-PRJ-000263,4,Draft Declaration,2021-09-21,2021-11-26,2021-09-21,2021-11-01,Completed,100.0,-25.0,LA Branch
SIH26017-PRJ-000263,5,Final Declaration (Sec 19),2021-11-07,2022-02-06,2021-11-07,2022-03-08,Completed,100.0,30.0,LA Branch
SIH26017-PRJ-000263,6,Award Declaration (Sec 23),2022-03-09,2022-06-22,2022-03-09,2022-07-02,Completed,100.0,10.0,LA Branch
SIH26017-PRJ-000263,7,Compensation Disbursement,2022-07-08,2022-12-15,2022-07-08,2022-10-14,Completed,100.0,-62.0,Implementing Agency
SIH26017-PRJ-000263,8,Possession,2022-10-19,2023-01-14,2022-10-19,2022-12-06,Completed,100.0,-39.0,LA Branch
SIH26017-PRJ-000263,9,Mutation & Handover,2022-12-12,2023-02-11,2022-12-12,2023-01-11,Completed,100.0,-31.0,District Collectorate
SIH26017-PRJ-000264,1,Preliminary Notification (Sec 11),2021-07-31,2021-09-25,2021-07-31,2021-10-01,Completed,100.0,6.0,District Collectorate
SIH26017-PRJ-000264,2,Social Impact Assessment (SIA),2021-10-05,2022-02-12,2021-10-05,2022-08-13,Completed,100.0,182.0,Implementing Agency
SIH26017-PRJ-000264,3,Survey & Measurement,2022-08-15,2022-10-21,2022-08-15,2023-05-11,Completed,100.0,202.0,LA Branch
SIH26017-PRJ-000264,4,Draft Declaration,2023-05-13,2023-07-12,2023-05-13,2024-02-21,Completed,100.0,224.0,LA Branch
SIH26017-PRJ-000264,5,Final Declaration (Sec 19),2024-02-26,2024-04-29,,,Stalled,0.0,,District Collectorate
SIH26017-PRJ-000264,6,Award Declaration (Sec 23),2024-02-26,2024-05-29,,,Stalled,0.0,,LA Branch
SIH26017-PRJ-000264,7,Compensation Disbursement,2024-02-26,2024-08-02,,,Stalled,0.0,,Implementing Agency
SIH26017-PRJ-000264,8,Possession,2024-02-26,2024-05-03,,,Stalled,0.0,,Revenue Dept
SIH26017-PRJ-000264,9,Mutation & Handover,2024-02-26,2024-04-17,,,Stalled,0.0,,District Collectorate
SIH26017-PRJ-000265,1,Preliminary Notification (Sec 11),2018-07-27,2018-09-19,2018-07-27,2018-11-29,Completed,100.0,71.0,LA Branch
SIH26017-PRJ-000265,2,Social Impact Assessment (SIA),2018-12-02,2019-03-19,2018-12-02,2019-05-09,Completed,100.0,51.0,Revenue Dept
SIH26017-PRJ-000265,3,Survey & Measurement,2019-05-14,2019-07-24,2019-05-14,2019-11-03,Completed,100.0,102.0,LA Branch
SIH26017-PRJ-000265,4,Draft Declaration,2019-11-06,2019-12-27,2019-11-06,2020-03-01,Completed,100.0,65.0,Revenue Dept
SIH26017-PRJ-000265,5,Final Declaration (Sec 19),2020-03-06,2020-05-13,2020-03-06,2020-11-24,Completed,100.0,195.0,LA Branch
SIH26017-PRJ-000265,6,Award Declaration (Sec 23),2020-11-28,2021-02-19,2020-11-28,2021-04-20,Completed,100.0,60.0,District Collectorate
SIH26017-PRJ-000265,7,Compensation Disbursement,2021-04-24,2021-09-10,2021-04-24,2021-08-19,Completed,100.0,-22.0,Implementing Agency
SIH26017-PRJ-000265,8,Possession,2021-08-23,2021-11-02,2021-08-23,2021-11-10,Completed,100.0,8.0,District Collectorate
SIH26017-PRJ-000265,9,Mutation & Handover,2021-11-15,2022-01-05,2021-11-15,2022-01-16,Completed,100.0,11.0,Implementing Agency
SIH26017-PRJ-000266,1,Preliminary Notification (Sec 11),2024-07-29,2024-10-03,2024-07-29,2024-10-23,Completed,100.0,20.0,District Collectorate
SIH26017-PRJ-000266,2,Social Impact Assessment (SIA),2024-10-28,2025-03-05,2024-10-28,2025-07-10,Completed,100.0,127.0,LA Branch
SIH26017-PRJ-000266,3,Survey & Measurement,2025-07-16,2025-09-25,2025-07-16,2026-02-17,Completed,100.0,145.0,LA Branch
SIH26017-PRJ-000266,4,Draft Declaration,2026-02-21,2026-04-20,2026-02-21,,In Progress,100.0,,LA Branch
SIH26017-PRJ-000266,5,Final Declaration (Sec 19),2027-02-21,2027-05-28,,,Not Started,0.0,,Revenue Dept
SIH26017-PRJ-000266,6,Award Declaration (Sec 23),2027-12-24,2028-04-05,,,Not Started,0.0,,Implementing Agency
SIH26017-PRJ-000266,7,Compensation Disbursement,2029-03-04,2029-08-24,,,Not Started,0.0,,District Collectorate
SIH26017-PRJ-000266,8,Possession,2032-07-09,2032-10-05,,,Not Started,0.0,,Revenue Dept
SIH26017-PRJ-000266,9,Mutation & Handover,2033-12-24,2034-02-10,,,Not Started,0.0,,District Collectorate
SIH26017-PRJ-000267,1,Preliminary Notification (Sec 11),2024-07-18,2024-09-22,2024-07-18,2025-03-04,Completed,100.0,163.0,Revenue Dept
SIH26017-PRJ-000267,2,Social Impact Assessment (SIA),2025-03-09,2025-07-18,2025-03-09,2026-08-10,Completed,100.0,388.0,LA Branch
SIH26017-PRJ-000267,3,Survey & Measurement,2026-08-15,2026-11-24,2026-08-15,,In Progress,0.0,,LA Branch
SIH26017-PRJ-000267,4,Draft Declaration,2028-10-17,2028-12-29,,,Not Started,0.0,,District Collectorate
SIH26017-PRJ-000267,5,Final Declaration (Sec 19),2029-07-14,2029-10-12,,,Not Started,0.0,,Implementing Agency
SIH26017-PRJ-000267,6,Award Declaration (Sec 23),2030-10-11,2031-01-21,,,Not Started,0.0,,LA Branch
SIH26017-PRJ-000267,7,Compensation Disbursement,2031-06-22,2031-12-13,,,Not Started,0.0,,District Collectorate
SIH26017-PRJ-000267,8,Possession,2033-07-28,2033-10-07,,,Not Started,0.0,,District Collectorate
SIH26017-PRJ-000267,9,Mutation & Handover,2034-07-08,2034-09-06,,,Not Started,0.0,,Revenue Dept
SIH26017-PRJ-000268,1,Preliminary Notification (Sec 11),2016-12-17,2017-02-07,2016-12-17,2017-01-25,Completed,100.0,-13.0,Revenue Dept
SIH26017-PRJ-000268,2,Social Impact Assessment (SIA),2017-02-01,2017-06-03,2017-02-01,2017-05-12,Completed,100.0,-22.0,LA Branch
SIH26017-PRJ-000268,3,Survey & Measurement,2017-05-16,2017-07-26,2017-05-16,2017-08-02,Completed,100.0,7.0,Implementing Agency
SIH26017-PRJ-000268,4,Draft Declaration,2017-08-07,2017-09-28,,,Stalled,0.0,,LA Branch
SIH26017-PRJ-000268,5,Final Declaration (Sec 19),2017-08-07,2017-10-08,,,Stalled,0.0,,District Collectorate
SIH26017-PRJ-000268,6,Award Declaration (Sec 23),2017-08-07,2017-11-18,,,Stalled,0.0,,Revenue Dept
SIH26017-PRJ-000268,7,Compensation Disbursement,2017-08-07,2017-12-26,,,Stalled,0.0,,LA Branch
SIH26017-PRJ-000268,8,Possession,2017-08-07,2017-10-24,,,Stalled,0.0,,District Collectorate
SIH26017-PRJ-000268,9,Mutation & Handover,2017-08-07,2017-10-01,,,Stalled,0.0,,LA Branch
SIH26017-PRJ-000269,1,Preliminary Notification (Sec 11),2022-10-21,2022-12-12,2022-10-21,2023-02-21,Completed,100.0,71.0,District Collectorate
SIH26017-PRJ-000269,2,Social Impact Assessment (SIA),2023-02-24,2023-06-09,2023-02-24,2023-06-11,Completed,100.0,2.0,District Collectorate
SIH26017-PRJ-000269,3,Survey & Measurement,2023-06-17,2023-08-30,2023-06-17,2023-08-10,Completed,100.0,-20.0,Implementing Agency
SIH26017-PRJ-000269,4,Draft Declaration,2023-08-12,2023-10-06,2023-08-12,2023-10-22,Completed,100.0,16.0,Revenue Dept
SIH26017-PRJ-000269,5,Final Declaration (Sec 19),2023-10-26,2024-01-03,2023-10-26,2024-02-05,Completed,100.0,33.0,Revenue Dept
SIH26017-PRJ-000269,6,Award Declaration (Sec 23),2024-02-09,2024-05-08,,,Stalled,0.0,,District Collectorate
SIH26017-PRJ-000269,7,Compensation Disbursement,2024-02-09,2024-06-24,,,Stalled,0.0,,Revenue Dept
SIH26017-PRJ-000269,8,Possession,2024-02-09,2024-04-16,,,Stalled,0.0,,District Collectorate
SIH26017-PRJ-000269,9,Mutation & Handover,2024-02-09,2024-04-09,,,Stalled,0.0,,LA Branch
SIH26017-PRJ-000270,1,Preliminary Notification (Sec 11),2021-08-09,2021-10-10,2021-08-09,2022-02-20,Completed,100.0,133.0,Revenue Dept
SIH26017-PRJ-000270,2,Social Impact Assessment (SIA),2022-02-24,2022-07-01,2022-02-24,2024-05-17,Completed,100.0,686.0,LA Branch
SIH26017-PRJ-000270,3,Survey & Measurement,2024-05-22,2024-08-24,,,Stalled,0.0,,District Collectorate
SIH26017-PRJ-000270,4,Draft Declaration,2024-05-22,2024-07-30,,,Stalled,0.0,,District Collectorate
SIH26017-PRJ-000270,5,Final Declaration (Sec 19),2024-05-22,2024-08-17,,,Stalled,0.0,,District Collectorate
SIH26017-PRJ-000270,6,Award Declaration (Sec 23),2024-05-22,2024-09-13,,,Stalled,0.0,,District Collectorate
SIH26017-PRJ-000270,7,Compensation Disbursement,2024-05-22,2024-11-22,,,Stalled,0.0,,Revenue Dept
SIH26017-PRJ-000270,8,Possession,2024-05-22,2024-08-09,,,Stalled,0.0,,LA Branch
SIH26017-PRJ-000270,9,Mutation & Handover,2024-05-22,2024-07-25,,,Stalled,0.0,,District Collectorate
SIH26017-PRJ-000271,1,Preliminary Notification (Sec 11),2017-01-26,2017-03-13,2017-01-26,2017-05-04,Completed,100.0,52.0,Revenue Dept
SIH26017-PRJ-000271,2,Social Impact Assessment (SIA),2017-05-10,2017-09-06,2017-05-10,2018-01-25,Completed,100.0,141.0,LA Branch
SIH26017-PRJ-000271,3,Survey & Measurement,2018-01-27,2018-04-08,2018-01-27,2018-05-17,Completed,100.0,39.0,District Collectorate
SIH26017-PRJ-000271,4,Draft Declaration,2018-05-22,2018-07-15,2018-05-22,2018-10-20,Completed,100.0,97.0,LA Branch
SIH26017-PRJ-000271,5,Final Declaration (Sec 19),2018-10-24,2019-01-04,2018-10-24,2019-05-21,Completed,100.0,137.0,LA Branch
SIH26017-PRJ-000271,6,Award Declaration (Sec 23),2019-05-24,2019-08-27,2019-05-24,2020-03-12,Completed,100.0,198.0,Implementing Agency
SIH26017-PRJ-000271,7,Compensation Disbursement,2020-03-13,2020-08-09,2020-03-13,2021-06-28,Completed,100.0,323.0,District Collectorate
SIH26017-PRJ-000271,8,Possession,2021-07-01,2021-09-04,2021-07-01,2022-01-06,Completed,100.0,124.0,District Collectorate
SIH26017-PRJ-000271,9,Mutation & Handover,2022-01-11,2022-03-06,2022-01-11,2022-10-06,Completed,100.0,214.0,District Collectorate
SIH26017-PRJ-000272,1,Preliminary Notification (Sec 11),2018-03-17,2018-05-10,2018-03-17,2018-05-28,Completed,100.0,18.0,LA Branch
SIH26017-PRJ-000272,2,Social Impact Assessment (SIA),2018-06-02,2018-09-01,2018-06-02,2018-09-14,Completed,100.0,13.0,District Collectorate
SIH26017-PRJ-000272,3,Survey & Measurement,2018-09-18,2018-11-26,2018-09-18,2019-01-09,Completed,100.0,44.0,LA Branch
SIH26017-PRJ-000272,4,Draft Declaration,2019-01-11,2019-03-10,2019-01-11,2019-05-08,Completed,100.0,59.0,District Collectorate
SIH26017-PRJ-000272,5,Final Declaration (Sec 19),2019-05-12,2019-07-20,2019-05-12,2019-10-19,Completed,100.0,91.0,Revenue Dept
SIH26017-PRJ-000272,6,Award Declaration (Sec 23),2019-10-24,2020-01-14,2019-10-24,2020-05-06,Completed,100.0,113.0,District Collectorate
SIH26017-PRJ-000272,7,Compensation Disbursement,2020-05-08,2020-09-15,2020-05-08,2022-04-10,Completed,100.0,572.0,District Collectorate
SIH26017-PRJ-000272,8,Possession,2022-04-16,2022-06-29,2022-04-16,2023-06-30,Completed,100.0,366.0,Revenue Dept
SIH26017-PRJ-000272,9,Mutation & Handover,2023-07-05,2023-09-03,2023-07-05,2024-05-11,Completed,100.0,251.0,Implementing Agency
SIH26017-PRJ-000273,1,Preliminary Notification (Sec 11),2022-05-24,2022-07-19,2022-05-24,2022-08-31,Completed,100.0,43.0,LA Branch
SIH26017-PRJ-000273,2,Social Impact Assessment (SIA),2022-09-06,2022-12-29,2022-09-06,2023-03-15,Completed,100.0,76.0,District Collectorate
SIH26017-PRJ-000273,3,Survey & Measurement,2023-03-18,2023-05-29,2023-03-18,2023-07-22,Completed,100.0,54.0,LA Branch
SIH26017-PRJ-000273,4,Draft Declaration,2023-08-01,2023-09-17,2023-08-01,2023-11-04,Completed,100.0,48.0,District Collectorate
SIH26017-PRJ-000273,5,Final Declaration (Sec 19),2023-11-09,2024-01-13,2023-11-09,2024-02-20,Completed,100.0,38.0,LA Branch
SIH26017-PRJ-000273,6,Award Declaration (Sec 23),2024-02-21,2024-05-26,2024-02-21,2024-05-29,Completed,100.0,3.0,LA Branch
SIH26017-PRJ-000273,7,Compensation Disbursement,2024-06-01,2024-10-14,2024-06-01,2025-03-10,Completed,100.0,147.0,Revenue Dept
SIH26017-PRJ-000273,8,Possession,2025-03-16,2025-05-24,2025-03-16,2025-08-04,Completed,100.0,72.0,Implementing Agency
SIH26017-PRJ-000273,9,Mutation & Handover,2025-08-08,2025-09-24,2025-08-08,2025-10-06,Completed,100.0,12.0,District Collectorate
SIH26017-PRJ-000274,1,Preliminary Notification (Sec 11),2017-03-20,2017-05-22,2017-03-20,2017-08-22,Completed,100.0,92.0,Revenue Dept
SIH26017-PRJ-000274,2,Social Impact Assessment (SIA),2017-08-30,2018-01-17,2017-08-30,2018-09-29,Completed,100.0,255.0,District Collectorate
SIH26017-PRJ-000274,3,Survey & Measurement,2018-09-30,2018-12-29,2018-09-30,2020-01-14,Completed,100.0,381.0,LA Branch
SIH26017-PRJ-000274,4,Draft Declaration,2020-01-19,2020-03-25,2020-01-19,2020-12-27,Completed,100.0,277.0,District Collectorate
SIH26017-PRJ-000274,5,Final Declaration (Sec 19),2020-12-30,2021-03-29,2020-12-30,2022-05-14,Completed,100.0,411.0,District Collectorate
SIH26017-PRJ-000274,6,Award Declaration (Sec 23),2022-05-21,2022-09-08,2022-05-21,2024-07-30,Completed,100.0,691.0,Implementing Agency
SIH26017-PRJ-000274,7,Compensation Disbursement,2024-08-07,2025-01-23,2024-08-07,,In Progress,100.0,,LA Branch
SIH26017-PRJ-000274,8,Possession,2028-04-25,2028-07-06,,,Not Started,0.0,,LA Branch
SIH26017-PRJ-000274,9,Mutation & Handover,2029-07-12,2029-09-21,,,Not Started,0.0,,LA Branch
SIH26017-PRJ-000275,1,Preliminary Notification (Sec 11),2016-05-13,2016-07-17,2016-05-13,2016-07-17,Completed,100.0,0.0,District Collectorate
SIH26017-PRJ-000275,2,Social Impact Assessment (SIA),2016-07-24,2016-12-08,2016-07-24,2016-12-06,Completed,100.0,-2.0,LA Branch
SIH26017-PRJ-000275,3,Survey & Measurement,2016-12-10,2017-03-05,2016-12-10,2017-02-26,Completed,100.0,-7.0,District Collectorate
SIH26017-PRJ-000275,4,Draft Declaration,2017-02-28,2017-05-06,2017-02-28,2017-07-18,Completed,100.0,73.0,LA Branch
SIH26017-PRJ-000275,5,Final Declaration (Sec 19),2017-07-24,2017-10-17,2017-07-24,2018-03-07,Completed,100.0,141.0,LA Branch
SIH26017-PRJ-000275,6,Award Declaration (Sec 23),2018-03-12,2018-06-12,,,Stalled,0.0,,LA Branch
SIH26017-PRJ-000275,7,Compensation Disbursement,2018-03-12,2018-08-06,,,Stalled,0.0,,Revenue Dept
SIH26017-PRJ-000275,8,Possession,2018-03-12,2018-06-06,,,Stalled,0.0,,LA Branch
SIH26017-PRJ-000275,9,Mutation & Handover,2018-03-12,2018-05-10,,,Stalled,0.0,,Revenue Dept
SIH26017-PRJ-000276,1,Preliminary Notification (Sec 11),2021-04-09,2021-06-09,2021-04-09,2021-09-22,Completed,100.0,105.0,Revenue Dept
SIH26017-PRJ-000276,2,Social Impact Assessment (SIA),2021-09-28,2022-02-05,2021-09-28,2022-11-12,Completed,100.0,280.0,Implementing Agency
SIH26017-PRJ-000276,3,Survey & Measurement,2022-11-15,2023-02-06,2022-11-15,2023-07-13,Completed,100.0,157.0,Revenue Dept
SIH26017-PRJ-000276,4,Draft Declaration,2023-07-18,2023-09-21,2023-07-18,2024-04-07,Completed,100.0,199.0,District Collectorate
SIH26017-PRJ-000276,5,Final Declaration (Sec 19),2024-04-11,2024-07-04,2024-04-11,2025-06-20,Completed,100.0,351.0,LA Branch
SIH26017-PRJ-000276,6,Award Declaration (Sec 23),2025-06-24,2025-09-20,2025-06-24,,In Progress,100.0,,LA Branch
SIH26017-PRJ-000276,7,Compensation Disbursement,2027-04-27,2027-09-11,,,Not Started,0.0,,District Collectorate
SIH26017-PRJ-000276,8,Possession,2027-12-23,2028-03-20,,,Not Started,0.0,,District Collectorate
SIH26017-PRJ-000276,9,Mutation & Handover,2028-06-18,2028-08-22,,,Not Started,0.0,,Revenue Dept
SIH26017-PRJ-000277,1,Preliminary Notification (Sec 11),2022-09-09,2022-11-01,2022-09-09,2022-11-20,Completed,100.0,19.0,Implementing Agency
SIH26017-PRJ-000277,2,Social Impact Assessment (SIA),2022-11-26,2023-03-28,2022-11-26,2023-07-01,Completed,100.0,95.0,Revenue Dept
SIH26017-PRJ-000277,3,Survey & Measurement,2023-07-05,2023-09-14,2023-07-05,2023-09-24,Completed,100.0,10.0,LA Branch
SIH26017-PRJ-000277,4,Draft Declaration,2023-09-28,2023-11-18,2023-09-28,2023-11-15,Completed,100.0,-3.0,District Collectorate
SIH26017-PRJ-000277,5,Final Declaration (Sec 19),2023-11-18,2024-01-27,2023-11-18,2024-02-16,Completed,100.0,20.0,Implementing Agency
SIH26017-PRJ-000277,6,Award Declaration (Sec 23),2024-02-17,2024-05-07,2024-02-17,2024-06-22,Completed,100.0,46.0,District Collectorate
SIH26017-PRJ-000277,7,Compensation Disbursement,2024-06-25,2024-12-02,2024-06-25,2025-01-04,Completed,100.0,33.0,District Collectorate
SIH26017-PRJ-000277,8,Possession,2025-01-06,2025-04-02,2025-01-06,2025-05-18,Completed,100.0,46.0,District Collectorate
SIH26017-PRJ-000277,9,Mutation & Handover,2025-05-23,2025-07-10,2025-05-23,2025-08-21,Completed,100.0,42.0,LA Branch
SIH26017-PRJ-000278,1,Preliminary Notification (Sec 11),2017-02-19,2017-04-12,2017-02-19,2017-04-30,Completed,100.0,18.0,Implementing Agency
SIH26017-PRJ-000278,2,Social Impact Assessment (SIA),2017-05-03,2017-08-12,2017-05-03,2017-10-05,Completed,100.0,54.0,District Collectorate
SIH26017-PRJ-000278,3,Survey & Measurement,2017-10-11,2017-12-22,2017-10-11,2018-03-03,Completed,100.0,71.0,District Collectorate
SIH26017-PRJ-000278,4,Draft Declaration,2018-03-05,2018-04-30,2018-03-05,2018-08-17,Completed,100.0,109.0,LA Branch
SIH26017-PRJ-000278,5,Final Declaration (Sec 19),2018-08-24,2018-10-24,2018-08-24,2018-12-12,Completed,100.0,49.0,District Collectorate
SIH26017-PRJ-000278,6,Award Declaration (Sec 23),2018-12-20,2019-03-15,2018-12-20,2020-05-31,Completed,100.0,443.0,LA Branch
SIH26017-PRJ-000278,7,Compensation Disbursement,2020-06-03,2020-10-04,2020-06-03,2021-11-01,Completed,100.0,393.0,District Collectorate
SIH26017-PRJ-000278,8,Possession,2021-11-05,2022-01-10,2021-11-05,2022-07-26,Completed,100.0,197.0,District Collectorate
SIH26017-PRJ-000278,9,Mutation & Handover,2022-08-02,2022-09-26,2022-08-02,2023-02-12,Completed,100.0,139.0,District Collectorate
SIH26017-PRJ-000279,1,Preliminary Notification (Sec 11),2017-06-02,2017-08-14,2017-06-02,2017-08-31,Completed,100.0,17.0,District Collectorate
SIH26017-PRJ-000279,2,Social Impact Assessment (SIA),2017-09-04,2018-01-28,2017-09-04,2018-04-08,Completed,100.0,70.0,Revenue Dept
SIH26017-PRJ-000279,3,Survey & Measurement,2018-04-13,2018-07-10,2018-04-13,2018-09-19,Completed,100.0,71.0,District Collectorate
SIH26017-PRJ-000279,4,Draft Declaration,2018-09-26,2018-12-13,2018-09-26,2019-01-28,Completed,100.0,46.0,LA Branch
SIH26017-PRJ-000279,5,Final Declaration (Sec 19),2019-01-31,2019-05-13,2019-01-31,2020-02-11,Completed,100.0,274.0,District Collectorate
SIH26017-PRJ-000279,6,Award Declaration (Sec 23),2020-02-17,2020-05-26,2020-02-17,2020-11-23,Completed,100.0,181.0,LA Branch
SIH26017-PRJ-000279,7,Compensation Disbursement,2020-11-26,2021-05-13,2020-11-26,2022-11-04,Completed,100.0,540.0,LA Branch
SIH26017-PRJ-000279,8,Possession,2022-11-08,2023-02-13,,,Stalled,0.0,,LA Branch
SIH26017-PRJ-000279,9,Mutation & Handover,2022-11-08,2023-01-10,,,Stalled,0.0,,District Collectorate
SIH26017-PRJ-000280,1,Preliminary Notification (Sec 11),2021-02-05,2021-03-30,2021-02-05,2021-03-21,Completed,100.0,-9.0,Revenue Dept
SIH26017-PRJ-000280,2,Social Impact Assessment (SIA),2021-03-25,2021-06-12,2021-03-25,2021-07-20,Completed,100.0,38.0,District Collectorate
SIH26017-PRJ-000280,3,Survey & Measurement,2021-07-24,2021-09-26,2021-07-24,2021-12-07,Completed,100.0,72.0,LA Branch
SIH26017-PRJ-000280,4,Draft Declaration,2021-12-10,2022-01-31,2021-12-10,2022-03-23,Completed,100.0,51.0,District Collectorate
SIH26017-PRJ-000280,5,Final Declaration (Sec 19),2022-03-24,2022-06-07,2022-03-24,2022-07-17,Completed,100.0,40.0,Implementing Agency
SIH26017-PRJ-000280,6,Award Declaration (Sec 23),2022-07-19,2022-10-24,2022-07-19,2022-12-08,Completed,100.0,45.0,Revenue Dept
SIH26017-PRJ-000280,7,Compensation Disbursement,2022-12-10,2023-05-03,2022-12-10,2023-03-20,Completed,100.0,-44.0,Implementing Agency
SIH26017-PRJ-000280,8,Possession,2023-03-27,2023-06-16,2023-03-27,2023-07-26,Completed,100.0,40.0,Implementing Agency
SIH26017-PRJ-000280,9,Mutation & Handover,2023-08-03,2023-09-21,2023-08-03,2023-09-13,Completed,100.0,-8.0,Revenue Dept
SIH26017-PRJ-000281,1,Preliminary Notification (Sec 11),2024-07-05,2024-09-08,2024-07-05,2024-10-28,Completed,100.0,50.0,District Collectorate
SIH26017-PRJ-000281,2,Social Impact Assessment (SIA),2024-11-01,2025-03-13,2024-11-01,2026-03-24,Completed,100.0,376.0,District Collectorate
SIH26017-PRJ-000281,3,Survey & Measurement,2026-03-29,2026-06-29,2026-03-29,,In Progress,100.0,,Revenue Dept
SIH26017-PRJ-000281,4,Draft Declaration,2027-02-19,2027-04-29,,,Not Started,0.0,,Revenue Dept
SIH26017-PRJ-000281,5,Final Declaration (Sec 19),2027-09-26,2027-12-15,,,Not Started,0.0,,District Collectorate
SIH26017-PRJ-000281,6,Award Declaration (Sec 23),2028-08-05,2028-11-13,,,Not Started,0.0,,Implementing Agency
SIH26017-PRJ-000281,7,Compensation Disbursement,2030-10-26,2031-04-24,,,Not Started,0.0,,District Collectorate
SIH26017-PRJ-000281,8,Possession,2033-01-11,2033-04-14,,,Not Started,0.0,,LA Branch
SIH26017-PRJ-000281,9,Mutation & Handover,2034-09-10,2034-11-16,,,Not Started,0.0,,Revenue Dept
SIH26017-PRJ-000282,1,Preliminary Notification (Sec 11),2020-07-23,2020-09-17,2020-07-23,2020-09-19,Completed,100.0,2.0,Revenue Dept
SIH26017-PRJ-000282,2,Social Impact Assessment (SIA),2020-09-23,2021-01-23,2020-09-23,2021-12-30,Completed,100.0,341.0,Revenue Dept
SIH26017-PRJ-000282,3,Survey & Measurement,2022-01-02,2022-03-08,,,Stalled,0.0,,District Collectorate
SIH26017-PRJ-000282,4,Draft Declaration,2022-01-02,2022-03-03,,,Stalled,0.0,,Revenue Dept
SIH26017-PRJ-000282,5,Final Declaration (Sec 19),2022-01-02,2022-03-16,,,Stalled,0.0,,LA Branch
SIH26017-PRJ-000282,6,Award Declaration (Sec 23),2022-01-02,2022-04-07,,,Stalled,0.0,,Revenue Dept
SIH26017-PRJ-000282,7,Compensation Disbursement,2022-01-02,2022-06-25,,,Stalled,0.0,,District Collectorate
SIH26017-PRJ-000282,8,Possession,2022-01-02,2022-03-19,,,Stalled,0.0,,District Collectorate
SIH26017-PRJ-000282,9,Mutation & Handover,2022-01-02,2022-03-12,,,Stalled,0.0,,Revenue Dept
SIH26017-PRJ-000283,1,Preliminary Notification (Sec 11),2022-10-24,2022-12-17,2022-10-24,2022-12-23,Completed,100.0,6.0,District Collectorate
SIH26017-PRJ-000283,2,Social Impact Assessment (SIA),2022-12-27,2023-04-17,2022-12-27,2023-03-25,Completed,100.0,-23.0,District Collectorate
SIH26017-PRJ-000283,3,Survey & Measurement,2023-03-29,2023-05-30,,,Stalled,0.0,,District Collectorate
SIH26017-PRJ-000283,4,Draft Declaration,2023-03-29,2023-05-20,,,Stalled,0.0,,District Collectorate
SIH26017-PRJ-000283,5,Final Declaration (Sec 19),2023-03-29,2023-06-06,,,Stalled,0.0,,Revenue Dept
SIH26017-PRJ-000283,6,Award Declaration (Sec 23),2023-03-29,2023-06-21,,,Stalled,0.0,,Implementing Agency
SIH26017-PRJ-000283,7,Compensation Disbursement,2023-03-29,2023-09-01,,,Stalled,0.0,,Revenue Dept
SIH26017-PRJ-000283,8,Possession,2023-03-29,2023-06-11,,,Stalled,0.0,,LA Branch
SIH26017-PRJ-000283,9,Mutation & Handover,2023-03-29,2023-05-19,,,Stalled,0.0,,Revenue Dept
SIH26017-PRJ-000284,1,Preliminary Notification (Sec 11),2018-10-07,2018-12-06,2018-10-07,2018-12-18,Completed,100.0,12.0,District Collectorate
SIH26017-PRJ-000284,2,Social Impact Assessment (SIA),2018-12-20,2019-04-05,2018-12-20,2019-04-21,Completed,100.0,16.0,LA Branch
SIH26017-PRJ-000284,3,Survey & Measurement,2019-04-25,2019-07-08,2019-04-25,2019-07-26,Completed,100.0,18.0,District Collectorate
SIH26017-PRJ-000284,4,Draft Declaration,2019-07-28,2019-09-20,2019-07-28,2019-10-23,Completed,100.0,33.0,LA Branch
SIH26017-PRJ-000284,5,Final Declaration (Sec 19),2019-10-26,2020-01-09,2019-10-26,2020-03-13,Completed,100.0,64.0,Implementing Agency
SIH26017-PRJ-000284,6,Award Declaration (Sec 23),2020-03-16,2020-06-15,2020-03-16,2020-06-23,Completed,100.0,8.0,LA Branch
SIH26017-PRJ-000284,7,Compensation Disbursement,2020-06-24,2020-11-09,2020-06-24,2020-09-01,Completed,100.0,-69.0,Implementing Agency
SIH26017-PRJ-000284,8,Possession,2020-09-08,2020-11-23,2020-09-08,2020-12-12,Completed,100.0,19.0,Revenue Dept
SIH26017-PRJ-000284,9,Mutation & Handover,2020-12-17,2021-02-08,2020-12-17,2021-03-26,Completed,100.0,46.0,Implementing Agency
SIH26017-PRJ-000285,1,Preliminary Notification (Sec 11),2023-04-24,2023-06-16,2023-04-24,2023-06-29,Completed,100.0,13.0,LA Branch
SIH26017-PRJ-000285,2,Social Impact Assessment (SIA),2023-07-05,2023-10-07,2023-07-05,2023-10-02,Completed,100.0,-5.0,LA Branch
SIH26017-PRJ-000285,3,Survey & Measurement,2023-10-07,2023-12-23,2023-10-07,2023-12-28,Completed,100.0,5.0,LA Branch
SIH26017-PRJ-000285,4,Draft Declaration,2024-01-01,2024-02-27,2024-01-01,2024-02-12,Completed,100.0,-15.0,Revenue Dept
SIH26017-PRJ-000285,5,Final Declaration (Sec 19),2024-02-15,2024-04-18,2024-02-15,2024-04-08,Completed,100.0,-10.0,LA Branch
SIH26017-PRJ-000285,6,Award Declaration (Sec 23),2024-04-12,2024-07-09,2024-04-12,2024-08-05,Completed,100.0,27.0,Implementing Agency
SIH26017-PRJ-000285,7,Compensation Disbursement,2024-08-09,2024-12-25,2024-08-09,2025-01-10,Completed,100.0,16.0,LA Branch
SIH26017-PRJ-000285,8,Possession,2025-01-19,2025-03-23,2025-01-19,2025-03-04,Completed,100.0,-19.0,LA Branch
SIH26017-PRJ-000285,9,Mutation & Handover,2025-03-09,2025-05-02,2025-03-09,2025-05-20,Completed,100.0,18.0,District Collectorate
SIH26017-PRJ-000286,1,Preliminary Notification (Sec 11),2015-03-03,2015-05-14,2015-03-03,2015-04-08,Completed,100.0,-36.0,Implementing Agency
SIH26017-PRJ-000286,2,Social Impact Assessment (SIA),2015-04-12,2015-08-31,2015-04-12,2015-06-21,Completed,100.0,-71.0,District Collectorate
SIH26017-PRJ-000286,3,Survey & Measurement,2015-06-24,2015-09-28,2015-06-24,2015-10-17,Completed,100.0,19.0,LA Branch
SIH26017-PRJ-000286,4,Draft Declaration,2015-10-26,2015-12-29,2015-10-26,2015-12-16,Completed,100.0,-13.0,LA Branch
SIH26017-PRJ-000286,5,Final Declaration (Sec 19),2015-12-17,2016-03-14,2015-12-17,2016-02-13,Completed,100.0,-30.0,LA Branch
SIH26017-PRJ-000286,6,Award Declaration (Sec 23),2016-02-14,2016-06-08,2016-02-14,2016-04-11,Completed,100.0,-58.0,LA Branch
SIH26017-PRJ-000286,7,Compensation Disbursement,2016-04-17,2016-10-03,2016-04-17,2016-07-11,Completed,100.0,-84.0,Implementing Agency
SIH26017-PRJ-000286,8,Possession,2016-07-17,2016-10-16,2016-07-17,2016-08-31,Completed,100.0,-46.0,District Collectorate
SIH26017-PRJ-000286,9,Mutation & Handover,2016-09-09,2016-11-25,2016-09-09,2016-10-22,Completed,100.0,-34.0,Implementing Agency
SIH26017-PRJ-000287,1,Preliminary Notification (Sec 11),2018-08-02,2018-10-14,2018-08-02,2018-10-17,Completed,100.0,3.0,LA Branch
SIH26017-PRJ-000287,2,Social Impact Assessment (SIA),2018-10-20,2019-02-28,2018-10-20,2019-04-16,Completed,100.0,47.0,District Collectorate
SIH26017-PRJ-000287,3,Survey & Measurement,2019-04-18,2019-07-10,2019-04-18,2019-09-12,Completed,100.0,64.0,LA Branch
SIH26017-PRJ-000287,4,Draft Declaration,2019-09-15,2019-11-12,2019-09-15,2019-12-01,Completed,100.0,19.0,Revenue Dept
SIH26017-PRJ-000287,5,Final Declaration (Sec 19),2019-12-09,2020-03-06,2019-12-09,2020-03-22,Completed,100.0,16.0,Revenue Dept
SIH26017-PRJ-000287,6,Award Declaration (Sec 23),2020-03-26,2020-08-15,2020-03-26,2021-03-18,Completed,100.0,215.0,LA Branch
SIH26017-PRJ-000287,7,Compensation Disbursement,2021-03-22,2021-10-02,2021-03-22,2024-01-06,Completed,100.0,826.0,District Collectorate
SIH26017-PRJ-000287,8,Possession,2024-01-11,2024-04-07,2024-01-11,2024-10-21,Completed,100.0,197.0,District Collectorate
SIH26017-PRJ-000287,9,Mutation & Handover,2024-10-23,2024-12-16,2024-10-23,2025-02-23,Completed,100.0,69.0,District Collectorate
SIH26017-PRJ-000288,1,Preliminary Notification (Sec 11),2015-12-02,2016-02-03,2015-12-02,2016-03-31,Completed,100.0,57.0,District Collectorate
SIH26017-PRJ-000288,2,Social Impact Assessment (SIA),2016-04-06,2016-08-28,,,Stalled,0.0,,District Collectorate
SIH26017-PRJ-000288,3,Survey & Measurement,2016-04-06,2016-06-25,,,Stalled,0.0,,District Collectorate
SIH26017-PRJ-000288,4,Draft Declaration,2016-04-06,2016-06-12,,,Stalled,0.0,,District Collectorate
SIH26017-PRJ-000288,5,Final Declaration (Sec 19),2016-04-06,2016-06-24,,,Stalled,0.0,,LA Branch
SIH26017-PRJ-000288,6,Award Declaration (Sec 23),2016-04-06,2016-07-07,,,Stalled,0.0,,Revenue Dept
SIH26017-PRJ-000288,7,Compensation Disbursement,2016-04-06,2016-09-16,,,Stalled,0.0,,Revenue Dept
SIH26017-PRJ-000288,8,Possession,2016-04-06,2016-07-05,,,Stalled,0.0,,District Collectorate
SIH26017-PRJ-000288,9,Mutation & Handover,2016-04-06,2016-06-18,,,Stalled,0.0,,Revenue Dept
SIH26017-PRJ-000289,1,Preliminary Notification (Sec 11),2019-04-23,2019-06-19,2019-04-23,2019-06-09,Completed,100.0,-10.0,LA Branch
SIH26017-PRJ-000289,2,Social Impact Assessment (SIA),2019-06-13,2019-09-20,2019-06-13,2019-12-18,Completed,100.0,89.0,District Collectorate
SIH26017-PRJ-000289,3,Survey & Measurement,2019-12-19,2020-02-27,2019-12-19,2020-04-10,Completed,100.0,43.0,LA Branch
SIH26017-PRJ-000289,4,Draft Declaration,2020-04-11,2020-06-04,2020-04-11,2020-08-07,Completed,100.0,64.0,District Collectorate
SIH26017-PRJ-000289,5,Final Declaration (Sec 19),2020-08-13,2020-10-23,2020-08-13,2021-04-04,Completed,100.0,163.0,LA Branch
SIH26017-PRJ-000289,6,Award Declaration (Sec 23),2021-04-06,2021-07-14,2021-04-06,2021-09-19,Completed,100.0,67.0,District Collectorate
SIH26017-PRJ-000289,7,Compensation Disbursement,2021-09-24,2022-02-12,2021-09-24,2022-02-07,Completed,100.0,-5.0,Revenue Dept
SIH26017-PRJ-000289,8,Possession,2022-02-14,2022-04-27,2022-02-14,2022-05-09,Completed,100.0,12.0,Implementing Agency
SIH26017-PRJ-000289,9,Mutation & Handover,2022-05-11,2022-06-26,2022-05-11,2022-07-27,Completed,100.0,31.0,LA Branch
SIH26017-PRJ-000290,1,Preliminary Notification (Sec 11),2016-03-25,2016-05-26,2016-03-25,2016-08-14,Completed,100.0,80.0,Implementing Agency
SIH26017-PRJ-000290,2,Social Impact Assessment (SIA),2016-08-15,2016-12-26,2016-08-15,2017-05-29,Completed,100.0,154.0,District Collectorate
SIH26017-PRJ-000290,3,Survey & Measurement,2017-06-01,2017-08-31,2017-06-01,2017-11-26,Completed,100.0,87.0,LA Branch
SIH26017-PRJ-000290,4,Draft Declaration,2017-11-29,2018-02-05,2017-11-29,2018-07-06,Completed,100.0,151.0,Revenue Dept
SIH26017-PRJ-000290,5,Final Declaration (Sec 19),2018-07-12,2018-09-09,2018-07-12,2018-12-21,Completed,100.0,103.0,District Collectorate
SIH26017-PRJ-000290,6,Award Declaration (Sec 23),2018-12-24,2019-04-18,2018-12-24,2020-04-17,Completed,100.0,365.0,LA Branch
SIH26017-PRJ-000290,7,Compensation Disbursement,2020-04-22,2020-10-15,2020-04-22,2024-02-29,Completed,100.0,1232.0,Implementing Agency
SIH26017-PRJ-000290,8,Possession,2024-03-04,2024-05-20,,,Stalled,0.0,,Implementing Agency
SIH26017-PRJ-000290,9,Mutation & Handover,2024-03-04,2024-05-05,,,Stalled,0.0,,Implementing Agency
SIH26017-PRJ-000291,1,Preliminary Notification (Sec 11),2016-07-23,2016-09-15,2016-07-23,2016-10-22,Completed,100.0,37.0,LA Branch
SIH26017-PRJ-000291,2,Social Impact Assessment (SIA),2016-10-28,2017-02-03,2016-10-28,2017-06-03,Completed,100.0,120.0,Implementing Agency
SIH26017-PRJ-000291,3,Survey & Measurement,2017-06-11,2017-08-21,2017-06-11,2018-02-03,Completed,100.0,166.0,LA Branch
SIH26017-PRJ-000291,4,Draft Declaration,2018-02-06,2018-04-01,2018-02-06,2018-07-04,Completed,100.0,94.0,LA Branch
SIH26017-PRJ-000291,5,Final Declaration (Sec 19),2018-07-06,2018-09-13,2018-07-06,2019-01-02,Completed,100.0,111.0,Implementing Agency
SIH26017-PRJ-000291,6,Award Declaration (Sec 23),2019-01-06,2019-04-11,2019-01-06,2019-06-24,Completed,100.0,74.0,District Collectorate
SIH26017-PRJ-000291,7,Compensation Disbursement,2019-06-29,2019-11-27,2019-06-29,2020-03-28,Completed,100.0,122.0,District Collectorate
SIH26017-PRJ-000291,8,Possession,2020-03-30,2020-06-14,2020-03-30,2020-05-13,Completed,100.0,-32.0,Implementing Agency
SIH26017-PRJ-000291,9,Mutation & Handover,2020-05-16,2020-07-09,2020-05-16,2020-08-07,Completed,100.0,29.0,LA Branch
SIH26017-PRJ-000292,1,Preliminary Notification (Sec 11),2020-12-26,2021-03-03,2020-12-26,2021-03-17,Completed,100.0,14.0,District Collectorate
SIH26017-PRJ-000292,2,Social Impact Assessment (SIA),2021-03-19,2021-07-30,,,Stalled,0.0,,LA Branch
SIH26017-PRJ-000292,3,Survey & Measurement,2021-03-19,2021-06-11,,,Stalled,0.0,,District Collectorate
SIH26017-PRJ-000292,4,Draft Declaration,2021-03-19,2021-05-30,,,Stalled,0.0,,LA Branch
SIH26017-PRJ-000292,5,Final Declaration (Sec 19),2021-03-19,2021-06-13,,,Stalled,0.0,,District Collectorate
SIH26017-PRJ-000292,6,Award Declaration (Sec 23),2021-03-19,2021-07-24,,,Stalled,0.0,,District Collectorate
SIH26017-PRJ-000292,7,Compensation Disbursement,2021-03-19,2021-09-22,,,Stalled,0.0,,LA Branch
SIH26017-PRJ-000292,8,Possession,2021-03-19,2021-06-10,,,Stalled,0.0,,District Collectorate
SIH26017-PRJ-000292,9,Mutation & Handover,2021-03-19,2021-05-31,,,Stalled,0.0,,Implementing Agency
SIH26017-PRJ-000293,1,Preliminary Notification (Sec 11),2021-04-25,2021-07-01,2021-04-25,2021-08-26,Completed,100.0,56.0,Revenue Dept
SIH26017-PRJ-000293,2,Social Impact Assessment (SIA),2021-08-30,2022-01-24,2021-08-30,2022-05-22,Completed,100.0,118.0,LA Branch
SIH26017-PRJ-000293,3,Survey & Measurement,2022-05-26,2022-08-19,2022-05-26,2022-08-19,Completed,100.0,0.0,LA Branch
SIH26017-PRJ-000293,4,Draft Declaration,2022-08-25,2022-11-08,2022-08-25,2022-12-01,Completed,100.0,23.0,Implementing Agency
SIH26017-PRJ-000293,5,Final Declaration (Sec 19),2022-12-02,2023-02-22,2022-12-02,2023-03-06,Completed,100.0,12.0,District Collectorate
SIH26017-PRJ-000293,6,Award Declaration (Sec 23),2023-03-07,2023-07-11,2023-03-07,2023-06-12,Completed,100.0,-29.0,Revenue Dept
SIH26017-PRJ-000293,7,Compensation Disbursement,2023-06-16,2023-12-09,2023-06-16,2023-12-11,Completed,100.0,2.0,District Collectorate
SIH26017-PRJ-000293,8,Possession,2023-12-16,2024-03-21,2023-12-16,2024-03-19,Completed,100.0,-2.0,District Collectorate
SIH26017-PRJ-000293,9,Mutation & Handover,2024-03-25,2024-05-28,2024-03-25,2024-06-01,Completed,100.0,4.0,District Collectorate
SIH26017-PRJ-000294,1,Preliminary Notification (Sec 11),2017-01-29,2017-03-21,2017-01-29,2017-06-17,Completed,100.0,88.0,Revenue Dept
SIH26017-PRJ-000294,2,Social Impact Assessment (SIA),2017-06-20,2017-10-09,2017-06-20,2018-05-04,Completed,100.0,207.0,District Collectorate
SIH26017-PRJ-000294,3,Survey & Measurement,2018-05-06,2018-07-24,2018-05-06,2018-09-24,Completed,100.0,62.0,District Collectorate
SIH26017-PRJ-000294,4,Draft Declaration,2018-09-25,2018-11-17,2018-09-25,2019-03-01,Completed,100.0,104.0,LA Branch
SIH26017-PRJ-000294,5,Final Declaration (Sec 19),2019-03-05,2019-05-21,2019-03-05,2020-03-18,Completed,100.0,302.0,District Collectorate
SIH26017-PRJ-000294,6,Award Declaration (Sec 23),2020-03-20,2020-06-06,2020-03-20,2020-10-06,Completed,100.0,122.0,District Collectorate
SIH26017-PRJ-000294,7,Compensation Disbursement,2020-10-08,2021-03-03,,,Stalled,0.0,,Revenue Dept
SIH26017-PRJ-000294,8,Possession,2020-10-08,2020-12-19,,,Stalled,0.0,,District Collectorate
SIH26017-PRJ-000294,9,Mutation & Handover,2020-10-08,2020-12-02,,,Stalled,0.0,,Revenue Dept
SIH26017-PRJ-000295,1,Preliminary Notification (Sec 11),2022-03-24,2022-05-27,2022-03-24,2022-06-20,Completed,100.0,24.0,Implementing Agency
SIH26017-PRJ-000295,2,Social Impact Assessment (SIA),2022-06-27,2022-11-26,2022-06-27,2023-10-14,Completed,100.0,322.0,Implementing Agency
SIH26017-PRJ-000295,3,Survey & Measurement,2023-10-20,2024-01-23,,,Stalled,0.0,,LA Branch
SIH26017-PRJ-000295,4,Draft Declaration,2023-10-20,2023-12-21,,,Stalled,0.0,,LA Branch
SIH26017-PRJ-000295,5,Final Declaration (Sec 19),2023-10-20,2024-01-08,,,Stalled,0.0,,LA Branch
SIH26017-PRJ-000295,6,Award Declaration (Sec 23),2023-10-20,2024-01-25,,,Stalled,0.0,,District Collectorate
SIH26017-PRJ-000295,7,Compensation Disbursement,2023-10-20,2024-05-08,,,Stalled,0.0,,Implementing Agency
SIH26017-PRJ-000295,8,Possession,2023-10-20,2024-01-15,,,Stalled,0.0,,District Collectorate
SIH26017-PRJ-000295,9,Mutation & Handover,2023-10-20,2023-12-18,,,Stalled,0.0,,District Collectorate
SIH26017-PRJ-000296,1,Preliminary Notification (Sec 11),2018-06-14,2018-07-31,2018-06-14,2018-08-29,Completed,100.0,29.0,Revenue Dept
SIH26017-PRJ-000296,2,Social Impact Assessment (SIA),2018-09-03,2018-12-09,2018-09-03,2019-03-13,Completed,100.0,94.0,Implementing Agency
SIH26017-PRJ-000296,3,Survey & Measurement,2019-03-20,2019-05-28,2019-03-20,2019-06-17,Completed,100.0,20.0,District Collectorate
SIH26017-PRJ-000296,4,Draft Declaration,2019-06-24,2019-08-20,2019-06-24,2019-08-17,Completed,100.0,-3.0,District Collectorate
SIH26017-PRJ-000296,5,Final Declaration (Sec 19),2019-08-23,2019-11-09,2019-08-23,2019-11-06,Completed,100.0,-3.0,District Collectorate
SIH26017-PRJ-000296,6,Award Declaration (Sec 23),2019-11-12,2020-02-07,2019-11-12,2020-02-21,Completed,100.0,14.0,Implementing Agency
SIH26017-PRJ-000296,7,Compensation Disbursement,2020-02-26,2020-07-01,2020-02-26,2020-08-13,Completed,100.0,43.0,Implementing Agency
SIH26017-PRJ-000296,8,Possession,2020-08-16,2020-10-20,2020-08-16,2020-10-08,Completed,100.0,-12.0,LA Branch
SIH26017-PRJ-000296,9,Mutation & Handover,2020-10-14,2020-12-01,2020-10-14,2020-11-25,Completed,100.0,-6.0,Revenue Dept
SIH26017-PRJ-000297,1,Preliminary Notification (Sec 11),2021-04-06,2021-05-30,2021-04-06,2021-06-15,Completed,100.0,16.0,Implementing Agency
SIH26017-PRJ-000297,2,Social Impact Assessment (SIA),2021-06-19,2021-10-22,,,Stalled,0.0,,District Collectorate
SIH26017-PRJ-000297,3,Survey & Measurement,2021-06-19,2021-09-19,,,Stalled,0.0,,Revenue Dept
SIH26017-PRJ-000297,4,Draft Declaration,2021-06-19,2021-08-16,,,Stalled,0.0,,District Collectorate
SIH26017-PRJ-000297,5,Final Declaration (Sec 19),2021-06-19,2021-08-29,,,Stalled,0.0,,District Collectorate
SIH26017-PRJ-000297,6,Award Declaration (Sec 23),2021-06-19,2021-09-20,,,Stalled,0.0,,Implementing Agency
SIH26017-PRJ-000297,7,Compensation Disbursement,2021-06-19,2021-11-21,,,Stalled,0.0,,District Collectorate
SIH26017-PRJ-000297,8,Possession,2021-06-19,2021-09-16,,,Stalled,0.0,,Revenue Dept
SIH26017-PRJ-000297,9,Mutation & Handover,2021-06-19,2021-08-13,,,Stalled,0.0,,LA Branch
SIH26017-PRJ-000298,1,Preliminary Notification (Sec 11),2020-07-26,2020-09-30,2020-07-26,2021-01-08,Completed,100.0,100.0,Revenue Dept
SIH26017-PRJ-000298,2,Social Impact Assessment (SIA),2021-01-12,2021-05-31,2021-01-12,2021-10-12,Completed,100.0,134.0,Implementing Agency
SIH26017-PRJ-000298,3,Survey & Measurement,2021-10-16,2022-01-06,2021-10-16,2022-06-15,Completed,100.0,160.0,District Collectorate
SIH26017-PRJ-000298,4,Draft Declaration,2022-06-19,2022-08-27,2022-06-19,2022-12-18,Completed,100.0,113.0,District Collectorate
SIH26017-PRJ-000298,5,Final Declaration (Sec 19),2022-12-21,2023-03-18,2022-12-21,2023-09-09,Completed,100.0,175.0,LA Branch
SIH26017-PRJ-000298,6,Award Declaration (Sec 23),2023-09-10,2023-12-29,2023-09-10,2024-03-07,Completed,100.0,69.0,Revenue Dept
SIH26017-PRJ-000298,7,Compensation Disbursement,2024-03-10,2024-09-01,2024-03-10,2024-10-23,Completed,100.0,52.0,Revenue Dept
SIH26017-PRJ-000298,8,Possession,2024-10-29,2025-01-15,2024-10-29,2025-02-05,Completed,100.0,21.0,Implementing Agency
SIH26017-PRJ-000298,9,Mutation & Handover,2025-02-10,2025-04-16,2025-02-10,2025-07-14,Completed,100.0,89.0,LA Branch
SIH26017-PRJ-000299,1,Preliminary Notification (Sec 11),2020-12-12,2021-01-30,2020-12-12,2021-01-19,Completed,100.0,-11.0,LA Branch
SIH26017-PRJ-000299,2,Social Impact Assessment (SIA),2021-01-21,2021-04-24,2021-01-21,2021-05-10,Completed,100.0,16.0,LA Branch
SIH26017-PRJ-000299,3,Survey & Measurement,2021-05-15,2021-07-29,2021-05-15,2021-10-17,Completed,100.0,80.0,LA Branch
SIH26017-PRJ-000299,4,Draft Declaration,2021-10-20,2021-12-06,2021-10-20,2022-01-06,Completed,100.0,31.0,Implementing Agency
SIH26017-PRJ-000299,5,Final Declaration (Sec 19),2022-01-10,2022-03-26,2022-01-10,2022-05-05,Completed,100.0,40.0,District Collectorate
SIH26017-PRJ-000299,6,Award Declaration (Sec 23),2022-05-12,2022-08-08,2022-05-12,2022-07-09,Completed,100.0,-30.0,District Collectorate
SIH26017-PRJ-000299,7,Compensation Disbursement,2022-07-20,2022-11-17,2022-07-20,2022-10-20,Completed,100.0,-28.0,Revenue Dept
SIH26017-PRJ-000299,8,Possession,2022-10-28,2023-01-02,2022-10-28,2022-12-23,Completed,100.0,-10.0,LA Branch
SIH26017-PRJ-000299,9,Mutation & Handover,2022-12-25,2023-02-17,2022-12-25,2023-02-26,Completed,100.0,9.0,LA Branch
SIH26017-PRJ-000300,1,Preliminary Notification (Sec 11),2015-10-12,2015-12-08,2015-10-12,2016-01-02,Completed,100.0,25.0,Revenue Dept
SIH26017-PRJ-000300,2,Social Impact Assessment (SIA),2016-01-10,2016-04-21,2016-01-10,2016-07-06,Completed,100.0,76.0,District Collectorate
SIH26017-PRJ-000300,3,Survey & Measurement,2016-07-11,2016-09-25,2016-07-11,2016-10-14,Completed,100.0,19.0,Implementing Agency
SIH26017-PRJ-000300,4,Draft Declaration,2016-10-16,2016-12-08,2016-10-16,2017-02-19,Completed,100.0,73.0,District Collectorate
SIH26017-PRJ-000300,5,Final Declaration (Sec 19),2017-02-24,2017-04-24,2017-02-24,2017-05-27,Completed,100.0,33.0,District Collectorate
SIH26017-PRJ-000300,6,Award Declaration (Sec 23),2017-05-30,2017-08-19,2017-05-30,2017-07-23,Completed,100.0,-27.0,LA Branch
SIH26017-PRJ-000300,7,Compensation Disbursement,2017-07-28,2017-12-05,2017-07-28,2018-01-15,Completed,100.0,41.0,District Collectorate
SIH26017-PRJ-000300,8,Possession,2018-01-20,2018-04-01,2018-01-20,2018-04-03,Completed,100.0,2.0,District Collectorate
SIH26017-PRJ-000300,9,Mutation & Handover,2018-04-05,2018-05-22,2018-04-05,2018-06-20,Completed,100.0,29.0,District Collectorate
SIH26017-PRJ-000301,1,Preliminary Notification (Sec 11),2018-01-13,2018-03-03,2018-01-13,2018-03-02,Completed,100.0,-1.0,District Collectorate
SIH26017-PRJ-000301,2,Social Impact Assessment (SIA),2018-03-06,2018-06-19,2018-03-06,2018-09-19,Completed,100.0,92.0,LA Branch
SIH26017-PRJ-000301,3,Survey & Measurement,2018-09-25,2018-11-27,2018-09-25,2019-03-06,Completed,100.0,99.0,District Collectorate
SIH26017-PRJ-000301,4,Draft Declaration,2019-03-10,2019-04-25,2019-03-10,2019-06-17,Completed,100.0,53.0,District Collectorate
SIH26017-PRJ-000301,5,Final Declaration (Sec 19),2019-06-21,2019-08-28,2019-06-21,2019-11-11,Completed,100.0,75.0,District Collectorate
SIH26017-PRJ-000301,6,Award Declaration (Sec 23),2019-11-12,2020-02-07,2019-11-12,2020-05-09,Completed,100.0,92.0,Revenue Dept
SIH26017-PRJ-000301,7,Compensation Disbursement,2020-05-12,2020-09-24,2020-05-12,2021-01-23,Completed,100.0,121.0,Revenue Dept
SIH26017-PRJ-000301,8,Possession,2021-01-24,2021-03-30,2021-01-24,2021-07-12,Completed,100.0,104.0,Implementing Agency
SIH26017-PRJ-000301,9,Mutation & Handover,2021-07-15,2021-09-04,2021-07-15,2021-10-21,Completed,100.0,47.0,District Collectorate
SIH26017-PRJ-000302,1,Preliminary Notification (Sec 11),2018-12-21,2019-02-08,2018-12-21,2019-02-08,Completed,100.0,0.0,District Collectorate
SIH26017-PRJ-000302,2,Social Impact Assessment (SIA),2019-02-09,2019-05-27,2019-02-09,2019-05-27,Completed,100.0,0.0,District Collectorate
SIH26017-PRJ-000302,3,Survey & Measurement,2019-05-28,2019-08-13,2019-05-28,2020-01-31,Completed,100.0,171.0,Implementing Agency
SIH26017-PRJ-000302,4,Draft Declaration,2020-02-07,2020-04-02,2020-02-07,2020-07-12,Completed,100.0,101.0,Revenue Dept
SIH26017-PRJ-000302,5,Final Declaration (Sec 19),2020-07-15,2020-09-24,2020-07-15,2022-02-03,Completed,100.0,497.0,District Collectorate
SIH26017-PRJ-000302,6,Award Declaration (Sec 23),2022-02-09,2022-05-13,2022-02-09,2023-03-10,Completed,100.0,301.0,LA Branch
SIH26017-PRJ-000302,7,Compensation Disbursement,2023-03-14,2023-08-15,2023-03-14,2023-11-08,Completed,100.0,85.0,District Collectorate
SIH26017-PRJ-000302,8,Possession,2023-11-13,2024-01-28,,,Stalled,0.0,,Revenue Dept
SIH26017-PRJ-000302,9,Mutation & Handover,2023-11-13,2024-01-08,,,Stalled,0.0,,Implementing Agency
SIH26017-PRJ-000303,1,Preliminary Notification (Sec 11),2022-05-12,2022-07-04,2022-05-12,2022-07-26,Completed,100.0,22.0,Implementing Agency
SIH26017-PRJ-000303,2,Social Impact Assessment (SIA),2022-08-03,2022-11-17,2022-08-03,2023-01-20,Completed,100.0,64.0,District Collectorate
SIH26017-PRJ-000303,3,Survey & Measurement,2023-01-24,2023-04-15,2023-01-24,2023-05-06,Completed,100.0,21.0,District Collectorate
SIH26017-PRJ-000303,4,Draft Declaration,2023-05-12,2023-07-05,2023-05-12,2023-07-28,Completed,100.0,23.0,District Collectorate
SIH26017-PRJ-000303,5,Final Declaration (Sec 19),2023-08-03,2023-10-16,2023-08-03,2023-12-05,Completed,100.0,50.0,District Collectorate
SIH26017-PRJ-000303,6,Award Declaration (Sec 23),2023-12-09,2024-03-10,2023-12-09,2024-03-01,Completed,100.0,-9.0,District Collectorate
SIH26017-PRJ-000303,7,Compensation Disbursement,2024-03-06,2024-08-01,2024-03-06,2024-08-30,Completed,100.0,29.0,LA Branch
SIH26017-PRJ-000303,8,Possession,2024-08-31,2024-11-09,2024-08-31,2024-11-26,Completed,100.0,17.0,Implementing Agency
SIH26017-PRJ-000303,9,Mutation & Handover,2024-11-27,2025-01-15,2024-11-27,2025-01-24,Completed,100.0,9.0,Revenue Dept
SIH26017-PRJ-000304,1,Preliminary Notification (Sec 11),2021-10-29,2021-12-19,2021-10-29,2021-12-13,Completed,100.0,-6.0,Revenue Dept
SIH26017-PRJ-000304,2,Social Impact Assessment (SIA),2021-12-18,2022-03-30,2021-12-18,2022-02-27,Completed,100.0,-31.0,District Collectorate
SIH26017-PRJ-000304,3,Survey & Measurement,2022-03-05,2022-05-10,2022-03-05,2022-05-15,Completed,100.0,5.0,LA Branch
SIH26017-PRJ-000304,4,Draft Declaration,2022-05-16,2022-07-06,2022-05-16,2022-06-11,Completed,100.0,-25.0,District Collectorate
SIH26017-PRJ-000304,5,Final Declaration (Sec 19),2022-06-17,2022-08-28,2022-06-17,2022-07-23,Completed,100.0,-36.0,District Collectorate
SIH26017-PRJ-000304,6,Award Declaration (Sec 23),2022-07-27,2022-10-12,2022-07-27,2022-09-04,Completed,100.0,-38.0,Revenue Dept
SIH26017-PRJ-000304,7,Compensation Disbursement,2022-09-10,2023-01-22,2022-09-10,2022-12-19,Completed,100.0,-34.0,District Collectorate
SIH26017-PRJ-000304,8,Possession,2022-12-23,2023-03-03,2022-12-23,2023-01-27,Completed,100.0,-35.0,Revenue Dept
SIH26017-PRJ-000304,9,Mutation & Handover,2023-02-01,2023-03-28,2023-02-01,2023-03-05,Completed,100.0,-23.0,District Collectorate
SIH26017-PRJ-000305,1,Preliminary Notification (Sec 11),2020-07-25,2020-09-22,2020-07-25,2021-01-13,Completed,100.0,113.0,LA Branch
SIH26017-PRJ-000305,2,Social Impact Assessment (SIA),2021-01-16,2021-04-26,2021-01-16,2023-01-05,Completed,100.0,619.0,District Collectorate
SIH26017-PRJ-000305,3,Survey & Measurement,2023-01-07,2023-03-12,2023-01-07,2023-05-10,Completed,100.0,59.0,District Collectorate
SIH26017-PRJ-000305,4,Draft Declaration,2023-05-14,2023-07-06,2023-05-14,2023-12-01,Completed,100.0,148.0,District Collectorate
SIH26017-PRJ-000305,5,Final Declaration (Sec 19),2023-12-07,2024-02-19,2023-12-07,2024-05-27,Completed,100.0,98.0,Revenue Dept
SIH26017-PRJ-000305,6,Award Declaration (Sec 23),2024-05-30,2024-09-12,2024-05-30,2025-04-10,Completed,100.0,210.0,Implementing Agency
SIH26017-PRJ-000305,7,Compensation Disbursement,2025-04-17,2025-09-12,2025-04-17,,In Progress,100.0,,District Collectorate
SIH26017-PRJ-000305,8,Possession,2027-06-26,2027-09-08,,,Not Started,0.0,,District Collectorate
SIH26017-PRJ-000305,9,Mutation & Handover,2028-03-05,2028-05-05,,,Not Started,0.0,,District Collectorate
SIH26017-PRJ-000306,1,Preliminary Notification (Sec 11),2019-12-07,2020-01-29,2019-12-07,2020-01-22,Completed,100.0,-7.0,District Collectorate
SIH26017-PRJ-000306,2,Social Impact Assessment (SIA),2020-01-26,2020-05-06,2020-01-26,2020-04-11,Completed,100.0,-25.0,District Collectorate
SIH26017-PRJ-000306,3,Survey & Measurement,2020-04-13,2020-06-27,2020-04-13,2020-05-21,Completed,100.0,-37.0,Revenue Dept
SIH26017-PRJ-000306,4,Draft Declaration,2020-05-25,2020-07-19,2020-05-25,2020-07-18,Completed,100.0,-1.0,Implementing Agency
SIH26017-PRJ-000306,5,Final Declaration (Sec 19),2020-07-20,2020-10-07,2020-07-20,2020-09-21,Completed,100.0,-16.0,Revenue Dept
SIH26017-PRJ-000306,6,Award Declaration (Sec 23),2020-09-27,2021-01-04,2020-09-27,2021-02-15,Completed,100.0,42.0,LA Branch
SIH26017-PRJ-000306,7,Compensation Disbursement,2021-02-19,2021-07-17,2021-02-19,2021-05-24,Completed,100.0,-54.0,LA Branch
SIH26017-PRJ-000306,8,Possession,2021-05-28,2021-08-17,2021-05-28,2021-10-02,Completed,100.0,46.0,LA Branch
SIH26017-PRJ-000306,9,Mutation & Handover,2021-10-04,2021-11-24,2021-10-04,2021-12-08,Completed,100.0,14.0,Implementing Agency
SIH26017-PRJ-000307,1,Preliminary Notification (Sec 11),2018-04-02,2018-05-31,2018-04-02,2018-05-01,Completed,100.0,-30.0,District Collectorate
SIH26017-PRJ-000307,2,Social Impact Assessment (SIA),2018-05-07,2018-08-17,2018-05-07,2018-08-03,Completed,100.0,-14.0,LA Branch
SIH26017-PRJ-000307,3,Survey & Measurement,2018-08-08,2018-10-27,2018-08-08,2018-11-08,Completed,100.0,12.0,Revenue Dept
SIH26017-PRJ-000307,4,Draft Declaration,2018-11-12,2019-01-02,2018-11-12,2019-01-11,Completed,100.0,9.0,Revenue Dept
SIH26017-PRJ-000307,5,Final Declaration (Sec 19),2019-01-16,2019-03-25,2019-01-16,2019-03-15,Completed,100.0,-10.0,District Collectorate
SIH26017-PRJ-000307,6,Award Declaration (Sec 23),2019-03-18,2019-06-10,2019-03-18,2019-05-06,Completed,100.0,-35.0,LA Branch
SIH26017-PRJ-000307,7,Compensation Disbursement,2019-05-10,2019-10-09,2019-05-10,2020-03-01,Completed,100.0,144.0,LA Branch
SIH26017-PRJ-000307,8,Possession,2020-03-05,2020-05-22,2020-03-05,2020-08-06,Completed,100.0,76.0,District Collectorate
SIH26017-PRJ-000307,9,Mutation & Handover,2020-08-14,2020-09-29,2020-08-14,2020-10-01,Completed,100.0,2.0,District Collectorate
SIH26017-PRJ-000308,1,Preliminary Notification (Sec 11),2020-10-07,2020-11-24,2020-10-07,2020-11-18,Completed,100.0,-6.0,Revenue Dept
SIH26017-PRJ-000308,2,Social Impact Assessment (SIA),2020-11-20,2021-03-08,2020-11-20,2021-03-12,Completed,100.0,4.0,LA Branch
SIH26017-PRJ-000308,3,Survey & Measurement,2021-03-18,2021-06-06,2021-03-18,2021-05-22,Completed,100.0,-15.0,District Collectorate
SIH26017-PRJ-000308,4,Draft Declaration,2021-05-28,2021-07-25,2021-05-28,2021-07-14,Completed,100.0,-11.0,District Collectorate
SIH26017-PRJ-000308,5,Final Declaration (Sec 19),2021-07-18,2021-09-18,2021-07-18,2021-10-19,Completed,100.0,31.0,LA Branch
SIH26017-PRJ-000308,6,Award Declaration (Sec 23),2021-10-22,2022-01-10,2021-10-22,2022-02-08,Completed,100.0,29.0,LA Branch
SIH26017-PRJ-000308,7,Compensation Disbursement,2022-02-13,2022-06-23,2022-02-13,2022-08-17,Completed,100.0,55.0,Revenue Dept
SIH26017-PRJ-000308,8,Possession,2022-08-23,2022-10-28,2022-08-23,2022-10-05,Completed,100.0,-23.0,District Collectorate
SIH26017-PRJ-000308,9,Mutation & Handover,2022-10-08,2022-11-30,2022-10-08,2022-11-04,Completed,100.0,-26.0,LA Branch
SIH26017-PRJ-000309,1,Preliminary Notification (Sec 11),2019-12-08,2020-01-31,2019-12-08,2020-02-14,Completed,100.0,14.0,Implementing Agency
SIH26017-PRJ-000309,2,Social Impact Assessment (SIA),2020-02-22,2020-06-14,2020-02-22,2020-05-23,Completed,100.0,-22.0,Revenue Dept
SIH26017-PRJ-000309,3,Survey & Measurement,2020-05-26,2020-07-26,2020-05-26,2020-08-04,Completed,100.0,9.0,Revenue Dept
SIH26017-PRJ-000309,4,Draft Declaration,2020-08-10,2020-10-02,2020-08-10,2020-11-08,Completed,100.0,37.0,LA Branch
SIH26017-PRJ-000309,5,Final Declaration (Sec 19),2020-11-10,2021-01-15,2020-11-10,2021-01-16,Completed,100.0,1.0,Revenue Dept
SIH26017-PRJ-000309,6,Award Declaration (Sec 23),2021-01-20,2021-04-18,2021-01-20,2021-04-26,Completed,100.0,8.0,LA Branch
SIH26017-PRJ-000309,7,Compensation Disbursement,2021-04-28,2021-09-19,2021-04-28,2021-08-14,Completed,100.0,-36.0,LA Branch
SIH26017-PRJ-000309,8,Possession,2021-08-15,2021-10-30,2021-08-15,2021-11-06,Completed,100.0,7.0,Implementing Agency
SIH26017-PRJ-000309,9,Mutation & Handover,2021-11-09,2022-01-04,2021-11-09,2022-01-05,Completed,100.0,1.0,Revenue Dept
SIH26017-PRJ-000310,1,Preliminary Notification (Sec 11),2016-08-18,2016-10-09,2016-08-18,2016-12-22,Completed,100.0,74.0,Implementing Agency
SIH26017-PRJ-000310,2,Social Impact Assessment (SIA),2016-12-27,2017-04-15,2016-12-27,2017-08-16,Completed,100.0,123.0,LA Branch
SIH26017-PRJ-000310,3,Survey & Measurement,2017-08-18,2017-10-20,,,Stalled,0.0,,LA Branch
SIH26017-PRJ-000310,4,Draft Declaration,2017-08-18,2017-10-11,,,Stalled,0.0,,Revenue Dept
SIH26017-PRJ-000310,5,Final Declaration (Sec 19),2017-08-18,2017-11-04,,,Stalled,0.0,,Revenue Dept
SIH26017-PRJ-000310,6,Award Declaration (Sec 23),2017-08-18,2017-11-10,,,Stalled,0.0,,District Collectorate
SIH26017-PRJ-000310,7,Compensation Disbursement,2017-08-18,2017-12-28,,,Stalled,0.0,,Implementing Agency
SIH26017-PRJ-000310,8,Possession,2017-08-18,2017-11-03,,,Stalled,0.0,,District Collectorate
SIH26017-PRJ-000310,9,Mutation & Handover,2017-08-18,2017-10-10,,,Stalled,0.0,,District Collectorate
SIH26017-PRJ-000311,1,Preliminary Notification (Sec 11),2022-06-23,2022-08-17,2022-06-23,2022-09-23,Completed,100.0,37.0,Revenue Dept
SIH26017-PRJ-000311,2,Social Impact Assessment (SIA),2022-09-29,2023-01-26,2022-09-29,2023-04-02,Completed,100.0,66.0,Revenue Dept
SIH26017-PRJ-000311,3,Survey & Measurement,2023-04-08,2023-06-25,,,Stalled,0.0,,Revenue Dept
SIH26017-PRJ-000311,4,Draft Declaration,2023-04-08,2023-05-26,,,Stalled,0.0,,District Collectorate
SIH26017-PRJ-000311,5,Final Declaration (Sec 19),2023-04-08,2023-06-18,,,Stalled,0.0,,Revenue Dept
SIH26017-PRJ-000311,6,Award Declaration (Sec 23),2023-04-08,2023-07-11,,,Stalled,0.0,,Revenue Dept
SIH26017-PRJ-000311,7,Compensation Disbursement,2023-04-08,2023-08-18,,,Stalled,0.0,,Implementing Agency
SIH26017-PRJ-000311,8,Possession,2023-04-08,2023-06-26,,,Stalled,0.0,,Revenue Dept
SIH26017-PRJ-000311,9,Mutation & Handover,2023-04-08,2023-06-02,,,Stalled,0.0,,District Collectorate
SIH26017-PRJ-000312,1,Preliminary Notification (Sec 11),2019-06-18,2019-08-27,2019-06-18,2019-08-17,Completed,100.0,-10.0,District Collectorate
SIH26017-PRJ-000312,2,Social Impact Assessment (SIA),2019-08-21,2019-12-13,2019-08-21,2020-01-22,Completed,100.0,40.0,LA Branch
SIH26017-PRJ-000312,3,Survey & Measurement,2020-01-26,2020-04-06,2020-01-26,2020-05-08,Completed,100.0,32.0,LA Branch
SIH26017-PRJ-000312,4,Draft Declaration,2020-05-12,2020-07-04,2020-05-12,2020-07-03,Completed,100.0,-1.0,Implementing Agency
SIH26017-PRJ-000312,5,Final Declaration (Sec 19),2020-07-08,2020-09-16,2020-07-08,2020-09-22,Completed,100.0,6.0,LA Branch
SIH26017-PRJ-000312,6,Award Declaration (Sec 23),2020-09-27,2020-12-29,,,Stalled,0.0,,District Collectorate
SIH26017-PRJ-000312,7,Compensation Disbursement,2020-09-27,2021-02-14,,,Stalled,0.0,,Revenue Dept
SIH26017-PRJ-000312,8,Possession,2020-09-27,2020-12-13,,,Stalled,0.0,,Implementing Agency
SIH26017-PRJ-000312,9,Mutation & Handover,2020-09-27,2020-11-19,,,Stalled,0.0,,LA Branch
SIH26017-PRJ-000313,1,Preliminary Notification (Sec 11),2024-01-22,2024-03-29,2024-01-22,2024-05-04,Completed,100.0,36.0,LA Branch
SIH26017-PRJ-000313,2,Social Impact Assessment (SIA),2024-05-08,2024-09-08,2024-05-08,2025-06-03,Completed,100.0,268.0,LA Branch
SIH26017-PRJ-000313,3,Survey & Measurement,2025-06-07,2025-08-26,2025-06-07,2026-04-30,Completed,100.0,247.0,District Collectorate
SIH26017-PRJ-000313,4,Draft Declaration,2026-05-02,2026-06-27,2026-05-02,,In Progress,100.0,,Revenue Dept
SIH26017-PRJ-000313,5,Final Declaration (Sec 19),2027-06-07,2027-08-26,,,Not Started,0.0,,District Collectorate
SIH26017-PRJ-000313,6,Award Declaration (Sec 23),2028-12-24,2029-03-31,,,Not Started,0.0,,LA Branch
SIH26017-PRJ-000313,7,Compensation Disbursement,2029-10-31,2030-03-31,,,Not Started,0.0,,LA Branch
SIH26017-PRJ-000313,8,Possession,2030-07-26,2030-10-20,,,Not Started,0.0,,Revenue Dept
SIH26017-PRJ-000313,9,Mutation & Handover,2030-12-06,2031-02-05,,,Not Started,0.0,,LA Branch
SIH26017-PRJ-000314,1,Preliminary Notification (Sec 11),2024-09-18,2024-11-23,2024-09-18,2025-02-01,Completed,100.0,70.0,District Collectorate
SIH26017-PRJ-000314,2,Social Impact Assessment (SIA),2025-02-04,2025-05-22,2025-02-04,,In Progress,100.0,,LA Branch
SIH26017-PRJ-000314,3,Survey & Measurement,2026-09-15,2026-11-26,,,Not Started,0.0,,District Collectorate
SIH26017-PRJ-000314,4,Draft Declaration,2027-02-25,2027-04-13,,,Not Started,0.0,,District Collectorate
SIH26017-PRJ-000314,5,Final Declaration (Sec 19),2027-05-01,2027-07-14,,,Not Started,0.0,,LA Branch
SIH26017-PRJ-000314,6,Award Declaration (Sec 23),2027-08-18,2027-11-30,,,Not Started,0.0,,LA Branch
SIH26017-PRJ-000314,7,Compensation Disbursement,2027-12-17,2028-05-31,,,Not Started,0.0,,LA Branch
SIH26017-PRJ-000314,8,Possession,2029-06-30,2029-09-16,,,Not Started,0.0,,District Collectorate
SIH26017-PRJ-000314,9,Mutation & Handover,2029-12-25,2030-02-17,,,Not Started,0.0,,District Collectorate
SIH26017-PRJ-000315,1,Preliminary Notification (Sec 11),2017-07-03,2017-08-28,2017-07-03,2017-10-26,Completed,100.0,59.0,District Collectorate
SIH26017-PRJ-000315,2,Social Impact Assessment (SIA),2017-11-04,2018-02-07,2017-11-04,2019-01-21,Completed,100.0,348.0,LA Branch
SIH26017-PRJ-000315,3,Survey & Measurement,2019-01-25,2019-04-03,2019-01-25,2019-06-28,Completed,100.0,86.0,LA Branch
SIH26017-PRJ-000315,4,Draft Declaration,2019-07-03,2019-08-25,2019-07-03,2019-12-17,Completed,100.0,114.0,Revenue Dept
SIH26017-PRJ-000315,5,Final Declaration (Sec 19),2019-12-23,2020-03-04,2019-12-23,2020-09-16,Completed,100.0,196.0,Revenue Dept
SIH26017-PRJ-000315,6,Award Declaration (Sec 23),2020-09-19,2020-12-11,2020-09-19,2021-10-18,Completed,100.0,311.0,Revenue Dept
SIH26017-PRJ-000315,7,Compensation Disbursement,2021-10-19,2022-03-11,2021-10-19,2022-08-10,Completed,100.0,152.0,Revenue Dept
SIH26017-PRJ-000315,8,Possession,2022-08-12,2022-10-22,2022-08-12,2022-12-07,Completed,100.0,46.0,Implementing Agency
SIH26017-PRJ-000315,9,Mutation & Handover,2022-12-08,2023-02-12,2022-12-08,2023-06-07,Completed,100.0,115.0,LA Branch
SIH26017-PRJ-000316,1,Preliminary Notification (Sec 11),2020-03-20,2020-05-11,2020-03-20,2020-06-21,Completed,100.0,41.0,District Collectorate
SIH26017-PRJ-000316,2,Social Impact Assessment (SIA),2020-06-24,2020-09-27,2020-06-24,2020-11-17,Completed,100.0,51.0,LA Branch
SIH26017-PRJ-000316,3,Survey & Measurement,2020-11-22,2021-01-26,2020-11-22,2021-03-16,Completed,100.0,49.0,District Collectorate
SIH26017-PRJ-000316,4,Draft Declaration,2021-03-22,2021-05-29,2021-03-22,2021-07-06,Completed,100.0,38.0,District Collectorate
SIH26017-PRJ-000316,5,Final Declaration (Sec 19),2021-07-09,2021-09-25,2021-07-09,2022-03-22,Completed,100.0,178.0,District Collectorate
SIH26017-PRJ-000316,6,Award Declaration (Sec 23),2022-03-27,2022-06-27,2022-03-27,2023-09-04,Completed,100.0,434.0,Revenue Dept
SIH26017-PRJ-000316,7,Compensation Disbursement,2023-09-06,2024-02-04,2023-09-06,2024-07-09,Completed,100.0,156.0,District Collectorate
SIH26017-PRJ-000316,8,Possession,2024-07-13,2024-09-18,2024-07-13,2025-01-26,Completed,100.0,130.0,LA Branch
SIH26017-PRJ-000316,9,Mutation & Handover,2025-01-31,2025-03-28,2025-01-31,2025-06-22,Completed,100.0,86.0,Revenue Dept
SIH26017-PRJ-000317,1,Preliminary Notification (Sec 11),2015-09-24,2015-11-23,2015-09-24,2015-11-29,Completed,100.0,6.0,Revenue Dept
SIH26017-PRJ-000317,2,Social Impact Assessment (SIA),2015-12-03,2016-03-24,2015-12-03,2016-04-01,Completed,100.0,8.0,LA Branch
SIH26017-PRJ-000317,3,Survey & Measurement,2016-04-05,2016-07-03,2016-04-05,2016-06-10,Completed,100.0,-23.0,Revenue Dept
SIH26017-PRJ-000317,4,Draft Declaration,2016-06-11,2016-08-15,2016-06-11,2016-09-28,Completed,100.0,44.0,District Collectorate
SIH26017-PRJ-000317,5,Final Declaration (Sec 19),2016-10-03,2016-12-27,2016-10-03,2017-01-24,Completed,100.0,28.0,District Collectorate
SIH26017-PRJ-000317,6,Award Declaration (Sec 23),2017-01-28,2017-05-13,2017-01-28,2017-05-21,Completed,100.0,8.0,Implementing Agency
SIH26017-PRJ-000317,7,Compensation Disbursement,2017-05-25,2017-11-03,2017-05-25,2017-11-05,Completed,100.0,2.0,Implementing Agency
SIH26017-PRJ-000317,8,Possession,2017-11-09,2018-02-04,2017-11-09,2018-05-02,Completed,100.0,87.0,Revenue Dept
SIH26017-PRJ-000317,9,Mutation & Handover,2018-05-06,2018-07-06,2018-05-06,2018-07-23,Completed,100.0,17.0,District Collectorate
SIH26017-PRJ-000318,1,Preliminary Notification (Sec 11),2023-06-24,2023-08-20,2023-06-24,2023-11-27,Completed,100.0,99.0,District Collectorate
SIH26017-PRJ-000318,2,Social Impact Assessment (SIA),2023-11-30,2024-03-14,2023-11-30,2024-04-28,Completed,100.0,45.0,District Collectorate
SIH26017-PRJ-000318,3,Survey & Measurement,2024-05-06,2024-07-17,2024-05-06,2024-08-20,Completed,100.0,34.0,Implementing Agency
SIH26017-PRJ-000318,4,Draft Declaration,2024-08-24,2024-10-22,2024-08-24,2024-11-27,Completed,100.0,36.0,Implementing Agency
SIH26017-PRJ-000318,5,Final Declaration (Sec 19),2024-12-03,2025-02-12,2024-12-03,2025-06-14,Completed,100.0,122.0,LA Branch
SIH26017-PRJ-000318,6,Award Declaration (Sec 23),2025-06-21,2025-10-01,2025-06-21,2025-12-25,Completed,100.0,85.0,District Collectorate
SIH26017-PRJ-000318,7,Compensation Disbursement,2025-12-28,2026-05-31,2025-12-28,2026-06-09,Completed,100.0,9.0,LA Branch
SIH26017-PRJ-000318,8,Possession,2026-06-12,2026-08-18,2026-06-12,,In Progress,95.5,,LA Branch
SIH26017-PRJ-000318,9,Mutation & Handover,2026-10-30,2026-12-23,,,Not Started,0.0,,District Collectorate
SIH26017-PRJ-000319,1,Preliminary Notification (Sec 11),2019-02-24,2019-04-19,2019-02-24,2019-07-09,Completed,100.0,81.0,Revenue Dept
SIH26017-PRJ-000319,2,Social Impact Assessment (SIA),2019-07-12,2019-10-29,2019-07-12,2020-05-26,Completed,100.0,210.0,Revenue Dept
SIH26017-PRJ-000319,3,Survey & Measurement,2020-05-29,2020-08-05,2020-05-29,2021-05-03,Completed,100.0,271.0,LA Branch
SIH26017-PRJ-000319,4,Draft Declaration,2021-05-05,2021-06-28,2021-05-05,2021-10-12,Completed,100.0,106.0,District Collectorate
SIH26017-PRJ-000319,5,Final Declaration (Sec 19),2021-10-17,2021-12-28,2021-10-17,2023-02-07,Completed,100.0,406.0,Revenue Dept
SIH26017-PRJ-000319,6,Award Declaration (Sec 23),2023-02-10,2023-05-18,2023-02-10,2025-03-26,Completed,100.0,678.0,Revenue Dept
SIH26017-PRJ-000319,7,Compensation Disbursement,2025-04-03,2025-08-12,2025-04-03,,In Progress,100.0,,LA Branch
SIH26017-PRJ-000319,8,Possession,2028-02-17,2028-05-04,,,Not Started,0.0,,Revenue Dept
SIH26017-PRJ-000319,9,Mutation & Handover,2028-11-09,2029-01-01,,,Not Started,0.0,,LA Branch
SIH26017-PRJ-000320,1,Preliminary Notification (Sec 11),2019-06-16,2019-08-10,2019-06-16,2019-09-08,Completed,100.0,29.0,LA Branch
SIH26017-PRJ-000320,2,Social Impact Assessment (SIA),2019-09-16,2020-01-21,2019-09-16,2020-07-17,Completed,100.0,178.0,District Collectorate
SIH26017-PRJ-000320,3,Survey & Measurement,2020-07-19,2020-10-01,2020-07-19,2021-05-17,Completed,100.0,228.0,Implementing Agency
SIH26017-PRJ-000320,4,Draft Declaration,2021-05-24,2021-07-23,2021-05-24,2022-06-18,Completed,100.0,330.0,LA Branch
SIH26017-PRJ-000320,5,Final Declaration (Sec 19),2022-06-19,2022-09-16,2022-06-19,2023-07-08,Completed,100.0,295.0,LA Branch
SIH26017-PRJ-000320,6,Award Declaration (Sec 23),2023-07-11,2023-10-07,2023-07-11,2024-08-02,Completed,100.0,300.0,District Collectorate
SIH26017-PRJ-000320,7,Compensation Disbursement,2024-08-06,2025-01-07,2024-08-06,,In Progress,100.0,,LA Branch
SIH26017-PRJ-000320,8,Possession,2027-12-29,2028-03-18,,,Not Started,0.0,,Revenue Dept
SIH26017-PRJ-000320,9,Mutation & Handover,2029-01-31,2029-04-03,,,Not Started,0.0,,District Collectorate
SIH26017-PRJ-000321,1,Preliminary Notification (Sec 11),2022-05-04,2022-07-06,2022-05-04,2022-11-03,Completed,100.0,120.0,Implementing Agency
SIH26017-PRJ-000321,2,Social Impact Assessment (SIA),2022-11-12,2023-03-14,2022-11-12,2023-10-01,Completed,100.0,201.0,District Collectorate
SIH26017-PRJ-000321,3,Survey & Measurement,2023-10-03,2023-12-25,2023-10-03,2024-07-13,Completed,100.0,201.0,LA Branch
SIH26017-PRJ-000321,4,Draft Declaration,2024-07-15,2024-09-11,2024-07-15,2025-01-27,Completed,100.0,138.0,LA Branch
SIH26017-PRJ-000321,5,Final Declaration (Sec 19),2025-01-28,2025-04-18,2025-01-28,2026-04-16,Completed,100.0,363.0,LA Branch
SIH26017-PRJ-000321,6,Award Declaration (Sec 23),2026-04-22,2026-07-13,2026-04-22,,In Progress,100.0,,District Collectorate
SIH26017-PRJ-000321,7,Compensation Disbursement,2027-06-16,2027-12-04,,,Not Started,0.0,,District Collectorate
SIH26017-PRJ-000321,8,Possession,2030-12-22,2031-03-02,,,Not Started,0.0,,District Collectorate
SIH26017-PRJ-000321,9,Mutation & Handover,2031-06-07,2031-08-03,,,Not Started,0.0,,District Collectorate
SIH26017-PRJ-000322,1,Preliminary Notification (Sec 11),2021-03-26,2021-05-18,2021-03-26,2021-04-27,Completed,100.0,-21.0,LA Branch
SIH26017-PRJ-000322,2,Social Impact Assessment (SIA),2021-05-05,2021-08-13,2021-05-05,2021-08-01,Completed,100.0,-12.0,LA Branch
SIH26017-PRJ-000322,3,Survey & Measurement,2021-08-07,2021-10-16,2021-08-07,2021-11-27,Completed,100.0,42.0,LA Branch
SIH26017-PRJ-000322,4,Draft Declaration,2021-11-28,2022-01-20,2021-11-28,2022-04-24,Completed,100.0,94.0,LA Branch
SIH26017-PRJ-000322,5,Final Declaration (Sec 19),2022-04-26,2022-07-04,2022-04-26,2022-07-08,Completed,100.0,4.0,District Collectorate
SIH26017-PRJ-000322,6,Award Declaration (Sec 23),2022-07-15,2022-10-06,2022-07-15,2022-11-19,Completed,100.0,44.0,District Collectorate
SIH26017-PRJ-000322,7,Compensation Disbursement,2022-11-23,2023-04-06,2022-11-23,2023-01-29,Completed,100.0,-67.0,Revenue Dept
SIH26017-PRJ-000322,8,Possession,2023-01-31,2023-04-10,2023-01-31,2023-06-04,Completed,100.0,55.0,LA Branch
SIH26017-PRJ-000322,9,Mutation & Handover,2023-06-05,2023-08-05,2023-06-05,2023-08-05,Completed,100.0,0.0,District Collectorate
SIH26017-PRJ-000323,1,Preliminary Notification (Sec 11),2019-02-28,2019-04-16,2019-02-28,2019-05-27,Completed,100.0,41.0,Revenue Dept
SIH26017-PRJ-000323,2,Social Impact Assessment (SIA),2019-06-01,2019-09-30,2019-06-01,2020-10-10,Completed,100.0,376.0,District Collectorate
SIH26017-PRJ-000323,3,Survey & Measurement,2020-10-13,2020-12-19,2020-10-13,2021-03-06,Completed,100.0,77.0,District Collectorate
SIH26017-PRJ-000323,4,Draft Declaration,2021-03-09,2021-05-02,2021-03-09,2021-05-26,Completed,100.0,24.0,LA Branch
SIH26017-PRJ-000323,5,Final Declaration (Sec 19),2021-05-29,2021-08-09,2021-05-29,2021-11-27,Completed,100.0,110.0,District Collectorate
SIH26017-PRJ-000323,6,Award Declaration (Sec 23),2021-12-03,2022-03-09,,,Stalled,0.0,,LA Branch
SIH26017-PRJ-000323,7,Compensation Disbursement,2021-12-03,2022-03-31,,,Stalled,0.0,,LA Branch
SIH26017-PRJ-000323,8,Possession,2021-12-03,2022-02-14,,,Stalled,0.0,,Implementing Agency
SIH26017-PRJ-000323,9,Mutation & Handover,2021-12-03,2022-01-28,,,Stalled,0.0,,LA Branch
SIH26017-PRJ-000324,1,Preliminary Notification (Sec 11),2021-10-14,2021-12-03,2021-10-14,2022-01-24,Completed,100.0,52.0,LA Branch
SIH26017-PRJ-000324,2,Social Impact Assessment (SIA),2022-02-03,2022-06-04,2022-02-03,2022-07-23,Completed,100.0,49.0,District Collectorate
SIH26017-PRJ-000324,3,Survey & Measurement,2022-07-30,2022-10-14,2022-07-30,2022-12-31,Completed,100.0,78.0,District Collectorate
SIH26017-PRJ-000324,4,Draft Declaration,2023-01-05,2023-03-07,2023-01-05,2023-05-19,Completed,100.0,73.0,Implementing Agency
SIH26017-PRJ-000324,5,Final Declaration (Sec 19),2023-05-25,2023-08-06,2023-05-25,2024-02-12,Completed,100.0,190.0,Implementing Agency
SIH26017-PRJ-000324,6,Award Declaration (Sec 23),2024-02-16,2024-05-21,2024-02-16,2025-05-11,Completed,100.0,355.0,District Collectorate
SIH26017-PRJ-000324,7,Compensation Disbursement,2025-05-12,2025-10-24,,,Stalled,0.0,,District Collectorate
SIH26017-PRJ-000324,8,Possession,2025-05-12,2025-08-02,,,Stalled,0.0,,District Collectorate
SIH26017-PRJ-000324,9,Mutation & Handover,2025-05-12,2025-07-10,,,Stalled,0.0,,District Collectorate
SIH26017-PRJ-000325,1,Preliminary Notification (Sec 11),2024-09-11,2024-11-02,2024-09-11,2024-11-28,Completed,100.0,26.0,District Collectorate
SIH26017-PRJ-000325,2,Social Impact Assessment (SIA),2024-11-29,2025-04-01,2024-11-29,2025-05-17,Completed,100.0,46.0,LA Branch
SIH26017-PRJ-000325,3,Survey & Measurement,2025-05-21,2025-07-29,2025-05-21,2025-09-12,Completed,100.0,45.0,District Collectorate
SIH26017-PRJ-000325,4,Draft Declaration,2025-09-17,2025-11-08,2025-09-17,2025-12-22,Completed,100.0,44.0,District Collectorate
SIH26017-PRJ-000325,5,Final Declaration (Sec 19),2025-12-25,2026-03-02,2025-12-25,2026-04-25,Completed,100.0,54.0,District Collectorate
SIH26017-PRJ-000325,6,Award Declaration (Sec 23),2026-04-29,2026-07-27,2026-04-29,,In Progress,100.0,,LA Branch
SIH26017-PRJ-000325,7,Compensation Disbursement,2027-01-16,2027-06-10,,,Not Started,0.0,,District Collectorate
SIH26017-PRJ-000325,8,Possession,2028-01-20,2028-04-01,,,Not Started,0.0,,District Collectorate
SIH26017-PRJ-000325,9,Mutation & Handover,2028-07-03,2028-08-25,,,Not Started,0.0,,Revenue Dept
SIH26017-PRJ-000326,1,Preliminary Notification (Sec 11),2017-11-17,2018-01-21,2017-11-17,2018-01-20,Completed,100.0,-1.0,Implementing Agency
SIH26017-PRJ-000326,2,Social Impact Assessment (SIA),2018-01-24,2018-05-24,2018-01-24,2018-06-16,Completed,100.0,23.0,LA Branch
SIH26017-PRJ-000326,3,Survey & Measurement,2018-06-24,2018-09-09,2018-06-24,2018-10-13,Completed,100.0,34.0,District Collectorate
SIH26017-PRJ-000326,4,Draft Declaration,2018-10-18,2018-12-22,2018-10-18,2019-04-09,Completed,100.0,108.0,LA Branch
SIH26017-PRJ-000326,5,Final Declaration (Sec 19),2019-04-14,2019-07-07,2019-04-14,2019-11-21,Completed,100.0,137.0,District Collectorate
SIH26017-PRJ-000326,6,Award Declaration (Sec 23),2019-11-25,2020-03-09,2019-11-25,2020-04-16,Completed,100.0,38.0,District Collectorate
SIH26017-PRJ-000326,7,Compensation Disbursement,2020-04-18,2020-10-17,2020-04-18,2022-01-04,Completed,100.0,444.0,LA Branch
SIH26017-PRJ-000326,8,Possession,2022-01-07,2022-04-14,2022-01-07,2022-11-04,Completed,100.0,204.0,LA Branch
SIH26017-PRJ-000326,9,Mutation & Handover,2022-11-08,2023-01-19,2022-11-08,2023-10-07,Completed,100.0,261.0,LA Branch
SIH26017-PRJ-000327,1,Preliminary Notification (Sec 11),2023-10-05,2023-11-24,2023-10-05,2023-12-08,Completed,100.0,14.0,District Collectorate
SIH26017-PRJ-000327,2,Social Impact Assessment (SIA),2023-12-09,2024-03-28,2023-12-09,2024-07-06,Completed,100.0,100.0,District Collectorate
SIH26017-PRJ-000327,3,Survey & Measurement,2024-07-07,2024-09-20,2024-07-07,2024-10-18,Completed,100.0,28.0,Revenue Dept
SIH26017-PRJ-000327,4,Draft Declaration,2024-10-21,2024-12-08,2024-10-21,2024-11-22,Completed,100.0,-16.0,Revenue Dept
SIH26017-PRJ-000327,5,Final Declaration (Sec 19),2024-11-28,2025-02-13,2024-11-28,2025-01-20,Completed,100.0,-24.0,District Collectorate
SIH26017-PRJ-000327,6,Award Declaration (Sec 23),2025-01-23,2025-04-25,2025-01-23,2025-03-20,Completed,100.0,-36.0,District Collectorate
SIH26017-PRJ-000327,7,Compensation Disbursement,2025-03-24,2025-08-24,2025-03-24,2025-06-25,Completed,100.0,-60.0,District Collectorate
SIH26017-PRJ-000327,8,Possession,2025-06-26,2025-09-06,2025-06-26,2025-10-24,Completed,100.0,48.0,District Collectorate
SIH26017-PRJ-000327,9,Mutation & Handover,2025-10-27,2025-12-21,2025-10-27,2025-12-08,Completed,100.0,-13.0,District Collectorate
SIH26017-PRJ-000328,1,Preliminary Notification (Sec 11),2019-04-19,2019-06-09,2019-04-19,2019-08-10,Completed,100.0,62.0,District Collectorate
SIH26017-PRJ-000328,2,Social Impact Assessment (SIA),2019-08-13,2019-11-24,2019-08-13,2020-04-01,Completed,100.0,129.0,District Collectorate
SIH26017-PRJ-000328,3,Survey & Measurement,2020-04-04,2020-06-05,2020-04-04,2020-07-11,Completed,100.0,36.0,District Collectorate
SIH26017-PRJ-000328,4,Draft Declaration,2020-07-15,2020-09-04,2020-07-15,2020-10-02,Completed,100.0,28.0,LA Branch
SIH26017-PRJ-000328,5,Final Declaration (Sec 19),2020-10-06,2020-12-20,2020-10-06,2021-07-13,Completed,100.0,205.0,District Collectorate
SIH26017-PRJ-000328,6,Award Declaration (Sec 23),2021-07-17,2021-10-09,2021-07-17,2022-07-17,Completed,100.0,281.0,LA Branch
SIH26017-PRJ-000328,7,Compensation Disbursement,2022-07-23,2022-12-27,2022-07-23,2025-06-08,Completed,100.0,894.0,LA Branch
SIH26017-PRJ-000328,8,Possession,2025-06-12,2025-08-17,2025-06-12,2026-06-14,Completed,100.0,301.0,District Collectorate
SIH26017-PRJ-000328,9,Mutation & Handover,2026-06-19,2026-08-06,2026-06-19,,In Progress,100.0,,Revenue Dept
SIH26017-PRJ-000329,1,Preliminary Notification (Sec 11),2020-05-30,2020-08-07,2020-05-30,2020-07-27,Completed,100.0,-11.0,District Collectorate
SIH26017-PRJ-000329,2,Social Impact Assessment (SIA),2020-07-31,2020-11-23,2020-07-31,2020-12-19,Completed,100.0,26.0,Revenue Dept
SIH26017-PRJ-000329,3,Survey & Measurement,2020-12-23,2021-03-15,2020-12-23,2021-06-16,Completed,100.0,93.0,LA Branch
SIH26017-PRJ-000329,4,Draft Declaration,2021-06-19,2021-08-16,2021-06-19,2022-05-31,Completed,100.0,288.0,Implementing Agency
SIH26017-PRJ-000329,5,Final Declaration (Sec 19),2022-06-03,2022-08-25,2022-06-03,2024-02-10,Completed,100.0,534.0,LA Branch
SIH26017-PRJ-000329,6,Award Declaration (Sec 23),2024-02-16,2024-05-31,2024-02-16,2024-12-22,Completed,100.0,205.0,Implementing Agency
SIH26017-PRJ-000329,7,Compensation Disbursement,2024-12-25,2025-07-01,2024-12-25,,In Progress,100.0,,District Collectorate
SIH26017-PRJ-000329,8,Possession,2028-05-25,2028-08-04,,,Not Started,0.0,,Implementing Agency
SIH26017-PRJ-000329,9,Mutation & Handover,2029-05-31,2029-07-31,,,Not Started,0.0,,District Collectorate
SIH26017-PRJ-000330,1,Preliminary Notification (Sec 11),2020-03-26,2020-05-19,2020-03-26,2020-06-16,Completed,100.0,28.0,District Collectorate
SIH26017-PRJ-000330,2,Social Impact Assessment (SIA),2020-06-19,2020-10-01,2020-06-19,2021-03-28,Completed,100.0,178.0,District Collectorate
SIH26017-PRJ-000330,3,Survey & Measurement,2021-03-30,2021-06-13,2021-03-30,2021-09-19,Completed,100.0,98.0,LA Branch
SIH26017-PRJ-000330,4,Draft Declaration,2021-09-23,2021-11-19,2021-09-23,2022-03-01,Completed,100.0,102.0,LA Branch
SIH26017-PRJ-000330,5,Final Declaration (Sec 19),2022-03-06,2022-05-20,2022-03-06,2022-07-16,Completed,100.0,57.0,District Collectorate
SIH26017-PRJ-000330,6,Award Declaration (Sec 23),2022-07-17,2022-10-20,2022-07-17,2023-03-12,Completed,100.0,143.0,District Collectorate
SIH26017-PRJ-000330,7,Compensation Disbursement,2023-03-14,2023-08-07,2023-03-14,2025-02-02,Completed,100.0,545.0,LA Branch
SIH26017-PRJ-000330,8,Possession,2025-02-08,2025-04-17,2025-02-08,2025-08-28,Completed,100.0,133.0,District Collectorate
SIH26017-PRJ-000330,9,Mutation & Handover,2025-08-29,2025-10-30,2025-08-29,2026-05-17,Completed,100.0,199.0,LA Branch
SIH26017-PRJ-000331,1,Preliminary Notification (Sec 11),2015-07-05,2015-09-06,2015-07-05,2015-12-07,Completed,100.0,92.0,Implementing Agency
SIH26017-PRJ-000331,2,Social Impact Assessment (SIA),2015-12-09,2016-03-31,2015-12-09,2016-08-17,Completed,100.0,139.0,LA Branch
SIH26017-PRJ-000331,3,Survey & Measurement,2016-08-23,2016-10-21,2016-08-23,2017-04-27,Completed,100.0,188.0,Revenue Dept
SIH26017-PRJ-000331,4,Draft Declaration,2017-04-28,2017-06-23,2017-04-28,2017-10-27,Completed,100.0,126.0,LA Branch
SIH26017-PRJ-000331,5,Final Declaration (Sec 19),2017-11-01,2018-01-12,2017-11-01,2018-07-31,Completed,100.0,200.0,District Collectorate
SIH26017-PRJ-000331,6,Award Declaration (Sec 23),2018-08-04,2018-11-11,2018-08-04,2019-09-25,Completed,100.0,318.0,Revenue Dept
SIH26017-PRJ-000331,7,Compensation Disbursement,2019-09-29,2020-02-20,2019-09-29,2020-11-22,Completed,100.0,276.0,District Collectorate
SIH26017-PRJ-000331,8,Possession,2020-11-24,2021-01-29,2020-11-24,2022-04-11,Completed,100.0,437.0,LA Branch
SIH26017-PRJ-000331,9,Mutation & Handover,2022-04-13,2022-06-05,2022-04-13,2022-11-25,Completed,100.0,173.0,Implementing Agency
SIH26017-PRJ-000332,1,Preliminary Notification (Sec 11),2022-10-09,2022-12-02,2022-10-09,2023-02-01,Completed,100.0,61.0,District Collectorate
SIH26017-PRJ-000332,2,Social Impact Assessment (SIA),2023-02-05,2023-05-17,2023-02-05,2023-07-17,Completed,100.0,61.0,Revenue Dept
SIH26017-PRJ-000332,3,Survey & Measurement,2023-07-22,2023-09-24,2023-07-22,2024-01-29,Completed,100.0,127.0,Revenue Dept
SIH26017-PRJ-000332,4,Draft Declaration,2024-02-01,2024-03-18,2024-02-01,2024-04-09,Completed,100.0,22.0,District Collectorate
SIH26017-PRJ-000332,5,Final Declaration (Sec 19),2024-04-16,2024-06-24,2024-04-16,2024-07-16,Completed,100.0,22.0,Revenue Dept
SIH26017-PRJ-000332,6,Award Declaration (Sec 23),2024-07-18,2024-10-19,2024-07-18,2024-09-24,Completed,100.0,-25.0,Revenue Dept
SIH26017-PRJ-000332,7,Compensation Disbursement,2024-09-30,2025-02-12,2024-09-30,2024-12-09,Completed,100.0,-65.0,Implementing Agency
SIH26017-PRJ-000332,8,Possession,2024-12-13,2025-02-18,2024-12-13,2025-03-06,Completed,100.0,16.0,District Collectorate
SIH26017-PRJ-000332,9,Mutation & Handover,2025-03-10,2025-04-30,2025-03-10,2025-05-22,Completed,100.0,22.0,District Collectorate
SIH26017-PRJ-000333,1,Preliminary Notification (Sec 11),2018-05-01,2018-06-25,2018-05-01,2018-07-02,Completed,100.0,7.0,District Collectorate
SIH26017-PRJ-000333,2,Social Impact Assessment (SIA),2018-07-09,2018-11-02,2018-07-09,2019-01-16,Completed,100.0,75.0,District Collectorate
SIH26017-PRJ-000333,3,Survey & Measurement,2019-01-18,2019-04-07,,,Stalled,0.0,,LA Branch
SIH26017-PRJ-000333,4,Draft Declaration,2019-01-18,2019-03-12,,,Stalled,0.0,,Implementing Agency
SIH26017-PRJ-000333,5,Final Declaration (Sec 19),2019-01-18,2019-03-25,,,Stalled,0.0,,District Collectorate
SIH26017-PRJ-000333,6,Award Declaration (Sec 23),2019-01-18,2019-04-07,,,Stalled,0.0,,District Collectorate
SIH26017-PRJ-000333,7,Compensation Disbursement,2019-01-18,2019-06-13,,,Stalled,0.0,,District Collectorate
SIH26017-PRJ-000333,8,Possession,2019-01-18,2019-03-30,,,Stalled,0.0,,District Collectorate
SIH26017-PRJ-000333,9,Mutation & Handover,2019-01-18,2019-03-19,,,Stalled,0.0,,LA Branch
SIH26017-PRJ-000334,1,Preliminary Notification (Sec 11),2022-06-25,2022-08-20,2022-06-25,2022-08-14,Completed,100.0,-6.0,District Collectorate
SIH26017-PRJ-000334,2,Social Impact Assessment (SIA),2022-08-16,2022-11-25,2022-08-16,2022-10-26,Completed,100.0,-30.0,District Collectorate
SIH26017-PRJ-000334,3,Survey & Measurement,2022-10-27,2023-01-11,2022-10-27,2023-02-05,Completed,100.0,25.0,District Collectorate
SIH26017-PRJ-000334,4,Draft Declaration,2023-02-08,2023-03-27,,,Stalled,0.0,,District Collectorate
SIH26017-PRJ-000334,5,Final Declaration (Sec 19),2023-02-08,2023-04-12,,,Stalled,0.0,,Implementing Agency
SIH26017-PRJ-000334,6,Award Declaration (Sec 23),2023-02-08,2023-05-09,,,Stalled,0.0,,LA Branch
SIH26017-PRJ-000334,7,Compensation Disbursement,2023-02-08,2023-06-24,,,Stalled,0.0,,LA Branch
SIH26017-PRJ-000334,8,Possession,2023-02-08,2023-04-08,,,Stalled,0.0,,Revenue Dept
SIH26017-PRJ-000334,9,Mutation & Handover,2023-02-08,2023-04-10,,,Stalled,0.0,,District Collectorate
SIH26017-PRJ-000335,1,Preliminary Notification (Sec 11),2022-07-31,2022-09-29,2022-07-31,2022-09-17,Completed,100.0,-12.0,Revenue Dept
SIH26017-PRJ-000335,2,Social Impact Assessment (SIA),2022-09-18,2023-01-21,2022-09-18,2023-06-12,Completed,100.0,142.0,Revenue Dept
SIH26017-PRJ-000335,3,Survey & Measurement,2023-06-15,2023-09-12,2023-06-15,2023-11-10,Completed,100.0,59.0,LA Branch
SIH26017-PRJ-000335,4,Draft Declaration,2023-11-14,2024-01-17,2023-11-14,2024-05-15,Completed,100.0,119.0,Implementing Agency
SIH26017-PRJ-000335,5,Final Declaration (Sec 19),2024-05-22,2024-08-19,2024-05-22,2025-05-05,Completed,100.0,259.0,District Collectorate
SIH26017-PRJ-000335,6,Award Declaration (Sec 23),2025-05-10,2025-09-07,2025-05-10,2026-05-16,Completed,100.0,251.0,LA Branch
SIH26017-PRJ-000335,7,Compensation Disbursement,2026-05-22,2026-11-10,2026-05-22,,In Progress,49.4,,District Collectorate
SIH26017-PRJ-000335,8,Possession,2028-03-17,2028-06-17,,,Not Started,0.0,,LA Branch
SIH26017-PRJ-000335,9,Mutation & Handover,2030-03-26,2030-05-29,,,Not Started,0.0,,LA Branch
SIH26017-PRJ-000336,1,Preliminary Notification (Sec 11),2019-08-17,2019-10-07,2019-08-17,2019-10-27,Completed,100.0,20.0,LA Branch
SIH26017-PRJ-000336,2,Social Impact Assessment (SIA),2019-10-29,2020-02-05,2019-10-29,2020-01-23,Completed,100.0,-13.0,District Collectorate
SIH26017-PRJ-000336,3,Survey & Measurement,2020-01-26,2020-04-09,2020-01-26,2020-03-20,Completed,100.0,-20.0,LA Branch
SIH26017-PRJ-000336,4,Draft Declaration,2020-03-22,2020-05-14,2020-03-22,2020-04-18,Completed,100.0,-26.0,District Collectorate
SIH26017-PRJ-000336,5,Final Declaration (Sec 19),2020-04-24,2020-07-04,2020-04-24,2020-05-30,Completed,100.0,-35.0,Implementing Agency
SIH26017-PRJ-000336,6,Award Declaration (Sec 23),2020-06-02,2020-08-19,2020-06-02,2020-10-26,Completed,100.0,68.0,Revenue Dept
SIH26017-PRJ-000336,7,Compensation Disbursement,2020-10-30,2021-03-22,2020-10-30,2021-03-03,Completed,100.0,-19.0,District Collectorate
SIH26017-PRJ-000336,8,Possession,2021-03-05,2021-05-14,,,Stalled,0.0,,LA Branch
SIH26017-PRJ-000336,9,Mutation & Handover,2021-03-05,2021-04-25,,,Stalled,0.0,,Revenue Dept
SIH26017-PRJ-000337,1,Preliminary Notification (Sec 11),2022-12-06,2023-01-24,2022-12-06,2023-04-06,Completed,100.0,72.0,District Collectorate
SIH26017-PRJ-000337,2,Social Impact Assessment (SIA),2023-04-07,2023-08-08,2023-04-07,2024-04-09,Completed,100.0,245.0,Implementing Agency
SIH26017-PRJ-000337,3,Survey & Measurement,2024-04-16,2024-06-27,2024-04-16,2024-08-19,Completed,100.0,53.0,District Collectorate
SIH26017-PRJ-000337,4,Draft Declaration,2024-08-24,2024-10-17,2024-08-24,2024-11-28,Completed,100.0,42.0,District Collectorate
SIH26017-PRJ-000337,5,Final Declaration (Sec 19),2024-11-29,2025-02-16,2024-11-29,2025-06-01,Completed,100.0,105.0,Implementing Agency
SIH26017-PRJ-000337,6,Award Declaration (Sec 23),2025-06-08,2025-08-25,2025-06-08,2025-12-10,Completed,100.0,107.0,Revenue Dept
SIH26017-PRJ-000337,7,Compensation Disbursement,2025-12-13,2026-05-10,2025-12-13,,In Progress,100.0,,District Collectorate
SIH26017-PRJ-000337,8,Possession,2026-10-27,2027-01-17,,,Not Started,0.0,,District Collectorate
SIH26017-PRJ-000337,9,Mutation & Handover,2027-06-01,2027-07-19,,,Not Started,0.0,,Revenue Dept
SIH26017-PRJ-000338,1,Preliminary Notification (Sec 11),2015-12-28,2016-02-18,2015-12-28,2016-02-19,Completed,100.0,1.0,Implementing Agency
SIH26017-PRJ-000338,2,Social Impact Assessment (SIA),2016-02-22,2016-06-03,2016-02-22,2016-06-26,Completed,100.0,23.0,District Collectorate
SIH26017-PRJ-000338,3,Survey & Measurement,2016-06-27,2016-08-28,2016-06-27,2016-08-31,Completed,100.0,3.0,District Collectorate
SIH26017-PRJ-000338,4,Draft Declaration,2016-09-04,2016-11-03,2016-09-04,2016-10-08,Completed,100.0,-26.0,District Collectorate
SIH26017-PRJ-000338,5,Final Declaration (Sec 19),2016-10-15,2016-12-24,2016-10-15,2017-01-11,Completed,100.0,18.0,LA Branch
SIH26017-PRJ-000338,6,Award Declaration (Sec 23),2017-01-17,2017-04-13,2017-01-17,2017-06-04,Completed,100.0,52.0,Revenue Dept
SIH26017-PRJ-000338,7,Compensation Disbursement,2017-06-05,2017-11-10,2017-06-05,2018-01-26,Completed,100.0,77.0,LA Branch
SIH26017-PRJ-000338,8,Possession,2018-01-29,2018-04-10,2018-01-29,2018-04-19,Completed,100.0,9.0,Implementing Agency
SIH26017-PRJ-000338,9,Mutation & Handover,2018-04-24,2018-06-15,2018-04-24,2018-06-15,Completed,100.0,0.0,District Collectorate
SIH26017-PRJ-000339,1,Preliminary Notification (Sec 11),2016-05-29,2016-07-26,2016-05-29,2016-08-04,Completed,100.0,9.0,Revenue Dept
SIH26017-PRJ-000339,2,Social Impact Assessment (SIA),2016-08-05,2016-12-04,2016-08-05,2017-02-06,Completed,100.0,64.0,Revenue Dept
SIH26017-PRJ-000339,3,Survey & Measurement,2017-02-09,2017-05-10,2017-02-09,2018-06-14,Completed,100.0,400.0,LA Branch
SIH26017-PRJ-000339,4,Draft Declaration,2018-06-23,2018-08-23,2018-06-23,2019-01-08,Completed,100.0,138.0,LA Branch
SIH26017-PRJ-000339,5,Final Declaration (Sec 19),2019-01-13,2019-04-14,2019-01-13,2020-01-09,Completed,100.0,270.0,District Collectorate
SIH26017-PRJ-000339,6,Award Declaration (Sec 23),2020-01-11,2020-04-21,2020-01-11,2021-07-24,Completed,100.0,459.0,Implementing Agency
SIH26017-PRJ-000339,7,Compensation Disbursement,2021-08-01,2022-01-17,2021-08-01,2022-12-03,Completed,100.0,320.0,Revenue Dept
SIH26017-PRJ-000339,8,Possession,2022-12-07,2023-02-21,2022-12-07,2023-02-06,Completed,100.0,-15.0,Implementing Agency
SIH26017-PRJ-000339,9,Mutation & Handover,2023-02-10,2023-04-12,2023-02-10,2023-05-02,Completed,100.0,20.0,Revenue Dept
SIH26017-PRJ-000340,1,Preliminary Notification (Sec 11),2015-12-16,2016-02-05,2015-12-16,2016-02-23,Completed,100.0,18.0,Revenue Dept
SIH26017-PRJ-000340,2,Social Impact Assessment (SIA),2016-02-28,2016-06-20,2016-02-28,2016-08-03,Completed,100.0,44.0,District Collectorate
SIH26017-PRJ-000340,3,Survey & Measurement,2016-08-07,2016-10-14,2016-08-07,2016-12-25,Completed,100.0,72.0,LA Branch
SIH26017-PRJ-000340,4,Draft Declaration,2016-12-28,2017-02-20,2016-12-28,2017-03-16,Completed,100.0,24.0,District Collectorate
SIH26017-PRJ-000340,5,Final Declaration (Sec 19),2017-03-20,2017-06-11,2017-03-20,2017-12-11,Completed,100.0,183.0,LA Branch
SIH26017-PRJ-000340,6,Award Declaration (Sec 23),2017-12-13,2018-03-14,2017-12-13,2019-12-14,Completed,100.0,640.0,District Collectorate
SIH26017-PRJ-000340,7,Compensation Disbursement,2019-12-19,2020-06-01,2019-12-19,2021-12-30,Completed,100.0,577.0,District Collectorate
SIH26017-PRJ-000340,8,Possession,2022-01-05,2022-03-12,2022-01-05,2022-12-09,Completed,100.0,272.0,District Collectorate
SIH26017-PRJ-000340,9,Mutation & Handover,2022-12-15,2023-02-06,2022-12-15,2023-05-20,Completed,100.0,103.0,Revenue Dept
SIH26017-PRJ-000341,1,Preliminary Notification (Sec 11),2023-07-28,2023-09-26,2023-07-28,2023-10-04,Completed,100.0,8.0,LA Branch
SIH26017-PRJ-000341,2,Social Impact Assessment (SIA),2023-10-08,2024-01-21,2023-10-08,2024-08-14,Completed,100.0,206.0,District Collectorate
SIH26017-PRJ-000341,3,Survey & Measurement,2024-08-20,2024-11-11,2024-08-20,2025-10-24,Completed,100.0,347.0,Revenue Dept
SIH26017-PRJ-000341,4,Draft Declaration,2025-10-27,2025-12-26,2025-10-27,2026-02-18,Completed,100.0,54.0,LA Branch
SIH26017-PRJ-000341,5,Final Declaration (Sec 19),2026-02-19,2026-04-29,2026-02-19,2026-05-13,Completed,100.0,14.0,Implementing Agency
SIH26017-PRJ-000341,6,Award Declaration (Sec 23),2026-05-16,2026-09-02,2026-05-16,2026-07-24,Completed,100.0,-40.0,District Collectorate
SIH26017-PRJ-000341,7,Compensation Disbursement,2026-07-28,2026-12-29,2026-07-28,,In Progress,11.7,,Implementing Agency
SIH26017-PRJ-000341,8,Possession,2027-01-04,2027-03-14,,,Not Started,0.0,,District Collectorate
SIH26017-PRJ-000341,9,Mutation & Handover,2027-06-06,2027-08-11,,,Not Started,0.0,,Implementing Agency
SIH26017-PRJ-000342,1,Preliminary Notification (Sec 11),2017-07-15,2017-09-04,2017-07-15,2017-10-19,Completed,100.0,45.0,Revenue Dept
SIH26017-PRJ-000342,2,Social Impact Assessment (SIA),2017-10-24,2018-02-19,2017-10-24,2018-03-29,Completed,100.0,38.0,Implementing Agency
SIH26017-PRJ-000342,3,Survey & Measurement,2018-04-03,2018-06-15,2018-04-03,2018-09-12,Completed,100.0,89.0,Revenue Dept
SIH26017-PRJ-000342,4,Draft Declaration,2018-09-17,2018-11-07,,,Stalled,0.0,,Implementing Agency
SIH26017-PRJ-000342,5,Final Declaration (Sec 19),2018-09-17,2018-11-25,,,Stalled,0.0,,District Collectorate
SIH26017-PRJ-000342,6,Award Declaration (Sec 23),2018-09-17,2018-12-09,,,Stalled,0.0,,District Collectorate
SIH26017-PRJ-000342,7,Compensation Disbursement,2018-09-17,2019-02-05,,,Stalled,0.0,,Revenue Dept
SIH26017-PRJ-000342,8,Possession,2018-09-17,2018-11-19,,,Stalled,0.0,,Revenue Dept
SIH26017-PRJ-000342,9,Mutation & Handover,2018-09-17,2018-11-11,,,Stalled,0.0,,District Collectorate
SIH26017-PRJ-000343,1,Preliminary Notification (Sec 11),2023-06-09,2023-08-13,2023-06-09,2023-12-14,Completed,100.0,123.0,District Collectorate
SIH26017-PRJ-000343,2,Social Impact Assessment (SIA),2023-12-18,2024-04-17,2023-12-18,2024-07-07,Completed,100.0,81.0,District Collectorate
SIH26017-PRJ-000343,3,Survey & Measurement,2024-07-12,2024-09-30,2024-07-12,2025-02-07,Completed,100.0,130.0,LA Branch
SIH26017-PRJ-000343,4,Draft Declaration,2025-02-10,2025-04-16,2025-02-10,2025-10-05,Completed,100.0,172.0,District Collectorate
SIH26017-PRJ-000343,5,Final Declaration (Sec 19),2025-10-08,2026-01-01,2025-10-08,,In Progress,100.0,,LA Branch
SIH26017-PRJ-000343,6,Award Declaration (Sec 23),2026-09-01,2026-11-24,,,Not Started,0.0,,LA Branch
SIH26017-PRJ-000343,7,Compensation Disbursement,2027-05-22,2027-10-29,,,Not Started,0.0,,District Collectorate
SIH26017-PRJ-000343,8,Possession,2028-06-03,2028-08-22,,,Not Started,0.0,,Implementing Agency
SIH26017-PRJ-000343,9,Mutation & Handover,2029-05-01,2029-06-29,,,Not Started,0.0,,LA Branch
SIH26017-PRJ-000344,1,Preliminary Notification (Sec 11),2019-11-27,2020-01-20,2019-11-27,2019-12-24,Completed,100.0,-27.0,District Collectorate
SIH26017-PRJ-000344,2,Social Impact Assessment (SIA),2019-12-25,2020-04-18,2019-12-25,2020-02-20,Completed,100.0,-58.0,District Collectorate
SIH26017-PRJ-000344,3,Survey & Measurement,2020-02-23,2020-05-05,2020-02-23,2020-03-30,Completed,100.0,-36.0,LA Branch
SIH26017-PRJ-000344,4,Draft Declaration,2020-04-06,2020-05-25,2020-04-06,2020-04-30,Completed,100.0,-25.0,District Collectorate
SIH26017-PRJ-000344,5,Final Declaration (Sec 19),2020-05-05,2020-07-15,2020-05-05,2020-06-28,Completed,100.0,-17.0,LA Branch
SIH26017-PRJ-000344,6,Award Declaration (Sec 23),2020-07-03,2020-09-15,2020-07-03,2020-09-30,Completed,100.0,15.0,LA Branch
SIH26017-PRJ-000344,7,Compensation Disbursement,2020-10-04,2021-02-23,2020-10-04,2020-12-20,Completed,100.0,-65.0,LA Branch
SIH26017-PRJ-000344,8,Possession,2020-12-24,2021-03-09,2020-12-24,2021-02-04,Completed,100.0,-33.0,Implementing Agency
SIH26017-PRJ-000344,9,Mutation & Handover,2021-02-08,2021-04-10,2021-02-08,2021-03-18,Completed,100.0,-23.0,Revenue Dept
SIH26017-PRJ-000345,1,Preliminary Notification (Sec 11),2020-10-07,2020-11-28,2020-10-07,2020-12-14,Completed,100.0,16.0,Revenue Dept
SIH26017-PRJ-000345,2,Social Impact Assessment (SIA),2020-12-15,2021-04-06,2020-12-15,2021-09-07,Completed,100.0,154.0,Revenue Dept
SIH26017-PRJ-000345,3,Survey & Measurement,2021-09-11,2021-11-10,2021-09-11,2022-02-11,Completed,100.0,93.0,District Collectorate
SIH26017-PRJ-000345,4,Draft Declaration,2022-02-16,2022-04-02,2022-02-16,2022-05-05,Completed,100.0,33.0,Revenue Dept
SIH26017-PRJ-000345,5,Final Declaration (Sec 19),2022-05-07,2022-07-15,2022-05-07,2022-08-22,Completed,100.0,38.0,District Collectorate
SIH26017-PRJ-000345,6,Award Declaration (Sec 23),2022-08-23,2022-11-23,2022-08-23,2022-12-11,Completed,100.0,18.0,District Collectorate
SIH26017-PRJ-000345,7,Compensation Disbursement,2022-12-14,2023-05-04,2022-12-14,2023-07-18,Completed,100.0,75.0,District Collectorate
SIH26017-PRJ-000345,8,Possession,2023-07-22,2023-10-02,2023-07-22,2024-03-30,Completed,100.0,180.0,District Collectorate
SIH26017-PRJ-000345,9,Mutation & Handover,2024-04-03,2024-05-25,2024-04-03,2024-11-16,Completed,100.0,175.0,District Collectorate
SIH26017-PRJ-000346,1,Preliminary Notification (Sec 11),2020-09-15,2020-11-17,2020-09-15,2021-04-16,Completed,100.0,150.0,Revenue Dept
SIH26017-PRJ-000346,2,Social Impact Assessment (SIA),2021-04-17,2021-08-19,2021-04-17,2022-06-23,Completed,100.0,308.0,Implementing Agency
SIH26017-PRJ-000346,3,Survey & Measurement,2022-06-27,2022-09-19,2022-06-27,2022-11-28,Completed,100.0,70.0,Implementing Agency
SIH26017-PRJ-000346,4,Draft Declaration,2022-12-02,2023-02-04,2022-12-02,2023-05-30,Completed,100.0,115.0,District Collectorate
SIH26017-PRJ-000346,5,Final Declaration (Sec 19),2023-06-05,2023-09-01,2023-06-05,2024-02-03,Completed,100.0,155.0,LA Branch
SIH26017-PRJ-000346,6,Award Declaration (Sec 23),2024-02-08,2024-05-29,2024-02-08,2025-10-28,Completed,100.0,517.0,District Collectorate
SIH26017-PRJ-000346,7,Compensation Disbursement,2025-11-02,2026-04-05,2025-11-02,,In Progress,100.0,,District Collectorate
SIH26017-PRJ-000346,8,Possession,2027-05-21,2027-08-13,,,Not Started,0.0,,District Collectorate
SIH26017-PRJ-000346,9,Mutation & Handover,2028-11-05,2029-01-07,,,Not Started,0.0,,LA Branch
SIH26017-PRJ-000347,1,Preliminary Notification (Sec 11),2019-02-12,2019-04-13,2019-02-12,2019-04-18,Completed,100.0,5.0,LA Branch
SIH26017-PRJ-000347,2,Social Impact Assessment (SIA),2019-04-24,2019-09-08,2019-04-24,2019-11-30,Completed,100.0,83.0,Revenue Dept
SIH26017-PRJ-000347,3,Survey & Measurement,2019-12-04,2020-02-13,2019-12-04,2020-02-25,Completed,100.0,12.0,LA Branch
SIH26017-PRJ-000347,4,Draft Declaration,2020-03-02,2020-05-01,2020-03-02,2020-07-11,Completed,100.0,71.0,Revenue Dept
SIH26017-PRJ-000347,5,Final Declaration (Sec 19),2020-07-13,2020-10-16,2020-07-13,2021-04-24,Completed,100.0,190.0,District Collectorate
SIH26017-PRJ-000347,6,Award Declaration (Sec 23),2021-04-28,2021-08-06,2021-04-28,2021-09-01,Completed,100.0,26.0,Revenue Dept
SIH26017-PRJ-000347,7,Compensation Disbursement,2021-09-08,2022-02-09,2021-09-08,2021-12-04,Completed,100.0,-67.0,LA Branch
SIH26017-PRJ-000347,8,Possession,2021-12-07,2022-02-22,2021-12-07,2022-02-11,Completed,100.0,-11.0,LA Branch
SIH26017-PRJ-000347,9,Mutation & Handover,2022-02-13,2022-04-23,2022-02-13,2022-05-03,Completed,100.0,10.0,LA Branch
SIH26017-PRJ-000348,1,Preliminary Notification (Sec 11),2023-07-15,2023-08-26,2023-07-15,2023-08-25,Completed,100.0,-1.0,District Collectorate
SIH26017-PRJ-000348,2,Social Impact Assessment (SIA),2023-08-26,2023-12-05,2023-08-26,2024-04-14,Completed,100.0,131.0,LA Branch
SIH26017-PRJ-000348,3,Survey & Measurement,2024-04-17,2024-06-24,2024-04-17,2024-08-12,Completed,100.0,49.0,Revenue Dept
SIH26017-PRJ-000348,4,Draft Declaration,2024-08-17,2024-10-11,2024-08-17,2024-12-31,Completed,100.0,81.0,Implementing Agency
SIH26017-PRJ-000348,5,Final Declaration (Sec 19),2025-01-04,2025-03-17,2025-01-04,2025-04-04,Completed,100.0,18.0,District Collectorate
SIH26017-PRJ-000348,6,Award Declaration (Sec 23),2025-04-05,2025-07-02,2025-04-05,2025-08-17,Completed,100.0,46.0,LA Branch
SIH26017-PRJ-000348,7,Compensation Disbursement,2025-08-23,2026-01-16,2025-08-23,2026-04-19,Completed,100.0,93.0,Revenue Dept
SIH26017-PRJ-000348,8,Possession,2026-04-22,2026-06-29,2026-04-22,2026-07-03,Completed,100.0,4.0,District Collectorate
SIH26017-PRJ-000348,9,Mutation & Handover,2026-07-10,2026-08-29,2026-07-10,,In Progress,72.0,,District Collectorate
SIH26017-PRJ-000349,1,Preliminary Notification (Sec 11),2020-09-09,2020-11-01,2020-09-09,2020-11-05,Completed,100.0,4.0,District Collectorate
SIH26017-PRJ-000349,2,Social Impact Assessment (SIA),2020-11-08,2021-02-12,2020-11-08,2021-02-06,Completed,100.0,-6.0,District Collectorate
SIH26017-PRJ-000349,3,Survey & Measurement,2021-02-08,2021-04-23,2021-02-08,2021-04-13,Completed,100.0,-10.0,Revenue Dept
SIH26017-PRJ-000349,4,Draft Declaration,2021-04-18,2021-06-08,2021-04-18,2021-06-07,Completed,100.0,-1.0,LA Branch
SIH26017-PRJ-000349,5,Final Declaration (Sec 19),2021-06-15,2021-08-27,2021-06-15,2021-09-29,Completed,100.0,33.0,LA Branch
SIH26017-PRJ-000349,6,Award Declaration (Sec 23),2021-10-05,2022-01-01,2021-10-05,2021-12-31,Completed,100.0,-1.0,LA Branch
SIH26017-PRJ-000349,7,Compensation Disbursement,2022-01-02,2022-05-22,2022-01-02,2022-04-30,Completed,100.0,-22.0,Revenue Dept
SIH26017-PRJ-000349,8,Possession,2022-05-05,2022-07-22,2022-05-05,2022-07-19,Completed,100.0,-3.0,District Collectorate
SIH26017-PRJ-000349,9,Mutation & Handover,2022-07-23,2022-09-17,2022-07-23,2022-10-21,Completed,100.0,34.0,District Collectorate
SIH26017-PRJ-000350,1,Preliminary Notification (Sec 11),2019-06-09,2019-08-07,2019-06-09,2019-07-23,Completed,100.0,-15.0,Revenue Dept
SIH26017-PRJ-000350,2,Social Impact Assessment (SIA),2019-07-27,2019-11-19,2019-07-27,2019-11-18,Completed,100.0,-1.0,LA Branch
SIH26017-PRJ-000350,3,Survey & Measurement,2019-11-21,2020-01-31,2019-11-21,2020-01-16,Completed,100.0,-15.0,District Collectorate
SIH26017-PRJ-000350,4,Draft Declaration,2020-01-24,2020-03-22,2020-01-24,2020-03-18,Completed,100.0,-4.0,LA Branch
SIH26017-PRJ-000350,5,Final Declaration (Sec 19),2020-03-26,2020-06-03,2020-03-26,2020-07-19,Completed,100.0,46.0,District Collectorate
SIH26017-PRJ-000350,6,Award Declaration (Sec 23),2020-07-20,2020-10-16,2020-07-20,2020-10-11,Completed,100.0,-5.0,District Collectorate
SIH26017-PRJ-000350,7,Compensation Disbursement,2020-10-12,2021-03-03,2020-10-12,2021-01-30,Completed,100.0,-32.0,District Collectorate
SIH26017-PRJ-000350,8,Possession,2021-02-01,2021-04-20,2021-02-01,2021-04-12,Completed,100.0,-8.0,LA Branch
SIH26017-PRJ-000350,9,Mutation & Handover,2021-04-18,2021-06-11,2021-04-18,2021-07-01,Completed,100.0,20.0,District Collectorate
SIH26017-PRJ-000351,1,Preliminary Notification (Sec 11),2021-08-02,2021-10-11,2021-08-02,2021-12-27,Completed,100.0,77.0,District Collectorate
SIH26017-PRJ-000351,2,Social Impact Assessment (SIA),2022-01-04,2022-05-01,2022-01-04,2022-08-04,Completed,100.0,95.0,Implementing Agency
SIH26017-PRJ-000351,3,Survey & Measurement,2022-08-05,2022-10-26,2022-08-05,2023-02-16,Completed,100.0,113.0,District Collectorate
SIH26017-PRJ-000351,4,Draft Declaration,2023-02-20,2023-05-02,2023-02-20,2023-11-03,Completed,100.0,185.0,District Collectorate
SIH26017-PRJ-000351,5,Final Declaration (Sec 19),2023-11-08,2024-02-09,2023-11-08,2025-06-04,Completed,100.0,481.0,District Collectorate
SIH26017-PRJ-000351,6,Award Declaration (Sec 23),2025-06-06,2025-09-24,2025-06-06,,In Progress,100.0,,LA Branch
SIH26017-PRJ-000351,7,Compensation Disbursement,2026-09-27,2027-04-25,,,Not Started,0.0,,Revenue Dept
SIH26017-PRJ-000351,8,Possession,2029-08-13,2029-10-26,,,Not Started,0.0,,District Collectorate
SIH26017-PRJ-000351,9,Mutation & Handover,2031-03-01,2031-04-27,,,Not Started,0.0,,Revenue Dept
SIH26017-PRJ-000352,1,Preliminary Notification (Sec 11),2023-09-12,2023-11-18,2023-09-12,2023-11-24,Completed,100.0,6.0,Implementing Agency
SIH26017-PRJ-000352,2,Social Impact Assessment (SIA),2023-11-25,2024-04-06,2023-11-25,2024-05-09,Completed,100.0,33.0,LA Branch
SIH26017-PRJ-000352,3,Survey & Measurement,2024-05-13,2024-08-09,2024-05-13,2024-10-23,Completed,100.0,75.0,District Collectorate
SIH26017-PRJ-000352,4,Draft Declaration,2024-10-28,2024-12-31,2024-10-28,2025-02-17,Completed,100.0,48.0,LA Branch
SIH26017-PRJ-000352,5,Final Declaration (Sec 19),2025-02-21,2025-05-14,,,Stalled,0.0,,District Collectorate
SIH26017-PRJ-000352,6,Award Declaration (Sec 23),2025-02-21,2025-06-03,,,Stalled,0.0,,Revenue Dept
SIH26017-PRJ-000352,7,Compensation Disbursement,2025-02-21,2025-08-10,,,Stalled,0.0,,LA Branch
SIH26017-PRJ-000352,8,Possession,2025-02-21,2025-05-11,,,Stalled,0.0,,LA Branch
SIH26017-PRJ-000352,9,Mutation & Handover,2025-02-21,2025-04-26,,,Stalled,0.0,,District Collectorate
SIH26017-PRJ-000353,1,Preliminary Notification (Sec 11),2024-05-18,2024-07-12,2024-05-18,2024-09-24,Completed,100.0,74.0,District Collectorate
SIH26017-PRJ-000353,2,Social Impact Assessment (SIA),2024-10-02,2025-01-15,2024-10-02,2025-03-11,Completed,100.0,55.0,Implementing Agency
SIH26017-PRJ-000353,3,Survey & Measurement,2025-03-17,2025-06-04,2025-03-17,2025-09-19,Completed,100.0,107.0,District Collectorate
SIH26017-PRJ-000353,4,Draft Declaration,2025-09-22,2025-11-19,2025-09-22,2026-01-27,Completed,100.0,69.0,Revenue Dept
SIH26017-PRJ-000353,5,Final Declaration (Sec 19),2026-01-30,2026-04-19,2026-01-30,,In Progress,100.0,,LA Branch
SIH26017-PRJ-000353,6,Award Declaration (Sec 23),2026-10-22,2027-01-18,,,Not Started,0.0,,LA Branch
SIH26017-PRJ-000353,7,Compensation Disbursement,2027-09-21,2028-02-16,,,Not Started,0.0,,Implementing Agency
SIH26017-PRJ-000353,8,Possession,2030-12-27,2031-03-18,,,Not Started,0.0,,LA Branch
SIH26017-PRJ-000353,9,Mutation & Handover,2032-10-03,2032-12-04,,,Not Started,0.0,,District Collectorate
SIH26017-PRJ-000354,1,Preliminary Notification (Sec 11),2024-08-22,2024-10-21,2024-08-22,2024-10-09,Completed,100.0,-12.0,LA Branch
SIH26017-PRJ-000354,2,Social Impact Assessment (SIA),2024-10-13,2025-02-16,2024-10-13,2025-02-21,Completed,100.0,5.0,LA Branch
SIH26017-PRJ-000354,3,Survey & Measurement,2025-02-25,2025-05-21,2025-02-25,2025-07-23,Completed,100.0,63.0,Revenue Dept
SIH26017-PRJ-000354,4,Draft Declaration,2025-07-25,2025-09-26,2025-07-25,2025-11-27,Completed,100.0,62.0,LA Branch
SIH26017-PRJ-000354,5,Final Declaration (Sec 19),2025-12-01,2026-02-19,2025-12-01,2026-03-14,Completed,100.0,23.0,LA Branch
SIH26017-PRJ-000354,6,Award Declaration (Sec 23),2026-03-18,2026-06-28,2026-03-18,,In Progress,100.0,,Implementing Agency
SIH26017-PRJ-000354,7,Compensation Disbursement,2026-10-16,2027-03-17,,,Not Started,0.0,,LA Branch
SIH26017-PRJ-000354,8,Possession,2027-10-10,2027-12-23,,,Not Started,0.0,,LA Branch
SIH26017-PRJ-000354,9,Mutation & Handover,2028-03-31,2028-05-26,,,Not Started,0.0,,LA Branch
SIH26017-PRJ-000355,1,Preliminary Notification (Sec 11),2023-04-15,2023-06-20,2023-04-15,2023-09-28,Completed,100.0,100.0,Implementing Agency
SIH26017-PRJ-000355,2,Social Impact Assessment (SIA),2023-09-30,2024-02-11,2023-09-30,2024-10-21,Completed,100.0,253.0,District Collectorate
SIH26017-PRJ-000355,3,Survey & Measurement,2024-10-26,2025-01-16,2024-10-26,2025-08-09,Completed,100.0,205.0,Revenue Dept
SIH26017-PRJ-000355,4,Draft Declaration,2025-08-13,2025-10-17,2025-08-13,,In Progress,100.0,,Implementing Agency
SIH26017-PRJ-000355,5,Final Declaration (Sec 19),2026-09-15,2026-12-13,,,Not Started,0.0,,District Collectorate
SIH26017-PRJ-000355,6,Award Declaration (Sec 23),2027-08-19,2027-11-30,,,Not Started,0.0,,District Collectorate
SIH26017-PRJ-000355,7,Compensation Disbursement,2028-05-26,2028-11-15,,,Stalled,0.0,,Revenue Dept
SIH26017-PRJ-000355,8,Possession,2028-05-26,2028-08-16,,,Stalled,0.0,,Implementing Agency
SIH26017-PRJ-000355,9,Mutation & Handover,2028-05-26,2028-08-08,,,Stalled,0.0,,LA Branch
SIH26017-PRJ-000356,1,Preliminary Notification (Sec 11),2022-11-30,2023-02-02,2022-11-30,2023-02-22,Completed,100.0,20.0,LA Branch
SIH26017-PRJ-000356,2,Social Impact Assessment (SIA),2023-02-24,2023-06-13,2023-02-24,2023-08-03,Completed,100.0,51.0,District Collectorate
SIH26017-PRJ-000356,3,Survey & Measurement,2023-08-06,2023-10-19,2023-08-06,2024-02-04,Completed,100.0,108.0,District Collectorate
SIH26017-PRJ-000356,4,Draft Declaration,2024-02-08,2024-03-28,2024-02-08,2024-07-16,Completed,100.0,110.0,LA Branch
SIH26017-PRJ-000356,5,Final Declaration (Sec 19),2024-07-20,2024-10-05,2024-07-20,2024-12-31,Completed,100.0,87.0,Revenue Dept
SIH26017-PRJ-000356,6,Award Declaration (Sec 23),2025-01-03,2025-04-17,2025-01-03,2025-11-20,Completed,100.0,217.0,Revenue Dept
SIH26017-PRJ-000356,7,Compensation Disbursement,2025-11-22,2026-04-20,2025-11-22,2026-05-29,Completed,100.0,39.0,LA Branch
SIH26017-PRJ-000356,8,Possession,2026-06-01,2026-08-23,2026-06-01,,In Progress,90.4,,District Collectorate
SIH26017-PRJ-000356,9,Mutation & Handover,2027-02-21,2027-04-12,,,Not Started,0.0,,District Collectorate
SIH26017-PRJ-000357,1,Preliminary Notification (Sec 11),2018-09-26,2018-12-04,2018-09-26,2019-01-04,Completed,100.0,31.0,District Collectorate
SIH26017-PRJ-000357,2,Social Impact Assessment (SIA),2019-01-10,2019-06-02,,,Stalled,0.0,,LA Branch
SIH26017-PRJ-000357,3,Survey & Measurement,2019-01-10,2019-04-05,,,Stalled,0.0,,District Collectorate
SIH26017-PRJ-000357,4,Draft Declaration,2019-01-10,2019-03-14,,,Stalled,0.0,,Implementing Agency
SIH26017-PRJ-000357,5,Final Declaration (Sec 19),2019-01-10,2019-04-02,,,Stalled,0.0,,Revenue Dept
SIH26017-PRJ-000357,6,Award Declaration (Sec 23),2019-01-10,2019-05-06,,,Stalled,0.0,,Revenue Dept
SIH26017-PRJ-000357,7,Compensation Disbursement,2019-01-10,2019-06-28,,,Stalled,0.0,,Revenue Dept
SIH26017-PRJ-000357,8,Possession,2019-01-10,2019-03-21,,,Stalled,0.0,,District Collectorate
SIH26017-PRJ-000357,9,Mutation & Handover,2019-01-10,2019-03-19,,,Stalled,0.0,,District Collectorate
SIH26017-PRJ-000358,1,Preliminary Notification (Sec 11),2020-09-04,2020-11-02,2020-09-04,2020-11-13,Completed,100.0,11.0,District Collectorate
SIH26017-PRJ-000358,2,Social Impact Assessment (SIA),2020-11-17,2021-03-24,2020-11-17,2022-01-21,Completed,100.0,303.0,District Collectorate
SIH26017-PRJ-000358,3,Survey & Measurement,2022-01-27,2022-04-15,,,Stalled,0.0,,LA Branch
SIH26017-PRJ-000358,4,Draft Declaration,2022-01-27,2022-03-30,,,Stalled,0.0,,LA Branch
SIH26017-PRJ-000358,5,Final Declaration (Sec 19),2022-01-27,2022-04-21,,,Stalled,0.0,,Implementing Agency
SIH26017-PRJ-000358,6,Award Declaration (Sec 23),2022-01-27,2022-04-27,,,Stalled,0.0,,District Collectorate
SIH26017-PRJ-000358,7,Compensation Disbursement,2022-01-27,2022-07-14,,,Stalled,0.0,,Implementing Agency
SIH26017-PRJ-000358,8,Possession,2022-01-27,2022-04-09,,,Stalled,0.0,,LA Branch
SIH26017-PRJ-000358,9,Mutation & Handover,2022-01-27,2022-03-30,,,Stalled,0.0,,District Collectorate
SIH26017-PRJ-000359,1,Preliminary Notification (Sec 11),2018-08-11,2018-10-14,2018-08-11,2019-01-03,Completed,100.0,81.0,LA Branch
SIH26017-PRJ-000359,2,Social Impact Assessment (SIA),2019-01-04,2019-05-06,2019-01-04,2019-11-01,Completed,100.0,179.0,LA Branch
SIH26017-PRJ-000359,3,Survey & Measurement,2019-11-05,2020-02-04,2019-11-05,2020-04-07,Completed,100.0,63.0,Implementing Agency
SIH26017-PRJ-000359,4,Draft Declaration,2020-04-10,2020-06-14,2020-04-10,2020-10-03,Completed,100.0,111.0,Revenue Dept
SIH26017-PRJ-000359,5,Final Declaration (Sec 19),2020-10-09,2020-12-31,2020-10-09,2021-03-29,Completed,100.0,88.0,LA Branch
SIH26017-PRJ-000359,6,Award Declaration (Sec 23),2021-03-30,2021-07-08,2021-03-30,2021-12-27,Completed,100.0,172.0,District Collectorate
SIH26017-PRJ-000359,7,Compensation Disbursement,2021-12-31,2022-05-29,2021-12-31,2024-03-30,Completed,100.0,671.0,District Collectorate
SIH26017-PRJ-000359,8,Possession,2024-04-01,2024-06-22,2024-04-01,2025-03-29,Completed,100.0,280.0,District Collectorate
SIH26017-PRJ-000359,9,Mutation & Handover,2025-03-31,2025-06-04,2025-03-31,,In Progress,100.0,,LA Branch
SIH26017-PRJ-000360,1,Preliminary Notification (Sec 11),2015-05-07,2015-07-08,2015-05-07,2015-07-11,Completed,100.0,3.0,District Collectorate
SIH26017-PRJ-000360,2,Social Impact Assessment (SIA),2015-07-13,2015-11-06,2015-07-13,2016-05-30,Completed,100.0,206.0,District Collectorate
SIH26017-PRJ-000360,3,Survey & Measurement,2016-06-03,2016-08-17,2016-06-03,2017-03-23,Completed,100.0,218.0,District Collectorate
SIH26017-PRJ-000360,4,Draft Declaration,2017-03-27,2017-05-19,2017-03-27,2017-12-06,Completed,100.0,201.0,LA Branch
SIH26017-PRJ-000360,5,Final Declaration (Sec 19),2017-12-11,2018-02-19,2017-12-11,2019-03-27,Completed,100.0,401.0,Revenue Dept
SIH26017-PRJ-000360,6,Award Declaration (Sec 23),2019-04-03,2019-07-10,2019-04-03,2020-03-27,Completed,100.0,261.0,District Collectorate
SIH26017-PRJ-000360,7,Compensation Disbursement,2020-03-31,2020-08-08,2020-03-31,2023-02-02,Completed,100.0,908.0,District Collectorate
SIH26017-PRJ-000360,8,Possession,2023-02-06,2023-04-16,2023-02-06,2023-11-27,Completed,100.0,225.0,LA Branch
SIH26017-PRJ-000360,9,Mutation & Handover,2023-11-29,2024-01-18,2023-11-29,2024-03-31,Completed,100.0,73.0,LA Branch
SIH26017-PRJ-000361,1,Preliminary Notification (Sec 11),2015-04-20,2015-06-09,2015-04-20,2015-07-04,Completed,100.0,25.0,District Collectorate
SIH26017-PRJ-000361,2,Social Impact Assessment (SIA),2015-07-12,2015-10-20,2015-07-12,2015-10-13,Completed,100.0,-7.0,District Collectorate
SIH26017-PRJ-000361,3,Survey & Measurement,2015-10-15,2015-12-22,2015-10-15,2016-01-29,Completed,100.0,38.0,Implementing Agency
SIH26017-PRJ-000361,4,Draft Declaration,2016-02-05,2016-03-28,2016-02-05,2016-04-30,Completed,100.0,33.0,District Collectorate
SIH26017-PRJ-000361,5,Final Declaration (Sec 19),2016-05-08,2016-07-11,2016-05-08,2016-07-31,Completed,100.0,20.0,District Collectorate
SIH26017-PRJ-000361,6,Award Declaration (Sec 23),2016-08-05,2016-10-24,2016-08-05,2016-12-27,Completed,100.0,64.0,Revenue Dept
SIH26017-PRJ-000361,7,Compensation Disbursement,2017-01-01,2017-05-28,2017-01-01,2017-11-06,Completed,100.0,162.0,District Collectorate
SIH26017-PRJ-000361,8,Possession,2017-11-10,2018-01-23,2017-11-10,2018-02-28,Completed,100.0,36.0,District Collectorate
SIH26017-PRJ-000361,9,Mutation & Handover,2018-03-06,2018-04-28,2018-03-06,2018-05-25,Completed,100.0,27.0,Implementing Agency
SIH26017-PRJ-000362,1,Preliminary Notification (Sec 11),2018-07-15,2018-09-04,2018-07-15,2018-08-09,Completed,100.0,-26.0,Implementing Agency
SIH26017-PRJ-000362,2,Social Impact Assessment (SIA),2018-08-10,2018-11-13,2018-08-10,2018-10-07,Completed,100.0,-37.0,Revenue Dept
SIH26017-PRJ-000362,3,Survey & Measurement,2018-10-11,2018-12-29,2018-10-11,2019-01-05,Completed,100.0,7.0,Revenue Dept
SIH26017-PRJ-000362,4,Draft Declaration,2019-01-08,2019-03-04,2019-01-08,2019-04-22,Completed,100.0,49.0,LA Branch
SIH26017-PRJ-000362,5,Final Declaration (Sec 19),2019-04-27,2019-07-22,2019-04-27,2020-02-29,Completed,100.0,222.0,Implementing Agency
SIH26017-PRJ-000362,6,Award Declaration (Sec 23),2020-03-05,2020-06-07,2020-03-05,2020-07-21,Completed,100.0,44.0,LA Branch
SIH26017-PRJ-000362,7,Compensation Disbursement,2020-07-24,2020-12-26,2020-07-24,2022-04-26,Completed,100.0,486.0,Revenue Dept
SIH26017-PRJ-000362,8,Possession,2022-04-30,2022-07-15,2022-04-30,2023-01-09,Completed,100.0,178.0,Implementing Agency
SIH26017-PRJ-000362,9,Mutation & Handover,2023-01-12,2023-03-01,2023-01-12,2023-05-25,Completed,100.0,85.0,LA Branch
SIH26017-PRJ-000363,1,Preliminary Notification (Sec 11),2018-03-23,2018-05-21,2018-03-23,2018-05-24,Completed,100.0,3.0,LA Branch
SIH26017-PRJ-000363,2,Social Impact Assessment (SIA),2018-05-27,2018-09-11,2018-05-27,2018-09-22,Completed,100.0,11.0,District Collectorate
SIH26017-PRJ-000363,3,Survey & Measurement,2018-09-25,2018-12-22,2018-09-25,2019-03-09,Completed,100.0,77.0,LA Branch
SIH26017-PRJ-000363,4,Draft Declaration,2019-03-14,2019-05-16,2019-03-14,2019-06-08,Completed,100.0,23.0,Revenue Dept
SIH26017-PRJ-000363,5,Final Declaration (Sec 19),2019-06-12,2019-09-14,2019-06-12,2019-08-31,Completed,100.0,-14.0,District Collectorate
SIH26017-PRJ-000363,6,Award Declaration (Sec 23),2019-09-03,2019-12-16,2019-09-03,2019-10-26,Completed,100.0,-51.0,Implementing Agency
SIH26017-PRJ-000363,7,Compensation Disbursement,2019-10-30,2020-04-10,2019-10-30,2020-06-19,Completed,100.0,70.0,District Collectorate
SIH26017-PRJ-000363,8,Possession,2020-06-23,2020-09-23,2020-06-23,2021-02-19,Completed,100.0,149.0,District Collectorate
SIH26017-PRJ-000363,9,Mutation & Handover,2021-02-21,2021-05-02,2021-02-21,2021-07-06,Completed,100.0,65.0,District Collectorate
SIH26017-PRJ-000364,1,Preliminary Notification (Sec 11),2016-11-25,2017-01-19,2016-11-25,2017-04-25,Completed,100.0,96.0,Revenue Dept
SIH26017-PRJ-000364,2,Social Impact Assessment (SIA),2017-05-01,2017-09-28,2017-05-01,2018-10-09,Completed,100.0,376.0,Implementing Agency
SIH26017-PRJ-000364,3,Survey & Measurement,2018-10-14,2019-01-02,2018-10-14,2019-11-07,Completed,100.0,309.0,LA Branch
SIH26017-PRJ-000364,4,Draft Declaration,2019-11-08,2020-01-04,2019-11-08,2020-10-08,Completed,100.0,278.0,Revenue Dept
SIH26017-PRJ-000364,5,Final Declaration (Sec 19),2020-10-14,2021-01-10,2020-10-14,2022-09-13,Completed,100.0,611.0,LA Branch
SIH26017-PRJ-000364,6,Award Declaration (Sec 23),2022-09-16,2022-12-29,2022-09-16,2024-06-07,Completed,100.0,526.0,Implementing Agency
SIH26017-PRJ-000364,7,Compensation Disbursement,2024-06-11,2024-11-08,2024-06-11,2026-05-29,Completed,100.0,567.0,LA Branch
SIH26017-PRJ-000364,8,Possession,2026-06-02,2026-08-23,2026-06-02,,In Progress,90.2,,District Collectorate
SIH26017-PRJ-000364,9,Mutation & Handover,2027-01-09,2027-03-23,,,Not Started,0.0,,Revenue Dept
SIH26017-PRJ-000365,1,Preliminary Notification (Sec 11),2021-03-28,2021-06-04,2021-03-28,2021-06-19,Completed,100.0,15.0,Implementing Agency
SIH26017-PRJ-000365,2,Social Impact Assessment (SIA),2021-06-22,2021-10-08,2021-06-22,2021-10-29,Completed,100.0,21.0,District Collectorate
SIH26017-PRJ-000365,3,Survey & Measurement,2021-11-04,2022-01-31,2021-11-04,2022-01-02,Completed,100.0,-29.0,District Collectorate
SIH26017-PRJ-000365,4,Draft Declaration,2022-01-07,2022-03-08,2022-01-07,2022-04-22,Completed,100.0,45.0,District Collectorate
SIH26017-PRJ-000365,5,Final Declaration (Sec 19),2022-04-24,2022-07-11,2022-04-24,2022-08-24,Completed,100.0,44.0,District Collectorate
SIH26017-PRJ-000365,6,Award Declaration (Sec 23),2022-08-27,2022-11-28,2022-08-27,2023-04-30,Completed,100.0,153.0,District Collectorate
SIH26017-PRJ-000365,7,Compensation Disbursement,2023-05-02,2023-10-01,2023-05-02,2023-09-17,Completed,100.0,-14.0,District Collectorate
SIH26017-PRJ-000365,8,Possession,2023-09-22,2023-11-27,2023-09-22,2023-11-24,Completed,100.0,-3.0,LA Branch
SIH26017-PRJ-000365,9,Mutation & Handover,2023-11-28,2024-01-21,2023-11-28,2024-01-17,Completed,100.0,-4.0,LA Branch
SIH26017-PRJ-000366,1,Preliminary Notification (Sec 11),2017-11-29,2018-02-01,2017-11-29,2018-04-03,Completed,100.0,61.0,District Collectorate
SIH26017-PRJ-000366,2,Social Impact Assessment (SIA),2018-04-09,2018-08-03,2018-04-09,2018-08-07,Completed,100.0,4.0,District Collectorate
SIH26017-PRJ-000366,3,Survey & Measurement,2018-08-09,2018-11-11,,,Stalled,0.0,,Revenue Dept
SIH26017-PRJ-000366,4,Draft Declaration,2018-08-09,2018-10-12,,,Stalled,0.0,,District Collectorate
SIH26017-PRJ-000366,5,Final Declaration (Sec 19),2018-08-09,2018-11-02,,,Stalled,0.0,,LA Branch
SIH26017-PRJ-000366,6,Award Declaration (Sec 23),2018-08-09,2018-11-18,,,Stalled,0.0,,District Collectorate
SIH26017-PRJ-000366,7,Compensation Disbursement,2018-08-09,2019-01-04,,,Stalled,0.0,,District Collectorate
SIH26017-PRJ-000366,8,Possession,2018-08-09,2018-10-31,,,Stalled,0.0,,District Collectorate
SIH26017-PRJ-000366,9,Mutation & Handover,2018-08-09,2018-10-03,,,Stalled,0.0,,LA Branch
SIH26017-PRJ-000367,1,Preliminary Notification (Sec 11),2022-01-25,2022-03-28,2022-01-25,2022-09-17,Completed,100.0,173.0,District Collectorate
SIH26017-PRJ-000367,2,Social Impact Assessment (SIA),2022-09-21,2023-01-29,2022-09-21,2023-02-09,Completed,100.0,11.0,LA Branch
SIH26017-PRJ-000367,3,Survey & Measurement,2023-02-14,2023-05-05,2023-02-14,2023-08-05,Completed,100.0,92.0,LA Branch
SIH26017-PRJ-000367,4,Draft Declaration,2023-08-08,2023-10-12,,,Stalled,0.0,,District Collectorate
SIH26017-PRJ-000367,5,Final Declaration (Sec 19),2023-08-08,2023-11-03,,,Stalled,0.0,,Revenue Dept
SIH26017-PRJ-000367,6,Award Declaration (Sec 23),2023-08-08,2023-11-23,,,Stalled,0.0,,LA Branch
SIH26017-PRJ-000367,7,Compensation Disbursement,2023-08-08,2024-01-24,,,Stalled,0.0,,LA Branch
SIH26017-PRJ-000367,8,Possession,2023-08-08,2023-11-01,,,Stalled,0.0,,District Collectorate
SIH26017-PRJ-000367,9,Mutation & Handover,2023-08-08,2023-10-11,,,Stalled,0.0,,District Collectorate
SIH26017-PRJ-000368,1,Preliminary Notification (Sec 11),2015-11-22,2016-01-15,2015-11-22,2016-01-18,Completed,100.0,3.0,LA Branch
SIH26017-PRJ-000368,2,Social Impact Assessment (SIA),2016-01-22,2016-05-05,2016-01-22,2016-08-14,Completed,100.0,101.0,District Collectorate
SIH26017-PRJ-000368,3,Survey & Measurement,2016-08-20,2016-10-29,2016-08-20,2016-11-28,Completed,100.0,30.0,LA Branch
SIH26017-PRJ-000368,4,Draft Declaration,2016-12-02,2017-01-19,2016-12-02,2017-03-08,Completed,100.0,48.0,Revenue Dept
SIH26017-PRJ-000368,5,Final Declaration (Sec 19),2017-03-09,2017-05-15,2017-03-09,2017-07-08,Completed,100.0,54.0,LA Branch
SIH26017-PRJ-000368,6,Award Declaration (Sec 23),2017-07-10,2017-10-14,2017-07-10,2017-11-13,Completed,100.0,30.0,District Collectorate
SIH26017-PRJ-000368,7,Compensation Disbursement,2017-11-15,2018-04-09,2017-11-15,2018-04-10,Completed,100.0,1.0,LA Branch
SIH26017-PRJ-000368,8,Possession,2018-04-15,2018-06-26,2018-04-15,2018-06-24,Completed,100.0,-2.0,Revenue Dept
SIH26017-PRJ-000368,9,Mutation & Handover,2018-07-01,2018-08-27,2018-07-01,2018-09-12,Completed,100.0,16.0,District Collectorate
SIH26017-PRJ-000369,1,Preliminary Notification (Sec 11),2016-03-04,2016-05-03,2016-03-04,2016-06-11,Completed,100.0,39.0,Revenue Dept
SIH26017-PRJ-000369,2,Social Impact Assessment (SIA),2016-06-12,2016-10-05,2016-06-12,2016-11-22,Completed,100.0,48.0,District Collectorate
SIH26017-PRJ-000369,3,Survey & Measurement,2016-11-24,2017-02-08,2016-11-24,2017-03-31,Completed,100.0,51.0,District Collectorate
SIH26017-PRJ-000369,4,Draft Declaration,2017-04-05,2017-06-03,2017-04-05,2017-07-09,Completed,100.0,36.0,LA Branch
SIH26017-PRJ-000369,5,Final Declaration (Sec 19),2017-07-12,2017-10-03,2017-07-12,2017-11-07,Completed,100.0,35.0,Revenue Dept
SIH26017-PRJ-000369,6,Award Declaration (Sec 23),2017-11-13,2018-03-01,2017-11-13,2018-06-22,Completed,100.0,113.0,District Collectorate
SIH26017-PRJ-000369,7,Compensation Disbursement,2018-06-28,2018-11-18,2018-06-28,2018-12-25,Completed,100.0,37.0,Revenue Dept
SIH26017-PRJ-000369,8,Possession,2018-12-29,2019-03-23,2018-12-29,2019-05-20,Completed,100.0,58.0,Implementing Agency
SIH26017-PRJ-000369,9,Mutation & Handover,2019-05-24,2019-07-22,2019-05-24,2019-07-17,Completed,100.0,-5.0,District Collectorate
SIH26017-PRJ-000370,1,Preliminary Notification (Sec 11),2015-02-23,2015-04-11,2015-02-23,2015-05-18,Completed,100.0,37.0,Revenue Dept
SIH26017-PRJ-000370,2,Social Impact Assessment (SIA),2015-05-23,2015-09-20,2015-05-23,2015-10-16,Completed,100.0,26.0,LA Branch
SIH26017-PRJ-000370,3,Survey & Measurement,2015-10-19,2016-01-03,2015-10-19,2016-01-08,Completed,100.0,5.0,Revenue Dept
SIH26017-PRJ-000370,4,Draft Declaration,2016-01-16,2016-03-15,2016-01-16,2016-04-02,Completed,100.0,18.0,District Collectorate
SIH26017-PRJ-000370,5,Final Declaration (Sec 19),2016-04-09,2016-07-08,2016-04-09,2016-10-19,Completed,100.0,103.0,District Collectorate
SIH26017-PRJ-000370,6,Award Declaration (Sec 23),2016-10-26,2017-02-07,2016-10-26,2017-07-12,Completed,100.0,155.0,Revenue Dept
SIH26017-PRJ-000370,7,Compensation Disbursement,2017-07-15,2017-12-27,2017-07-15,2019-01-24,Completed,100.0,393.0,District Collectorate
SIH26017-PRJ-000370,8,Possession,2019-01-25,2019-04-09,2019-01-25,2019-09-14,Completed,100.0,158.0,District Collectorate
SIH26017-PRJ-000370,9,Mutation & Handover,2019-09-15,2019-11-11,2019-09-15,2020-07-10,Completed,100.0,242.0,District Collectorate
SIH26017-PRJ-000371,1,Preliminary Notification (Sec 11),2020-02-24,2020-05-07,2020-02-24,2020-05-14,Completed,100.0,7.0,District Collectorate
SIH26017-PRJ-000371,2,Social Impact Assessment (SIA),2020-05-19,2020-09-22,2020-05-19,2020-10-09,Completed,100.0,17.0,District Collectorate
SIH26017-PRJ-000371,3,Survey & Measurement,2020-10-10,2021-01-06,2020-10-10,2021-06-30,Completed,100.0,175.0,Revenue Dept
SIH26017-PRJ-000371,4,Draft Declaration,2021-07-02,2021-09-07,2021-07-02,2022-01-07,Completed,100.0,122.0,Implementing Agency
SIH26017-PRJ-000371,5,Final Declaration (Sec 19),2022-01-09,2022-04-07,2022-01-09,2022-10-02,Completed,100.0,178.0,Revenue Dept
SIH26017-PRJ-000371,6,Award Declaration (Sec 23),2022-10-07,2023-01-22,2022-10-07,2024-01-12,Completed,100.0,355.0,Revenue Dept
SIH26017-PRJ-000371,7,Compensation Disbursement,2024-01-15,2024-05-29,2024-01-15,2024-10-20,Completed,100.0,144.0,District Collectorate
SIH26017-PRJ-000371,8,Possession,2024-10-22,2025-01-14,2024-10-22,2025-04-05,Completed,100.0,81.0,LA Branch
SIH26017-PRJ-000371,9,Mutation & Handover,2025-04-10,2025-06-12,2025-04-10,2025-09-26,Completed,100.0,106.0,LA Branch
SIH26017-PRJ-000372,1,Preliminary Notification (Sec 11),2024-01-21,2024-03-10,2024-01-21,2024-03-11,Completed,100.0,1.0,District Collectorate
SIH26017-PRJ-000372,2,Social Impact Assessment (SIA),2024-03-13,2024-07-09,2024-03-13,2025-07-25,Completed,100.0,381.0,Implementing Agency
SIH26017-PRJ-000372,3,Survey & Measurement,2025-07-28,2025-10-16,2025-07-28,2026-04-18,Completed,100.0,184.0,Implementing Agency
SIH26017-PRJ-000372,4,Draft Declaration,2026-04-22,2026-06-13,2026-04-22,,In Progress,100.0,,Revenue Dept
SIH26017-PRJ-000372,5,Final Declaration (Sec 19),2026-12-30,2027-03-18,,,Not Started,0.0,,District Collectorate
SIH26017-PRJ-000372,6,Award Declaration (Sec 23),2028-07-10,2028-10-08,,,Not Started,0.0,,LA Branch
SIH26017-PRJ-000372,7,Compensation Disbursement,2029-02-09,2029-07-04,,,Not Started,0.0,,Revenue Dept
SIH26017-PRJ-000372,8,Possession,2030-01-08,2030-04-03,,,Not Started,0.0,,District Collectorate
SIH26017-PRJ-000372,9,Mutation & Handover,2030-09-28,2030-11-14,,,Not Started,0.0,,District Collectorate
SIH26017-PRJ-000373,1,Preliminary Notification (Sec 11),2017-09-16,2017-11-06,2017-09-16,2017-11-06,Completed,100.0,0.0,Revenue Dept
SIH26017-PRJ-000373,2,Social Impact Assessment (SIA),2017-11-11,2018-02-23,2017-11-11,2018-04-03,Completed,100.0,39.0,Implementing Agency
SIH26017-PRJ-000373,3,Survey & Measurement,2018-04-12,2018-06-28,2018-04-12,2018-07-17,Completed,100.0,19.0,District Collectorate
SIH26017-PRJ-000373,4,Draft Declaration,2018-07-20,2018-09-09,2018-07-20,2018-09-01,Completed,100.0,-8.0,District Collectorate
SIH26017-PRJ-000373,5,Final Declaration (Sec 19),2018-09-05,2018-11-11,2018-09-05,2018-11-04,Completed,100.0,-7.0,Revenue Dept
SIH26017-PRJ-000373,6,Award Declaration (Sec 23),2018-11-11,2019-02-08,2018-11-11,2019-01-24,Completed,100.0,-15.0,District Collectorate
SIH26017-PRJ-000373,7,Compensation Disbursement,2019-01-30,2019-06-17,2019-01-30,2019-06-09,Completed,100.0,-8.0,LA Branch
SIH26017-PRJ-000373,8,Possession,2019-06-13,2019-08-23,2019-06-13,2019-09-25,Completed,100.0,33.0,Revenue Dept
SIH26017-PRJ-000373,9,Mutation & Handover,2019-10-02,2019-11-26,2019-10-02,2019-11-26,Completed,100.0,0.0,District Collectorate
SIH26017-PRJ-000374,1,Preliminary Notification (Sec 11),2019-02-03,2019-03-25,2019-02-03,2019-04-17,Completed,100.0,23.0,LA Branch
SIH26017-PRJ-000374,2,Social Impact Assessment (SIA),2019-04-19,2019-08-20,2019-04-19,2019-10-31,Completed,100.0,72.0,District Collectorate
SIH26017-PRJ-000374,3,Survey & Measurement,2019-11-09,2020-01-24,2019-11-09,2020-02-26,Completed,100.0,33.0,Revenue Dept
SIH26017-PRJ-000374,4,Draft Declaration,2020-02-29,2020-05-09,2020-02-29,2020-06-30,Completed,100.0,52.0,District Collectorate
SIH26017-PRJ-000374,5,Final Declaration (Sec 19),2020-07-04,2020-10-03,2020-07-04,2021-03-22,Completed,100.0,170.0,Revenue Dept
SIH26017-PRJ-000374,6,Award Declaration (Sec 23),2021-03-23,2021-07-04,2021-03-23,2022-01-12,Completed,100.0,192.0,Revenue Dept
SIH26017-PRJ-000374,7,Compensation Disbursement,2022-01-17,2022-06-23,2022-01-17,2022-08-19,Completed,100.0,57.0,District Collectorate
SIH26017-PRJ-000374,8,Possession,2022-08-24,2022-11-23,2022-08-24,2023-01-29,Completed,100.0,67.0,District Collectorate
SIH26017-PRJ-000374,9,Mutation & Handover,2023-02-02,2023-04-10,2023-02-02,2023-03-19,Completed,100.0,-22.0,District Collectorate
SIH26017-PRJ-000375,1,Preliminary Notification (Sec 11),2017-10-10,2017-11-21,2017-10-10,2017-12-28,Completed,100.0,37.0,LA Branch
SIH26017-PRJ-000375,2,Social Impact Assessment (SIA),2018-01-01,2018-04-29,2018-01-01,2018-07-30,Completed,100.0,92.0,District Collectorate
SIH26017-PRJ-000375,3,Survey & Measurement,2018-08-01,2018-10-07,2018-08-01,2018-10-23,Completed,100.0,16.0,District Collectorate
SIH26017-PRJ-000375,4,Draft Declaration,2018-10-24,2018-12-16,2018-10-24,2019-03-07,Completed,100.0,81.0,District Collectorate
SIH26017-PRJ-000375,5,Final Declaration (Sec 19),2019-03-14,2019-05-22,2019-03-14,2019-08-25,Completed,100.0,95.0,District Collectorate
SIH26017-PRJ-000375,6,Award Declaration (Sec 23),2019-08-29,2019-11-26,2019-08-29,2020-07-17,Completed,100.0,234.0,LA Branch
SIH26017-PRJ-000375,7,Compensation Disbursement,2020-07-20,2020-11-28,2020-07-20,2022-02-13,Completed,100.0,442.0,Revenue Dept
SIH26017-PRJ-000375,8,Possession,2022-02-17,2022-05-05,2022-02-17,2022-09-19,Completed,100.0,137.0,District Collectorate
SIH26017-PRJ-000375,9,Mutation & Handover,2022-09-23,2022-11-14,2022-09-23,2023-01-31,Completed,100.0,78.0,District Collectorate
SIH26017-PRJ-000376,1,Preliminary Notification (Sec 11),2024-05-20,2024-07-17,2024-05-20,2024-08-08,Completed,100.0,22.0,LA Branch
SIH26017-PRJ-000376,2,Social Impact Assessment (SIA),2024-08-12,2024-11-19,2024-08-12,2024-10-15,Completed,100.0,-35.0,Implementing Agency
SIH26017-PRJ-000376,3,Survey & Measurement,2024-10-17,2024-12-29,2024-10-17,2024-12-20,Completed,100.0,-9.0,Implementing Agency
SIH26017-PRJ-000376,4,Draft Declaration,2024-12-24,2025-02-21,2024-12-24,2025-03-09,Completed,100.0,16.0,District Collectorate
SIH26017-PRJ-000376,5,Final Declaration (Sec 19),2025-03-15,2025-05-27,2025-03-15,2025-07-02,Completed,100.0,36.0,District Collectorate
SIH26017-PRJ-000376,6,Award Declaration (Sec 23),2025-07-06,2025-10-04,2025-07-06,2025-10-02,Completed,100.0,-2.0,District Collectorate
SIH26017-PRJ-000376,7,Compensation Disbursement,2025-10-06,2026-02-24,2025-10-06,2025-12-16,Completed,100.0,-70.0,District Collectorate
SIH26017-PRJ-000376,8,Possession,2025-12-19,2026-02-20,2025-12-19,2026-02-08,Completed,100.0,-12.0,District Collectorate
SIH26017-PRJ-000376,9,Mutation & Handover,2026-02-12,2026-04-11,2026-02-12,2026-03-22,Completed,100.0,-20.0,Revenue Dept
SIH26017-PRJ-000377,1,Preliminary Notification (Sec 11),2024-08-08,2024-10-17,2024-08-08,2025-01-04,Completed,100.0,79.0,Implementing Agency
SIH26017-PRJ-000377,2,Social Impact Assessment (SIA),2025-01-08,2025-05-17,2025-01-08,2025-09-07,Completed,100.0,113.0,LA Branch
SIH26017-PRJ-000377,3,Survey & Measurement,2025-09-08,2025-11-27,2025-09-08,2025-12-31,Completed,100.0,34.0,District Collectorate
SIH26017-PRJ-000377,4,Draft Declaration,2026-01-02,2026-03-03,2026-01-02,2026-05-27,Completed,100.0,85.0,LA Branch
SIH26017-PRJ-000377,5,Final Declaration (Sec 19),2026-05-30,2026-08-22,2026-05-30,,In Progress,91.7,,District Collectorate
SIH26017-PRJ-000377,6,Award Declaration (Sec 23),2026-12-28,2027-04-12,,,Not Started,0.0,,Revenue Dept
SIH26017-PRJ-000377,7,Compensation Disbursement,2027-11-09,2028-03-24,,,Not Started,0.0,,LA Branch
SIH26017-PRJ-000377,8,Possession,2028-05-09,2028-08-03,,,Not Started,0.0,,District Collectorate
SIH26017-PRJ-000377,9,Mutation & Handover,2028-10-03,2028-12-09,,,Not Started,0.0,,District Collectorate
SIH26017-PRJ-000378,1,Preliminary Notification (Sec 11),2017-12-17,2018-02-06,2017-12-17,2018-12-06,Completed,100.0,303.0,LA Branch
SIH26017-PRJ-000378,2,Social Impact Assessment (SIA),2018-12-07,2019-03-20,2018-12-07,2019-08-06,Completed,100.0,139.0,Revenue Dept
SIH26017-PRJ-000378,3,Survey & Measurement,2019-08-09,2019-10-25,2019-08-09,2019-12-25,Completed,100.0,61.0,LA Branch
SIH26017-PRJ-000378,4,Draft Declaration,2019-12-31,2020-02-17,2019-12-31,2020-04-22,Completed,100.0,65.0,District Collectorate
SIH26017-PRJ-000378,5,Final Declaration (Sec 19),2020-04-30,2020-07-08,2020-04-30,2020-10-21,Completed,100.0,105.0,District Collectorate
SIH26017-PRJ-000378,6,Award Declaration (Sec 23),2020-10-25,2021-01-21,2020-10-25,2021-03-11,Completed,100.0,49.0,District Collectorate
SIH26017-PRJ-000378,7,Compensation Disbursement,2021-03-16,2021-08-08,2021-03-16,2021-10-21,Completed,100.0,74.0,LA Branch
SIH26017-PRJ-000378,8,Possession,2021-10-26,2022-01-10,2021-10-26,2022-05-12,Completed,100.0,122.0,District Collectorate
SIH26017-PRJ-000378,9,Mutation & Handover,2022-05-14,2022-07-06,2022-05-14,2022-10-10,Completed,100.0,96.0,LA Branch
SIH26017-PRJ-000379,1,Preliminary Notification (Sec 11),2019-05-27,2019-07-28,2019-05-27,2019-08-11,Completed,100.0,14.0,LA Branch
SIH26017-PRJ-000379,2,Social Impact Assessment (SIA),2019-08-17,2019-12-10,2019-08-17,2020-06-23,Completed,100.0,196.0,District Collectorate
SIH26017-PRJ-000379,3,Survey & Measurement,2020-06-26,2020-09-14,2020-06-26,2021-01-31,Completed,100.0,139.0,District Collectorate
SIH26017-PRJ-000379,4,Draft Declaration,2021-02-05,2021-04-04,2021-02-05,2021-08-04,Completed,100.0,122.0,District Collectorate
SIH26017-PRJ-000379,5,Final Declaration (Sec 19),2021-08-10,2021-10-26,2021-08-10,2022-01-09,Completed,100.0,75.0,District Collectorate
SIH26017-PRJ-000379,6,Award Declaration (Sec 23),2022-01-13,2022-04-22,2022-01-13,2022-07-11,Completed,100.0,80.0,LA Branch
SIH26017-PRJ-000379,7,Compensation Disbursement,2022-07-14,2022-12-15,2022-07-14,2025-03-29,Completed,100.0,835.0,Revenue Dept
SIH26017-PRJ-000379,8,Possession,2025-03-30,2025-06-19,2025-03-30,2026-01-29,Completed,100.0,224.0,District Collectorate
SIH26017-PRJ-000379,9,Mutation & Handover,2026-02-03,2026-04-11,2026-02-03,,In Progress,100.0,,Revenue Dept
SIH26017-PRJ-000380,1,Preliminary Notification (Sec 11),2022-10-30,2023-01-03,2022-10-30,2023-01-27,Completed,100.0,24.0,LA Branch
SIH26017-PRJ-000380,2,Social Impact Assessment (SIA),2023-01-31,2023-05-21,2023-01-31,2023-07-09,Completed,100.0,49.0,LA Branch
SIH26017-PRJ-000380,3,Survey & Measurement,2023-07-23,2023-10-17,2023-07-23,2024-01-04,Completed,100.0,79.0,LA Branch
SIH26017-PRJ-000380,4,Draft Declaration,2024-01-09,2024-03-15,2024-01-09,2024-05-12,Completed,100.0,58.0,LA Branch
SIH26017-PRJ-000380,5,Final Declaration (Sec 19),2024-05-18,2024-08-06,2024-05-18,2024-10-18,Completed,100.0,73.0,LA Branch
SIH26017-PRJ-000380,6,Award Declaration (Sec 23),2024-10-20,2025-01-14,2024-10-20,2025-05-22,Completed,100.0,128.0,District Collectorate
SIH26017-PRJ-000380,7,Compensation Disbursement,2025-05-27,2025-12-09,2025-05-27,2026-03-22,Completed,100.0,103.0,District Collectorate
SIH26017-PRJ-000380,8,Possession,2026-03-26,2026-06-20,2026-03-26,,In Progress,100.0,,District Collectorate
SIH26017-PRJ-000380,9,Mutation & Handover,2026-12-23,2027-02-23,,,Not Started,0.0,,District Collectorate
SIH26017-PRJ-000381,1,Preliminary Notification (Sec 11),2015-03-19,2015-05-17,2015-03-19,2015-07-20,Completed,100.0,64.0,District Collectorate
SIH26017-PRJ-000381,2,Social Impact Assessment (SIA),2015-07-25,2015-11-16,2015-07-25,2016-08-24,Completed,100.0,282.0,District Collectorate
SIH26017-PRJ-000381,3,Survey & Measurement,2016-08-25,2016-11-04,2016-08-25,2017-03-18,Completed,100.0,134.0,LA Branch
SIH26017-PRJ-000381,4,Draft Declaration,2017-03-22,2017-05-23,2017-03-22,2017-08-11,Completed,100.0,80.0,LA Branch
SIH26017-PRJ-000381,5,Final Declaration (Sec 19),2017-08-17,2017-10-29,,,Stalled,0.0,,District Collectorate
SIH26017-PRJ-000381,6,Award Declaration (Sec 23),2017-08-17,2017-11-03,,,Stalled,0.0,,LA Branch
SIH26017-PRJ-000381,7,Compensation Disbursement,2017-08-17,2018-01-11,,,Stalled,0.0,,LA Branch
SIH26017-PRJ-000381,8,Possession,2017-08-17,2017-11-03,,,Stalled,0.0,,District Collectorate
SIH26017-PRJ-000381,9,Mutation & Handover,2017-08-17,2017-10-10,,,Stalled,0.0,,Revenue Dept
SIH26017-PRJ-000382,1,Preliminary Notification (Sec 11),2023-06-23,2023-08-29,2023-06-23,2023-11-27,Completed,100.0,90.0,District Collectorate
SIH26017-PRJ-000382,2,Social Impact Assessment (SIA),2023-11-30,2024-03-27,2023-11-30,2025-03-28,Completed,100.0,366.0,District Collectorate
SIH26017-PRJ-000382,3,Survey & Measurement,2025-04-01,2025-06-22,2025-04-01,2026-02-11,Completed,100.0,234.0,Revenue Dept
SIH26017-PRJ-000382,4,Draft Declaration,2026-02-13,2026-04-19,2026-02-13,,In Progress,100.0,,District Collectorate
SIH26017-PRJ-000382,5,Final Declaration (Sec 19),2026-11-28,2027-02-23,,,Not Started,0.0,,District Collectorate
SIH26017-PRJ-000382,6,Award Declaration (Sec 23),2027-08-23,2027-11-26,,,Not Started,0.0,,LA Branch
SIH26017-PRJ-000382,7,Compensation Disbursement,2028-06-25,2028-11-26,,,Not Started,0.0,,LA Branch
SIH26017-PRJ-000382,8,Possession,2029-08-28,2029-11-17,,,Not Started,0.0,,LA Branch
SIH26017-PRJ-000382,9,Mutation & Handover,2030-03-19,2030-05-27,,,Not Started,0.0,,LA Branch
SIH26017-PRJ-000383,1,Preliminary Notification (Sec 11),2022-01-29,2022-03-21,2022-01-29,2022-03-10,Completed,100.0,-11.0,LA Branch
SIH26017-PRJ-000383,2,Social Impact Assessment (SIA),2022-03-13,2022-07-19,2022-03-13,2022-09-20,Completed,100.0,63.0,District Collectorate
SIH26017-PRJ-000383,3,Survey & Measurement,2022-09-24,2022-12-07,2022-09-24,2023-04-23,Completed,100.0,137.0,District Collectorate
SIH26017-PRJ-000383,4,Draft Declaration,2023-04-27,2023-06-22,2023-04-27,2023-08-14,Completed,100.0,53.0,LA Branch
SIH26017-PRJ-000383,5,Final Declaration (Sec 19),2023-08-19,2023-10-31,,,Stalled,0.0,,Implementing Agency
SIH26017-PRJ-000383,6,Award Declaration (Sec 23),2023-08-19,2023-11-29,,,Stalled,0.0,,District Collectorate
SIH26017-PRJ-000383,7,Compensation Disbursement,2023-08-19,2024-01-26,,,Stalled,0.0,,District Collectorate
SIH26017-PRJ-000383,8,Possession,2023-08-19,2023-10-29,,,Stalled,0.0,,Revenue Dept
SIH26017-PRJ-000383,9,Mutation & Handover,2023-08-19,2023-10-16,,,Stalled,0.0,,Implementing Agency
SIH26017-PRJ-000384,1,Preliminary Notification (Sec 11),2020-12-24,2021-02-18,2020-12-24,2021-01-30,Completed,100.0,-19.0,District Collectorate
SIH26017-PRJ-000384,2,Social Impact Assessment (SIA),2021-02-04,2021-05-12,2021-02-04,2021-04-29,Completed,100.0,-13.0,Implementing Agency
SIH26017-PRJ-000384,3,Survey & Measurement,2021-05-02,2021-07-09,2021-05-02,2021-07-19,Completed,100.0,10.0,Implementing Agency
SIH26017-PRJ-000384,4,Draft Declaration,2021-07-23,2021-09-10,2021-07-23,2021-08-25,Completed,100.0,-16.0,Revenue Dept
SIH26017-PRJ-000384,5,Final Declaration (Sec 19),2021-08-28,2021-11-01,2021-08-28,2021-11-25,Completed,100.0,24.0,District Collectorate
SIH26017-PRJ-000384,6,Award Declaration (Sec 23),2021-12-02,2022-03-10,2021-12-02,2022-07-09,Completed,100.0,121.0,District Collectorate
SIH26017-PRJ-000384,7,Compensation Disbursement,2022-07-13,2022-11-14,2022-07-13,2023-01-13,Completed,100.0,60.0,District Collectorate
SIH26017-PRJ-000384,8,Possession,2023-01-16,2023-03-29,2023-01-16,2023-04-10,Completed,100.0,12.0,District Collectorate
SIH26017-PRJ-000384,9,Mutation & Handover,2023-04-15,2023-06-06,2023-04-15,2023-05-12,Completed,100.0,-25.0,Implementing Agency
SIH26017-PRJ-000385,1,Preliminary Notification (Sec 11),2016-05-23,2016-07-15,2016-05-23,2016-08-04,Completed,100.0,20.0,District Collectorate
SIH26017-PRJ-000385,2,Social Impact Assessment (SIA),2016-08-08,2016-11-27,2016-08-08,2017-03-30,Completed,100.0,123.0,District Collectorate
SIH26017-PRJ-000385,3,Survey & Measurement,2017-04-02,2017-06-28,2017-04-02,2017-09-05,Completed,100.0,69.0,Revenue Dept
SIH26017-PRJ-000385,4,Draft Declaration,2017-09-06,2017-11-01,2017-09-06,2017-11-28,Completed,100.0,27.0,Revenue Dept
SIH26017-PRJ-000385,5,Final Declaration (Sec 19),2017-12-03,2018-02-16,2017-12-03,2018-06-20,Completed,100.0,124.0,Revenue Dept
SIH26017-PRJ-000385,6,Award Declaration (Sec 23),2018-06-23,2018-09-16,2018-06-23,2019-07-30,Completed,100.0,317.0,District Collectorate
SIH26017-PRJ-000385,7,Compensation Disbursement,2019-08-01,2019-12-31,2019-08-01,2021-05-17,Completed,100.0,503.0,LA Branch
SIH26017-PRJ-000385,8,Possession,2021-05-20,2021-08-02,2021-05-20,2022-06-06,Completed,100.0,308.0,District Collectorate
SIH26017-PRJ-000385,9,Mutation & Handover,2022-06-07,2022-07-23,2022-06-07,2022-10-08,Completed,100.0,77.0,LA Branch
SIH26017-PRJ-000386,1,Preliminary Notification (Sec 11),2021-04-20,2021-06-09,2021-04-20,2021-08-13,Completed,100.0,65.0,Implementing Agency
SIH26017-PRJ-000386,2,Social Impact Assessment (SIA),2021-08-20,2021-12-02,2021-08-20,2022-05-20,Completed,100.0,169.0,LA Branch
SIH26017-PRJ-000386,3,Survey & Measurement,2022-05-21,2022-08-02,2022-05-21,2023-01-11,Completed,100.0,162.0,Implementing Agency
SIH26017-PRJ-000386,4,Draft Declaration,2023-01-12,2023-03-02,2023-01-12,2023-06-07,Completed,100.0,97.0,District Collectorate
SIH26017-PRJ-000386,5,Final Declaration (Sec 19),2023-06-10,2023-08-16,2023-06-10,2024-01-14,Completed,100.0,151.0,Implementing Agency
SIH26017-PRJ-000386,6,Award Declaration (Sec 23),2024-01-17,2024-04-08,2024-01-17,2024-08-28,Completed,100.0,142.0,Implementing Agency
SIH26017-PRJ-000386,7,Compensation Disbursement,2024-09-03,2025-01-21,2024-09-03,2026-08-03,Completed,100.0,559.0,District Collectorate
SIH26017-PRJ-000386,8,Possession,2026-08-04,2026-10-17,2026-08-04,,In Progress,14.9,,Implementing Agency
SIH26017-PRJ-000386,9,Mutation & Handover,2027-04-28,2027-06-18,,,Not Started,0.0,,District Collectorate
SIH26017-PRJ-000387,1,Preliminary Notification (Sec 11),2023-02-14,2023-04-08,2023-02-14,2023-04-09,Completed,100.0,1.0,LA Branch
SIH26017-PRJ-000387,2,Social Impact Assessment (SIA),2023-04-17,2023-08-02,2023-04-17,2023-08-11,Completed,100.0,9.0,LA Branch
SIH26017-PRJ-000387,3,Survey & Measurement,2023-08-15,2023-10-30,2023-08-15,2023-10-19,Completed,100.0,-11.0,LA Branch
SIH26017-PRJ-000387,4,Draft Declaration,2023-10-23,2023-12-17,2023-10-23,2023-12-04,Completed,100.0,-13.0,LA Branch
SIH26017-PRJ-000387,5,Final Declaration (Sec 19),2023-12-10,2024-02-18,2023-12-10,2024-03-25,Completed,100.0,36.0,District Collectorate
SIH26017-PRJ-000387,6,Award Declaration (Sec 23),2024-03-30,2024-07-10,2024-03-30,2024-08-24,Completed,100.0,45.0,Revenue Dept
SIH26017-PRJ-000387,7,Compensation Disbursement,2024-08-25,2025-01-25,2024-08-25,2025-01-18,Completed,100.0,-7.0,LA Branch
SIH26017-PRJ-000387,8,Possession,2025-01-19,2025-03-26,2025-01-19,2025-04-05,Completed,100.0,10.0,District Collectorate
SIH26017-PRJ-000387,9,Mutation & Handover,2025-04-12,2025-06-06,2025-04-12,2025-09-04,Completed,100.0,90.0,LA Branch
SIH26017-PRJ-000388,1,Preliminary Notification (Sec 11),2016-07-08,2016-09-01,2016-07-08,2016-11-20,Completed,100.0,80.0,LA Branch
SIH26017-PRJ-000388,2,Social Impact Assessment (SIA),2016-11-27,2017-03-31,2016-11-27,2018-04-10,Completed,100.0,375.0,District Collectorate
SIH26017-PRJ-000388,3,Survey & Measurement,2018-04-16,2018-07-22,2018-04-16,2018-12-26,Completed,100.0,157.0,District Collectorate
SIH26017-PRJ-000388,4,Draft Declaration,2018-12-29,2019-03-09,2018-12-29,2019-09-06,Completed,100.0,181.0,District Collectorate
SIH26017-PRJ-000388,5,Final Declaration (Sec 19),2019-09-10,2019-12-05,2019-09-10,2020-04-30,Completed,100.0,147.0,District Collectorate
SIH26017-PRJ-000388,6,Award Declaration (Sec 23),2020-05-03,2020-08-21,2020-05-03,2021-08-17,Completed,100.0,361.0,LA Branch
SIH26017-PRJ-000388,7,Compensation Disbursement,2021-08-20,2022-03-09,2021-08-20,2023-08-28,Completed,100.0,537.0,District Collectorate
SIH26017-PRJ-000388,8,Possession,2023-09-01,2023-12-07,2023-09-01,2024-07-10,Completed,100.0,216.0,Implementing Agency
SIH26017-PRJ-000388,9,Mutation & Handover,2024-07-17,2024-09-25,2024-07-17,2025-05-07,Completed,100.0,224.0,District Collectorate
SIH26017-PRJ-000389,1,Preliminary Notification (Sec 11),2024-05-11,2024-07-17,2024-05-11,2024-11-15,Completed,100.0,121.0,District Collectorate
SIH26017-PRJ-000389,2,Social Impact Assessment (SIA),2024-11-17,2025-03-20,2024-11-17,2025-12-30,Completed,100.0,285.0,Implementing Agency
SIH26017-PRJ-000389,3,Survey & Measurement,2026-01-01,2026-04-01,2026-01-01,,In Progress,100.0,,District Collectorate
SIH26017-PRJ-000389,4,Draft Declaration,2026-11-20,2027-02-02,,,Not Started,0.0,,LA Branch
SIH26017-PRJ-000389,5,Final Declaration (Sec 19),2027-08-30,2027-11-25,,,Not Started,0.0,,District Collectorate
SIH26017-PRJ-000389,6,Award Declaration (Sec 23),2029-06-13,2029-10-11,,,Not Started,0.0,,LA Branch
SIH26017-PRJ-000389,7,Compensation Disbursement,2030-01-28,2030-07-19,,,Not Started,0.0,,Revenue Dept
SIH26017-PRJ-000389,8,Possession,2031-05-03,2031-07-22,,,Not Started,0.0,,Implementing Agency
SIH26017-PRJ-000389,9,Mutation & Handover,2031-12-20,2032-02-20,,,Not Started,0.0,,Implementing Agency
SIH26017-PRJ-000390,1,Preliminary Notification (Sec 11),2022-07-18,2022-09-11,2022-07-18,2022-09-03,Completed,100.0,-8.0,Implementing Agency
SIH26017-PRJ-000390,2,Social Impact Assessment (SIA),2022-09-08,2023-01-05,2022-09-08,2023-02-20,Completed,100.0,46.0,District Collectorate
SIH26017-PRJ-000390,3,Survey & Measurement,2023-02-22,2023-04-30,2023-02-22,2023-06-04,Completed,100.0,35.0,LA Branch
SIH26017-PRJ-000390,4,Draft Declaration,2023-06-07,2023-08-06,2023-06-07,2023-11-29,Completed,100.0,115.0,District Collectorate
SIH26017-PRJ-000390,5,Final Declaration (Sec 19),2023-12-01,2024-02-06,2023-12-01,2024-07-06,Completed,100.0,151.0,Revenue Dept
SIH26017-PRJ-000390,6,Award Declaration (Sec 23),2024-07-10,2024-10-11,2024-07-10,2025-03-22,Completed,100.0,162.0,Implementing Agency
SIH26017-PRJ-000390,7,Compensation Disbursement,2025-03-28,2025-08-26,2025-03-28,,In Progress,100.0,,District Collectorate
SIH26017-PRJ-000390,8,Possession,2026-10-28,2027-01-03,,,Not Started,0.0,,District Collectorate
SIH26017-PRJ-000390,9,Mutation & Handover,2027-03-12,2027-05-01,,,Not Started,0.0,,Revenue Dept
SIH26017-PRJ-000391,1,Preliminary Notification (Sec 11),2020-02-22,2020-04-22,2020-02-22,2020-08-07,Completed,100.0,107.0,District Collectorate
SIH26017-PRJ-000391,2,Social Impact Assessment (SIA),2020-08-14,2020-11-26,2020-08-14,2020-12-26,Completed,100.0,30.0,LA Branch
SIH26017-PRJ-000391,3,Survey & Measurement,2020-12-29,2021-03-07,2020-12-29,2021-03-05,Completed,100.0,-2.0,Implementing Agency
SIH26017-PRJ-000391,4,Draft Declaration,2021-03-08,2021-05-07,2021-03-08,2021-05-25,Completed,100.0,18.0,LA Branch
SIH26017-PRJ-000391,5,Final Declaration (Sec 19),2021-05-31,2021-08-21,,,Stalled,0.0,,LA Branch
SIH26017-PRJ-000391,6,Award Declaration (Sec 23),2021-05-31,2021-09-10,,,Stalled,0.0,,LA Branch
SIH26017-PRJ-000391,7,Compensation Disbursement,2021-05-31,2021-10-19,,,Stalled,0.0,,Revenue Dept
SIH26017-PRJ-000391,8,Possession,2021-05-31,2021-08-25,,,Stalled,0.0,,District Collectorate
SIH26017-PRJ-000391,9,Mutation & Handover,2021-05-31,2021-07-24,,,Stalled,0.0,,Revenue Dept
SIH26017-PRJ-000392,1,Preliminary Notification (Sec 11),2018-07-22,2018-09-20,2018-07-22,2018-09-30,Completed,100.0,10.0,Implementing Agency
SIH26017-PRJ-000392,2,Social Impact Assessment (SIA),2018-10-07,2019-01-22,,,Stalled,0.0,,LA Branch
SIH26017-PRJ-000392,3,Survey & Measurement,2018-10-07,2018-12-30,,,Stalled,0.0,,Implementing Agency
SIH26017-PRJ-000392,4,Draft Declaration,2018-10-07,2018-12-09,,,Stalled,0.0,,Revenue Dept
SIH26017-PRJ-000392,5,Final Declaration (Sec 19),2018-10-07,2018-12-12,,,Stalled,0.0,,LA Branch
SIH26017-PRJ-000392,6,Award Declaration (Sec 23),2018-10-07,2018-12-31,,,Stalled,0.0,,District Collectorate
SIH26017-PRJ-000392,7,Compensation Disbursement,2018-10-07,2019-03-21,,,Stalled,0.0,,LA Branch
SIH26017-PRJ-000392,8,Possession,2018-10-07,2018-12-22,,,Stalled,0.0,,District Collectorate
SIH26017-PRJ-000392,9,Mutation & Handover,2018-10-07,2018-12-04,,,Stalled,0.0,,District Collectorate
SIH26017-PRJ-000393,1,Preliminary Notification (Sec 11),2018-04-09,2018-05-31,2018-04-09,2018-06-01,Completed,100.0,1.0,District Collectorate
SIH26017-PRJ-000393,2,Social Impact Assessment (SIA),2018-06-06,2018-09-20,2018-06-06,2018-12-17,Completed,100.0,88.0,LA Branch
SIH26017-PRJ-000393,3,Survey & Measurement,2018-12-25,2019-03-07,2018-12-25,2019-03-06,Completed,100.0,-1.0,Revenue Dept
SIH26017-PRJ-000393,4,Draft Declaration,2019-03-10,2019-05-06,2019-03-10,2019-06-13,Completed,100.0,38.0,District Collectorate
SIH26017-PRJ-000393,5,Final Declaration (Sec 19),2019-06-17,2019-09-01,2019-06-17,2019-09-12,Completed,100.0,11.0,District Collectorate
SIH26017-PRJ-000393,6,Award Declaration (Sec 23),2019-09-17,2019-12-04,2019-09-17,2019-12-23,Completed,100.0,19.0,Implementing Agency
SIH26017-PRJ-000393,7,Compensation Disbursement,2019-12-27,2020-05-20,2019-12-27,2021-03-08,Completed,100.0,292.0,District Collectorate
SIH26017-PRJ-000393,8,Possession,2021-03-12,2021-05-23,2021-03-12,2022-03-18,Completed,100.0,299.0,District Collectorate
SIH26017-PRJ-000393,9,Mutation & Handover,2022-03-22,2022-05-12,2022-03-22,2022-10-13,Completed,100.0,154.0,District Collectorate
SIH26017-PRJ-000394,1,Preliminary Notification (Sec 11),2016-03-27,2016-05-27,2016-03-27,2016-07-03,Completed,100.0,37.0,Revenue Dept
SIH26017-PRJ-000394,2,Social Impact Assessment (SIA),2016-07-06,2016-11-18,,,Stalled,0.0,,District Collectorate
SIH26017-PRJ-000394,3,Survey & Measurement,2016-07-06,2016-09-26,,,Stalled,0.0,,District Collectorate
SIH26017-PRJ-000394,4,Draft Declaration,2016-07-06,2016-09-17,,,Stalled,0.0,,District Collectorate
SIH26017-PRJ-000394,5,Final Declaration (Sec 19),2016-07-06,2016-10-06,,,Stalled,0.0,,Implementing Agency
SIH26017-PRJ-000394,6,Award Declaration (Sec 23),2016-07-06,2016-10-20,,,Stalled,0.0,,District Collectorate
SIH26017-PRJ-000394,7,Compensation Disbursement,2016-07-06,2016-12-18,,,Stalled,0.0,,LA Branch
SIH26017-PRJ-000394,8,Possession,2016-07-06,2016-09-22,,,Stalled,0.0,,Revenue Dept
SIH26017-PRJ-000394,9,Mutation & Handover,2016-07-06,2016-09-02,,,Stalled,0.0,,District Collectorate
SIH26017-PRJ-000395,1,Preliminary Notification (Sec 11),2017-01-24,2017-03-20,2017-01-24,2017-04-03,Completed,100.0,14.0,District Collectorate
SIH26017-PRJ-000395,2,Social Impact Assessment (SIA),2017-04-09,2017-08-01,2017-04-09,2018-01-15,Completed,100.0,167.0,District Collectorate
SIH26017-PRJ-000395,3,Survey & Measurement,2018-01-19,2018-03-29,2018-01-19,2018-08-14,Completed,100.0,138.0,LA Branch
SIH26017-PRJ-000395,4,Draft Declaration,2018-08-20,2018-10-08,2018-08-20,2018-11-25,Completed,100.0,48.0,District Collectorate
SIH26017-PRJ-000395,5,Final Declaration (Sec 19),2018-11-29,2019-02-07,2018-11-29,2019-05-06,Completed,100.0,88.0,District Collectorate
SIH26017-PRJ-000395,6,Award Declaration (Sec 23),2019-05-09,2019-08-16,2019-05-09,2019-11-15,Completed,100.0,91.0,Revenue Dept
SIH26017-PRJ-000395,7,Compensation Disbursement,2019-11-16,2020-04-03,2019-11-16,2020-08-14,Completed,100.0,133.0,Implementing Agency
SIH26017-PRJ-000395,8,Possession,2020-08-18,2020-10-22,2020-08-18,2020-11-05,Completed,100.0,14.0,LA Branch
SIH26017-PRJ-000395,9,Mutation & Handover,2020-11-08,2020-12-27,2020-11-08,2021-04-13,Completed,100.0,107.0,Revenue Dept
SIH26017-PRJ-000396,1,Preliminary Notification (Sec 11),2015-08-20,2015-10-13,2015-08-20,2015-11-01,Completed,100.0,19.0,District Collectorate
SIH26017-PRJ-000396,2,Social Impact Assessment (SIA),2015-11-05,2016-03-04,2015-11-05,2016-08-06,Completed,100.0,155.0,District Collectorate
SIH26017-PRJ-000396,3,Survey & Measurement,2016-08-09,2016-10-24,2016-08-09,2017-06-06,Completed,100.0,225.0,District Collectorate
SIH26017-PRJ-000396,4,Draft Declaration,2017-06-12,2017-08-14,2017-06-12,2017-12-17,Completed,100.0,125.0,District Collectorate
SIH26017-PRJ-000396,5,Final Declaration (Sec 19),2017-12-22,2018-03-03,2017-12-22,2018-12-26,Completed,100.0,298.0,District Collectorate
SIH26017-PRJ-000396,6,Award Declaration (Sec 23),2019-01-02,2019-04-03,2019-01-02,2019-10-30,Completed,100.0,210.0,Revenue Dept
SIH26017-PRJ-000396,7,Compensation Disbursement,2019-11-03,2020-03-27,2019-11-03,2023-01-03,Completed,100.0,1012.0,LA Branch
SIH26017-PRJ-000396,8,Possession,2023-01-04,2023-03-18,2023-01-04,2024-02-04,Completed,100.0,323.0,Implementing Agency
SIH26017-PRJ-000396,9,Mutation & Handover,2024-02-06,2024-03-30,2024-02-06,2024-05-13,Completed,100.0,44.0,District Collectorate
SIH26017-PRJ-000397,1,Preliminary Notification (Sec 11),2024-09-24,2024-11-26,2024-09-24,2024-12-23,Completed,100.0,27.0,Revenue Dept
SIH26017-PRJ-000397,2,Social Impact Assessment (SIA),2024-12-26,2025-05-23,2024-12-26,2026-03-17,Completed,100.0,298.0,District Collectorate
SIH26017-PRJ-000397,3,Survey & Measurement,2026-03-20,2026-06-11,2026-03-20,,In Progress,100.0,,Implementing Agency
SIH26017-PRJ-000397,4,Draft Declaration,2026-08-31,2026-11-04,,,Not Started,0.0,,District Collectorate
SIH26017-PRJ-000397,5,Final Declaration (Sec 19),2026-12-26,2027-03-23,,,Stalled,0.0,,Revenue Dept
SIH26017-PRJ-000397,6,Award Declaration (Sec 23),2026-12-26,2027-04-21,,,Stalled,0.0,,District Collectorate
SIH26017-PRJ-000397,7,Compensation Disbursement,2026-12-26,2027-06-06,,,Stalled,0.0,,District Collectorate
SIH26017-PRJ-000397,8,Possession,2026-12-26,2027-03-31,,,Stalled,0.0,,LA Branch
SIH26017-PRJ-000397,9,Mutation & Handover,2026-12-26,2027-03-01,,,Stalled,0.0,,District Collectorate
SIH26017-PRJ-000398,1,Preliminary Notification (Sec 11),2017-02-20,2017-04-10,2017-02-20,2017-03-22,Completed,100.0,-19.0,District Collectorate
SIH26017-PRJ-000398,2,Social Impact Assessment (SIA),2017-03-27,2017-07-25,2017-03-27,2017-07-01,Completed,100.0,-24.0,Revenue Dept
SIH26017-PRJ-000398,3,Survey & Measurement,2017-07-04,2017-09-17,2017-07-04,2017-08-10,Completed,100.0,-38.0,District Collectorate
SIH26017-PRJ-000398,4,Draft Declaration,2017-08-11,2017-10-10,2017-08-11,2017-10-24,Completed,100.0,14.0,District Collectorate
SIH26017-PRJ-000398,5,Final Declaration (Sec 19),2017-10-29,2018-01-17,2017-10-29,2017-12-17,Completed,100.0,-31.0,Revenue Dept
SIH26017-PRJ-000398,6,Award Declaration (Sec 23),2017-12-20,2018-04-04,2017-12-20,2018-04-16,Completed,100.0,12.0,District Collectorate
SIH26017-PRJ-000398,7,Compensation Disbursement,2018-04-20,2018-09-12,2018-04-20,2018-11-06,Completed,100.0,55.0,LA Branch
SIH26017-PRJ-000398,8,Possession,2018-11-10,2019-01-30,2018-11-10,2019-01-09,Completed,100.0,-21.0,LA Branch
SIH26017-PRJ-000398,9,Mutation & Handover,2019-01-12,2019-03-07,2019-01-12,2019-03-11,Completed,100.0,4.0,Revenue Dept
SIH26017-PRJ-000399,1,Preliminary Notification (Sec 11),2021-09-02,2021-10-20,2021-09-02,2021-11-30,Completed,100.0,41.0,District Collectorate
SIH26017-PRJ-000399,2,Social Impact Assessment (SIA),2021-12-07,2022-03-23,2021-12-07,2022-08-16,Completed,100.0,146.0,District Collectorate
SIH26017-PRJ-000399,3,Survey & Measurement,2022-08-20,2022-10-31,2022-08-20,2022-12-15,Completed,100.0,45.0,LA Branch
SIH26017-PRJ-000399,4,Draft Declaration,2022-12-20,2023-02-13,2022-12-20,2023-03-19,Completed,100.0,34.0,Revenue Dept
SIH26017-PRJ-000399,5,Final Declaration (Sec 19),2023-03-21,2023-06-06,2023-03-21,2023-06-21,Completed,100.0,15.0,Implementing Agency
SIH26017-PRJ-000399,6,Award Declaration (Sec 23),2023-06-24,2023-09-08,2023-06-24,2023-11-17,Completed,100.0,70.0,District Collectorate
SIH26017-PRJ-000399,7,Compensation Disbursement,2023-11-20,2024-04-25,2023-11-20,2025-01-22,Completed,100.0,272.0,District Collectorate
SIH26017-PRJ-000399,8,Possession,2025-01-23,2025-04-12,2025-01-23,2025-12-23,Completed,100.0,255.0,LA Branch
SIH26017-PRJ-000399,9,Mutation & Handover,2025-12-26,2026-02-17,2025-12-26,2026-04-25,Completed,100.0,67.0,Revenue Dept
SIH26017-PRJ-000400,1,Preliminary Notification (Sec 11),2015-10-14,2015-12-24,2015-10-14,2016-02-16,Completed,100.0,54.0,District Collectorate
SIH26017-PRJ-000400,2,Social Impact Assessment (SIA),2016-02-22,2016-06-29,2016-02-22,2016-10-18,Completed,100.0,111.0,District Collectorate
SIH26017-PRJ-000400,3,Survey & Measurement,2016-10-25,2017-01-18,2016-10-25,2017-06-06,Completed,100.0,139.0,Revenue Dept
SIH26017-PRJ-000400,4,Draft Declaration,2017-06-08,2017-08-04,2017-06-08,2017-11-22,Completed,100.0,110.0,District Collectorate
SIH26017-PRJ-000400,5,Final Declaration (Sec 19),2017-11-28,2018-03-11,2017-11-28,2019-01-04,Completed,100.0,299.0,Revenue Dept
SIH26017-PRJ-000400,6,Award Declaration (Sec 23),2019-01-10,2019-05-06,2019-01-10,2021-07-24,Completed,100.0,810.0,Implementing Agency
SIH26017-PRJ-000400,7,Compensation Disbursement,2021-07-28,2022-02-08,2021-07-28,2025-11-08,Completed,100.0,1369.0,Implementing Agency
SIH26017-PRJ-000400,8,Possession,2025-11-12,2026-01-27,2025-11-12,,In Progress,100.0,,District Collectorate
SIH26017-PRJ-000400,9,Mutation & Handover,2027-04-24,2027-06-27,,,Not Started,0.0,,Implementing Agency
SIH26017-PRJ-000401,1,Preliminary Notification (Sec 11),2024-09-17,2024-11-11,2024-09-17,2024-12-22,Completed,100.0,41.0,LA Branch
SIH26017-PRJ-000401,2,Social Impact Assessment (SIA),2024-12-27,2025-04-08,2024-12-27,2025-05-09,Completed,100.0,31.0,Implementing Agency
SIH26017-PRJ-000401,3,Survey & Measurement,2025-05-14,2025-07-27,2025-05-14,2025-08-29,Completed,100.0,33.0,District Collectorate
SIH26017-PRJ-000401,4,Draft Declaration,2025-09-01,2025-10-26,2025-09-01,2025-10-27,Completed,100.0,1.0,Revenue Dept
SIH26017-PRJ-000401,5,Final Declaration (Sec 19),2025-11-01,2026-01-19,2025-11-01,2026-02-27,Completed,100.0,39.0,District Collectorate
SIH26017-PRJ-000401,6,Award Declaration (Sec 23),2026-03-02,2026-06-02,2026-03-02,2026-07-29,Completed,100.0,57.0,District Collectorate
SIH26017-PRJ-000401,7,Compensation Disbursement,2026-08-04,2026-12-26,2026-08-04,,In Progress,7.6,,District Collectorate
SIH26017-PRJ-000401,8,Possession,2027-07-16,2027-09-27,,,Not Started,0.0,,Revenue Dept
SIH26017-PRJ-000401,9,Mutation & Handover,2027-11-02,2027-12-24,,,Not Started,0.0,,LA Branch
SIH26017-PRJ-000402,1,Preliminary Notification (Sec 11),2020-02-04,2020-03-18,2020-02-04,2020-03-09,Completed,100.0,-9.0,District Collectorate
SIH26017-PRJ-000402,2,Social Impact Assessment (SIA),2020-03-15,2020-06-28,2020-03-15,2020-07-05,Completed,100.0,7.0,District Collectorate
SIH26017-PRJ-000402,3,Survey & Measurement,2020-07-11,2020-09-11,2020-07-11,2020-10-05,Completed,100.0,24.0,Revenue Dept
SIH26017-PRJ-000402,4,Draft Declaration,2020-10-06,2020-11-23,2020-10-06,2020-11-30,Completed,100.0,7.0,Implementing Agency
SIH26017-PRJ-000402,5,Final Declaration (Sec 19),2020-12-06,2021-02-17,2020-12-06,2021-01-31,Completed,100.0,-17.0,LA Branch
SIH26017-PRJ-000402,6,Award Declaration (Sec 23),2021-02-04,2021-04-17,2021-02-04,2021-06-12,Completed,100.0,56.0,Revenue Dept
SIH26017-PRJ-000402,7,Compensation Disbursement,2021-06-18,2021-11-01,2021-06-18,2021-12-11,Completed,100.0,40.0,LA Branch
SIH26017-PRJ-000402,8,Possession,2021-12-14,2022-02-24,2021-12-14,2022-11-07,Completed,100.0,256.0,District Collectorate
SIH26017-PRJ-000402,9,Mutation & Handover,2022-11-12,2023-01-03,2022-11-12,2023-06-07,Completed,100.0,155.0,District Collectorate
SIH26017-PRJ-000403,1,Preliminary Notification (Sec 11),2024-06-03,2024-08-04,2024-06-03,2024-09-14,Completed,100.0,41.0,Implementing Agency
SIH26017-PRJ-000403,2,Social Impact Assessment (SIA),2024-09-16,2025-01-02,2024-09-16,2025-05-05,Completed,100.0,123.0,District Collectorate
SIH26017-PRJ-000403,3,Survey & Measurement,2025-05-11,2025-07-27,2025-05-11,2026-04-22,Completed,100.0,269.0,District Collectorate
SIH26017-PRJ-000403,4,Draft Declaration,2026-04-23,2026-06-29,2026-04-23,,In Progress,100.0,,District Collectorate
SIH26017-PRJ-000403,5,Final Declaration (Sec 19),2027-10-09,2027-12-25,,,Not Started,0.0,,Implementing Agency
SIH26017-PRJ-000403,6,Award Declaration (Sec 23),2028-11-11,2029-02-15,,,Not Started,0.0,,District Collectorate
SIH26017-PRJ-000403,7,Compensation Disbursement,2029-10-14,2030-03-17,,,Not Started,0.0,,LA Branch
SIH26017-PRJ-000403,8,Possession,2031-01-14,2031-03-30,,,Not Started,0.0,,District Collectorate
SIH26017-PRJ-000403,9,Mutation & Handover,2031-08-03,2031-09-28,,,Not Started,0.0,,District Collectorate
SIH26017-PRJ-000404,1,Preliminary Notification (Sec 11),2018-09-21,2018-11-15,2018-09-21,2019-01-09,Completed,100.0,55.0,Revenue Dept
SIH26017-PRJ-000404,2,Social Impact Assessment (SIA),2019-01-16,2019-05-03,2019-01-16,2019-07-15,Completed,100.0,73.0,LA Branch
SIH26017-PRJ-000404,3,Survey & Measurement,2019-07-19,2019-09-26,2019-07-19,2020-01-19,Completed,100.0,115.0,District Collectorate
SIH26017-PRJ-000404,4,Draft Declaration,2020-01-23,2020-03-25,2020-01-23,2020-06-01,Completed,100.0,68.0,District Collectorate
SIH26017-PRJ-000404,5,Final Declaration (Sec 19),2020-06-03,2020-08-02,2020-06-03,2020-11-25,Completed,100.0,115.0,District Collectorate
SIH26017-PRJ-000404,6,Award Declaration (Sec 23),2020-11-30,2021-02-18,2020-11-30,2021-09-25,Completed,100.0,219.0,District Collectorate
SIH26017-PRJ-000404,7,Compensation Disbursement,2021-09-26,2022-03-03,2021-09-26,2023-10-22,Completed,100.0,598.0,LA Branch
SIH26017-PRJ-000404,8,Possession,2023-10-28,2023-12-25,2023-10-28,2024-09-15,Completed,100.0,265.0,Revenue Dept
SIH26017-PRJ-000404,9,Mutation & Handover,2024-09-19,2024-11-13,2024-09-19,2025-05-26,Completed,100.0,194.0,Revenue Dept
SIH26017-PRJ-000405,1,Preliminary Notification (Sec 11),2017-11-13,2018-01-09,2017-11-13,2018-01-19,Completed,100.0,10.0,Revenue Dept
SIH26017-PRJ-000405,2,Social Impact Assessment (SIA),2018-01-25,2018-05-14,2018-01-25,2018-11-11,Completed,100.0,181.0,District Collectorate
SIH26017-PRJ-000405,3,Survey & Measurement,2018-11-16,2019-02-04,2018-11-16,2019-09-30,Completed,100.0,238.0,District Collectorate
SIH26017-PRJ-000405,4,Draft Declaration,2019-10-03,2019-12-06,2019-10-03,2020-06-28,Completed,100.0,205.0,LA Branch
SIH26017-PRJ-000405,5,Final Declaration (Sec 19),2020-07-05,2020-09-25,2020-07-05,2021-02-24,Completed,100.0,152.0,Revenue Dept
SIH26017-PRJ-000405,6,Award Declaration (Sec 23),2021-02-27,2021-06-02,2021-02-27,2021-11-27,Completed,100.0,178.0,District Collectorate
SIH26017-PRJ-000405,7,Compensation Disbursement,2021-12-02,2022-05-11,2021-12-02,2022-08-21,Completed,100.0,102.0,LA Branch
SIH26017-PRJ-000405,8,Possession,2022-08-22,2022-11-08,2022-08-22,2022-12-31,Completed,100.0,53.0,District Collectorate
SIH26017-PRJ-000405,9,Mutation & Handover,2023-01-04,2023-03-15,2023-01-04,2023-06-17,Completed,100.0,94.0,LA Branch
SIH26017-PRJ-000406,1,Preliminary Notification (Sec 11),2019-01-26,2019-03-22,2019-01-26,2019-04-15,Completed,100.0,24.0,Revenue Dept
SIH26017-PRJ-000406,2,Social Impact Assessment (SIA),2019-04-19,2019-07-21,2019-04-19,2019-07-09,Completed,100.0,-12.0,District Collectorate
SIH26017-PRJ-000406,3,Survey & Measurement,2019-07-12,2019-09-24,2019-07-12,2019-11-28,Completed,100.0,65.0,Implementing Agency
SIH26017-PRJ-000406,4,Draft Declaration,2019-12-02,2020-02-02,2019-12-02,2020-04-25,Completed,100.0,83.0,LA Branch
SIH26017-PRJ-000406,5,Final Declaration (Sec 19),2020-04-29,2020-07-11,2020-04-29,2020-12-10,Completed,100.0,152.0,LA Branch
SIH26017-PRJ-000406,6,Award Declaration (Sec 23),2020-12-17,2021-03-01,2020-12-17,2022-05-21,Completed,100.0,446.0,Revenue Dept
SIH26017-PRJ-000406,7,Compensation Disbursement,2022-05-26,2022-10-27,2022-05-26,2025-01-09,Completed,100.0,805.0,District Collectorate
SIH26017-PRJ-000406,8,Possession,2025-01-15,2025-04-01,2025-01-15,2026-02-12,Completed,100.0,317.0,District Collectorate
SIH26017-PRJ-000406,9,Mutation & Handover,2026-02-14,2026-04-06,2026-02-14,,In Progress,100.0,,Implementing Agency
SIH26017-PRJ-000407,1,Preliminary Notification (Sec 11),2018-06-15,2018-08-18,2018-06-15,2018-08-24,Completed,100.0,6.0,LA Branch
SIH26017-PRJ-000407,2,Social Impact Assessment (SIA),2018-08-26,2019-01-08,2018-08-26,2019-05-30,Completed,100.0,142.0,LA Branch
SIH26017-PRJ-000407,3,Survey & Measurement,2019-06-02,2019-08-31,2019-06-02,2020-01-03,Completed,100.0,125.0,LA Branch
SIH26017-PRJ-000407,4,Draft Declaration,2020-01-05,2020-03-16,2020-01-05,2020-06-19,Completed,100.0,95.0,District Collectorate
SIH26017-PRJ-000407,5,Final Declaration (Sec 19),2020-06-21,2020-09-17,,,Stalled,0.0,,District Collectorate
SIH26017-PRJ-000407,6,Award Declaration (Sec 23),2020-06-21,2020-10-15,,,Stalled,0.0,,Implementing Agency
SIH26017-PRJ-000407,7,Compensation Disbursement,2020-06-21,2020-12-31,,,Stalled,0.0,,District Collectorate
SIH26017-PRJ-000407,8,Possession,2020-06-21,2020-09-16,,,Stalled,0.0,,LA Branch
SIH26017-PRJ-000407,9,Mutation & Handover,2020-06-21,2020-08-31,,,Stalled,0.0,,Implementing Agency
SIH26017-PRJ-000408,1,Preliminary Notification (Sec 11),2020-09-13,2020-11-09,2020-09-13,2020-12-06,Completed,100.0,27.0,Revenue Dept
SIH26017-PRJ-000408,2,Social Impact Assessment (SIA),2020-12-09,2021-03-25,2020-12-09,2021-11-25,Completed,100.0,245.0,LA Branch
SIH26017-PRJ-000408,3,Survey & Measurement,2021-11-28,2022-02-06,2021-11-28,2022-03-20,Completed,100.0,42.0,District Collectorate
SIH26017-PRJ-000408,4,Draft Declaration,2022-03-26,2022-05-26,2022-03-26,2022-08-07,Completed,100.0,73.0,Revenue Dept
SIH26017-PRJ-000408,5,Final Declaration (Sec 19),2022-08-15,2022-10-27,2022-08-15,2023-02-21,Completed,100.0,117.0,District Collectorate
SIH26017-PRJ-000408,6,Award Declaration (Sec 23),2023-02-26,2023-05-25,2023-02-26,2023-07-14,Completed,100.0,50.0,Revenue Dept
SIH26017-PRJ-000408,7,Compensation Disbursement,2023-07-19,2023-11-28,2023-07-19,2025-12-18,Completed,100.0,751.0,Implementing Agency
SIH26017-PRJ-000408,8,Possession,2025-12-23,2026-03-10,2025-12-23,2026-05-06,Completed,100.0,57.0,LA Branch
SIH26017-PRJ-000408,9,Mutation & Handover,2026-05-10,2026-07-04,2026-05-10,,In Progress,100.0,,District Collectorate
SIH26017-PRJ-000409,1,Preliminary Notification (Sec 11),2021-11-16,2022-01-19,2021-11-16,2021-12-26,Completed,100.0,-24.0,LA Branch
SIH26017-PRJ-000409,2,Social Impact Assessment (SIA),2021-12-29,2022-04-30,2021-12-29,2022-05-12,Completed,100.0,12.0,Revenue Dept
SIH26017-PRJ-000409,3,Survey & Measurement,2022-05-19,2022-08-03,2022-05-19,2022-09-03,Completed,100.0,31.0,LA Branch
SIH26017-PRJ-000409,4,Draft Declaration,2022-09-08,2022-11-13,2022-09-08,2022-12-27,Completed,100.0,44.0,LA Branch
SIH26017-PRJ-000409,5,Final Declaration (Sec 19),2022-12-29,2023-03-20,2022-12-29,2023-06-11,Completed,100.0,83.0,District Collectorate
SIH26017-PRJ-000409,6,Award Declaration (Sec 23),2023-06-16,2023-09-27,2023-06-16,2023-09-24,Completed,100.0,-3.0,Implementing Agency
SIH26017-PRJ-000409,7,Compensation Disbursement,2023-09-28,2024-03-16,2023-09-28,2024-07-21,Completed,100.0,127.0,Revenue Dept
SIH26017-PRJ-000409,8,Possession,2024-07-26,2024-10-07,2024-07-26,2024-10-26,Completed,100.0,19.0,District Collectorate
SIH26017-PRJ-000409,9,Mutation & Handover,2024-11-01,2024-12-28,2024-11-01,2025-01-14,Completed,100.0,17.0,Revenue Dept
SIH26017-PRJ-000410,1,Preliminary Notification (Sec 11),2019-06-13,2019-08-13,2019-06-13,2019-11-20,Completed,100.0,99.0,Revenue Dept
SIH26017-PRJ-000410,2,Social Impact Assessment (SIA),2019-11-22,2020-03-28,2019-11-22,2020-06-01,Completed,100.0,65.0,District Collectorate
SIH26017-PRJ-000410,3,Survey & Measurement,2020-06-07,2020-08-28,2020-06-07,2020-11-03,Completed,100.0,67.0,LA Branch
SIH26017-PRJ-000410,4,Draft Declaration,2020-11-05,2021-01-07,2020-11-05,2021-04-29,Completed,100.0,112.0,Revenue Dept
SIH26017-PRJ-000410,5,Final Declaration (Sec 19),2021-05-03,2021-07-23,2021-05-03,2022-05-02,Completed,100.0,283.0,LA Branch
SIH26017-PRJ-000410,6,Award Declaration (Sec 23),2022-05-07,2022-08-16,2022-05-07,2022-11-02,Completed,100.0,78.0,Revenue Dept
SIH26017-PRJ-000410,7,Compensation Disbursement,2022-11-03,2023-04-07,2022-11-03,2023-07-01,Completed,100.0,85.0,LA Branch
SIH26017-PRJ-000410,8,Possession,2023-07-04,2023-09-16,2023-07-04,2023-10-19,Completed,100.0,33.0,District Collectorate
SIH26017-PRJ-000410,9,Mutation & Handover,2023-10-24,2023-12-20,2023-10-24,2024-01-23,Completed,100.0,34.0,LA Branch
SIH26017-PRJ-000411,1,Preliminary Notification (Sec 11),2021-12-06,2022-01-27,2021-12-06,2022-01-20,Completed,100.0,-7.0,Revenue Dept
SIH26017-PRJ-000411,2,Social Impact Assessment (SIA),2022-01-27,2022-05-01,2022-01-27,2022-04-27,Completed,100.0,-4.0,District Collectorate
SIH26017-PRJ-000411,3,Survey & Measurement,2022-05-01,2022-07-07,2022-05-01,2022-06-19,Completed,100.0,-18.0,Revenue Dept
SIH26017-PRJ-000411,4,Draft Declaration,2022-07-01,2022-08-19,2022-07-01,2022-09-23,Completed,100.0,35.0,LA Branch
SIH26017-PRJ-000411,5,Final Declaration (Sec 19),2022-09-27,2022-12-08,2022-09-27,2023-02-01,Completed,100.0,55.0,LA Branch
SIH26017-PRJ-000411,6,Award Declaration (Sec 23),2023-02-04,2023-05-09,2023-02-04,2023-05-04,Completed,100.0,-5.0,Implementing Agency
SIH26017-PRJ-000411,7,Compensation Disbursement,2023-05-09,2023-10-02,2023-05-09,2023-09-30,Completed,100.0,-2.0,LA Branch
SIH26017-PRJ-000411,8,Possession,2023-10-05,2023-12-21,2023-10-05,2024-02-17,Completed,100.0,58.0,District Collectorate
SIH26017-PRJ-000411,9,Mutation & Handover,2024-02-23,2024-04-22,2024-02-23,2024-04-28,Completed,100.0,6.0,Implementing Agency
SIH26017-PRJ-000412,1,Preliminary Notification (Sec 11),2016-10-30,2016-12-23,2016-10-30,2016-12-12,Completed,100.0,-11.0,District Collectorate
SIH26017-PRJ-000412,2,Social Impact Assessment (SIA),2016-12-15,2017-03-24,2016-12-15,2017-02-11,Completed,100.0,-41.0,Implementing Agency
SIH26017-PRJ-000412,3,Survey & Measurement,2017-02-16,2017-04-25,2017-02-16,2017-05-13,Completed,100.0,18.0,District Collectorate
SIH26017-PRJ-000412,4,Draft Declaration,2017-05-19,2017-07-07,2017-05-19,2017-07-22,Completed,100.0,15.0,LA Branch
SIH26017-PRJ-000412,5,Final Declaration (Sec 19),2017-07-23,2017-10-10,,,Stalled,0.0,,LA Branch
SIH26017-PRJ-000412,6,Award Declaration (Sec 23),2017-07-23,2017-10-15,,,Stalled,0.0,,Revenue Dept
SIH26017-PRJ-000412,7,Compensation Disbursement,2017-07-23,2017-12-12,,,Stalled,0.0,,District Collectorate
SIH26017-PRJ-000412,8,Possession,2017-07-23,2017-10-10,,,Stalled,0.0,,District Collectorate
SIH26017-PRJ-000412,9,Mutation & Handover,2017-07-23,2017-09-05,,,Stalled,0.0,,LA Branch
SIH26017-PRJ-000413,1,Preliminary Notification (Sec 11),2023-06-26,2023-08-19,2023-06-26,2023-08-27,Completed,100.0,8.0,Revenue Dept
SIH26017-PRJ-000413,2,Social Impact Assessment (SIA),2023-08-30,2023-12-11,2023-08-30,2024-03-31,Completed,100.0,111.0,Revenue Dept
SIH26017-PRJ-000413,3,Survey & Measurement,2024-04-03,2024-06-16,2024-04-03,2024-07-04,Completed,100.0,18.0,Implementing Agency
SIH26017-PRJ-000413,4,Draft Declaration,2024-07-08,2024-09-03,2024-07-08,2024-08-10,Completed,100.0,-24.0,Implementing Agency
SIH26017-PRJ-000413,5,Final Declaration (Sec 19),2024-08-13,2024-11-04,2024-08-13,2024-10-27,Completed,100.0,-8.0,Revenue Dept
SIH26017-PRJ-000413,6,Award Declaration (Sec 23),2024-10-28,2025-02-05,2024-10-28,2025-01-12,Completed,100.0,-24.0,Revenue Dept
SIH26017-PRJ-000413,7,Compensation Disbursement,2025-01-16,2025-07-09,2025-01-16,2025-06-11,Completed,100.0,-28.0,District Collectorate
SIH26017-PRJ-000413,8,Possession,2025-06-12,2025-08-31,2025-06-12,2025-08-05,Completed,100.0,-26.0,LA Branch
SIH26017-PRJ-000413,9,Mutation & Handover,2025-08-07,2025-10-07,2025-08-07,2025-09-06,Completed,100.0,-31.0,LA Branch
SIH26017-PRJ-000414,1,Preliminary Notification (Sec 11),2024-06-25,2024-08-14,2024-06-25,2024-09-13,Completed,100.0,30.0,Implementing Agency
SIH26017-PRJ-000414,2,Social Impact Assessment (SIA),2024-09-18,2024-12-26,2024-09-18,2025-06-02,Completed,100.0,158.0,Implementing Agency
SIH26017-PRJ-000414,3,Survey & Measurement,2025-06-07,2025-08-17,2025-06-07,2026-04-12,Completed,100.0,238.0,District Collectorate
SIH26017-PRJ-000414,4,Draft Declaration,2026-04-13,2026-06-15,2026-04-13,,In Progress,100.0,,LA Branch
SIH26017-PRJ-000414,5,Final Declaration (Sec 19),2027-02-26,2027-05-16,,,Not Started,0.0,,District Collectorate
SIH26017-PRJ-000414,6,Award Declaration (Sec 23),2028-01-28,2028-04-14,,,Stalled,0.0,,District Collectorate
SIH26017-PRJ-000414,7,Compensation Disbursement,2028-01-28,2028-06-30,,,Stalled,0.0,,LA Branch
SIH26017-PRJ-000414,8,Possession,2028-01-28,2028-04-11,,,Stalled,0.0,,LA Branch
SIH26017-PRJ-000414,9,Mutation & Handover,2028-01-28,2028-03-27,,,Stalled,0.0,,Implementing Agency
SIH26017-PRJ-000415,1,Preliminary Notification (Sec 11),2020-02-18,2020-04-15,2020-02-18,2020-05-15,Completed,100.0,30.0,Implementing Agency
SIH26017-PRJ-000415,2,Social Impact Assessment (SIA),2020-05-20,2020-09-19,2020-05-20,2020-12-30,Completed,100.0,102.0,District Collectorate
SIH26017-PRJ-000415,3,Survey & Measurement,2021-01-03,2021-03-29,2021-01-03,2021-10-26,Completed,100.0,211.0,Revenue Dept
SIH26017-PRJ-000415,4,Draft Declaration,2021-11-02,2021-12-30,2021-11-02,2022-03-23,Completed,100.0,83.0,District Collectorate
SIH26017-PRJ-000415,5,Final Declaration (Sec 19),2022-03-24,2022-06-24,2022-03-24,2022-11-28,Completed,100.0,157.0,District Collectorate
SIH26017-PRJ-000415,6,Award Declaration (Sec 23),2022-12-06,2023-03-17,2022-12-06,2025-01-12,Completed,100.0,667.0,District Collectorate
SIH26017-PRJ-000415,7,Compensation Disbursement,2025-01-14,2025-07-16,2025-01-14,,In Progress,100.0,,Implementing Agency
SIH26017-PRJ-000415,8,Possession,2026-10-02,2026-12-11,,,Not Started,0.0,,District Collectorate
SIH26017-PRJ-000415,9,Mutation & Handover,2027-08-16,2027-10-15,,,Not Started,0.0,,District Collectorate
SIH26017-PRJ-000416,1,Preliminary Notification (Sec 11),2021-07-31,2021-09-27,2021-07-31,2021-10-16,Completed,100.0,19.0,District Collectorate
SIH26017-PRJ-000416,2,Social Impact Assessment (SIA),2021-10-20,2022-02-07,2021-10-20,2023-01-29,Completed,100.0,356.0,LA Branch
SIH26017-PRJ-000416,3,Survey & Measurement,2023-01-30,2023-04-09,2023-01-30,2023-07-19,Completed,100.0,101.0,District Collectorate
SIH26017-PRJ-000416,4,Draft Declaration,2023-07-25,2023-09-14,2023-07-25,2023-10-30,Completed,100.0,46.0,Revenue Dept
SIH26017-PRJ-000416,5,Final Declaration (Sec 19),2023-11-05,2024-01-14,2023-11-05,2024-02-05,Completed,100.0,22.0,Revenue Dept
SIH26017-PRJ-000416,6,Award Declaration (Sec 23),2024-02-07,2024-05-17,2024-02-07,2024-05-03,Completed,100.0,-14.0,LA Branch
SIH26017-PRJ-000416,7,Compensation Disbursement,2024-05-05,2024-09-28,2024-05-05,2025-07-02,Completed,100.0,277.0,District Collectorate
SIH26017-PRJ-000416,8,Possession,2025-07-07,2025-09-14,2025-07-07,2025-11-08,Completed,100.0,55.0,Revenue Dept
SIH26017-PRJ-000416,9,Mutation & Handover,2025-11-13,2026-01-05,2025-11-13,2025-12-24,Completed,100.0,-12.0,LA Branch
SIH26017-PRJ-000417,1,Preliminary Notification (Sec 11),2016-04-30,2016-06-20,2016-04-30,2016-07-22,Completed,100.0,32.0,District Collectorate
SIH26017-PRJ-000417,2,Social Impact Assessment (SIA),2016-07-28,2016-11-05,2016-07-28,2017-02-09,Completed,100.0,96.0,Revenue Dept
SIH26017-PRJ-000417,3,Survey & Measurement,2017-02-17,2017-04-22,2017-02-17,2017-06-08,Completed,100.0,47.0,District Collectorate
SIH26017-PRJ-000417,4,Draft Declaration,2017-06-10,2017-08-05,2017-06-10,2017-08-12,Completed,100.0,7.0,Revenue Dept
SIH26017-PRJ-000417,5,Final Declaration (Sec 19),2017-08-14,2017-10-17,2017-08-14,2017-12-05,Completed,100.0,49.0,LA Branch
SIH26017-PRJ-000417,6,Award Declaration (Sec 23),2017-12-09,2018-03-03,,,Stalled,0.0,,District Collectorate
SIH26017-PRJ-000417,7,Compensation Disbursement,2017-12-09,2018-05-16,,,Stalled,0.0,,District Collectorate
SIH26017-PRJ-000417,8,Possession,2017-12-09,2018-02-15,,,Stalled,0.0,,Revenue Dept
SIH26017-PRJ-000417,9,Mutation & Handover,2017-12-09,2018-02-02,,,Stalled,0.0,,District Collectorate
SIH26017-PRJ-000418,1,Preliminary Notification (Sec 11),2019-05-20,2019-07-17,2019-05-20,2019-07-18,Completed,100.0,1.0,LA Branch
SIH26017-PRJ-000418,2,Social Impact Assessment (SIA),2019-07-23,2019-11-01,2019-07-23,2019-11-12,Completed,100.0,11.0,Implementing Agency
SIH26017-PRJ-000418,3,Survey & Measurement,2019-11-15,2020-01-18,2019-11-15,2020-01-10,Completed,100.0,-8.0,District Collectorate
SIH26017-PRJ-000418,4,Draft Declaration,2020-01-17,2020-03-08,,,Stalled,0.0,,LA Branch
SIH26017-PRJ-000418,5,Final Declaration (Sec 19),2020-01-17,2020-04-10,,,Stalled,0.0,,LA Branch
SIH26017-PRJ-000418,6,Award Declaration (Sec 23),2020-01-17,2020-04-09,,,Stalled,0.0,,District Collectorate
SIH26017-PRJ-000418,7,Compensation Disbursement,2020-01-17,2020-06-18,,,Stalled,0.0,,District Collectorate
SIH26017-PRJ-000418,8,Possession,2020-01-17,2020-03-25,,,Stalled,0.0,,District Collectorate
SIH26017-PRJ-000418,9,Mutation & Handover,2020-01-17,2020-03-13,,,Stalled,0.0,,District Collectorate
SIH26017-PRJ-000419,1,Preliminary Notification (Sec 11),2021-02-15,2021-04-08,2021-02-15,2021-05-28,Completed,100.0,50.0,District Collectorate
SIH26017-PRJ-000419,2,Social Impact Assessment (SIA),2021-06-03,2021-09-16,2021-06-03,2021-09-13,Completed,100.0,-3.0,Implementing Agency
SIH26017-PRJ-000419,3,Survey & Measurement,2021-09-18,2021-11-26,2021-09-18,2021-12-25,Completed,100.0,29.0,District Collectorate
SIH26017-PRJ-000419,4,Draft Declaration,2021-12-31,2022-02-19,2021-12-31,2022-04-28,Completed,100.0,68.0,District Collectorate
SIH26017-PRJ-000419,5,Final Declaration (Sec 19),2022-05-05,2022-07-12,2022-05-05,2022-10-06,Completed,100.0,86.0,District Collectorate
SIH26017-PRJ-000419,6,Award Declaration (Sec 23),2022-10-10,2023-01-05,2022-10-10,2023-01-11,Completed,100.0,6.0,Revenue Dept
SIH26017-PRJ-000419,7,Compensation Disbursement,2023-01-14,2023-05-21,2023-01-14,2023-08-29,Completed,100.0,100.0,Implementing Agency
SIH26017-PRJ-000419,8,Possession,2023-09-01,2023-10-29,2023-09-01,2023-12-03,Completed,100.0,35.0,Implementing Agency
SIH26017-PRJ-000419,9,Mutation & Handover,2023-12-07,2024-01-26,2023-12-07,2024-03-11,Completed,100.0,45.0,LA Branch
SIH26017-PRJ-000420,1,Preliminary Notification (Sec 11),2022-11-22,2023-01-14,2022-11-22,2023-01-10,Completed,100.0,-4.0,LA Branch
SIH26017-PRJ-000420,2,Social Impact Assessment (SIA),2023-01-14,2023-04-20,2023-01-14,2023-04-03,Completed,100.0,-17.0,Revenue Dept
SIH26017-PRJ-000420,3,Survey & Measurement,2023-04-06,2023-06-19,2023-04-06,2023-06-15,Completed,100.0,-4.0,District Collectorate
SIH26017-PRJ-000420,4,Draft Declaration,2023-06-20,2023-08-13,2023-06-20,2023-10-04,Completed,100.0,52.0,LA Branch
SIH26017-PRJ-000420,5,Final Declaration (Sec 19),2023-10-06,2023-12-12,2023-10-06,2024-01-02,Completed,100.0,21.0,LA Branch
SIH26017-PRJ-000420,6,Award Declaration (Sec 23),2024-01-05,2024-03-21,2024-01-05,2024-08-11,Completed,100.0,143.0,Implementing Agency
SIH26017-PRJ-000420,7,Compensation Disbursement,2024-08-15,2024-12-27,2024-08-15,,In Progress,100.0,,District Collectorate
SIH26017-PRJ-000420,8,Possession,2026-09-26,2026-12-08,,,Not Started,0.0,,District Collectorate
SIH26017-PRJ-000420,9,Mutation & Handover,2027-12-06,2028-01-22,,,Not Started,0.0,,LA Branch
SIH26017-PRJ-000421,1,Preliminary Notification (Sec 11),2015-10-16,2015-12-13,2015-10-16,2015-12-24,Completed,100.0,11.0,District Collectorate
SIH26017-PRJ-000421,2,Social Impact Assessment (SIA),2015-12-26,2016-04-11,2015-12-26,2016-03-16,Completed,100.0,-26.0,District Collectorate
SIH26017-PRJ-000421,3,Survey & Measurement,2016-03-23,2016-06-03,2016-03-23,2016-05-09,Completed,100.0,-25.0,LA Branch
SIH26017-PRJ-000421,4,Draft Declaration,2016-05-14,2016-07-01,2016-05-14,2016-06-11,Completed,100.0,-20.0,District Collectorate
SIH26017-PRJ-000421,5,Final Declaration (Sec 19),2016-06-19,2016-08-30,2016-06-19,2016-09-25,Completed,100.0,26.0,LA Branch
SIH26017-PRJ-000421,6,Award Declaration (Sec 23),2016-09-27,2017-01-01,2016-09-27,2017-02-07,Completed,100.0,37.0,District Collectorate
SIH26017-PRJ-000421,7,Compensation Disbursement,2017-02-12,2017-07-30,2017-02-12,2017-07-18,Completed,100.0,-12.0,LA Branch
SIH26017-PRJ-000421,8,Possession,2017-07-24,2017-10-01,2017-07-24,2017-11-03,Completed,100.0,33.0,District Collectorate
SIH26017-PRJ-000421,9,Mutation & Handover,2017-11-05,2017-12-30,2017-11-05,2018-04-13,Completed,100.0,104.0,LA Branch
SIH26017-PRJ-000422,1,Preliminary Notification (Sec 11),2024-06-24,2024-08-27,2024-06-24,2024-11-01,Completed,100.0,66.0,LA Branch
SIH26017-PRJ-000422,2,Social Impact Assessment (SIA),2024-11-08,2025-02-25,2024-11-08,2026-07-26,Completed,100.0,516.0,District Collectorate
SIH26017-PRJ-000422,3,Survey & Measurement,2026-08-01,2026-10-20,2026-08-01,,In Progress,17.5,,Implementing Agency
SIH26017-PRJ-000422,4,Draft Declaration,2027-08-05,2027-10-09,,,Not Started,0.0,,Revenue Dept
SIH26017-PRJ-000422,5,Final Declaration (Sec 19),2028-07-02,2028-09-25,,,Not Started,0.0,,District Collectorate
SIH26017-PRJ-000422,6,Award Declaration (Sec 23),2029-10-31,2030-02-04,,,Stalled,0.0,,LA Branch
SIH26017-PRJ-000422,7,Compensation Disbursement,2029-10-31,2030-04-09,,,Stalled,0.0,,LA Branch
SIH26017-PRJ-000422,8,Possession,2029-10-31,2030-01-21,,,Stalled,0.0,,LA Branch
SIH26017-PRJ-000422,9,Mutation & Handover,2029-10-31,2029-12-30,,,Stalled,0.0,,Revenue Dept
SIH26017-PRJ-000423,1,Preliminary Notification (Sec 11),2017-10-19,2017-12-12,2017-10-19,2018-02-15,Completed,100.0,65.0,Revenue Dept
SIH26017-PRJ-000423,2,Social Impact Assessment (SIA),2018-02-19,2018-06-10,2018-02-19,2019-02-10,Completed,100.0,245.0,Revenue Dept
SIH26017-PRJ-000423,3,Survey & Measurement,2019-02-12,2019-04-24,2019-02-12,2019-11-12,Completed,100.0,202.0,District Collectorate
SIH26017-PRJ-000423,4,Draft Declaration,2019-11-14,2020-01-03,2019-11-14,2020-03-25,Completed,100.0,82.0,LA Branch
SIH26017-PRJ-000423,5,Final Declaration (Sec 19),2020-03-26,2020-06-02,2020-03-26,2020-11-04,Completed,100.0,155.0,LA Branch
SIH26017-PRJ-000423,6,Award Declaration (Sec 23),2020-11-10,2021-02-19,2020-11-10,2021-06-23,Completed,100.0,124.0,Revenue Dept
SIH26017-PRJ-000423,7,Compensation Disbursement,2021-06-29,2021-11-13,2021-06-29,2022-03-15,Completed,100.0,122.0,District Collectorate
SIH26017-PRJ-000423,8,Possession,2022-03-20,2022-05-27,2022-03-20,2022-07-05,Completed,100.0,39.0,District Collectorate
SIH26017-PRJ-000423,9,Mutation & Handover,2022-07-10,2022-09-02,2022-07-10,2022-10-04,Completed,100.0,32.0,District Collectorate
SIH26017-PRJ-000424,1,Preliminary Notification (Sec 11),2015-08-29,2015-10-16,2015-08-29,2015-11-14,Completed,100.0,29.0,Revenue Dept
SIH26017-PRJ-000424,2,Social Impact Assessment (SIA),2015-11-21,2016-03-10,2015-11-21,2016-02-25,Completed,100.0,-14.0,District Collectorate
SIH26017-PRJ-000424,3,Survey & Measurement,2016-02-27,2016-05-06,2016-02-27,2016-05-16,Completed,100.0,10.0,LA Branch
SIH26017-PRJ-000424,4,Draft Declaration,2016-05-20,2016-07-20,2016-05-20,2016-07-26,Completed,100.0,6.0,LA Branch
SIH26017-PRJ-000424,5,Final Declaration (Sec 19),2016-07-31,2016-10-18,2016-07-31,2016-10-31,Completed,100.0,13.0,LA Branch
SIH26017-PRJ-000424,6,Award Declaration (Sec 23),2016-11-04,2017-02-05,2016-11-04,2017-06-16,Completed,100.0,131.0,District Collectorate
SIH26017-PRJ-000424,7,Compensation Disbursement,2017-06-18,2017-10-30,2017-06-18,2017-12-07,Completed,100.0,38.0,District Collectorate
SIH26017-PRJ-000424,8,Possession,2017-12-12,2018-02-20,2017-12-12,2018-02-24,Completed,100.0,4.0,Revenue Dept
SIH26017-PRJ-000424,9,Mutation & Handover,2018-02-28,2018-04-18,2018-02-28,2018-04-16,Completed,100.0,-2.0,District Collectorate
SIH26017-PRJ-000425,1,Preliminary Notification (Sec 11),2016-09-28,2016-11-16,2016-09-28,2016-12-04,Completed,100.0,18.0,District Collectorate
SIH26017-PRJ-000425,2,Social Impact Assessment (SIA),2016-12-08,2017-04-11,2016-12-08,2017-05-23,Completed,100.0,42.0,Revenue Dept
SIH26017-PRJ-000425,3,Survey & Measurement,2017-05-25,2017-08-11,2017-05-25,2017-08-22,Completed,100.0,11.0,District Collectorate
SIH26017-PRJ-000425,4,Draft Declaration,2017-08-28,2017-10-23,2017-08-28,2017-10-24,Completed,100.0,1.0,Revenue Dept
SIH26017-PRJ-000425,5,Final Declaration (Sec 19),2017-10-25,2018-01-02,2017-10-25,2018-04-06,Completed,100.0,94.0,District Collectorate
SIH26017-PRJ-000425,6,Award Declaration (Sec 23),2018-04-11,2018-07-01,2018-04-11,2019-05-25,Completed,100.0,328.0,Implementing Agency
SIH26017-PRJ-000425,7,Compensation Disbursement,2019-05-28,2019-10-29,2019-05-28,2021-11-18,Completed,100.0,751.0,Implementing Agency
SIH26017-PRJ-000425,8,Possession,2021-11-23,2022-02-08,2021-11-23,2023-05-27,Completed,100.0,473.0,Revenue Dept
SIH26017-PRJ-000425,9,Mutation & Handover,2023-05-28,2023-07-23,2023-05-28,2023-11-21,Completed,100.0,121.0,District Collectorate
SIH26017-PRJ-000426,1,Preliminary Notification (Sec 11),2023-01-29,2023-03-17,2023-01-29,2023-05-28,Completed,100.0,72.0,LA Branch
SIH26017-PRJ-000426,2,Social Impact Assessment (SIA),2023-06-01,2023-09-10,2023-06-01,2024-06-10,Completed,100.0,274.0,District Collectorate
SIH26017-PRJ-000426,3,Survey & Measurement,2024-06-11,2024-08-04,2024-06-11,2024-11-11,Completed,100.0,99.0,LA Branch
SIH26017-PRJ-000426,4,Draft Declaration,2024-11-18,2025-01-10,2024-11-18,2025-04-09,Completed,100.0,89.0,Revenue Dept
SIH26017-PRJ-000426,5,Final Declaration (Sec 19),2025-04-10,2025-06-22,2025-04-10,2025-08-07,Completed,100.0,46.0,LA Branch
SIH26017-PRJ-000426,6,Award Declaration (Sec 23),2025-08-09,2025-10-30,2025-08-09,2025-12-23,Completed,100.0,54.0,District Collectorate
SIH26017-PRJ-000426,7,Compensation Disbursement,2025-12-28,2026-05-04,2025-12-28,2026-07-19,Completed,100.0,76.0,District Collectorate
SIH26017-PRJ-000426,8,Possession,2026-07-23,2026-10-05,2026-07-23,,In Progress,31.1,,LA Branch
SIH26017-PRJ-000426,9,Mutation & Handover,2026-11-06,2026-12-28,,,Not Started,0.0,,District Collectorate
SIH26017-PRJ-000427,1,Preliminary Notification (Sec 11),2015-11-02,2016-01-05,2015-11-02,2015-12-26,Completed,100.0,-10.0,Implementing Agency
SIH26017-PRJ-000427,2,Social Impact Assessment (SIA),2016-01-02,2016-05-22,,,Stalled,0.0,,Revenue Dept
SIH26017-PRJ-000427,3,Survey & Measurement,2016-01-02,2016-03-16,,,Stalled,0.0,,LA Branch
SIH26017-PRJ-000427,4,Draft Declaration,2016-01-02,2016-03-10,,,Stalled,0.0,,Revenue Dept
SIH26017-PRJ-000427,5,Final Declaration (Sec 19),2016-01-02,2016-03-29,,,Stalled,0.0,,Implementing Agency
SIH26017-PRJ-000427,6,Award Declaration (Sec 23),2016-01-02,2016-05-09,,,Stalled,0.0,,Revenue Dept
SIH26017-PRJ-000427,7,Compensation Disbursement,2016-01-02,2016-07-14,,,Stalled,0.0,,Implementing Agency
SIH26017-PRJ-000427,8,Possession,2016-01-02,2016-04-02,,,Stalled,0.0,,Implementing Agency
SIH26017-PRJ-000427,9,Mutation & Handover,2016-01-02,2016-03-04,,,Stalled,0.0,,LA Branch
SIH26017-PRJ-000428,1,Preliminary Notification (Sec 11),2015-04-01,2015-05-30,2015-04-01,2015-09-22,Completed,100.0,115.0,LA Branch
SIH26017-PRJ-000428,2,Social Impact Assessment (SIA),2015-09-25,2016-01-09,2015-09-25,2016-05-01,Completed,100.0,113.0,District Collectorate
SIH26017-PRJ-000428,3,Survey & Measurement,2016-05-02,2016-07-12,2016-05-02,2016-09-04,Completed,100.0,54.0,LA Branch
SIH26017-PRJ-000428,4,Draft Declaration,2016-09-08,2016-10-25,2016-09-08,2017-03-10,Completed,100.0,136.0,Revenue Dept
SIH26017-PRJ-000428,5,Final Declaration (Sec 19),2017-03-12,2017-05-28,2017-03-12,2018-02-18,Completed,100.0,266.0,Revenue Dept
SIH26017-PRJ-000428,6,Award Declaration (Sec 23),2018-02-22,2018-05-24,2018-02-22,2018-10-12,Completed,100.0,141.0,District Collectorate
SIH26017-PRJ-000428,7,Compensation Disbursement,2018-10-18,2019-02-24,2018-10-18,2019-09-23,Completed,100.0,211.0,District Collectorate
SIH26017-PRJ-000428,8,Possession,2019-09-27,2019-12-10,2019-09-27,2020-04-03,Completed,100.0,115.0,Revenue Dept
SIH26017-PRJ-000428,9,Mutation & Handover,2020-04-08,2020-06-12,2020-04-08,2020-07-02,Completed,100.0,20.0,Revenue Dept
SIH26017-PRJ-000429,1,Preliminary Notification (Sec 11),2016-10-02,2016-11-28,2016-10-02,2017-05-24,Completed,100.0,177.0,LA Branch
SIH26017-PRJ-000429,2,Social Impact Assessment (SIA),2017-05-28,2017-09-29,2017-05-28,2020-02-10,Completed,100.0,864.0,LA Branch
SIH26017-PRJ-000429,3,Survey & Measurement,2020-02-11,2020-05-11,2020-02-11,2020-09-25,Completed,100.0,137.0,District Collectorate
SIH26017-PRJ-000429,4,Draft Declaration,2020-09-27,2020-11-27,2020-09-27,2021-02-07,Completed,100.0,72.0,LA Branch
SIH26017-PRJ-000429,5,Final Declaration (Sec 19),2021-02-09,2021-04-26,2021-02-09,2021-09-18,Completed,100.0,145.0,Implementing Agency
SIH26017-PRJ-000429,6,Award Declaration (Sec 23),2021-09-21,2021-12-10,2021-09-21,2022-10-13,Completed,100.0,307.0,Revenue Dept
SIH26017-PRJ-000429,7,Compensation Disbursement,2022-10-16,2023-03-12,2022-10-16,2023-09-20,Completed,100.0,192.0,District Collectorate
SIH26017-PRJ-000429,8,Possession,2023-09-23,2023-12-13,2023-09-23,2024-06-29,Completed,100.0,199.0,Implementing Agency
SIH26017-PRJ-000429,9,Mutation & Handover,2024-07-03,2024-09-07,2024-07-03,2025-10-11,Completed,100.0,399.0,Revenue Dept
SIH26017-PRJ-000430,1,Preliminary Notification (Sec 11),2019-02-17,2019-04-04,2019-02-17,2019-06-03,Completed,100.0,60.0,Implementing Agency
SIH26017-PRJ-000430,2,Social Impact Assessment (SIA),2019-06-08,2019-09-28,2019-06-08,2020-02-28,Completed,100.0,153.0,LA Branch
SIH26017-PRJ-000430,3,Survey & Measurement,2020-03-02,2020-05-10,2020-03-02,2020-11-18,Completed,100.0,192.0,District Collectorate
SIH26017-PRJ-000430,4,Draft Declaration,2020-11-20,2021-01-10,2020-11-20,2021-05-27,Completed,100.0,137.0,District Collectorate
SIH26017-PRJ-000430,5,Final Declaration (Sec 19),2021-05-28,2021-08-07,2021-05-28,2021-08-30,Completed,100.0,23.0,District Collectorate
SIH26017-PRJ-000430,6,Award Declaration (Sec 23),2021-09-07,2021-11-30,2021-09-07,2021-11-26,Completed,100.0,-4.0,LA Branch
SIH26017-PRJ-000430,7,Compensation Disbursement,2021-11-27,2022-04-02,2021-11-27,2022-02-07,Completed,100.0,-54.0,District Collectorate
SIH26017-PRJ-000430,8,Possession,2022-02-15,2022-04-27,2022-02-15,2022-04-18,Completed,100.0,-9.0,District Collectorate
SIH26017-PRJ-000430,9,Mutation & Handover,2022-04-20,2022-06-13,2022-04-20,2022-07-16,Completed,100.0,33.0,Implementing Agency
SIH26017-PRJ-000431,1,Preliminary Notification (Sec 11),2020-01-01,2020-03-01,2020-01-01,2020-03-23,Completed,100.0,22.0,District Collectorate
SIH26017-PRJ-000431,2,Social Impact Assessment (SIA),2020-03-27,2020-08-02,2020-03-27,2020-09-25,Completed,100.0,54.0,Revenue Dept
SIH26017-PRJ-000431,3,Survey & Measurement,2020-10-02,2020-12-21,2020-10-02,2021-01-30,Completed,100.0,40.0,Revenue Dept
SIH26017-PRJ-000431,4,Draft Declaration,2021-02-03,2021-03-29,2021-02-03,2021-05-14,Completed,100.0,46.0,LA Branch
SIH26017-PRJ-000431,5,Final Declaration (Sec 19),2021-05-22,2021-08-08,2021-05-22,2021-10-18,Completed,100.0,71.0,District Collectorate
SIH26017-PRJ-000431,6,Award Declaration (Sec 23),2021-10-24,2022-01-29,2021-10-24,2022-10-10,Completed,100.0,254.0,LA Branch
SIH26017-PRJ-000431,7,Compensation Disbursement,2022-10-17,2023-04-17,2022-10-17,2024-10-18,Completed,100.0,550.0,Revenue Dept
SIH26017-PRJ-000431,8,Possession,2024-10-21,2024-12-27,2024-10-21,2025-05-22,Completed,100.0,146.0,Implementing Agency
SIH26017-PRJ-000431,9,Mutation & Handover,2025-05-28,2025-08-01,2025-05-28,2026-07-20,Completed,100.0,353.0,Revenue Dept
SIH26017-PRJ-000432,1,Preliminary Notification (Sec 11),2020-04-15,2020-06-10,2020-04-15,2020-06-18,Completed,100.0,8.0,Revenue Dept
SIH26017-PRJ-000432,2,Social Impact Assessment (SIA),2020-06-20,2020-10-31,2020-06-20,2020-12-04,Completed,100.0,34.0,Revenue Dept
SIH26017-PRJ-000432,3,Survey & Measurement,2020-12-12,2021-03-14,2020-12-12,2021-03-19,Completed,100.0,5.0,LA Branch
SIH26017-PRJ-000432,4,Draft Declaration,2021-03-26,2021-05-29,2021-03-26,2021-08-01,Completed,100.0,64.0,District Collectorate
SIH26017-PRJ-000432,5,Final Declaration (Sec 19),2021-08-04,2021-10-29,2021-08-04,2021-11-18,Completed,100.0,20.0,LA Branch
SIH26017-PRJ-000432,6,Award Declaration (Sec 23),2021-11-25,2022-03-17,2021-11-25,2022-11-08,Completed,100.0,236.0,District Collectorate
SIH26017-PRJ-000432,7,Compensation Disbursement,2022-11-14,2023-05-12,,,Stalled,0.0,,District Collectorate
SIH26017-PRJ-000432,8,Possession,2022-11-14,2023-02-04,,,Stalled,0.0,,Revenue Dept
SIH26017-PRJ-000432,9,Mutation & Handover,2022-11-14,2023-01-26,,,Stalled,0.0,,LA Branch
SIH26017-PRJ-000433,1,Preliminary Notification (Sec 11),2020-12-03,2021-02-01,2020-12-03,2021-01-26,Completed,100.0,-6.0,Implementing Agency
SIH26017-PRJ-000433,2,Social Impact Assessment (SIA),2021-01-29,2021-05-22,2021-01-29,2021-07-24,Completed,100.0,63.0,District Collectorate
SIH26017-PRJ-000433,3,Survey & Measurement,2021-07-30,2021-10-14,2021-07-30,2022-01-14,Completed,100.0,92.0,LA Branch
SIH26017-PRJ-000433,4,Draft Declaration,2022-01-17,2022-03-14,2022-01-17,2022-10-10,Completed,100.0,210.0,Revenue Dept
SIH26017-PRJ-000433,5,Final Declaration (Sec 19),2022-10-13,2023-01-01,2022-10-13,2023-10-30,Completed,100.0,302.0,District Collectorate
SIH26017-PRJ-000433,6,Award Declaration (Sec 23),2023-10-31,2024-02-12,2023-10-31,2024-06-23,Completed,100.0,132.0,Revenue Dept
SIH26017-PRJ-000433,7,Compensation Disbursement,2024-06-24,2024-11-29,2024-06-24,2025-01-30,Completed,100.0,62.0,Implementing Agency
SIH26017-PRJ-000433,8,Possession,2025-02-04,2025-04-25,2025-02-04,2025-06-17,Completed,100.0,53.0,District Collectorate
SIH26017-PRJ-000433,9,Mutation & Handover,2025-06-21,2025-08-24,2025-06-21,2025-10-17,Completed,100.0,54.0,District Collectorate
SIH26017-PRJ-000434,1,Preliminary Notification (Sec 11),2015-03-26,2015-05-20,2015-03-26,2015-06-28,Completed,100.0,39.0,District Collectorate
SIH26017-PRJ-000434,2,Social Impact Assessment (SIA),2015-07-05,2015-10-22,2015-07-05,2016-02-29,Completed,100.0,130.0,LA Branch
SIH26017-PRJ-000434,3,Survey & Measurement,2016-03-01,2016-05-15,2016-03-01,2016-09-20,Completed,100.0,128.0,District Collectorate
SIH26017-PRJ-000434,4,Draft Declaration,2016-09-24,2016-11-18,,,Stalled,0.0,,LA Branch
SIH26017-PRJ-000434,5,Final Declaration (Sec 19),2016-09-24,2016-12-12,,,Stalled,0.0,,Revenue Dept
SIH26017-PRJ-000434,6,Award Declaration (Sec 23),2016-09-24,2017-01-10,,,Stalled,0.0,,District Collectorate
SIH26017-PRJ-000434,7,Compensation Disbursement,2016-09-24,2017-02-28,,,Stalled,0.0,,District Collectorate
SIH26017-PRJ-000434,8,Possession,2016-09-24,2016-12-06,,,Stalled,0.0,,Revenue Dept
SIH26017-PRJ-000434,9,Mutation & Handover,2016-09-24,2016-11-16,,,Stalled,0.0,,District Collectorate
SIH26017-PRJ-000435,1,Preliminary Notification (Sec 11),2017-06-19,2017-08-14,2017-06-19,2017-09-03,Completed,100.0,20.0,LA Branch
SIH26017-PRJ-000435,2,Social Impact Assessment (SIA),2017-09-11,2018-01-20,2017-09-11,2018-11-16,Completed,100.0,300.0,District Collectorate
SIH26017-PRJ-000435,3,Survey & Measurement,2018-11-19,2019-02-04,2018-11-19,2019-04-11,Completed,100.0,66.0,District Collectorate
SIH26017-PRJ-000435,4,Draft Declaration,2019-04-14,2019-06-10,2019-04-14,2019-10-08,Completed,100.0,120.0,Revenue Dept
SIH26017-PRJ-000435,5,Final Declaration (Sec 19),2019-10-12,2019-12-23,2019-10-12,2021-01-23,Completed,100.0,397.0,District Collectorate
SIH26017-PRJ-000435,6,Award Declaration (Sec 23),2021-01-28,2021-05-17,2021-01-28,2022-01-25,Completed,100.0,253.0,District Collectorate
SIH26017-PRJ-000435,7,Compensation Disbursement,2022-01-31,2022-06-25,2022-01-31,2024-05-12,Completed,100.0,687.0,LA Branch
SIH26017-PRJ-000435,8,Possession,2024-05-13,2024-08-02,2024-05-13,2025-04-06,Completed,100.0,247.0,LA Branch
SIH26017-PRJ-000435,9,Mutation & Handover,2025-04-09,2025-06-11,2025-04-09,2025-10-05,Completed,100.0,116.0,District Collectorate
SIH26017-PRJ-000436,1,Preliminary Notification (Sec 11),2018-09-16,2018-11-04,2018-09-16,2018-10-16,Completed,100.0,-19.0,LA Branch
SIH26017-PRJ-000436,2,Social Impact Assessment (SIA),2018-10-20,2019-01-26,2018-10-20,2019-01-13,Completed,100.0,-13.0,District Collectorate
SIH26017-PRJ-000436,3,Survey & Measurement,2019-01-15,2019-03-17,2019-01-15,2019-02-26,Completed,100.0,-19.0,District Collectorate
SIH26017-PRJ-000436,4,Draft Declaration,2019-03-01,2019-05-04,2019-03-01,2019-04-19,Completed,100.0,-15.0,LA Branch
SIH26017-PRJ-000436,5,Final Declaration (Sec 19),2019-04-23,2019-07-01,2019-04-23,2019-06-14,Completed,100.0,-17.0,District Collectorate
SIH26017-PRJ-000436,6,Award Declaration (Sec 23),2019-06-18,2019-09-20,2019-06-18,2019-10-26,Completed,100.0,36.0,District Collectorate
SIH26017-PRJ-000436,7,Compensation Disbursement,2019-10-27,2020-03-14,2019-10-27,2020-05-31,Completed,100.0,78.0,Implementing Agency
SIH26017-PRJ-000436,8,Possession,2020-06-01,2020-08-11,2020-06-01,2020-07-29,Completed,100.0,-13.0,District Collectorate
SIH26017-PRJ-000436,9,Mutation & Handover,2020-08-06,2020-10-02,2020-08-06,2020-09-08,Completed,100.0,-24.0,Implementing Agency
SIH26017-PRJ-000437,1,Preliminary Notification (Sec 11),2017-01-23,2017-03-18,2017-01-23,2017-03-28,Completed,100.0,10.0,District Collectorate
SIH26017-PRJ-000437,2,Social Impact Assessment (SIA),2017-04-03,2017-07-30,2017-04-03,2017-07-21,Completed,100.0,-9.0,District Collectorate
SIH26017-PRJ-000437,3,Survey & Measurement,2017-07-24,2017-10-09,2017-07-24,2017-09-19,Completed,100.0,-20.0,District Collectorate
SIH26017-PRJ-000437,4,Draft Declaration,2017-09-26,2017-11-16,2017-09-26,2018-03-12,Completed,100.0,116.0,District Collectorate
SIH26017-PRJ-000437,5,Final Declaration (Sec 19),2018-03-13,2018-05-28,2018-03-13,2018-10-16,Completed,100.0,141.0,District Collectorate
SIH26017-PRJ-000437,6,Award Declaration (Sec 23),2018-10-19,2018-12-31,2018-10-19,2019-04-23,Completed,100.0,113.0,Revenue Dept
SIH26017-PRJ-000437,7,Compensation Disbursement,2019-04-30,2019-09-27,2019-04-30,2019-12-14,Completed,100.0,78.0,Revenue Dept
SIH26017-PRJ-000437,8,Possession,2019-12-17,2020-03-01,2019-12-17,2020-05-29,Completed,100.0,89.0,District Collectorate
SIH26017-PRJ-000437,9,Mutation & Handover,2020-05-30,2020-07-27,2020-05-30,2020-09-24,Completed,100.0,59.0,Revenue Dept
SIH26017-PRJ-000438,1,Preliminary Notification (Sec 11),2021-07-26,2021-10-10,2021-07-26,2021-12-11,Completed,100.0,62.0,Implementing Agency
SIH26017-PRJ-000438,2,Social Impact Assessment (SIA),2021-12-15,2022-05-06,2021-12-15,2022-10-04,Completed,100.0,151.0,District Collectorate
SIH26017-PRJ-000438,3,Survey & Measurement,2022-10-10,2023-01-04,2022-10-10,2023-02-23,Completed,100.0,50.0,District Collectorate
SIH26017-PRJ-000438,4,Draft Declaration,2023-02-26,2023-05-05,2023-02-26,2023-06-15,Completed,100.0,41.0,District Collectorate
SIH26017-PRJ-000438,5,Final Declaration (Sec 19),2023-06-16,2023-09-16,2023-06-16,2023-12-09,Completed,100.0,84.0,Implementing Agency
SIH26017-PRJ-000438,6,Award Declaration (Sec 23),2023-12-16,2024-04-02,2023-12-16,2024-04-01,Completed,100.0,-1.0,Revenue Dept
SIH26017-PRJ-000438,7,Compensation Disbursement,2024-04-03,2024-10-10,2024-04-03,2025-07-27,Completed,100.0,290.0,LA Branch
SIH26017-PRJ-000438,8,Possession,2025-07-28,2025-10-19,2025-07-28,2026-05-13,Completed,100.0,206.0,LA Branch
SIH26017-PRJ-000438,9,Mutation & Handover,2026-05-17,2026-07-17,2026-05-17,,In Progress,100.0,,LA Branch
SIH26017-PRJ-000439,1,Preliminary Notification (Sec 11),2021-12-28,2022-02-23,2021-12-28,2022-02-17,Completed,100.0,-6.0,District Collectorate
SIH26017-PRJ-000439,2,Social Impact Assessment (SIA),2022-02-18,2022-06-03,2022-02-18,2022-08-19,Completed,100.0,77.0,District Collectorate
SIH26017-PRJ-000439,3,Survey & Measurement,2022-08-23,2022-11-16,2022-08-23,2023-03-19,Completed,100.0,123.0,District Collectorate
SIH26017-PRJ-000439,4,Draft Declaration,2023-03-21,2023-05-28,2023-03-21,2023-08-14,Completed,100.0,78.0,LA Branch
SIH26017-PRJ-000439,5,Final Declaration (Sec 19),2023-08-19,2023-11-06,2023-08-19,2024-04-19,Completed,100.0,165.0,Revenue Dept
SIH26017-PRJ-000439,6,Award Declaration (Sec 23),2024-04-26,2024-08-09,2024-04-26,2026-08-01,Completed,100.0,722.0,Revenue Dept
SIH26017-PRJ-000439,7,Compensation Disbursement,2026-08-06,2026-12-26,2026-08-06,,In Progress,6.3,,LA Branch
SIH26017-PRJ-000439,8,Possession,2028-02-06,2028-04-26,,,Not Started,0.0,,District Collectorate
SIH26017-PRJ-000439,9,Mutation & Handover,2029-01-11,2029-03-13,,,Not Started,0.0,,Revenue Dept
SIH26017-PRJ-000440,1,Preliminary Notification (Sec 11),2021-11-17,2022-01-20,2021-11-17,2022-02-01,Completed,100.0,12.0,LA Branch
SIH26017-PRJ-000440,2,Social Impact Assessment (SIA),2022-02-04,2022-05-30,2022-02-04,2023-01-15,Completed,100.0,230.0,Revenue Dept
SIH26017-PRJ-000440,3,Survey & Measurement,2023-01-17,2023-04-24,2023-01-17,2023-10-20,Completed,100.0,179.0,District Collectorate
SIH26017-PRJ-000440,4,Draft Declaration,2023-10-21,2023-12-24,2023-10-21,2024-02-19,Completed,100.0,57.0,LA Branch
SIH26017-PRJ-000440,5,Final Declaration (Sec 19),2024-02-22,2024-05-17,2024-02-22,2024-09-08,Completed,100.0,114.0,LA Branch
SIH26017-PRJ-000440,6,Award Declaration (Sec 23),2024-09-13,2025-01-05,2024-09-13,2025-04-16,Completed,100.0,101.0,Implementing Agency
SIH26017-PRJ-000440,7,Compensation Disbursement,2025-04-24,2025-10-07,2025-04-24,2026-02-06,Completed,100.0,122.0,LA Branch
SIH26017-PRJ-000440,8,Possession,2026-02-10,2026-05-08,2026-02-10,2026-06-22,Completed,100.0,45.0,District Collectorate
SIH26017-PRJ-000440,9,Mutation & Handover,2026-06-25,2026-08-19,2026-06-25,,In Progress,92.7,,Revenue Dept
SIH26017-PRJ-000441,1,Preliminary Notification (Sec 11),2017-12-05,2018-02-06,2017-12-05,2018-05-08,Completed,100.0,91.0,District Collectorate
SIH26017-PRJ-000441,2,Social Impact Assessment (SIA),2018-05-15,2018-10-10,2018-05-15,2019-07-25,Completed,100.0,288.0,District Collectorate
SIH26017-PRJ-000441,3,Survey & Measurement,2019-07-31,2019-10-21,2019-07-31,2020-02-09,Completed,100.0,111.0,District Collectorate
SIH26017-PRJ-000441,4,Draft Declaration,2020-02-16,2020-04-28,2020-02-16,2021-05-12,Completed,100.0,379.0,Revenue Dept
SIH26017-PRJ-000441,5,Final Declaration (Sec 19),2021-05-18,2021-08-05,2021-05-18,2021-11-14,Completed,100.0,101.0,District Collectorate
SIH26017-PRJ-000441,6,Award Declaration (Sec 23),2021-11-18,2022-03-05,2021-11-18,2022-06-03,Completed,100.0,90.0,District Collectorate
SIH26017-PRJ-000441,7,Compensation Disbursement,2022-06-05,2022-12-07,2022-06-05,2023-08-29,Completed,100.0,265.0,District Collectorate
SIH26017-PRJ-000441,8,Possession,2023-09-07,2023-12-02,2023-09-07,2024-06-19,Completed,100.0,200.0,District Collectorate
SIH26017-PRJ-000441,9,Mutation & Handover,2024-06-22,2024-09-04,2024-06-22,2024-10-27,Completed,100.0,53.0,District Collectorate
SIH26017-PRJ-000442,1,Preliminary Notification (Sec 11),2019-02-24,2019-04-14,2019-02-24,2019-04-14,Completed,100.0,0.0,Implementing Agency
SIH26017-PRJ-000442,2,Social Impact Assessment (SIA),2019-04-16,2019-08-08,2019-04-16,2019-07-31,Completed,100.0,-8.0,LA Branch
SIH26017-PRJ-000442,3,Survey & Measurement,2019-08-01,2019-10-10,2019-08-01,2019-09-05,Completed,100.0,-35.0,LA Branch
SIH26017-PRJ-000442,4,Draft Declaration,2019-09-10,2019-11-08,2019-09-10,2019-10-21,Completed,100.0,-18.0,Implementing Agency
SIH26017-PRJ-000442,5,Final Declaration (Sec 19),2019-10-25,2019-12-30,2019-10-25,2020-01-20,Completed,100.0,21.0,District Collectorate
SIH26017-PRJ-000442,6,Award Declaration (Sec 23),2020-01-26,2020-05-06,2020-01-26,2020-05-15,Completed,100.0,9.0,LA Branch
SIH26017-PRJ-000442,7,Compensation Disbursement,2020-05-19,2020-10-30,2020-05-19,2020-10-28,Completed,100.0,-2.0,District Collectorate
SIH26017-PRJ-000442,8,Possession,2020-10-30,2020-12-28,2020-10-30,2020-12-13,Completed,100.0,-15.0,Revenue Dept
SIH26017-PRJ-000442,9,Mutation & Handover,2020-12-16,2021-02-08,2020-12-16,2021-03-04,Completed,100.0,24.0,LA Branch
SIH26017-PRJ-000443,1,Preliminary Notification (Sec 11),2016-12-07,2017-02-06,2016-12-07,2017-03-11,Completed,100.0,33.0,Revenue Dept
SIH26017-PRJ-000443,2,Social Impact Assessment (SIA),2017-03-20,2017-07-14,2017-03-20,2017-08-23,Completed,100.0,40.0,Revenue Dept
SIH26017-PRJ-000443,3,Survey & Measurement,2017-08-26,2017-11-12,2017-08-26,2018-04-04,Completed,100.0,143.0,District Collectorate
SIH26017-PRJ-000443,4,Draft Declaration,2018-04-07,2018-06-02,2018-04-07,2018-12-01,Completed,100.0,182.0,Revenue Dept
SIH26017-PRJ-000443,5,Final Declaration (Sec 19),2018-12-03,2019-02-17,2018-12-03,2019-06-21,Completed,100.0,124.0,District Collectorate
SIH26017-PRJ-000443,6,Award Declaration (Sec 23),2019-06-22,2019-09-16,2019-06-22,2019-10-04,Completed,100.0,18.0,District Collectorate
SIH26017-PRJ-000443,7,Compensation Disbursement,2019-10-06,2020-03-03,2019-10-06,2020-01-07,Completed,100.0,-56.0,District Collectorate
SIH26017-PRJ-000443,8,Possession,2020-01-16,2020-03-26,2020-01-16,2020-04-29,Completed,100.0,34.0,District Collectorate
SIH26017-PRJ-000443,9,Mutation & Handover,2020-05-03,2020-06-23,2020-05-03,2020-07-03,Completed,100.0,10.0,LA Branch
SIH26017-PRJ-000444,1,Preliminary Notification (Sec 11),2023-04-13,2023-06-04,2023-04-13,2023-08-23,Completed,100.0,80.0,Revenue Dept
SIH26017-PRJ-000444,2,Social Impact Assessment (SIA),2023-08-25,2023-12-02,2023-08-25,2024-07-24,Completed,100.0,235.0,District Collectorate
SIH26017-PRJ-000444,3,Survey & Measurement,2024-07-27,2024-09-30,2024-07-27,2025-01-18,Completed,100.0,110.0,District Collectorate
SIH26017-PRJ-000444,4,Draft Declaration,2025-01-23,2025-03-13,2025-01-23,2025-06-18,Completed,100.0,97.0,LA Branch
SIH26017-PRJ-000444,5,Final Declaration (Sec 19),2025-06-23,2025-09-06,,,Stalled,0.0,,Revenue Dept
SIH26017-PRJ-000444,6,Award Declaration (Sec 23),2025-06-23,2025-09-27,,,Stalled,0.0,,District Collectorate
SIH26017-PRJ-000444,7,Compensation Disbursement,2025-06-23,2025-11-15,,,Stalled,0.0,,LA Branch
SIH26017-PRJ-000444,8,Possession,2025-06-23,2025-08-30,,,Stalled,0.0,,LA Branch
SIH26017-PRJ-000444,9,Mutation & Handover,2025-06-23,2025-08-18,,,Stalled,0.0,,Revenue Dept
SIH26017-PRJ-000445,1,Preliminary Notification (Sec 11),2018-12-27,2019-02-21,2018-12-27,2019-09-23,Completed,100.0,214.0,Revenue Dept
SIH26017-PRJ-000445,2,Social Impact Assessment (SIA),2019-09-29,2020-01-17,2019-09-29,2020-10-19,Completed,100.0,276.0,District Collectorate
SIH26017-PRJ-000445,3,Survey & Measurement,2020-10-24,2021-01-02,2020-10-24,2021-05-27,Completed,100.0,145.0,District Collectorate
SIH26017-PRJ-000445,4,Draft Declaration,2021-06-02,2021-07-15,2021-06-02,2021-12-15,Completed,100.0,153.0,District Collectorate
SIH26017-PRJ-000445,5,Final Declaration (Sec 19),2021-12-19,2022-03-03,2021-12-19,2022-11-15,Completed,100.0,257.0,Revenue Dept
SIH26017-PRJ-000445,6,Award Declaration (Sec 23),2022-11-21,2023-02-26,2022-11-21,2023-06-08,Completed,100.0,102.0,Revenue Dept
SIH26017-PRJ-000445,7,Compensation Disbursement,2023-06-12,2023-10-11,2023-06-12,2024-01-21,Completed,100.0,102.0,District Collectorate
SIH26017-PRJ-000445,8,Possession,2024-01-24,2024-04-09,2024-01-24,2024-07-28,Completed,100.0,110.0,District Collectorate
SIH26017-PRJ-000445,9,Mutation & Handover,2024-07-31,2024-09-23,2024-07-31,2025-09-12,Completed,100.0,354.0,Revenue Dept
SIH26017-PRJ-000446,1,Preliminary Notification (Sec 11),2021-06-02,2021-07-20,2021-06-02,2021-07-12,Completed,100.0,-8.0,Revenue Dept
SIH26017-PRJ-000446,2,Social Impact Assessment (SIA),2021-07-16,2021-10-22,2021-07-16,2021-10-15,Completed,100.0,-7.0,Revenue Dept
SIH26017-PRJ-000446,3,Survey & Measurement,2021-10-16,2021-12-25,2021-10-16,2021-12-17,Completed,100.0,-8.0,LA Branch
SIH26017-PRJ-000446,4,Draft Declaration,2021-12-22,2022-02-11,2021-12-22,2022-02-01,Completed,100.0,-10.0,District Collectorate
SIH26017-PRJ-000446,5,Final Declaration (Sec 19),2022-02-05,2022-04-12,2022-02-05,2022-05-05,Completed,100.0,23.0,LA Branch
SIH26017-PRJ-000446,6,Award Declaration (Sec 23),2022-05-08,2022-07-25,2022-05-08,2022-08-06,Completed,100.0,12.0,Revenue Dept
SIH26017-PRJ-000446,7,Compensation Disbursement,2022-08-11,2023-01-01,2022-08-11,2022-11-13,Completed,100.0,-49.0,LA Branch
SIH26017-PRJ-000446,8,Possession,2022-11-14,2023-01-19,2022-11-14,2023-01-09,Completed,100.0,-10.0,District Collectorate
SIH26017-PRJ-000446,9,Mutation & Handover,2023-01-14,2023-03-10,2023-01-14,2023-02-26,Completed,100.0,-12.0,LA Branch
SIH26017-PRJ-000447,1,Preliminary Notification (Sec 11),2021-08-02,2021-09-23,2021-08-02,2021-10-11,Completed,100.0,18.0,Revenue Dept
SIH26017-PRJ-000447,2,Social Impact Assessment (SIA),2021-10-14,2022-02-14,2021-10-14,2022-07-09,Completed,100.0,145.0,District Collectorate
SIH26017-PRJ-000447,3,Survey & Measurement,2022-07-13,2022-09-22,2022-07-13,2022-12-04,Completed,100.0,73.0,District Collectorate
SIH26017-PRJ-000447,4,Draft Declaration,2022-12-08,2023-01-31,,,Stalled,0.0,,District Collectorate
SIH26017-PRJ-000447,5,Final Declaration (Sec 19),2022-12-08,2023-02-16,,,Stalled,0.0,,District Collectorate
SIH26017-PRJ-000447,6,Award Declaration (Sec 23),2022-12-08,2023-03-27,,,Stalled,0.0,,LA Branch
SIH26017-PRJ-000447,7,Compensation Disbursement,2022-12-08,2023-05-18,,,Stalled,0.0,,LA Branch
SIH26017-PRJ-000447,8,Possession,2022-12-08,2023-02-23,,,Stalled,0.0,,District Collectorate
SIH26017-PRJ-000447,9,Mutation & Handover,2022-12-08,2023-01-31,,,Stalled,0.0,,District Collectorate
SIH26017-PRJ-000448,1,Preliminary Notification (Sec 11),2021-11-07,2022-01-01,2021-11-07,2021-12-24,Completed,100.0,-8.0,District Collectorate
SIH26017-PRJ-000448,2,Social Impact Assessment (SIA),2021-12-27,2022-04-21,2021-12-27,2022-08-22,Completed,100.0,123.0,District Collectorate
SIH26017-PRJ-000448,3,Survey & Measurement,2022-08-27,2022-10-28,2022-08-27,2023-01-29,Completed,100.0,93.0,District Collectorate
SIH26017-PRJ-000448,4,Draft Declaration,2023-02-01,2023-03-27,2023-02-01,2023-07-04,Completed,100.0,99.0,Implementing Agency
SIH26017-PRJ-000448,5,Final Declaration (Sec 19),2023-07-09,2023-09-17,2023-07-09,2024-02-09,Completed,100.0,145.0,Revenue Dept
SIH26017-PRJ-000448,6,Award Declaration (Sec 23),2024-02-15,2024-05-26,2024-02-15,2026-05-04,Completed,100.0,708.0,LA Branch
SIH26017-PRJ-000448,7,Compensation Disbursement,2026-05-10,2026-10-20,2026-05-10,,In Progress,59.5,,Implementing Agency
SIH26017-PRJ-000448,8,Possession,2027-11-26,2028-02-03,,,Not Started,0.0,,District Collectorate
SIH26017-PRJ-000448,9,Mutation & Handover,2028-06-06,2028-08-02,,,Not Started,0.0,,District Collectorate
SIH26017-PRJ-000449,1,Preliminary Notification (Sec 11),2018-09-23,2018-11-17,2018-09-23,2018-10-26,Completed,100.0,-22.0,Implementing Agency
SIH26017-PRJ-000449,2,Social Impact Assessment (SIA),2018-10-27,2019-02-01,2018-10-27,2019-03-05,Completed,100.0,32.0,Implementing Agency
SIH26017-PRJ-000449,3,Survey & Measurement,2019-03-12,2019-05-26,2019-03-12,2019-06-06,Completed,100.0,11.0,District Collectorate
SIH26017-PRJ-000449,4,Draft Declaration,2019-06-12,2019-08-02,2019-06-12,2019-07-27,Completed,100.0,-6.0,LA Branch
SIH26017-PRJ-000449,5,Final Declaration (Sec 19),2019-07-31,2019-10-24,2019-07-31,2019-09-23,Completed,100.0,-31.0,District Collectorate
SIH26017-PRJ-000449,6,Award Declaration (Sec 23),2019-09-29,2019-12-21,2019-09-29,2020-01-18,Completed,100.0,28.0,Implementing Agency
SIH26017-PRJ-000449,7,Compensation Disbursement,2020-01-20,2020-06-27,2020-01-20,2020-08-08,Completed,100.0,42.0,District Collectorate
SIH26017-PRJ-000449,8,Possession,2020-08-16,2020-10-24,2020-08-16,2020-11-03,Completed,100.0,10.0,LA Branch
SIH26017-PRJ-000449,9,Mutation & Handover,2020-11-06,2020-12-27,2020-11-06,2021-01-21,Completed,100.0,25.0,LA Branch
SIH26017-PRJ-000450,1,Preliminary Notification (Sec 11),2021-10-02,2021-11-20,2021-10-02,2021-11-26,Completed,100.0,6.0,Revenue Dept
SIH26017-PRJ-000450,2,Social Impact Assessment (SIA),2021-11-29,2022-03-18,2021-11-29,2022-04-02,Completed,100.0,15.0,Implementing Agency
SIH26017-PRJ-000450,3,Survey & Measurement,2022-04-04,2022-06-16,,,Stalled,0.0,,District Collectorate
SIH26017-PRJ-000450,4,Draft Declaration,2022-04-04,2022-05-23,,,Stalled,0.0,,Revenue Dept
SIH26017-PRJ-000450,5,Final Declaration (Sec 19),2022-04-04,2022-06-17,,,Stalled,0.0,,District Collectorate
SIH26017-PRJ-000450,6,Award Declaration (Sec 23),2022-04-04,2022-07-01,,,Stalled,0.0,,District Collectorate
SIH26017-PRJ-000450,7,Compensation Disbursement,2022-04-04,2022-09-02,,,Stalled,0.0,,Implementing Agency
SIH26017-PRJ-000450,8,Possession,2022-04-04,2022-06-10,,,Stalled,0.0,,District Collectorate
SIH26017-PRJ-000450,9,Mutation & Handover,2022-04-04,2022-05-30,,,Stalled,0.0,,Revenue Dept
SIH26017-PRJ-000451,1,Preliminary Notification (Sec 11),2018-04-07,2018-06-12,2018-04-07,2018-10-08,Completed,100.0,118.0,District Collectorate
SIH26017-PRJ-000451,2,Social Impact Assessment (SIA),2018-10-10,2019-02-09,2018-10-10,2019-07-14,Completed,100.0,155.0,District Collectorate
SIH26017-PRJ-000451,3,Survey & Measurement,2019-07-17,2019-10-05,2019-07-17,2020-01-08,Completed,100.0,95.0,Implementing Agency
SIH26017-PRJ-000451,4,Draft Declaration,2020-01-12,2020-03-19,2020-01-12,2020-08-12,Completed,100.0,146.0,District Collectorate
SIH26017-PRJ-000451,5,Final Declaration (Sec 19),2020-08-16,2020-11-12,,,Stalled,0.0,,District Collectorate
SIH26017-PRJ-000451,6,Award Declaration (Sec 23),2020-08-16,2020-11-30,,,Stalled,0.0,,District Collectorate
SIH26017-PRJ-000451,7,Compensation Disbursement,2020-08-16,2021-02-07,,,Stalled,0.0,,LA Branch
SIH26017-PRJ-000451,8,Possession,2020-08-16,2020-11-12,,,Stalled,0.0,,District Collectorate
SIH26017-PRJ-000451,9,Mutation & Handover,2020-08-16,2020-10-14,,,Stalled,0.0,,District Collectorate
SIH26017-PRJ-000452,1,Preliminary Notification (Sec 11),2024-09-02,2024-10-29,2024-09-02,2024-11-11,Completed,100.0,13.0,Revenue Dept
SIH26017-PRJ-000452,2,Social Impact Assessment (SIA),2024-11-14,2025-02-22,2024-11-14,2025-03-11,Completed,100.0,17.0,Implementing Agency
SIH26017-PRJ-000452,3,Survey & Measurement,2025-03-14,2025-05-29,2025-03-14,2025-07-20,Completed,100.0,52.0,LA Branch
SIH26017-PRJ-000452,4,Draft Declaration,2025-07-24,2025-09-19,2025-07-24,2025-10-13,Completed,100.0,24.0,District Collectorate
SIH26017-PRJ-000452,5,Final Declaration (Sec 19),2025-10-18,2026-01-02,2025-10-18,2025-11-27,Completed,100.0,-36.0,District Collectorate
SIH26017-PRJ-000452,6,Award Declaration (Sec 23),2025-11-30,2026-02-27,2025-11-30,2026-03-22,Completed,100.0,23.0,Revenue Dept
SIH26017-PRJ-000452,7,Compensation Disbursement,2026-03-27,2026-08-08,2026-03-27,2026-06-27,Completed,100.0,-42.0,LA Branch
SIH26017-PRJ-000452,8,Possession,2026-07-04,2026-09-20,2026-07-04,,In Progress,53.8,,Revenue Dept
SIH26017-PRJ-000452,9,Mutation & Handover,2026-08-29,2026-10-16,,,Not Started,0.0,,District Collectorate
SIH26017-PRJ-000453,1,Preliminary Notification (Sec 11),2016-04-10,2016-05-28,2016-04-10,2016-08-15,Completed,100.0,79.0,District Collectorate
SIH26017-PRJ-000453,2,Social Impact Assessment (SIA),2016-08-17,2016-12-01,2016-08-17,2016-11-23,Completed,100.0,-8.0,Revenue Dept
SIH26017-PRJ-000453,3,Survey & Measurement,2016-11-26,2017-02-09,2016-11-26,2017-02-27,Completed,100.0,18.0,District Collectorate
SIH26017-PRJ-000453,4,Draft Declaration,2017-03-02,2017-04-26,2017-03-02,2017-06-07,Completed,100.0,42.0,LA Branch
SIH26017-PRJ-000453,5,Final Declaration (Sec 19),2017-06-11,2017-08-18,2017-06-11,2017-09-12,Completed,100.0,25.0,District Collectorate
SIH26017-PRJ-000453,6,Award Declaration (Sec 23),2017-09-17,2017-12-24,2017-09-17,2018-03-17,Completed,100.0,83.0,District Collectorate
SIH26017-PRJ-000453,7,Compensation Disbursement,2018-03-22,2018-08-06,2018-03-22,2018-11-29,Completed,100.0,115.0,LA Branch
SIH26017-PRJ-000453,8,Possession,2018-12-06,2019-02-18,2018-12-06,2019-06-28,Completed,100.0,130.0,District Collectorate
SIH26017-PRJ-000453,9,Mutation & Handover,2019-07-02,2019-08-24,2019-07-02,2019-12-23,Completed,100.0,121.0,District Collectorate
SIH26017-PRJ-000454,1,Preliminary Notification (Sec 11),2020-03-09,2020-05-13,2020-03-09,2020-06-04,Completed,100.0,22.0,District Collectorate
SIH26017-PRJ-000454,2,Social Impact Assessment (SIA),2020-06-09,2020-10-05,2020-06-09,2021-02-12,Completed,100.0,130.0,District Collectorate
SIH26017-PRJ-000454,3,Survey & Measurement,2021-02-17,2021-05-13,2021-02-17,2021-08-03,Completed,100.0,82.0,District Collectorate
SIH26017-PRJ-000454,4,Draft Declaration,2021-08-07,2021-10-06,,,Stalled,0.0,,District Collectorate
SIH26017-PRJ-000454,5,Final Declaration (Sec 19),2021-08-07,2021-10-27,,,Stalled,0.0,,Implementing Agency
SIH26017-PRJ-000454,6,Award Declaration (Sec 23),2021-08-07,2021-11-18,,,Stalled,0.0,,LA Branch
SIH26017-PRJ-000454,7,Compensation Disbursement,2021-08-07,2022-01-08,,,Stalled,0.0,,District Collectorate
SIH26017-PRJ-000454,8,Possession,2021-08-07,2021-10-21,,,Stalled,0.0,,Revenue Dept
SIH26017-PRJ-000454,9,Mutation & Handover,2021-08-07,2021-10-03,,,Stalled,0.0,,LA Branch
SIH26017-PRJ-000455,1,Preliminary Notification (Sec 11),2018-11-10,2019-01-09,2018-11-10,2019-01-03,Completed,100.0,-6.0,Revenue Dept
SIH26017-PRJ-000455,2,Social Impact Assessment (SIA),2019-01-06,2019-05-28,2019-01-06,2019-05-11,Completed,100.0,-17.0,District Collectorate
SIH26017-PRJ-000455,3,Survey & Measurement,2019-05-15,2019-08-13,2019-05-15,2020-06-14,Completed,100.0,306.0,LA Branch
SIH26017-PRJ-000455,4,Draft Declaration,2020-06-16,2020-08-16,2020-06-16,2021-05-22,Completed,100.0,279.0,District Collectorate
SIH26017-PRJ-000455,5,Final Declaration (Sec 19),2021-05-23,2021-08-16,2021-05-23,2022-06-17,Completed,100.0,305.0,Revenue Dept
SIH26017-PRJ-000455,6,Award Declaration (Sec 23),2022-06-25,2022-10-20,2022-06-25,2023-07-31,Completed,100.0,284.0,Revenue Dept
SIH26017-PRJ-000455,7,Compensation Disbursement,2023-08-02,2024-02-10,2023-08-02,2025-02-02,Completed,100.0,358.0,LA Branch
SIH26017-PRJ-000455,8,Possession,2025-02-05,2025-04-25,2025-02-05,2025-05-23,Completed,100.0,28.0,Revenue Dept
SIH26017-PRJ-000455,9,Mutation & Handover,2025-05-25,2025-08-07,2025-05-25,2025-10-10,Completed,100.0,64.0,District Collectorate
SIH26017-PRJ-000456,1,Preliminary Notification (Sec 11),2017-03-30,2017-05-23,2017-03-30,2017-04-27,Completed,100.0,-26.0,District Collectorate
SIH26017-PRJ-000456,2,Social Impact Assessment (SIA),2017-05-01,2017-08-09,2017-05-01,2017-10-25,Completed,100.0,77.0,Revenue Dept
SIH26017-PRJ-000456,3,Survey & Measurement,2017-10-30,2018-01-03,2017-10-30,2018-01-19,Completed,100.0,16.0,District Collectorate
SIH26017-PRJ-000456,4,Draft Declaration,2018-01-20,2018-03-08,2018-01-20,2018-04-23,Completed,100.0,46.0,Implementing Agency
SIH26017-PRJ-000456,5,Final Declaration (Sec 19),2018-04-25,2018-06-29,2018-04-25,2018-07-28,Completed,100.0,29.0,Revenue Dept
SIH26017-PRJ-000456,6,Award Declaration (Sec 23),2018-08-03,2018-11-08,2018-08-03,2019-02-28,Completed,100.0,112.0,Implementing Agency
SIH26017-PRJ-000456,7,Compensation Disbursement,2019-03-04,2019-08-04,2019-03-04,2019-12-18,Completed,100.0,136.0,Revenue Dept
SIH26017-PRJ-000456,8,Possession,2019-12-22,2020-03-05,2019-12-22,2020-04-09,Completed,100.0,35.0,LA Branch
SIH26017-PRJ-000456,9,Mutation & Handover,2020-04-10,2020-05-29,2020-04-10,2020-06-27,Completed,100.0,29.0,Revenue Dept
SIH26017-PRJ-000457,1,Preliminary Notification (Sec 11),2021-01-19,2021-03-19,2021-01-19,2021-05-20,Completed,100.0,62.0,Revenue Dept
SIH26017-PRJ-000457,2,Social Impact Assessment (SIA),2021-05-24,2021-09-15,2021-05-24,2022-04-08,Completed,100.0,205.0,District Collectorate
SIH26017-PRJ-000457,3,Survey & Measurement,2022-04-13,2022-07-08,2022-04-13,2023-05-02,Completed,100.0,298.0,District Collectorate
SIH26017-PRJ-000457,4,Draft Declaration,2023-05-05,2023-07-07,2023-05-05,2024-06-04,Completed,100.0,333.0,LA Branch
SIH26017-PRJ-000457,5,Final Declaration (Sec 19),2024-06-08,2024-08-20,2024-06-08,2024-12-30,Completed,100.0,132.0,LA Branch
SIH26017-PRJ-000457,6,Award Declaration (Sec 23),2025-01-04,2025-04-05,2025-01-04,2025-10-13,Completed,100.0,191.0,District Collectorate
SIH26017-PRJ-000457,7,Compensation Disbursement,2025-10-15,2026-03-25,,,Stalled,0.0,,LA Branch
SIH26017-PRJ-000457,8,Possession,2025-10-15,2026-01-03,,,Stalled,0.0,,LA Branch
SIH26017-PRJ-000457,9,Mutation & Handover,2025-10-15,2025-12-05,,,Stalled,0.0,,LA Branch
SIH26017-PRJ-000458,1,Preliminary Notification (Sec 11),2015-10-05,2015-11-21,2015-10-05,2016-01-26,Completed,100.0,66.0,District Collectorate
SIH26017-PRJ-000458,2,Social Impact Assessment (SIA),2016-01-28,2016-06-01,2016-01-28,2016-11-11,Completed,100.0,163.0,LA Branch
SIH26017-PRJ-000458,3,Survey & Measurement,2016-11-17,2017-01-24,2016-11-17,2017-08-06,Completed,100.0,194.0,LA Branch
SIH26017-PRJ-000458,4,Draft Declaration,2017-08-10,2017-09-27,2017-08-10,2018-02-15,Completed,100.0,141.0,District Collectorate
SIH26017-PRJ-000458,5,Final Declaration (Sec 19),2018-02-20,2018-05-06,2018-02-20,2019-05-15,Completed,100.0,374.0,LA Branch
SIH26017-PRJ-000458,6,Award Declaration (Sec 23),2019-05-16,2019-08-15,2019-05-16,2020-11-11,Completed,100.0,454.0,LA Branch
SIH26017-PRJ-000458,7,Compensation Disbursement,2020-11-17,2021-03-27,2020-11-17,2023-09-21,Completed,100.0,908.0,Revenue Dept
SIH26017-PRJ-000458,8,Possession,2023-09-26,2023-12-05,2023-09-26,2024-11-04,Completed,100.0,335.0,Implementing Agency
SIH26017-PRJ-000458,9,Mutation & Handover,2024-11-05,2024-12-27,2024-11-05,2025-08-17,Completed,100.0,233.0,District Collectorate
SIH26017-PRJ-000459,1,Preliminary Notification (Sec 11),2024-05-22,2024-07-22,2024-05-22,2024-07-10,Completed,100.0,-12.0,Implementing Agency
SIH26017-PRJ-000459,2,Social Impact Assessment (SIA),2024-07-13,2024-11-04,2024-07-13,2024-10-29,Completed,100.0,-6.0,Revenue Dept
SIH26017-PRJ-000459,3,Survey & Measurement,2024-11-03,2025-01-26,2024-11-03,2025-04-20,Completed,100.0,84.0,District Collectorate
SIH26017-PRJ-000459,4,Draft Declaration,2025-04-30,2025-07-03,2025-04-30,2025-09-01,Completed,100.0,60.0,Revenue Dept
SIH26017-PRJ-000459,5,Final Declaration (Sec 19),2025-09-06,2025-11-16,2025-09-06,2025-10-30,Completed,100.0,-17.0,LA Branch
SIH26017-PRJ-000459,6,Award Declaration (Sec 23),2025-11-02,2026-02-23,2025-11-02,2026-02-22,Completed,100.0,-1.0,Implementing Agency
SIH26017-PRJ-000459,7,Compensation Disbursement,2026-02-27,2026-08-14,2026-02-27,,In Progress,100.0,,District Collectorate
SIH26017-PRJ-000459,8,Possession,2026-12-03,2027-03-08,,,Not Started,0.0,,District Collectorate
SIH26017-PRJ-000459,9,Mutation & Handover,2027-09-14,2027-11-26,,,Not Started,0.0,,District Collectorate
SIH26017-PRJ-000460,1,Preliminary Notification (Sec 11),2016-07-28,2016-09-18,2016-07-28,2016-09-05,Completed,100.0,-13.0,District Collectorate
SIH26017-PRJ-000460,2,Social Impact Assessment (SIA),2016-09-06,2016-12-31,2016-09-06,2016-12-25,Completed,100.0,-6.0,Revenue Dept
SIH26017-PRJ-000460,3,Survey & Measurement,2016-12-31,2017-03-21,2016-12-31,2017-06-04,Completed,100.0,75.0,LA Branch
SIH26017-PRJ-000460,4,Draft Declaration,2017-06-07,2017-07-30,2017-06-07,2017-09-22,Completed,100.0,54.0,District Collectorate
SIH26017-PRJ-000460,5,Final Declaration (Sec 19),2017-09-28,2017-11-29,2017-09-28,2017-12-31,Completed,100.0,32.0,Revenue Dept
SIH26017-PRJ-000460,6,Award Declaration (Sec 23),2018-01-02,2018-04-02,2018-01-02,2018-05-26,Completed,100.0,54.0,LA Branch
SIH26017-PRJ-000460,7,Compensation Disbursement,2018-05-29,2018-11-02,2018-05-29,2019-01-17,Completed,100.0,76.0,LA Branch
SIH26017-PRJ-000460,8,Possession,2019-01-21,2019-04-06,2019-01-21,2019-04-15,Completed,100.0,9.0,District Collectorate
SIH26017-PRJ-000460,9,Mutation & Handover,2019-04-23,2019-06-17,2019-04-23,2019-05-31,Completed,100.0,-17.0,Implementing Agency
SIH26017-PRJ-000461,1,Preliminary Notification (Sec 11),2022-11-14,2023-01-13,2022-11-14,2023-02-24,Completed,100.0,42.0,Implementing Agency
SIH26017-PRJ-000461,2,Social Impact Assessment (SIA),2023-03-01,2023-07-07,2023-03-01,2024-06-19,Completed,100.0,348.0,LA Branch
SIH26017-PRJ-000461,3,Survey & Measurement,2024-06-21,2024-09-04,2024-06-21,2025-07-26,Completed,100.0,325.0,District Collectorate
SIH26017-PRJ-000461,4,Draft Declaration,2025-07-29,2025-09-21,2025-07-29,,In Progress,100.0,,Revenue Dept
SIH26017-PRJ-000461,5,Final Declaration (Sec 19),2026-10-07,2026-12-14,,,Not Started,0.0,,LA Branch
SIH26017-PRJ-000461,6,Award Declaration (Sec 23),2027-07-21,2027-10-31,,,Not Started,0.0,,District Collectorate
SIH26017-PRJ-000461,7,Compensation Disbursement,2028-06-08,2028-10-30,,,Not Started,0.0,,District Collectorate
SIH26017-PRJ-000461,8,Possession,2029-11-17,2030-01-30,,,Not Started,0.0,,District Collectorate
SIH26017-PRJ-000461,9,Mutation & Handover,2030-04-29,2030-06-27,,,Not Started,0.0,,District Collectorate
SIH26017-PRJ-000462,1,Preliminary Notification (Sec 11),2023-01-16,2023-03-20,2023-01-16,2023-04-19,Completed,100.0,30.0,LA Branch
SIH26017-PRJ-000462,2,Social Impact Assessment (SIA),2023-04-22,2023-09-01,2023-04-22,2024-03-17,Completed,100.0,198.0,LA Branch
SIH26017-PRJ-000462,3,Survey & Measurement,2024-03-18,2024-06-04,2024-03-18,2024-09-24,Completed,100.0,112.0,Revenue Dept
SIH26017-PRJ-000462,4,Draft Declaration,2024-09-26,2024-12-01,2024-09-26,2025-05-22,Completed,100.0,172.0,District Collectorate
SIH26017-PRJ-000462,5,Final Declaration (Sec 19),2025-05-25,2025-08-18,2025-05-25,2026-06-10,Completed,100.0,296.0,Revenue Dept
SIH26017-PRJ-000462,6,Award Declaration (Sec 23),2026-06-14,2026-09-25,,,Stalled,0.0,,LA Branch
SIH26017-PRJ-000462,7,Compensation Disbursement,2026-06-14,2026-12-05,,,Stalled,0.0,,LA Branch
SIH26017-PRJ-000462,8,Possession,2026-06-14,2026-09-21,,,Stalled,0.0,,LA Branch
SIH26017-PRJ-000462,9,Mutation & Handover,2026-06-14,2026-08-19,,,Stalled,0.0,,Revenue Dept
SIH26017-PRJ-000463,1,Preliminary Notification (Sec 11),2023-02-26,2023-04-20,2023-02-26,2023-04-25,Completed,100.0,5.0,LA Branch
SIH26017-PRJ-000463,2,Social Impact Assessment (SIA),2023-04-30,2023-08-09,2023-04-30,2023-07-17,Completed,100.0,-23.0,Revenue Dept
SIH26017-PRJ-000463,3,Survey & Measurement,2023-07-24,2023-09-23,2023-07-24,2023-10-05,Completed,100.0,12.0,District Collectorate
SIH26017-PRJ-000463,4,Draft Declaration,2023-10-07,2023-11-25,2023-10-07,2023-11-02,Completed,100.0,-23.0,Implementing Agency
SIH26017-PRJ-000463,5,Final Declaration (Sec 19),2023-11-08,2024-01-24,2023-11-08,2024-01-20,Completed,100.0,-4.0,LA Branch
SIH26017-PRJ-000463,6,Award Declaration (Sec 23),2024-01-23,2024-04-16,2024-01-23,2024-04-16,Completed,100.0,0.0,LA Branch
SIH26017-PRJ-000463,7,Compensation Disbursement,2024-04-19,2024-09-21,2024-04-19,2024-07-06,Completed,100.0,-77.0,District Collectorate
SIH26017-PRJ-000463,8,Possession,2024-07-10,2024-09-25,2024-07-10,2024-09-12,Completed,100.0,-13.0,Revenue Dept
SIH26017-PRJ-000463,9,Mutation & Handover,2024-09-17,2024-11-10,2024-09-17,2024-11-17,Completed,100.0,7.0,Revenue Dept
SIH26017-PRJ-000464,1,Preliminary Notification (Sec 11),2017-12-21,2018-02-03,2017-12-21,2018-03-17,Completed,100.0,42.0,Revenue Dept
SIH26017-PRJ-000464,2,Social Impact Assessment (SIA),2018-03-23,2018-07-11,2018-03-23,2018-08-16,Completed,100.0,36.0,Revenue Dept
SIH26017-PRJ-000464,3,Survey & Measurement,2018-08-20,2018-10-29,2018-08-20,2019-01-26,Completed,100.0,89.0,Revenue Dept
SIH26017-PRJ-000464,4,Draft Declaration,2019-01-31,2019-03-26,2019-01-31,2019-05-05,Completed,100.0,40.0,District Collectorate
SIH26017-PRJ-000464,5,Final Declaration (Sec 19),2019-05-12,2019-07-19,2019-05-12,2019-08-11,Completed,100.0,23.0,Revenue Dept
SIH26017-PRJ-000464,6,Award Declaration (Sec 23),2019-08-17,2019-11-13,2019-08-17,2019-12-18,Completed,100.0,35.0,LA Branch
SIH26017-PRJ-000464,7,Compensation Disbursement,2019-12-24,2020-05-06,2019-12-24,2020-07-11,Completed,100.0,66.0,District Collectorate
SIH26017-PRJ-000464,8,Possession,2020-07-16,2020-09-21,2020-07-16,2020-10-31,Completed,100.0,40.0,LA Branch
SIH26017-PRJ-000464,9,Mutation & Handover,2020-11-05,2020-12-28,2020-11-05,2020-12-27,Completed,100.0,-1.0,District Collectorate
SIH26017-PRJ-000465,1,Preliminary Notification (Sec 11),2018-12-18,2019-02-25,2018-12-18,2019-04-16,Completed,100.0,50.0,District Collectorate
SIH26017-PRJ-000465,2,Social Impact Assessment (SIA),2019-04-21,2019-08-27,2019-04-21,2020-03-20,Completed,100.0,206.0,LA Branch
SIH26017-PRJ-000465,3,Survey & Measurement,2020-03-25,2020-06-19,,,Stalled,0.0,,Revenue Dept
SIH26017-PRJ-000465,4,Draft Declaration,2020-03-25,2020-05-22,,,Stalled,0.0,,LA Branch
SIH26017-PRJ-000465,5,Final Declaration (Sec 19),2020-03-25,2020-06-14,,,Stalled,0.0,,District Collectorate
SIH26017-PRJ-000465,6,Award Declaration (Sec 23),2020-03-25,2020-07-07,,,Stalled,0.0,,District Collectorate
SIH26017-PRJ-000465,7,Compensation Disbursement,2020-03-25,2020-09-12,,,Stalled,0.0,,LA Branch
SIH26017-PRJ-000465,8,Possession,2020-03-25,2020-06-06,,,Stalled,0.0,,Implementing Agency
SIH26017-PRJ-000465,9,Mutation & Handover,2020-03-25,2020-05-31,,,Stalled,0.0,,District Collectorate
SIH26017-PRJ-000466,1,Preliminary Notification (Sec 11),2021-12-31,2022-02-19,2021-12-31,2022-02-26,Completed,100.0,7.0,Revenue Dept
SIH26017-PRJ-000466,2,Social Impact Assessment (SIA),2022-03-05,2022-07-07,2022-03-05,2022-09-01,Completed,100.0,56.0,District Collectorate
SIH26017-PRJ-000466,3,Survey & Measurement,2022-09-02,2022-11-09,2022-09-02,2022-11-11,Completed,100.0,2.0,District Collectorate
SIH26017-PRJ-000466,4,Draft Declaration,2022-11-16,2023-01-06,2022-11-16,2023-02-05,Completed,100.0,30.0,Revenue Dept
SIH26017-PRJ-000466,5,Final Declaration (Sec 19),2023-02-11,2023-04-24,2023-02-11,2023-04-22,Completed,100.0,-2.0,Revenue Dept
SIH26017-PRJ-000466,6,Award Declaration (Sec 23),2023-04-24,2023-07-29,2023-04-24,2024-02-15,Completed,100.0,201.0,District Collectorate
SIH26017-PRJ-000466,7,Compensation Disbursement,2024-02-21,2024-07-15,2024-02-21,2025-10-01,Completed,100.0,443.0,District Collectorate
SIH26017-PRJ-000466,8,Possession,2025-10-04,2025-12-08,2025-10-04,2026-03-28,Completed,100.0,110.0,LA Branch
SIH26017-PRJ-000466,9,Mutation & Handover,2026-03-30,2026-05-17,2026-03-30,2026-08-06,Completed,100.0,81.0,District Collectorate
SIH26017-PRJ-000467,1,Preliminary Notification (Sec 11),2021-07-15,2021-09-16,2021-07-15,2021-08-31,Completed,100.0,-16.0,Implementing Agency
SIH26017-PRJ-000467,2,Social Impact Assessment (SIA),2021-09-06,2022-01-30,2021-09-06,2022-09-24,Completed,100.0,237.0,Implementing Agency
SIH26017-PRJ-000467,3,Survey & Measurement,2022-09-29,2022-12-19,2022-09-29,2023-03-28,Completed,100.0,99.0,District Collectorate
SIH26017-PRJ-000467,4,Draft Declaration,2023-04-03,2023-06-04,2023-04-03,2023-12-06,Completed,100.0,185.0,Revenue Dept
SIH26017-PRJ-000467,5,Final Declaration (Sec 19),2023-12-08,2024-03-17,,,Stalled,0.0,,Revenue Dept
SIH26017-PRJ-000467,6,Award Declaration (Sec 23),2023-12-08,2024-03-27,,,Stalled,0.0,,Revenue Dept
SIH26017-PRJ-000467,7,Compensation Disbursement,2023-12-08,2024-06-12,,,Stalled,0.0,,District Collectorate
SIH26017-PRJ-000467,8,Possession,2023-12-08,2024-03-12,,,Stalled,0.0,,Revenue Dept
SIH26017-PRJ-000467,9,Mutation & Handover,2023-12-08,2024-02-09,,,Stalled,0.0,,LA Branch
SIH26017-PRJ-000468,1,Preliminary Notification (Sec 11),2019-04-08,2019-06-03,2019-04-08,2019-08-22,Completed,100.0,80.0,LA Branch
SIH26017-PRJ-000468,2,Social Impact Assessment (SIA),2019-08-26,2019-12-18,2019-08-26,2020-06-11,Completed,100.0,176.0,District Collectorate
SIH26017-PRJ-000468,3,Survey & Measurement,2020-06-13,2020-08-29,2020-06-13,2021-02-04,Completed,100.0,159.0,District Collectorate
SIH26017-PRJ-000468,4,Draft Declaration,2021-02-09,2021-04-02,2021-02-09,2021-12-26,Completed,100.0,268.0,Revenue Dept
SIH26017-PRJ-000468,5,Final Declaration (Sec 19),2022-01-01,2022-03-03,2022-01-01,2022-10-10,Completed,100.0,221.0,District Collectorate
SIH26017-PRJ-000468,6,Award Declaration (Sec 23),2022-10-16,2023-01-09,2022-10-16,2024-04-27,Completed,100.0,474.0,District Collectorate
SIH26017-PRJ-000468,7,Compensation Disbursement,2024-05-01,2024-09-13,2024-05-01,2025-02-14,Completed,100.0,154.0,Revenue Dept
SIH26017-PRJ-000468,8,Possession,2025-02-18,2025-04-28,2025-02-18,2025-07-27,Completed,100.0,90.0,Revenue Dept
SIH26017-PRJ-000468,9,Mutation & Handover,2025-07-31,2025-09-20,2025-07-31,2025-10-26,Completed,100.0,36.0,Revenue Dept
SIH26017-PRJ-000469,1,Preliminary Notification (Sec 11),2023-08-18,2023-10-07,2023-08-18,2023-10-21,Completed,100.0,14.0,District Collectorate
SIH26017-PRJ-000469,2,Social Impact Assessment (SIA),2023-10-22,2024-02-15,2023-10-22,2024-02-25,Completed,100.0,10.0,Implementing Agency
SIH26017-PRJ-000469,3,Survey & Measurement,2024-02-29,2024-05-18,2024-02-29,2024-06-10,Completed,100.0,23.0,District Collectorate
SIH26017-PRJ-000469,4,Draft Declaration,2024-06-15,2024-08-04,2024-06-15,2024-07-26,Completed,100.0,-9.0,Implementing Agency
SIH26017-PRJ-000469,5,Final Declaration (Sec 19),2024-07-29,2024-10-15,2024-07-29,2024-10-21,Completed,100.0,6.0,District Collectorate
SIH26017-PRJ-000469,6,Award Declaration (Sec 23),2024-10-23,2025-01-18,2024-10-23,2025-02-10,Completed,100.0,23.0,LA Branch
SIH26017-PRJ-000469,7,Compensation Disbursement,2025-02-13,2025-06-30,2025-02-13,2025-11-03,Completed,100.0,126.0,LA Branch
SIH26017-PRJ-000469,8,Possession,2025-11-05,2026-01-20,2025-11-05,,In Progress,100.0,,District Collectorate
SIH26017-PRJ-000469,9,Mutation & Handover,2026-09-21,2026-11-19,,,Not Started,0.0,,District Collectorate
SIH26017-PRJ-000470,1,Preliminary Notification (Sec 11),2018-12-04,2019-02-14,2018-12-04,2019-04-02,Completed,100.0,47.0,Implementing Agency
SIH26017-PRJ-000470,2,Social Impact Assessment (SIA),2019-04-06,2019-08-16,2019-04-06,2020-10-08,Completed,100.0,419.0,District Collectorate
SIH26017-PRJ-000470,3,Survey & Measurement,2020-10-11,2021-01-10,2020-10-11,2021-06-25,Completed,100.0,166.0,District Collectorate
SIH26017-PRJ-000470,4,Draft Declaration,2021-07-03,2021-09-04,2021-07-03,2021-09-23,Completed,100.0,19.0,Revenue Dept
SIH26017-PRJ-000470,5,Final Declaration (Sec 19),2021-09-28,2021-12-26,2021-09-28,2022-04-10,Completed,100.0,105.0,District Collectorate
SIH26017-PRJ-000470,6,Award Declaration (Sec 23),2022-04-17,2022-07-31,,,Stalled,0.0,,Revenue Dept
SIH26017-PRJ-000470,7,Compensation Disbursement,2022-04-17,2022-09-16,,,Stalled,0.0,,LA Branch
SIH26017-PRJ-000470,8,Possession,2022-04-17,2022-07-09,,,Stalled,0.0,,District Collectorate
SIH26017-PRJ-000470,9,Mutation & Handover,2022-04-17,2022-06-18,,,Stalled,0.0,,District Collectorate
SIH26017-PRJ-000471,1,Preliminary Notification (Sec 11),2024-06-28,2024-08-18,2024-06-28,2024-08-20,Completed,100.0,2.0,Implementing Agency
SIH26017-PRJ-000471,2,Social Impact Assessment (SIA),2024-08-23,2024-12-21,2024-08-23,2026-02-11,Completed,100.0,417.0,LA Branch
SIH26017-PRJ-000471,3,Survey & Measurement,2026-02-14,2026-04-22,,,Stalled,0.0,,District Collectorate
SIH26017-PRJ-000471,4,Draft Declaration,2026-02-14,2026-04-06,,,Stalled,0.0,,Revenue Dept
SIH26017-PRJ-000471,5,Final Declaration (Sec 19),2026-02-14,2026-04-19,,,Stalled,0.0,,District Collectorate
SIH26017-PRJ-000471,6,Award Declaration (Sec 23),2026-02-14,2026-05-11,,,Stalled,0.0,,LA Branch
SIH26017-PRJ-000471,7,Compensation Disbursement,2026-02-14,2026-06-16,,,Stalled,0.0,,Revenue Dept
SIH26017-PRJ-000471,8,Possession,2026-02-14,2026-04-26,,,Stalled,0.0,,Implementing Agency
SIH26017-PRJ-000471,9,Mutation & Handover,2026-02-14,2026-04-08,,,Stalled,0.0,,Revenue Dept
SIH26017-PRJ-000472,1,Preliminary Notification (Sec 11),2024-01-21,2024-03-23,2024-01-21,2024-03-17,Completed,100.0,-6.0,LA Branch
SIH26017-PRJ-000472,2,Social Impact Assessment (SIA),2024-03-19,2024-07-21,2024-03-19,2024-05-20,Completed,100.0,-62.0,District Collectorate
SIH26017-PRJ-000472,3,Survey & Measurement,2024-05-21,2024-08-09,2024-05-21,2024-07-28,Completed,100.0,-12.0,District Collectorate
SIH26017-PRJ-000472,4,Draft Declaration,2024-08-03,2024-09-29,2024-08-03,2024-09-29,Completed,100.0,0.0,LA Branch
SIH26017-PRJ-000472,5,Final Declaration (Sec 19),2024-10-03,2024-12-13,2024-10-03,2024-12-03,Completed,100.0,-10.0,Implementing Agency
SIH26017-PRJ-000472,6,Award Declaration (Sec 23),2024-12-09,2025-03-14,2024-12-09,2025-03-07,Completed,100.0,-7.0,District Collectorate
SIH26017-PRJ-000472,7,Compensation Disbursement,2025-03-13,2025-09-02,2025-03-13,2025-11-02,Completed,100.0,61.0,Implementing Agency
SIH26017-PRJ-000472,8,Possession,2025-11-08,2026-01-30,2025-11-08,2026-02-18,Completed,100.0,19.0,District Collectorate
SIH26017-PRJ-000472,9,Mutation & Handover,2026-02-25,2026-04-26,2026-02-25,2026-04-13,Completed,100.0,-13.0,District Collectorate
SIH26017-PRJ-000473,1,Preliminary Notification (Sec 11),2020-05-29,2020-07-21,2020-05-29,2020-07-03,Completed,100.0,-18.0,District Collectorate
SIH26017-PRJ-000473,2,Social Impact Assessment (SIA),2020-07-04,2020-10-15,2020-07-04,2020-08-25,Completed,100.0,-51.0,LA Branch
SIH26017-PRJ-000473,3,Survey & Measurement,2020-09-03,2020-11-14,2020-09-03,2020-10-29,Completed,100.0,-16.0,District Collectorate
SIH26017-PRJ-000473,4,Draft Declaration,2020-10-31,2020-12-21,2020-10-31,2020-11-26,Completed,100.0,-25.0,District Collectorate
SIH26017-PRJ-000473,5,Final Declaration (Sec 19),2020-12-04,2021-02-11,2020-12-04,2021-01-30,Completed,100.0,-12.0,Revenue Dept
SIH26017-PRJ-000473,6,Award Declaration (Sec 23),2021-01-31,2021-04-21,2021-01-31,2021-03-26,Completed,100.0,-26.0,Implementing Agency
SIH26017-PRJ-000473,7,Compensation Disbursement,2021-03-30,2021-08-16,2021-03-30,2021-06-13,Completed,100.0,-64.0,District Collectorate
SIH26017-PRJ-000473,8,Possession,2021-06-17,2021-08-22,2021-06-17,2021-07-27,Completed,100.0,-26.0,Implementing Agency
SIH26017-PRJ-000473,9,Mutation & Handover,2021-07-29,2021-09-21,2021-07-29,2021-10-02,Completed,100.0,11.0,Revenue Dept
SIH26017-PRJ-000474,1,Preliminary Notification (Sec 11),2016-04-21,2016-06-18,2016-04-21,2016-05-24,Completed,100.0,-25.0,Revenue Dept
SIH26017-PRJ-000474,2,Social Impact Assessment (SIA),2016-05-28,2016-09-18,2016-05-28,2016-07-31,Completed,100.0,-49.0,LA Branch
SIH26017-PRJ-000474,3,Survey & Measurement,2016-08-04,2016-10-14,2016-08-04,2016-09-08,Completed,100.0,-36.0,District Collectorate
SIH26017-PRJ-000474,4,Draft Declaration,2016-09-13,2016-10-31,2016-09-13,2016-11-11,Completed,100.0,11.0,Revenue Dept
SIH26017-PRJ-000474,5,Final Declaration (Sec 19),2016-11-14,2017-01-17,2016-11-14,2017-01-01,Completed,100.0,-16.0,Revenue Dept
SIH26017-PRJ-000474,6,Award Declaration (Sec 23),2017-01-05,2017-04-04,2017-01-05,2017-06-16,Completed,100.0,73.0,LA Branch
SIH26017-PRJ-000474,7,Compensation Disbursement,2017-06-19,2017-11-18,2017-06-19,2017-12-08,Completed,100.0,20.0,Implementing Agency
SIH26017-PRJ-000474,8,Possession,2017-12-13,2018-02-23,2017-12-13,2018-02-04,Completed,100.0,-19.0,District Collectorate
SIH26017-PRJ-000474,9,Mutation & Handover,2018-02-07,2018-03-29,2018-02-07,2018-04-28,Completed,100.0,30.0,LA Branch
SIH26017-PRJ-000475,1,Preliminary Notification (Sec 11),2018-05-02,2018-06-26,2018-05-02,2018-07-15,Completed,100.0,19.0,Revenue Dept
SIH26017-PRJ-000475,2,Social Impact Assessment (SIA),2018-07-21,2018-11-15,2018-07-21,2019-01-10,Completed,100.0,56.0,District Collectorate
SIH26017-PRJ-000475,3,Survey & Measurement,2019-01-13,2019-03-31,2019-01-13,2019-05-04,Completed,100.0,34.0,Implementing Agency
SIH26017-PRJ-000475,4,Draft Declaration,2019-05-09,2019-06-28,2019-05-09,2019-09-28,Completed,100.0,92.0,LA Branch
SIH26017-PRJ-000475,5,Final Declaration (Sec 19),2019-10-02,2019-12-09,2019-10-02,2020-03-18,Completed,100.0,100.0,District Collectorate
SIH26017-PRJ-000475,6,Award Declaration (Sec 23),2020-03-24,2020-06-29,2020-03-24,2020-09-23,Completed,100.0,86.0,Revenue Dept
SIH26017-PRJ-000475,7,Compensation Disbursement,2020-09-25,2021-03-24,2020-09-25,2021-03-17,Completed,100.0,-7.0,LA Branch
SIH26017-PRJ-000475,8,Possession,2021-03-23,2021-06-11,2021-03-23,2021-05-28,Completed,100.0,-14.0,Implementing Agency
SIH26017-PRJ-000475,9,Mutation & Handover,2021-06-02,2021-07-23,2021-06-02,2021-09-11,Completed,100.0,50.0,Implementing Agency
SIH26017-PRJ-000476,1,Preliminary Notification (Sec 11),2020-01-15,2020-03-03,2020-01-15,2020-04-14,Completed,100.0,42.0,District Collectorate
SIH26017-PRJ-000476,2,Social Impact Assessment (SIA),2020-04-16,2020-08-08,2020-04-16,2020-09-11,Completed,100.0,34.0,Implementing Agency
SIH26017-PRJ-000476,3,Survey & Measurement,2020-09-14,2020-11-27,2020-09-14,2021-05-28,Completed,100.0,182.0,Revenue Dept
SIH26017-PRJ-000476,4,Draft Declaration,2021-05-30,2021-07-26,2021-05-30,2021-08-23,Completed,100.0,28.0,District Collectorate
SIH26017-PRJ-000476,5,Final Declaration (Sec 19),2021-08-25,2021-11-11,2021-08-25,2021-12-10,Completed,100.0,29.0,LA Branch
SIH26017-PRJ-000476,6,Award Declaration (Sec 23),2021-12-14,2022-03-24,2021-12-14,2022-11-01,Completed,100.0,222.0,District Collectorate
SIH26017-PRJ-000476,7,Compensation Disbursement,2022-11-07,2023-04-13,2022-11-07,2024-02-12,Completed,100.0,305.0,Revenue Dept
SIH26017-PRJ-000476,8,Possession,2024-02-13,2024-05-06,2024-02-13,2024-11-12,Completed,100.0,190.0,LA Branch
SIH26017-PRJ-000476,9,Mutation & Handover,2024-11-18,2025-01-21,2024-11-18,2025-09-25,Completed,100.0,247.0,District Collectorate
SIH26017-PRJ-000477,1,Preliminary Notification (Sec 11),2017-03-23,2017-05-12,2017-03-23,2017-05-22,Completed,100.0,10.0,District Collectorate
SIH26017-PRJ-000477,2,Social Impact Assessment (SIA),2017-05-26,2017-09-17,2017-05-26,2017-12-27,Completed,100.0,101.0,District Collectorate
SIH26017-PRJ-000477,3,Survey & Measurement,2017-12-28,2018-03-03,2017-12-28,2018-03-28,Completed,100.0,25.0,Implementing Agency
SIH26017-PRJ-000477,4,Draft Declaration,2018-04-01,2018-05-27,2018-04-01,2018-06-07,Completed,100.0,11.0,Revenue Dept
SIH26017-PRJ-000477,5,Final Declaration (Sec 19),2018-06-11,2018-08-09,2018-06-11,2018-09-11,Completed,100.0,33.0,Revenue Dept
SIH26017-PRJ-000477,6,Award Declaration (Sec 23),2018-09-15,2018-12-09,2018-09-15,2019-01-23,Completed,100.0,45.0,District Collectorate
SIH26017-PRJ-000477,7,Compensation Disbursement,2019-01-29,2019-05-31,2019-01-29,2019-08-23,Completed,100.0,84.0,District Collectorate
SIH26017-PRJ-000477,8,Possession,2019-08-28,2019-11-15,2019-08-28,2019-11-16,Completed,100.0,1.0,Revenue Dept
SIH26017-PRJ-000477,9,Mutation & Handover,2019-11-19,2020-01-03,2019-11-19,2020-02-18,Completed,100.0,46.0,Revenue Dept
SIH26017-PRJ-000478,1,Preliminary Notification (Sec 11),2015-09-01,2015-10-29,2015-09-01,2015-10-26,Completed,100.0,-3.0,LA Branch
SIH26017-PRJ-000478,2,Social Impact Assessment (SIA),2015-10-31,2016-03-14,2015-10-31,2016-06-03,Completed,100.0,81.0,LA Branch
SIH26017-PRJ-000478,3,Survey & Measurement,2016-06-07,2016-08-26,2016-06-07,2017-01-27,Completed,100.0,154.0,Implementing Agency
SIH26017-PRJ-000478,4,Draft Declaration,2017-01-31,2017-04-07,,,Stalled,0.0,,Implementing Agency
SIH26017-PRJ-000478,5,Final Declaration (Sec 19),2017-01-31,2017-04-16,,,Stalled,0.0,,Revenue Dept
SIH26017-PRJ-000478,6,Award Declaration (Sec 23),2017-01-31,2017-05-10,,,Stalled,0.0,,LA Branch
SIH26017-PRJ-000478,7,Compensation Disbursement,2017-01-31,2017-07-31,,,Stalled,0.0,,District Collectorate
SIH26017-PRJ-000478,8,Possession,2017-01-31,2017-04-25,,,Stalled,0.0,,District Collectorate
SIH26017-PRJ-000478,9,Mutation & Handover,2017-01-31,2017-03-29,,,Stalled,0.0,,District Collectorate
SIH26017-PRJ-000479,1,Preliminary Notification (Sec 11),2024-01-03,2024-02-27,2024-01-03,2024-04-07,Completed,100.0,40.0,Revenue Dept
SIH26017-PRJ-000479,2,Social Impact Assessment (SIA),2024-04-12,2024-07-16,2024-04-12,2024-10-07,Completed,100.0,83.0,Revenue Dept
SIH26017-PRJ-000479,3,Survey & Measurement,2024-10-08,2024-12-13,2024-10-08,2025-01-01,Completed,100.0,19.0,LA Branch
SIH26017-PRJ-000479,4,Draft Declaration,2025-01-05,2025-02-27,2025-01-05,2025-03-03,Completed,100.0,4.0,LA Branch
SIH26017-PRJ-000479,5,Final Declaration (Sec 19),2025-03-10,2025-05-22,2025-03-10,2025-06-20,Completed,100.0,29.0,District Collectorate
SIH26017-PRJ-000479,6,Award Declaration (Sec 23),2025-06-22,2025-09-15,2025-06-22,2025-09-22,Completed,100.0,7.0,Revenue Dept
SIH26017-PRJ-000479,7,Compensation Disbursement,2025-09-25,2026-02-20,2025-09-25,2026-07-21,Completed,100.0,151.0,LA Branch
SIH26017-PRJ-000479,8,Possession,2026-07-24,2026-10-04,2026-07-24,,In Progress,30.6,,Implementing Agency
SIH26017-PRJ-000479,9,Mutation & Handover,2027-01-15,2027-03-05,,,Not Started,0.0,,LA Branch
SIH26017-PRJ-000480,1,Preliminary Notification (Sec 11),2016-03-01,2016-04-22,2016-03-01,2016-03-27,Completed,100.0,-26.0,LA Branch
SIH26017-PRJ-000480,2,Social Impact Assessment (SIA),2016-03-30,2016-07-21,2016-03-30,2017-02-14,Completed,100.0,208.0,Implementing Agency
SIH26017-PRJ-000480,3,Survey & Measurement,2017-02-18,2017-04-23,2017-02-18,2017-06-22,Completed,100.0,60.0,LA Branch
SIH26017-PRJ-000480,4,Draft Declaration,2017-06-23,2017-08-11,2017-06-23,2017-08-13,Completed,100.0,2.0,District Collectorate
SIH26017-PRJ-000480,5,Final Declaration (Sec 19),2017-08-19,2017-11-01,2017-08-19,2018-01-25,Completed,100.0,85.0,LA Branch
SIH26017-PRJ-000480,6,Award Declaration (Sec 23),2018-01-30,2018-04-23,2018-01-30,2018-05-29,Completed,100.0,36.0,District Collectorate
SIH26017-PRJ-000480,7,Compensation Disbursement,2018-05-30,2018-10-20,2018-05-30,2019-01-12,Completed,100.0,84.0,Revenue Dept
SIH26017-PRJ-000480,8,Possession,2019-01-18,2019-03-31,2019-01-18,2019-05-03,Completed,100.0,33.0,LA Branch
SIH26017-PRJ-000480,9,Mutation & Handover,2019-05-07,2019-06-29,2019-05-07,2019-10-21,Completed,100.0,114.0,District Collectorate
SIH26017-PRJ-000481,1,Preliminary Notification (Sec 11),2018-02-15,2018-04-09,2018-02-15,2018-07-04,Completed,100.0,86.0,Revenue Dept
SIH26017-PRJ-000481,2,Social Impact Assessment (SIA),2018-07-06,2018-10-23,2018-07-06,2019-01-30,Completed,100.0,99.0,LA Branch
SIH26017-PRJ-000481,3,Survey & Measurement,2019-02-04,2019-05-08,2019-02-04,2020-02-26,Completed,100.0,294.0,District Collectorate
SIH26017-PRJ-000481,4,Draft Declaration,2020-02-29,2020-05-02,2020-02-29,2020-09-18,Completed,100.0,139.0,LA Branch
SIH26017-PRJ-000481,5,Final Declaration (Sec 19),2020-09-19,2020-12-04,2020-09-19,2021-01-24,Completed,100.0,51.0,District Collectorate
SIH26017-PRJ-000481,6,Award Declaration (Sec 23),2021-01-25,2021-04-27,2021-01-25,2021-07-26,Completed,100.0,90.0,Revenue Dept
SIH26017-PRJ-000481,7,Compensation Disbursement,2021-08-02,2022-01-18,2021-08-02,2022-02-26,Completed,100.0,39.0,District Collectorate
SIH26017-PRJ-000481,8,Possession,2022-03-04,2022-05-23,2022-03-04,2022-07-05,Completed,100.0,43.0,District Collectorate
SIH26017-PRJ-000481,9,Mutation & Handover,2022-07-09,2022-09-01,2022-07-09,2022-10-28,Completed,100.0,57.0,District Collectorate
SIH26017-PRJ-000482,1,Preliminary Notification (Sec 11),2018-12-22,2019-02-17,2018-12-22,2019-02-01,Completed,100.0,-16.0,District Collectorate
SIH26017-PRJ-000482,2,Social Impact Assessment (SIA),2019-02-05,2019-06-02,2019-02-05,2019-07-26,Completed,100.0,54.0,Implementing Agency
SIH26017-PRJ-000482,3,Survey & Measurement,2019-07-27,2019-10-16,2019-07-27,2019-11-10,Completed,100.0,25.0,Implementing Agency
SIH26017-PRJ-000482,4,Draft Declaration,2019-11-13,2020-01-07,2019-11-13,2020-05-28,Completed,100.0,142.0,Revenue Dept
SIH26017-PRJ-000482,5,Final Declaration (Sec 19),2020-06-01,2020-08-17,2020-06-01,2021-02-23,Completed,100.0,190.0,District Collectorate
SIH26017-PRJ-000482,6,Award Declaration (Sec 23),2021-02-25,2021-06-18,2021-02-25,2021-12-16,Completed,100.0,181.0,District Collectorate
SIH26017-PRJ-000482,7,Compensation Disbursement,2021-12-21,2022-06-12,2021-12-21,2022-12-19,Completed,100.0,190.0,District Collectorate
SIH26017-PRJ-000482,8,Possession,2022-12-25,2023-03-10,2022-12-25,2023-04-05,Completed,100.0,26.0,Implementing Agency
SIH26017-PRJ-000482,9,Mutation & Handover,2023-04-12,2023-06-14,2023-04-12,2023-06-25,Completed,100.0,11.0,District Collectorate
SIH26017-PRJ-000483,1,Preliminary Notification (Sec 11),2016-03-26,2016-05-15,2016-03-26,2016-06-16,Completed,100.0,32.0,District Collectorate
SIH26017-PRJ-000483,2,Social Impact Assessment (SIA),2016-06-18,2016-10-12,2016-06-18,2016-12-13,Completed,100.0,62.0,LA Branch
SIH26017-PRJ-000483,3,Survey & Measurement,2016-12-17,2017-02-26,,,Stalled,0.0,,Revenue Dept
SIH26017-PRJ-000483,4,Draft Declaration,2016-12-17,2017-02-16,,,Stalled,0.0,,Implementing Agency
SIH26017-PRJ-000483,5,Final Declaration (Sec 19),2016-12-17,2017-02-21,,,Stalled,0.0,,District Collectorate
SIH26017-PRJ-000483,6,Award Declaration (Sec 23),2016-12-17,2017-03-15,,,Stalled,0.0,,District Collectorate
SIH26017-PRJ-000483,7,Compensation Disbursement,2016-12-17,2017-05-03,,,Stalled,0.0,,District Collectorate
SIH26017-PRJ-000483,8,Possession,2016-12-17,2017-03-01,,,Stalled,0.0,,LA Branch
SIH26017-PRJ-000483,9,Mutation & Handover,2016-12-17,2017-02-09,,,Stalled,0.0,,District Collectorate
SIH26017-PRJ-000484,1,Preliminary Notification (Sec 11),2016-07-13,2016-08-30,2016-07-13,2016-11-27,Completed,100.0,89.0,District Collectorate
SIH26017-PRJ-000484,2,Social Impact Assessment (SIA),2016-11-30,2017-03-24,2016-11-30,2017-11-11,Completed,100.0,232.0,LA Branch
SIH26017-PRJ-000484,3,Survey & Measurement,2017-11-13,2018-01-26,2017-11-13,2018-06-25,Completed,100.0,150.0,District Collectorate
SIH26017-PRJ-000484,4,Draft Declaration,2018-06-29,2018-08-29,2018-06-29,2019-03-07,Completed,100.0,190.0,LA Branch
SIH26017-PRJ-000484,5,Final Declaration (Sec 19),2019-03-11,2019-06-02,2019-03-11,2020-10-21,Completed,100.0,507.0,District Collectorate
SIH26017-PRJ-000484,6,Award Declaration (Sec 23),2020-10-24,2021-02-10,2020-10-24,2022-10-16,Completed,100.0,613.0,Implementing Agency
SIH26017-PRJ-000484,7,Compensation Disbursement,2022-10-20,2023-03-26,2022-10-20,2024-07-15,Completed,100.0,477.0,District Collectorate
SIH26017-PRJ-000484,8,Possession,2024-07-21,2024-09-13,2024-07-21,2025-03-16,Completed,100.0,184.0,District Collectorate
SIH26017-PRJ-000484,9,Mutation & Handover,2025-03-21,2025-05-20,2025-03-21,2025-11-01,Completed,100.0,165.0,District Collectorate
SIH26017-PRJ-000485,1,Preliminary Notification (Sec 11),2020-03-08,2020-05-07,2020-03-08,2020-05-03,Completed,100.0,-4.0,LA Branch
SIH26017-PRJ-000485,2,Social Impact Assessment (SIA),2020-05-08,2020-09-09,2020-05-08,2020-08-26,Completed,100.0,-14.0,Implementing Agency
SIH26017-PRJ-000485,3,Survey & Measurement,2020-08-30,2020-11-10,2020-08-30,2020-11-16,Completed,100.0,6.0,Revenue Dept
SIH26017-PRJ-000485,4,Draft Declaration,2020-11-21,2021-01-12,2020-11-21,2021-05-17,Completed,100.0,125.0,Revenue Dept
SIH26017-PRJ-000485,5,Final Declaration (Sec 19),2021-05-25,2021-08-19,2021-05-25,2022-04-07,Completed,100.0,231.0,LA Branch
SIH26017-PRJ-000485,6,Award Declaration (Sec 23),2022-04-10,2022-06-25,2022-04-10,2022-10-10,Completed,100.0,107.0,District Collectorate
SIH26017-PRJ-000485,7,Compensation Disbursement,2022-10-14,2023-03-25,2022-10-14,2023-09-16,Completed,100.0,175.0,District Collectorate
SIH26017-PRJ-000485,8,Possession,2023-09-18,2023-12-04,2023-09-18,2024-02-02,Completed,100.0,60.0,District Collectorate
SIH26017-PRJ-000485,9,Mutation & Handover,2024-02-04,2024-04-05,2024-02-04,2024-04-18,Completed,100.0,13.0,Revenue Dept
SIH26017-PRJ-000486,1,Preliminary Notification (Sec 11),2023-04-24,2023-06-14,2023-04-24,2023-08-17,Completed,100.0,64.0,LA Branch
SIH26017-PRJ-000486,2,Social Impact Assessment (SIA),2023-08-18,2023-11-28,2023-08-18,2024-06-25,Completed,100.0,210.0,Revenue Dept
SIH26017-PRJ-000486,3,Survey & Measurement,2024-06-28,2024-09-13,2024-06-28,2025-03-28,Completed,100.0,196.0,District Collectorate
SIH26017-PRJ-000486,4,Draft Declaration,2025-04-03,2025-05-21,2025-04-03,2025-10-14,Completed,100.0,146.0,LA Branch
SIH26017-PRJ-000486,5,Final Declaration (Sec 19),2025-10-18,2025-12-20,2025-10-18,2026-06-28,Completed,100.0,190.0,District Collectorate
SIH26017-PRJ-000486,6,Award Declaration (Sec 23),2026-07-02,2026-09-27,2026-07-02,,In Progress,50.6,,District Collectorate
SIH26017-PRJ-000486,7,Compensation Disbursement,2027-09-27,2028-02-11,,,Not Started,0.0,,District Collectorate
SIH26017-PRJ-000486,8,Possession,2028-11-17,2029-01-24,,,Not Started,0.0,,District Collectorate
SIH26017-PRJ-000486,9,Mutation & Handover,2029-05-16,2029-07-03,,,Not Started,0.0,,Revenue Dept
SIH26017-PRJ-000487,1,Preliminary Notification (Sec 11),2018-03-09,2018-05-10,2018-03-09,2018-05-31,Completed,100.0,21.0,Implementing Agency
SIH26017-PRJ-000487,2,Social Impact Assessment (SIA),2018-06-03,2018-09-28,2018-06-03,2018-09-25,Completed,100.0,-3.0,Implementing Agency
SIH26017-PRJ-000487,3,Survey & Measurement,2018-09-26,2018-12-22,2018-09-26,2019-01-09,Completed,100.0,18.0,District Collectorate
SIH26017-PRJ-000487,4,Draft Declaration,2019-01-15,2019-03-30,2019-01-15,2019-05-11,Completed,100.0,42.0,Revenue Dept
SIH26017-PRJ-000487,5,Final Declaration (Sec 19),2019-05-16,2019-07-24,2019-05-16,2019-11-09,Completed,100.0,108.0,Revenue Dept
SIH26017-PRJ-000487,6,Award Declaration (Sec 23),2019-11-13,2020-02-15,2019-11-13,2020-08-04,Completed,100.0,171.0,District Collectorate
SIH26017-PRJ-000487,7,Compensation Disbursement,2020-08-05,2020-12-30,2020-08-05,2021-06-20,Completed,100.0,172.0,LA Branch
SIH26017-PRJ-000487,8,Possession,2021-06-22,2021-09-04,2021-06-22,2021-12-06,Completed,100.0,93.0,Revenue Dept
SIH26017-PRJ-000487,9,Mutation & Handover,2021-12-10,2022-02-10,2021-12-10,2022-05-15,Completed,100.0,94.0,LA Branch
SIH26017-PRJ-000488,1,Preliminary Notification (Sec 11),2017-06-27,2017-08-12,2017-06-27,2017-08-27,Completed,100.0,15.0,LA Branch
SIH26017-PRJ-000488,2,Social Impact Assessment (SIA),2017-09-03,2017-12-15,2017-09-03,2018-12-17,Completed,100.0,367.0,District Collectorate
SIH26017-PRJ-000488,3,Survey & Measurement,2018-12-20,2019-02-25,2018-12-20,2019-10-30,Completed,100.0,247.0,LA Branch
SIH26017-PRJ-000488,4,Draft Declaration,2019-11-04,2019-12-30,2019-11-04,2020-04-12,Completed,100.0,104.0,LA Branch
SIH26017-PRJ-000488,5,Final Declaration (Sec 19),2020-04-20,2020-06-28,2020-04-20,2020-11-06,Completed,100.0,131.0,Revenue Dept
SIH26017-PRJ-000488,6,Award Declaration (Sec 23),2020-11-08,2021-01-27,2020-11-08,2021-04-05,Completed,100.0,68.0,LA Branch
SIH26017-PRJ-000488,7,Compensation Disbursement,2021-04-09,2021-08-24,2021-04-09,2021-08-10,Completed,100.0,-14.0,District Collectorate
SIH26017-PRJ-000488,8,Possession,2021-08-11,2021-10-26,2021-08-11,2021-09-27,Completed,100.0,-29.0,District Collectorate
SIH26017-PRJ-000488,9,Mutation & Handover,2021-10-02,2021-11-25,2021-10-02,2022-01-26,Completed,100.0,62.0,LA Branch
SIH26017-PRJ-000489,1,Preliminary Notification (Sec 11),2022-01-31,2022-03-30,2022-01-31,2022-05-10,Completed,100.0,41.0,District Collectorate
SIH26017-PRJ-000489,2,Social Impact Assessment (SIA),2022-05-15,2022-09-06,2022-05-15,2022-11-07,Completed,100.0,62.0,LA Branch
SIH26017-PRJ-000489,3,Survey & Measurement,2022-11-09,2023-01-20,2022-11-09,2023-02-11,Completed,100.0,22.0,LA Branch
SIH26017-PRJ-000489,4,Draft Declaration,2023-02-17,2023-04-09,2023-02-17,2023-06-12,Completed,100.0,64.0,Revenue Dept
SIH26017-PRJ-000489,5,Final Declaration (Sec 19),2023-06-17,2023-08-19,2023-06-17,2023-09-28,Completed,100.0,40.0,Implementing Agency
SIH26017-PRJ-000489,6,Award Declaration (Sec 23),2023-09-29,2024-01-02,2023-09-29,2024-04-08,Completed,100.0,97.0,District Collectorate
SIH26017-PRJ-000489,7,Compensation Disbursement,2024-04-15,2024-09-14,2024-04-15,2025-01-24,Completed,100.0,132.0,District Collectorate
SIH26017-PRJ-000489,8,Possession,2025-01-30,2025-04-13,2025-01-30,2025-05-08,Completed,100.0,25.0,LA Branch
SIH26017-PRJ-000489,9,Mutation & Handover,2025-05-10,2025-07-09,2025-05-10,2025-09-09,Completed,100.0,62.0,Implementing Agency
SIH26017-PRJ-000490,1,Preliminary Notification (Sec 11),2015-05-25,2015-07-17,2015-05-25,2015-08-31,Completed,100.0,45.0,District Collectorate
SIH26017-PRJ-000490,2,Social Impact Assessment (SIA),2015-09-04,2016-01-05,,,Stalled,0.0,,District Collectorate
SIH26017-PRJ-000490,3,Survey & Measurement,2015-09-04,2015-11-19,,,Stalled,0.0,,Implementing Agency
SIH26017-PRJ-000490,4,Draft Declaration,2015-09-04,2015-11-07,,,Stalled,0.0,,LA Branch
SIH26017-PRJ-000490,5,Final Declaration (Sec 19),2015-09-04,2015-12-05,,,Stalled,0.0,,LA Branch
SIH26017-PRJ-000490,6,Award Declaration (Sec 23),2015-09-04,2015-11-28,,,Stalled,0.0,,District Collectorate
SIH26017-PRJ-000490,7,Compensation Disbursement,2015-09-04,2016-02-12,,,Stalled,0.0,,LA Branch
SIH26017-PRJ-000490,8,Possession,2015-09-04,2015-11-19,,,Stalled,0.0,,Revenue Dept
SIH26017-PRJ-000490,9,Mutation & Handover,2015-09-04,2015-10-29,,,Stalled,0.0,,District Collectorate
SIH26017-PRJ-000491,1,Preliminary Notification (Sec 11),2023-08-02,2023-09-25,2023-08-02,2023-09-21,Completed,100.0,-4.0,District Collectorate
SIH26017-PRJ-000491,2,Social Impact Assessment (SIA),2023-09-25,2024-02-01,2023-09-25,2024-07-20,Completed,100.0,170.0,District Collectorate
SIH26017-PRJ-000491,3,Survey & Measurement,2024-07-26,2024-10-13,2024-07-26,2024-10-17,Completed,100.0,4.0,LA Branch
SIH26017-PRJ-000491,4,Draft Declaration,2024-10-19,2024-12-14,2024-10-19,2025-04-05,Completed,100.0,112.0,District Collectorate
SIH26017-PRJ-000491,5,Final Declaration (Sec 19),2025-04-09,2025-06-28,2025-04-09,2025-08-24,Completed,100.0,57.0,District Collectorate
SIH26017-PRJ-000491,6,Award Declaration (Sec 23),2025-08-25,2025-11-25,2025-08-25,2026-07-24,Completed,100.0,241.0,District Collectorate
SIH26017-PRJ-000491,7,Compensation Disbursement,2026-07-29,2026-12-25,2026-07-29,,In Progress,11.4,,Implementing Agency
SIH26017-PRJ-000491,8,Possession,2027-08-01,2027-10-07,,,Not Started,0.0,,Implementing Agency
SIH26017-PRJ-000491,9,Mutation & Handover,2027-12-23,2028-02-23,,,Not Started,0.0,,District Collectorate
SIH26017-PRJ-000492,1,Preliminary Notification (Sec 11),2016-04-26,2016-06-25,2016-04-26,2016-08-05,Completed,100.0,41.0,District Collectorate
SIH26017-PRJ-000492,2,Social Impact Assessment (SIA),2016-08-13,2016-12-06,2016-08-13,2017-02-25,Completed,100.0,81.0,LA Branch
SIH26017-PRJ-000492,3,Survey & Measurement,2017-03-01,2017-05-18,,,Stalled,0.0,,District Collectorate
SIH26017-PRJ-000492,4,Draft Declaration,2017-03-01,2017-04-20,,,Stalled,0.0,,Implementing Agency
SIH26017-PRJ-000492,5,Final Declaration (Sec 19),2017-03-01,2017-05-17,,,Stalled,0.0,,Revenue Dept
SIH26017-PRJ-000492,6,Award Declaration (Sec 23),2017-03-01,2017-05-23,,,Stalled,0.0,,LA Branch
SIH26017-PRJ-000492,7,Compensation Disbursement,2017-03-01,2017-07-28,,,Stalled,0.0,,LA Branch
SIH26017-PRJ-000492,8,Possession,2017-03-01,2017-05-13,,,Stalled,0.0,,Revenue Dept
SIH26017-PRJ-000492,9,Mutation & Handover,2017-03-01,2017-04-19,,,Stalled,0.0,,Revenue Dept
SIH26017-PRJ-000493,1,Preliminary Notification (Sec 11),2018-11-17,2019-01-11,2018-11-17,2018-12-25,Completed,100.0,-17.0,Implementing Agency
SIH26017-PRJ-000493,2,Social Impact Assessment (SIA),2018-12-27,2019-04-17,2018-12-27,2019-05-18,Completed,100.0,31.0,District Collectorate
SIH26017-PRJ-000493,3,Survey & Measurement,2019-05-23,2019-07-26,2019-05-23,2019-09-14,Completed,100.0,50.0,Revenue Dept
SIH26017-PRJ-000493,4,Draft Declaration,2019-09-18,2019-11-15,2019-09-18,2019-12-25,Completed,100.0,40.0,Implementing Agency
SIH26017-PRJ-000493,5,Final Declaration (Sec 19),2019-12-30,2020-03-08,2019-12-30,2020-05-29,Completed,100.0,82.0,District Collectorate
SIH26017-PRJ-000493,6,Award Declaration (Sec 23),2020-05-31,2020-09-09,2020-05-31,2020-11-30,Completed,100.0,82.0,Implementing Agency
SIH26017-PRJ-000493,7,Compensation Disbursement,2020-12-07,2021-05-24,2020-12-07,2022-06-11,Completed,100.0,383.0,LA Branch
SIH26017-PRJ-000493,8,Possession,2022-06-17,2022-08-26,2022-06-17,2022-11-11,Completed,100.0,77.0,Revenue Dept
SIH26017-PRJ-000493,9,Mutation & Handover,2022-11-12,2023-01-08,2022-11-12,2023-01-25,Completed,100.0,17.0,District Collectorate
SIH26017-PRJ-000494,1,Preliminary Notification (Sec 11),2024-01-17,2024-03-15,2024-01-17,2024-04-10,Completed,100.0,26.0,District Collectorate
SIH26017-PRJ-000494,2,Social Impact Assessment (SIA),2024-04-14,2024-08-09,2024-04-14,2024-12-10,Completed,100.0,123.0,District Collectorate
SIH26017-PRJ-000494,3,Survey & Measurement,2024-12-12,2025-02-25,2024-12-12,2025-03-18,Completed,100.0,21.0,Revenue Dept
SIH26017-PRJ-000494,4,Draft Declaration,2025-03-21,2025-05-17,2025-03-21,2025-05-31,Completed,100.0,14.0,Revenue Dept
SIH26017-PRJ-000494,5,Final Declaration (Sec 19),2025-06-06,2025-08-19,2025-06-06,2025-09-02,Completed,100.0,14.0,LA Branch
SIH26017-PRJ-000494,6,Award Declaration (Sec 23),2025-09-09,2025-12-20,2025-09-09,2026-04-10,Completed,100.0,111.0,District Collectorate
SIH26017-PRJ-000494,7,Compensation Disbursement,2026-04-15,2026-09-11,2026-04-15,,In Progress,81.9,,LA Branch
SIH26017-PRJ-000494,8,Possession,2026-12-11,2027-02-16,,,Not Started,0.0,,District Collectorate
SIH26017-PRJ-000494,9,Mutation & Handover,2027-05-16,2027-07-13,,,Not Started,0.0,,District Collectorate
SIH26017-PRJ-000495,1,Preliminary Notification (Sec 11),2015-07-23,2015-09-17,2015-07-23,2015-12-04,Completed,100.0,78.0,LA Branch
SIH26017-PRJ-000495,2,Social Impact Assessment (SIA),2015-12-09,2016-03-27,2015-12-09,2016-09-18,Completed,100.0,175.0,Revenue Dept
SIH26017-PRJ-000495,3,Survey & Measurement,2016-09-23,2016-11-28,2016-09-23,2017-04-03,Completed,100.0,126.0,Revenue Dept
SIH26017-PRJ-000495,4,Draft Declaration,2017-04-06,2017-06-07,2017-04-06,2017-12-16,Completed,100.0,192.0,LA Branch
SIH26017-PRJ-000495,5,Final Declaration (Sec 19),2017-12-19,2018-02-28,2017-12-19,2018-06-28,Completed,100.0,120.0,District Collectorate
SIH26017-PRJ-000495,6,Award Declaration (Sec 23),2018-07-03,2018-09-27,2018-07-03,2019-10-13,Completed,100.0,381.0,Revenue Dept
SIH26017-PRJ-000495,7,Compensation Disbursement,2019-10-14,2020-03-16,2019-10-14,2021-04-14,Completed,100.0,394.0,LA Branch
SIH26017-PRJ-000495,8,Possession,2021-04-15,2021-06-17,2021-04-15,2021-10-31,Completed,100.0,136.0,District Collectorate
SIH26017-PRJ-000495,9,Mutation & Handover,2021-11-04,2021-12-26,2021-11-04,2022-01-23,Completed,100.0,28.0,Implementing Agency
SIH26017-PRJ-000496,1,Preliminary Notification (Sec 11),2018-09-20,2018-11-15,2018-09-20,2018-11-21,Completed,100.0,6.0,Revenue Dept
SIH26017-PRJ-000496,2,Social Impact Assessment (SIA),2018-11-25,2019-03-17,2018-11-25,2019-07-17,Completed,100.0,122.0,Implementing Agency
SIH26017-PRJ-000496,3,Survey & Measurement,2019-07-23,2019-10-17,2019-07-23,2019-12-15,Completed,100.0,59.0,Revenue Dept
SIH26017-PRJ-000496,4,Draft Declaration,2019-12-19,2020-02-24,2019-12-19,2020-06-16,Completed,100.0,113.0,Revenue Dept
SIH26017-PRJ-000496,5,Final Declaration (Sec 19),2020-06-22,2020-09-09,2020-06-22,2020-12-18,Completed,100.0,100.0,LA Branch
SIH26017-PRJ-000496,6,Award Declaration (Sec 23),2020-12-23,2021-04-14,2020-12-23,2021-12-01,Completed,100.0,231.0,Revenue Dept
SIH26017-PRJ-000496,7,Compensation Disbursement,2021-12-06,2022-06-05,2021-12-06,2024-11-27,Completed,100.0,906.0,District Collectorate
SIH26017-PRJ-000496,8,Possession,2024-12-01,2025-02-22,2024-12-01,2025-06-22,Completed,100.0,120.0,Revenue Dept
SIH26017-PRJ-000496,9,Mutation & Handover,2025-06-29,2025-08-31,,,Stalled,0.0,,District Collectorate
SIH26017-PRJ-000497,1,Preliminary Notification (Sec 11),2022-08-10,2022-10-08,2022-08-10,2023-01-13,Completed,100.0,97.0,District Collectorate
SIH26017-PRJ-000497,2,Social Impact Assessment (SIA),2023-01-18,2023-06-05,2023-01-18,2023-09-03,Completed,100.0,90.0,Revenue Dept
SIH26017-PRJ-000497,3,Survey & Measurement,2023-09-11,2023-12-05,2023-09-11,2024-03-19,Completed,100.0,105.0,District Collectorate
SIH26017-PRJ-000497,4,Draft Declaration,2024-03-22,2024-05-20,2024-03-22,2024-09-26,Completed,100.0,129.0,District Collectorate
SIH26017-PRJ-000497,5,Final Declaration (Sec 19),2024-10-01,2025-01-05,2024-10-01,2025-12-31,Completed,100.0,360.0,Revenue Dept
SIH26017-PRJ-000497,6,Award Declaration (Sec 23),2026-01-04,2026-05-01,2026-01-04,,In Progress,100.0,,LA Branch
SIH26017-PRJ-000497,7,Compensation Disbursement,2027-03-05,2027-09-05,,,Not Started,0.0,,District Collectorate
SIH26017-PRJ-000497,8,Possession,2031-03-20,2031-06-09,,,Not Started,0.0,,Revenue Dept
SIH26017-PRJ-000497,9,Mutation & Handover,2031-11-06,2032-01-07,,,Not Started,0.0,,LA Branch
SIH26017-PRJ-000498,1,Preliminary Notification (Sec 11),2018-06-24,2018-08-13,2018-06-24,2018-09-23,Completed,100.0,41.0,District Collectorate
SIH26017-PRJ-000498,2,Social Impact Assessment (SIA),2018-09-25,2019-01-14,2018-09-25,2019-02-27,Completed,100.0,44.0,LA Branch
SIH26017-PRJ-000498,3,Survey & Measurement,2019-03-04,2019-05-13,2019-03-04,2019-05-27,Completed,100.0,14.0,LA Branch
SIH26017-PRJ-000498,4,Draft Declaration,2019-05-29,2019-07-24,2019-05-29,2019-08-14,Completed,100.0,21.0,District Collectorate
SIH26017-PRJ-000498,5,Final Declaration (Sec 19),2019-08-20,2019-10-28,2019-08-20,2020-03-17,Completed,100.0,141.0,LA Branch
SIH26017-PRJ-000498,6,Award Declaration (Sec 23),2020-03-21,2020-06-28,2020-03-21,2020-11-24,Completed,100.0,149.0,LA Branch
SIH26017-PRJ-000498,7,Compensation Disbursement,2020-11-26,2021-04-21,2020-11-26,2022-03-05,Completed,100.0,318.0,District Collectorate
SIH26017-PRJ-000498,8,Possession,2022-03-08,2022-05-19,2022-03-08,2022-07-06,Completed,100.0,48.0,District Collectorate
SIH26017-PRJ-000498,9,Mutation & Handover,2022-07-07,2022-08-28,2022-07-07,2022-10-05,Completed,100.0,38.0,Revenue Dept
SIH26017-PRJ-000499,1,Preliminary Notification (Sec 11),2017-10-01,2017-11-23,2017-10-01,2017-11-26,Completed,100.0,3.0,District Collectorate
SIH26017-PRJ-000499,2,Social Impact Assessment (SIA),2017-12-01,2018-03-21,2017-12-01,2018-06-15,Completed,100.0,86.0,LA Branch
SIH26017-PRJ-000499,3,Survey & Measurement,2018-06-21,2018-08-29,2018-06-21,2018-09-24,Completed,100.0,26.0,District Collectorate
SIH26017-PRJ-000499,4,Draft Declaration,2018-09-25,2018-11-20,2018-09-25,2018-10-28,Completed,100.0,-23.0,LA Branch
SIH26017-PRJ-000499,5,Final Declaration (Sec 19),2018-11-04,2019-01-10,2018-11-04,2018-12-30,Completed,100.0,-11.0,Revenue Dept
SIH26017-PRJ-000499,6,Award Declaration (Sec 23),2019-01-03,2019-04-16,2019-01-03,2019-03-27,Completed,100.0,-20.0,District Collectorate
SIH26017-PRJ-000499,7,Compensation Disbursement,2019-03-31,2019-08-07,2019-03-31,2019-06-19,Completed,100.0,-49.0,District Collectorate
SIH26017-PRJ-000499,8,Possession,2019-06-24,2019-08-26,2019-06-24,2019-08-02,Completed,100.0,-24.0,LA Branch
SIH26017-PRJ-000499,9,Mutation & Handover,2019-08-05,2019-09-18,2019-08-05,2019-09-09,Completed,100.0,-9.0,Implementing Agency
SIH26017-PRJ-000500,1,Preliminary Notification (Sec 11),2023-08-20,2023-10-22,2023-08-20,2023-11-15,Completed,100.0,24.0,District Collectorate
SIH26017-PRJ-000500,2,Social Impact Assessment (SIA),2023-11-18,2024-03-26,2023-11-18,2024-05-27,Completed,100.0,62.0,District Collectorate
SIH26017-PRJ-000500,3,Survey & Measurement,2024-05-31,2024-08-17,2024-05-31,2024-12-29,Completed,100.0,134.0,Implementing Agency
SIH26017-PRJ-000500,4,Draft Declaration,2024-12-31,2025-03-08,2024-12-31,2025-03-14,Completed,100.0,6.0,District Collectorate
SIH26017-PRJ-000500,5,Final Declaration (Sec 19),2025-03-19,2025-06-01,2025-03-19,2025-07-24,Completed,100.0,53.0,District Collectorate
SIH26017-PRJ-000500,6,Award Declaration (Sec 23),2025-07-29,2025-11-11,2025-07-29,,In Progress,100.0,,District Collectorate
SIH26017-PRJ-000500,7,Compensation Disbursement,2027-11-20,2028-05-15,,,Not Started,0.0,,District Collectorate
SIH26017-PRJ-000500,8,Possession,2030-08-21,2030-11-15,,,Not Started,0.0,,Revenue Dept
SIH26017-PRJ-000500,9,Mutation & Handover,2031-06-10,2031-08-10,,,Not Started,0.0,,LA Branch
SIH26017-PRJ-000501,1,Preliminary Notification (Sec 11),2023-07-31,2023-09-23,2023-07-31,2023-09-25,Completed,100.0,2.0,District Collectorate
SIH26017-PRJ-000501,2,Social Impact Assessment (SIA),2023-10-01,2024-02-01,2023-10-01,2024-06-29,Completed,100.0,149.0,District Collectorate
SIH26017-PRJ-000501,3,Survey & Measurement,2024-07-01,2024-09-10,2024-07-01,2024-11-16,Completed,100.0,67.0,Implementing Agency
SIH26017-PRJ-000501,4,Draft Declaration,2024-11-19,2025-01-15,2024-11-19,2025-03-01,Completed,100.0,45.0,District Collectorate
SIH26017-PRJ-000501,5,Final Declaration (Sec 19),2025-03-08,2025-05-16,2025-03-08,2025-05-21,Completed,100.0,5.0,District Collectorate
SIH26017-PRJ-000501,6,Award Declaration (Sec 23),2025-05-23,2025-08-24,2025-05-23,2025-09-30,Completed,100.0,37.0,District Collectorate
SIH26017-PRJ-000501,7,Compensation Disbursement,2025-10-05,2026-02-16,2025-10-05,2026-02-20,Completed,100.0,4.0,Revenue Dept
SIH26017-PRJ-000501,8,Possession,2026-02-24,2026-05-08,2026-02-24,2026-06-30,Completed,100.0,53.0,District Collectorate
SIH26017-PRJ-000501,9,Mutation & Handover,2026-07-02,2026-08-30,2026-07-02,,In Progress,74.6,,Revenue Dept
SIH26017-PRJ-000502,1,Preliminary Notification (Sec 11),2023-03-26,2023-05-14,2023-03-26,2023-06-11,Completed,100.0,28.0,Revenue Dept
SIH26017-PRJ-000502,2,Social Impact Assessment (SIA),2023-06-13,2023-10-07,2023-06-13,2023-09-27,Completed,100.0,-10.0,LA Branch
SIH26017-PRJ-000502,3,Survey & Measurement,2023-10-01,2023-12-10,2023-10-01,2023-11-14,Completed,100.0,-26.0,District Collectorate
SIH26017-PRJ-000502,4,Draft Declaration,2023-11-19,2024-01-14,2023-11-19,2023-12-19,Completed,100.0,-26.0,District Collectorate
SIH26017-PRJ-000502,5,Final Declaration (Sec 19),2023-12-23,2024-02-24,2023-12-23,2024-02-09,Completed,100.0,-15.0,District Collectorate
SIH26017-PRJ-000502,6,Award Declaration (Sec 23),2024-02-16,2024-05-12,2024-02-16,2024-06-17,Completed,100.0,36.0,LA Branch
SIH26017-PRJ-000502,7,Compensation Disbursement,2024-06-22,2024-10-22,2024-06-22,2024-12-03,Completed,100.0,42.0,Revenue Dept
SIH26017-PRJ-000502,8,Possession,2024-12-09,2025-02-13,2024-12-09,2025-02-22,Completed,100.0,9.0,District Collectorate
SIH26017-PRJ-000502,9,Mutation & Handover,2025-02-24,2025-04-22,2025-02-24,2025-04-29,Completed,100.0,7.0,LA Branch
SIH26017-PRJ-000503,1,Preliminary Notification (Sec 11),2018-09-12,2018-11-04,2018-09-12,2018-11-26,Completed,100.0,22.0,Implementing Agency
SIH26017-PRJ-000503,2,Social Impact Assessment (SIA),2018-11-30,2019-03-15,2018-11-30,2019-06-25,Completed,100.0,102.0,Revenue Dept
SIH26017-PRJ-000503,3,Survey & Measurement,2019-06-30,2019-09-05,2019-06-30,2019-08-22,Completed,100.0,-14.0,Implementing Agency
SIH26017-PRJ-000503,4,Draft Declaration,2019-08-23,2019-10-15,2019-08-23,2019-12-02,Completed,100.0,48.0,District Collectorate
SIH26017-PRJ-000503,5,Final Declaration (Sec 19),2019-12-09,2020-02-14,2019-12-09,2020-03-16,Completed,100.0,31.0,District Collectorate
SIH26017-PRJ-000503,6,Award Declaration (Sec 23),2020-03-17,2020-06-07,2020-03-17,2020-12-04,Completed,100.0,180.0,Revenue Dept
SIH26017-PRJ-000503,7,Compensation Disbursement,2020-12-09,2021-04-15,2020-12-09,2021-09-27,Completed,100.0,165.0,Revenue Dept
SIH26017-PRJ-000503,8,Possession,2021-09-30,2021-12-08,2021-09-30,2022-03-15,Completed,100.0,97.0,LA Branch
SIH26017-PRJ-000503,9,Mutation & Handover,2022-03-21,2022-05-12,2022-03-21,2022-05-27,Completed,100.0,15.0,District Collectorate
SIH26017-PRJ-000504,1,Preliminary Notification (Sec 11),2015-11-30,2016-01-23,2015-11-30,2016-01-11,Completed,100.0,-12.0,LA Branch
SIH26017-PRJ-000504,2,Social Impact Assessment (SIA),2016-01-16,2016-05-03,2016-01-16,2016-05-12,Completed,100.0,9.0,Revenue Dept
SIH26017-PRJ-000504,3,Survey & Measurement,2016-05-19,2016-08-01,2016-05-19,2016-09-03,Completed,100.0,33.0,District Collectorate
SIH26017-PRJ-000504,4,Draft Declaration,2016-09-07,2016-11-01,2016-09-07,2017-03-01,Completed,100.0,120.0,District Collectorate
SIH26017-PRJ-000504,5,Final Declaration (Sec 19),2017-03-05,2017-05-31,2017-03-05,2017-08-15,Completed,100.0,76.0,District Collectorate
SIH26017-PRJ-000504,6,Award Declaration (Sec 23),2017-08-19,2017-11-18,2017-08-19,2018-01-17,Completed,100.0,60.0,Implementing Agency
SIH26017-PRJ-000504,7,Compensation Disbursement,2018-01-23,2018-05-25,2018-01-23,2018-07-03,Completed,100.0,39.0,District Collectorate
SIH26017-PRJ-000504,8,Possession,2018-07-06,2018-09-05,2018-07-06,2018-08-28,Completed,100.0,-8.0,District Collectorate
SIH26017-PRJ-000504,9,Mutation & Handover,2018-08-31,2018-10-26,2018-08-31,2018-10-22,Completed,100.0,-4.0,Implementing Agency
SIH26017-PRJ-000505,1,Preliminary Notification (Sec 11),2016-02-06,2016-04-06,2016-02-06,2016-05-25,Completed,100.0,49.0,Revenue Dept
SIH26017-PRJ-000505,2,Social Impact Assessment (SIA),2016-05-26,2016-10-11,2016-05-26,2017-06-28,Completed,100.0,260.0,Revenue Dept
SIH26017-PRJ-000505,3,Survey & Measurement,2017-07-04,2017-09-26,2017-07-04,2019-03-02,Completed,100.0,522.0,District Collectorate
SIH26017-PRJ-000505,4,Draft Declaration,2019-03-07,2019-05-05,2019-03-07,2019-08-30,Completed,100.0,117.0,LA Branch
SIH26017-PRJ-000505,5,Final Declaration (Sec 19),2019-09-05,2019-12-02,2019-09-05,2020-03-07,Completed,100.0,96.0,Implementing Agency
SIH26017-PRJ-000505,6,Award Declaration (Sec 23),2020-03-11,2020-06-28,2020-03-11,2020-09-27,Completed,100.0,91.0,Implementing Agency
SIH26017-PRJ-000505,7,Compensation Disbursement,2020-09-28,2021-03-30,,,Stalled,0.0,,Implementing Agency
SIH26017-PRJ-000505,8,Possession,2020-09-28,2020-12-18,,,Stalled,0.0,,Implementing Agency
SIH26017-PRJ-000505,9,Mutation & Handover,2020-09-28,2020-11-30,,,Stalled,0.0,,LA Branch
SIH26017-PRJ-000506,1,Preliminary Notification (Sec 11),2016-06-22,2016-08-13,2016-06-22,2016-08-13,Completed,100.0,0.0,Revenue Dept
SIH26017-PRJ-000506,2,Social Impact Assessment (SIA),2016-08-17,2016-11-26,2016-08-17,2016-12-17,Completed,100.0,21.0,Revenue Dept
SIH26017-PRJ-000506,3,Survey & Measurement,2016-12-21,2017-03-08,2016-12-21,2017-03-25,Completed,100.0,17.0,Revenue Dept
SIH26017-PRJ-000506,4,Draft Declaration,2017-03-28,2017-05-26,2017-03-28,2017-10-16,Completed,100.0,143.0,District Collectorate
SIH26017-PRJ-000506,5,Final Declaration (Sec 19),2017-10-23,2017-12-29,2017-10-23,2018-10-25,Completed,100.0,300.0,District Collectorate
SIH26017-PRJ-000506,6,Award Declaration (Sec 23),2018-11-01,2019-02-08,2018-11-01,2019-09-06,Completed,100.0,210.0,Revenue Dept
SIH26017-PRJ-000506,7,Compensation Disbursement,2019-09-13,2020-01-31,2019-09-13,2021-05-28,Completed,100.0,483.0,District Collectorate
SIH26017-PRJ-000506,8,Possession,2021-05-31,2021-08-06,2021-05-31,2021-10-07,Completed,100.0,62.0,Implementing Agency
SIH26017-PRJ-000506,9,Mutation & Handover,2021-10-12,2021-12-05,2021-10-12,2022-02-22,Completed,100.0,79.0,Implementing Agency
SIH26017-PRJ-000507,1,Preliminary Notification (Sec 11),2018-05-07,2018-06-27,2018-05-07,2018-07-28,Completed,100.0,31.0,District Collectorate
SIH26017-PRJ-000507,2,Social Impact Assessment (SIA),2018-08-02,2018-11-20,2018-08-02,2018-11-10,Completed,100.0,-10.0,LA Branch
SIH26017-PRJ-000507,3,Survey & Measurement,2018-11-15,2019-02-12,2018-11-15,2019-01-30,Completed,100.0,-13.0,LA Branch
SIH26017-PRJ-000507,4,Draft Declaration,2019-02-02,2019-04-06,2019-02-02,2019-04-03,Completed,100.0,-3.0,Revenue Dept
SIH26017-PRJ-000507,5,Final Declaration (Sec 19),2019-04-06,2019-07-02,2019-04-06,2019-06-27,Completed,100.0,-5.0,LA Branch
SIH26017-PRJ-000507,6,Award Declaration (Sec 23),2019-07-01,2019-10-05,2019-07-01,2019-09-02,Completed,100.0,-33.0,Revenue Dept
SIH26017-PRJ-000507,7,Compensation Disbursement,2019-09-09,2020-03-02,2019-09-09,2020-01-14,Completed,100.0,-48.0,District Collectorate
SIH26017-PRJ-000507,8,Possession,2020-01-22,2020-04-14,2020-01-22,2020-06-01,Completed,100.0,48.0,LA Branch
SIH26017-PRJ-000507,9,Mutation & Handover,2020-06-03,2020-08-03,2020-06-03,2020-09-02,Completed,100.0,30.0,Revenue Dept
SIH26017-PRJ-000508,1,Preliminary Notification (Sec 11),2024-03-12,2024-05-24,2024-03-12,2024-05-31,Completed,100.0,7.0,District Collectorate
SIH26017-PRJ-000508,2,Social Impact Assessment (SIA),2024-06-02,2024-11-05,2024-06-02,2024-10-30,Completed,100.0,-6.0,District Collectorate
SIH26017-PRJ-000508,3,Survey & Measurement,2024-11-05,2025-02-04,2024-11-05,2025-03-05,Completed,100.0,29.0,Revenue Dept
SIH26017-PRJ-000508,4,Draft Declaration,2025-03-11,2025-05-28,2025-03-11,2025-06-12,Completed,100.0,15.0,District Collectorate
SIH26017-PRJ-000508,5,Final Declaration (Sec 19),2025-06-13,2025-09-12,2025-06-13,2026-01-03,Completed,100.0,113.0,District Collectorate
SIH26017-PRJ-000508,6,Award Declaration (Sec 23),2026-01-07,2026-04-27,2026-01-07,2026-07-10,Completed,100.0,74.0,District Collectorate
SIH26017-PRJ-000508,7,Compensation Disbursement,2026-07-15,2027-01-12,2026-07-15,,In Progress,17.1,,District Collectorate
SIH26017-PRJ-000508,8,Possession,2027-04-01,2027-07-03,,,Not Started,0.0,,Implementing Agency
SIH26017-PRJ-000508,9,Mutation & Handover,2027-08-16,2027-10-15,,,Not Started,0.0,,LA Branch
SIH26017-PRJ-000509,1,Preliminary Notification (Sec 11),2020-04-26,2020-07-01,2020-04-26,2020-10-03,Completed,100.0,94.0,District Collectorate
SIH26017-PRJ-000509,2,Social Impact Assessment (SIA),2020-10-04,2021-02-13,,,Stalled,0.0,,Implementing Agency
SIH26017-PRJ-000509,3,Survey & Measurement,2020-10-04,2020-12-30,,,Stalled,0.0,,District Collectorate
SIH26017-PRJ-000509,4,Draft Declaration,2020-10-04,2020-12-15,,,Stalled,0.0,,Revenue Dept
SIH26017-PRJ-000509,5,Final Declaration (Sec 19),2020-10-04,2021-01-08,,,Stalled,0.0,,Revenue Dept
SIH26017-PRJ-000509,6,Award Declaration (Sec 23),2020-10-04,2021-01-30,,,Stalled,0.0,,LA Branch
SIH26017-PRJ-000509,7,Compensation Disbursement,2020-10-04,2021-03-28,,,Stalled,0.0,,LA Branch
SIH26017-PRJ-000509,8,Possession,2020-10-04,2020-12-29,,,Stalled,0.0,,LA Branch
SIH26017-PRJ-000509,9,Mutation & Handover,2020-10-04,2020-12-15,,,Stalled,0.0,,District Collectorate
SIH26017-PRJ-000510,1,Preliminary Notification (Sec 11),2022-04-07,2022-05-28,2022-04-07,2022-07-03,Completed,100.0,36.0,District Collectorate
SIH26017-PRJ-000510,2,Social Impact Assessment (SIA),2022-07-07,2022-10-24,2022-07-07,2023-01-19,Completed,100.0,87.0,District Collectorate
SIH26017-PRJ-000510,3,Survey & Measurement,2023-01-21,2023-04-01,2023-01-21,2023-06-05,Completed,100.0,65.0,Revenue Dept
SIH26017-PRJ-000510,4,Draft Declaration,2023-06-10,2023-08-04,2023-06-10,2023-12-04,Completed,100.0,122.0,Revenue Dept
SIH26017-PRJ-000510,5,Final Declaration (Sec 19),2023-12-06,2024-02-02,2023-12-06,2024-05-03,Completed,100.0,91.0,District Collectorate
SIH26017-PRJ-000510,6,Award Declaration (Sec 23),2024-05-06,2024-07-26,2024-05-06,2024-10-24,Completed,100.0,90.0,LA Branch
SIH26017-PRJ-000510,7,Compensation Disbursement,2024-10-28,2025-03-11,2024-10-28,2025-12-18,Completed,100.0,282.0,Implementing Agency
SIH26017-PRJ-000510,8,Possession,2025-12-22,2026-03-03,2025-12-22,2026-06-03,Completed,100.0,92.0,LA Branch
SIH26017-PRJ-000510,9,Mutation & Handover,2026-06-10,2026-08-11,2026-06-10,,In Progress,100.0,,Revenue Dept
SIH26017-PRJ-000511,1,Preliminary Notification (Sec 11),2018-05-08,2018-07-01,2018-05-08,2018-09-12,Completed,100.0,73.0,District Collectorate
SIH26017-PRJ-000511,2,Social Impact Assessment (SIA),2018-09-16,2019-01-01,2018-09-16,2019-04-04,Completed,100.0,93.0,District Collectorate
SIH26017-PRJ-000511,3,Survey & Measurement,2019-04-07,2019-06-18,,,Stalled,0.0,,Revenue Dept
SIH26017-PRJ-000511,4,Draft Declaration,2019-04-07,2019-05-22,,,Stalled,0.0,,Revenue Dept
SIH26017-PRJ-000511,5,Final Declaration (Sec 19),2019-04-07,2019-06-21,,,Stalled,0.0,,District Collectorate
SIH26017-PRJ-000511,6,Award Declaration (Sec 23),2019-04-07,2019-07-08,,,Stalled,0.0,,Revenue Dept
SIH26017-PRJ-000511,7,Compensation Disbursement,2019-04-07,2019-08-31,,,Stalled,0.0,,District Collectorate
SIH26017-PRJ-000511,8,Possession,2019-04-07,2019-06-11,,,Stalled,0.0,,LA Branch
SIH26017-PRJ-000511,9,Mutation & Handover,2019-04-07,2019-05-28,,,Stalled,0.0,,District Collectorate
SIH26017-PRJ-000512,1,Preliminary Notification (Sec 11),2023-05-13,2023-07-16,2023-05-13,2023-07-31,Completed,100.0,15.0,Revenue Dept
SIH26017-PRJ-000512,2,Social Impact Assessment (SIA),2023-08-06,2023-12-08,2023-08-06,2024-06-18,Completed,100.0,193.0,District Collectorate
SIH26017-PRJ-000512,3,Survey & Measurement,2024-06-25,2024-09-12,2024-06-25,2024-12-19,Completed,100.0,98.0,LA Branch
SIH26017-PRJ-000512,4,Draft Declaration,2024-12-20,2025-02-17,2024-12-20,2025-10-19,Completed,100.0,244.0,Implementing Agency
SIH26017-PRJ-000512,5,Final Declaration (Sec 19),2025-10-21,2026-01-11,2025-10-21,,In Progress,100.0,,District Collectorate
SIH26017-PRJ-000512,6,Award Declaration (Sec 23),2026-10-26,2027-01-26,,,Not Started,0.0,,Revenue Dept
SIH26017-PRJ-000512,7,Compensation Disbursement,2028-09-15,2029-02-27,,,Not Started,0.0,,District Collectorate
SIH26017-PRJ-000512,8,Possession,2030-05-08,2030-07-23,,,Not Started,0.0,,LA Branch
SIH26017-PRJ-000512,9,Mutation & Handover,2030-11-23,2031-01-24,,,Not Started,0.0,,District Collectorate
SIH26017-PRJ-000513,1,Preliminary Notification (Sec 11),2019-11-05,2020-01-12,2019-11-05,2020-04-06,Completed,100.0,85.0,LA Branch
SIH26017-PRJ-000513,2,Social Impact Assessment (SIA),2020-04-10,2020-08-28,2020-04-10,2020-12-13,Completed,100.0,107.0,LA Branch
SIH26017-PRJ-000513,3,Survey & Measurement,2020-12-18,2021-03-17,2020-12-18,2021-03-05,Completed,100.0,-12.0,LA Branch
SIH26017-PRJ-000513,4,Draft Declaration,2021-03-06,2021-05-13,2021-03-06,2021-07-14,Completed,100.0,62.0,District Collectorate
SIH26017-PRJ-000513,5,Final Declaration (Sec 19),2021-07-18,2021-10-06,2021-07-18,2021-10-07,Completed,100.0,1.0,District Collectorate
SIH26017-PRJ-000513,6,Award Declaration (Sec 23),2021-10-11,2022-02-16,2021-10-11,2022-03-10,Completed,100.0,22.0,LA Branch
SIH26017-PRJ-000513,7,Compensation Disbursement,2022-03-14,2022-09-06,2022-03-14,2023-03-08,Completed,100.0,183.0,District Collectorate
SIH26017-PRJ-000513,8,Possession,2023-03-12,2023-06-08,2023-03-12,2023-09-25,Completed,100.0,109.0,District Collectorate
SIH26017-PRJ-000513,9,Mutation & Handover,2023-10-03,2023-12-04,2023-10-03,2024-01-25,Completed,100.0,52.0,Revenue Dept
SIH26017-PRJ-000514,1,Preliminary Notification (Sec 11),2020-09-05,2020-10-30,2020-09-05,2020-11-24,Completed,100.0,25.0,District Collectorate
SIH26017-PRJ-000514,2,Social Impact Assessment (SIA),2020-11-25,2021-03-17,2020-11-25,2021-05-11,Completed,100.0,55.0,Revenue Dept
SIH26017-PRJ-000514,3,Survey & Measurement,2021-05-12,2021-07-29,2021-05-12,2021-07-26,Completed,100.0,-3.0,District Collectorate
SIH26017-PRJ-000514,4,Draft Declaration,2021-07-27,2021-10-01,2021-07-27,2021-10-11,Completed,100.0,10.0,Implementing Agency
SIH26017-PRJ-000514,5,Final Declaration (Sec 19),2021-10-13,2021-12-17,2021-10-13,2021-11-25,Completed,100.0,-22.0,Implementing Agency
SIH26017-PRJ-000514,6,Award Declaration (Sec 23),2021-12-02,2022-03-18,2021-12-02,2022-02-21,Completed,100.0,-25.0,District Collectorate
SIH26017-PRJ-000514,7,Compensation Disbursement,2022-02-22,2022-06-30,2022-02-22,2022-10-17,Completed,100.0,109.0,Revenue Dept
SIH26017-PRJ-000514,8,Possession,2022-10-19,2022-12-29,2022-10-19,2022-12-21,Completed,100.0,-8.0,Revenue Dept
SIH26017-PRJ-000514,9,Mutation & Handover,2022-12-28,2023-02-23,2022-12-28,2023-03-11,Completed,100.0,16.0,LA Branch
SIH26017-PRJ-000515,1,Preliminary Notification (Sec 11),2021-11-28,2022-02-01,2021-11-28,2022-04-29,Completed,100.0,87.0,LA Branch
SIH26017-PRJ-000515,2,Social Impact Assessment (SIA),2022-05-04,2022-09-21,2022-05-04,2023-04-30,Completed,100.0,221.0,District Collectorate
SIH26017-PRJ-000515,3,Survey & Measurement,2023-05-04,2023-07-26,2023-05-04,2024-02-06,Completed,100.0,195.0,LA Branch
SIH26017-PRJ-000515,4,Draft Declaration,2024-02-11,2024-04-24,2024-02-11,2024-12-15,Completed,100.0,235.0,District Collectorate
SIH26017-PRJ-000515,5,Final Declaration (Sec 19),2024-12-17,2025-03-15,2024-12-17,2025-12-26,Completed,100.0,286.0,Revenue Dept
SIH26017-PRJ-000515,6,Award Declaration (Sec 23),2026-01-04,2026-04-13,2026-01-04,,In Progress,100.0,,District Collectorate
SIH26017-PRJ-000515,7,Compensation Disbursement,2027-01-18,2027-07-05,,,Not Started,0.0,,Implementing Agency
SIH26017-PRJ-000515,8,Possession,2027-07-17,2027-10-23,,,Not Started,0.0,,LA Branch
SIH26017-PRJ-000515,9,Mutation & Handover,2027-12-28,2028-03-01,,,Not Started,0.0,,Implementing Agency
SIH26017-PRJ-000516,1,Preliminary Notification (Sec 11),2020-10-30,2020-12-31,2020-10-30,2021-03-01,Completed,100.0,60.0,Revenue Dept
SIH26017-PRJ-000516,2,Social Impact Assessment (SIA),2021-03-06,2021-07-29,2021-03-06,2022-03-22,Completed,100.0,236.0,LA Branch
SIH26017-PRJ-000516,3,Survey & Measurement,2022-03-25,2022-06-18,2022-03-25,2022-08-29,Completed,100.0,72.0,District Collectorate
SIH26017-PRJ-000516,4,Draft Declaration,2022-09-07,2022-11-13,2022-09-07,2023-05-25,Completed,100.0,193.0,District Collectorate
SIH26017-PRJ-000516,5,Final Declaration (Sec 19),2023-05-26,2023-09-06,2023-05-26,2024-04-26,Completed,100.0,233.0,LA Branch
SIH26017-PRJ-000516,6,Award Declaration (Sec 23),2024-04-29,2024-08-24,2024-04-29,,In Progress,100.0,,LA Branch
SIH26017-PRJ-000516,7,Compensation Disbursement,2026-11-27,2027-04-25,,,Not Started,0.0,,District Collectorate
SIH26017-PRJ-000516,8,Possession,2028-04-20,2028-07-20,,,Not Started,0.0,,District Collectorate
SIH26017-PRJ-000516,9,Mutation & Handover,2029-07-03,2029-09-10,,,Not Started,0.0,,District Collectorate
SIH26017-PRJ-000517,1,Preliminary Notification (Sec 11),2021-05-02,2021-06-24,2021-05-02,2021-06-11,Completed,100.0,-13.0,District Collectorate
SIH26017-PRJ-000517,2,Social Impact Assessment (SIA),2021-06-16,2021-09-26,2021-06-16,2021-09-17,Completed,100.0,-9.0,District Collectorate
SIH26017-PRJ-000517,3,Survey & Measurement,2021-09-22,2021-11-27,2021-09-22,2021-10-31,Completed,100.0,-27.0,Revenue Dept
SIH26017-PRJ-000517,4,Draft Declaration,2021-11-07,2021-12-28,2021-11-07,2021-12-02,Completed,100.0,-26.0,Implementing Agency
SIH26017-PRJ-000517,5,Final Declaration (Sec 19),2021-12-04,2022-02-11,2021-12-04,2022-02-03,Completed,100.0,-8.0,Revenue Dept
SIH26017-PRJ-000517,6,Award Declaration (Sec 23),2022-02-11,2022-04-26,2022-02-11,2022-05-08,Completed,100.0,12.0,District Collectorate
SIH26017-PRJ-000517,7,Compensation Disbursement,2022-05-11,2022-09-25,2022-05-11,2022-09-18,Completed,100.0,-7.0,LA Branch
SIH26017-PRJ-000517,8,Possession,2022-09-21,2022-11-25,2022-09-21,2022-10-29,Completed,100.0,-27.0,Implementing Agency
SIH26017-PRJ-000517,9,Mutation & Handover,2022-11-04,2022-12-24,2022-11-04,2022-12-18,Completed,100.0,-6.0,District Collectorate
SIH26017-PRJ-000518,1,Preliminary Notification (Sec 11),2024-03-03,2024-05-02,2024-03-03,2024-05-21,Completed,100.0,19.0,District Collectorate
SIH26017-PRJ-000518,2,Social Impact Assessment (SIA),2024-05-25,2024-09-30,2024-05-25,2025-01-14,Completed,100.0,106.0,District Collectorate
SIH26017-PRJ-000518,3,Survey & Measurement,2025-01-15,2025-04-30,2025-01-15,2025-09-29,Completed,100.0,152.0,Revenue Dept
SIH26017-PRJ-000518,4,Draft Declaration,2025-10-07,2025-12-17,2025-10-07,2026-07-30,Completed,100.0,225.0,LA Branch
SIH26017-PRJ-000518,5,Final Declaration (Sec 19),2026-08-04,2026-11-05,2026-08-04,,In Progress,11.8,,Implementing Agency
SIH26017-PRJ-000518,6,Award Declaration (Sec 23),2027-09-01,2027-12-27,,,Not Started,0.0,,District Collectorate
SIH26017-PRJ-000518,7,Compensation Disbursement,2029-11-08,2030-05-08,,,Not Started,0.0,,Implementing Agency
SIH26017-PRJ-000518,8,Possession,2031-07-06,2031-10-07,,,Not Started,0.0,,LA Branch
SIH26017-PRJ-000518,9,Mutation & Handover,2031-12-04,2032-02-07,,,Not Started,0.0,,Revenue Dept
SIH26017-PRJ-000519,1,Preliminary Notification (Sec 11),2018-12-22,2019-02-12,2018-12-22,2019-04-08,Completed,100.0,55.0,Revenue Dept
SIH26017-PRJ-000519,2,Social Impact Assessment (SIA),2019-04-14,2019-08-12,2019-04-14,2019-08-24,Completed,100.0,12.0,District Collectorate
SIH26017-PRJ-000519,3,Survey & Measurement,2019-08-25,2019-11-21,2019-08-25,2020-03-09,Completed,100.0,109.0,LA Branch
SIH26017-PRJ-000519,4,Draft Declaration,2020-03-10,2020-05-06,2020-03-10,2020-07-21,Completed,100.0,76.0,District Collectorate
SIH26017-PRJ-000519,5,Final Declaration (Sec 19),2020-07-25,2020-10-04,2020-07-25,2021-03-05,Completed,100.0,152.0,Revenue Dept
SIH26017-PRJ-000519,6,Award Declaration (Sec 23),2021-03-08,2021-06-17,,,Stalled,0.0,,Revenue Dept
SIH26017-PRJ-000519,7,Compensation Disbursement,2021-03-08,2021-08-05,,,Stalled,0.0,,District Collectorate
SIH26017-PRJ-000519,8,Possession,2021-03-08,2021-05-23,,,Stalled,0.0,,District Collectorate
SIH26017-PRJ-000519,9,Mutation & Handover,2021-03-08,2021-05-03,,,Stalled,0.0,,District Collectorate
SIH26017-PRJ-000520,1,Preliminary Notification (Sec 11),2015-01-01,2015-02-18,2015-01-01,2015-03-02,Completed,100.0,12.0,District Collectorate
SIH26017-PRJ-000520,2,Social Impact Assessment (SIA),2015-03-03,2015-06-01,2015-03-03,2015-06-18,Completed,100.0,17.0,LA Branch
SIH26017-PRJ-000520,3,Survey & Measurement,2015-06-24,2015-08-28,2015-06-24,2015-10-01,Completed,100.0,34.0,District Collectorate
SIH26017-PRJ-000520,4,Draft Declaration,2015-10-06,2015-11-26,2015-10-06,2016-03-03,Completed,100.0,98.0,Implementing Agency
SIH26017-PRJ-000520,5,Final Declaration (Sec 19),2016-03-08,2016-05-12,2016-03-08,2016-09-01,Completed,100.0,112.0,Implementing Agency
SIH26017-PRJ-000520,6,Award Declaration (Sec 23),2016-09-06,2016-12-02,2016-09-06,2017-05-13,Completed,100.0,162.0,LA Branch
SIH26017-PRJ-000520,7,Compensation Disbursement,2017-05-18,2017-10-18,,,Stalled,0.0,,Implementing Agency
SIH26017-PRJ-000520,8,Possession,2017-05-18,2017-08-09,,,Stalled,0.0,,Implementing Agency
SIH26017-PRJ-000520,9,Mutation & Handover,2017-05-18,2017-07-15,,,Stalled,0.0,,LA Branch
SIH26017-PRJ-000521,1,Preliminary Notification (Sec 11),2024-01-14,2024-02-29,2024-01-14,2024-02-18,Completed,100.0,-11.0,District Collectorate
SIH26017-PRJ-000521,2,Social Impact Assessment (SIA),2024-02-22,2024-06-15,,,Stalled,0.0,,LA Branch
SIH26017-PRJ-000521,3,Survey & Measurement,2024-02-22,2024-05-12,,,Stalled,0.0,,LA Branch
SIH26017-PRJ-000521,4,Draft Declaration,2024-02-22,2024-04-22,,,Stalled,0.0,,District Collectorate
SIH26017-PRJ-000521,5,Final Declaration (Sec 19),2024-02-22,2024-05-01,,,Stalled,0.0,,LA Branch
SIH26017-PRJ-000521,6,Award Declaration (Sec 23),2024-02-22,2024-05-15,,,Stalled,0.0,,Revenue Dept
SIH26017-PRJ-000521,7,Compensation Disbursement,2024-02-22,2024-08-03,,,Stalled,0.0,,Revenue Dept
SIH26017-PRJ-000521,8,Possession,2024-02-22,2024-05-05,,,Stalled,0.0,,LA Branch
SIH26017-PRJ-000521,9,Mutation & Handover,2024-02-22,2024-04-16,,,Stalled,0.0,,District Collectorate
SIH26017-PRJ-000522,1,Preliminary Notification (Sec 11),2017-07-16,2017-09-21,2017-07-16,2017-10-10,Completed,100.0,19.0,District Collectorate
SIH26017-PRJ-000522,2,Social Impact Assessment (SIA),2017-10-11,2018-01-29,2017-10-11,2018-03-13,Completed,100.0,43.0,District Collectorate
SIH26017-PRJ-000522,3,Survey & Measurement,2018-03-21,2018-05-29,2018-03-21,2018-06-02,Completed,100.0,4.0,District Collectorate
SIH26017-PRJ-000522,4,Draft Declaration,2018-06-10,2018-08-01,2018-06-10,2018-10-17,Completed,100.0,77.0,Revenue Dept
SIH26017-PRJ-000522,5,Final Declaration (Sec 19),2018-10-22,2018-12-21,2018-10-22,2019-01-16,Completed,100.0,26.0,Revenue Dept
SIH26017-PRJ-000522,6,Award Declaration (Sec 23),2019-01-17,2019-04-14,2019-01-17,2019-06-07,Completed,100.0,54.0,District Collectorate
SIH26017-PRJ-000522,7,Compensation Disbursement,2019-06-11,2019-10-26,2019-06-11,2020-07-11,Completed,100.0,259.0,Implementing Agency
SIH26017-PRJ-000522,8,Possession,2020-07-14,2020-10-01,2020-07-14,2021-05-01,Completed,100.0,212.0,LA Branch
SIH26017-PRJ-000522,9,Mutation & Handover,2021-05-06,2021-06-30,2021-05-06,2022-01-02,Completed,100.0,186.0,LA Branch
SIH26017-PRJ-000523,1,Preliminary Notification (Sec 11),2022-09-19,2022-11-14,2022-09-19,2022-11-13,Completed,100.0,-1.0,District Collectorate
SIH26017-PRJ-000523,2,Social Impact Assessment (SIA),2022-11-17,2023-03-04,2022-11-17,2023-06-23,Completed,100.0,111.0,District Collectorate
SIH26017-PRJ-000523,3,Survey & Measurement,2023-06-25,2023-09-01,2023-06-25,2023-10-25,Completed,100.0,54.0,Implementing Agency
SIH26017-PRJ-000523,4,Draft Declaration,2023-10-28,2023-12-17,2023-10-28,2023-12-26,Completed,100.0,9.0,Revenue Dept
SIH26017-PRJ-000523,5,Final Declaration (Sec 19),2023-12-31,2024-03-08,2023-12-31,2024-04-16,Completed,100.0,39.0,Revenue Dept
SIH26017-PRJ-000523,6,Award Declaration (Sec 23),2024-04-17,2024-07-08,2024-04-17,2024-07-03,Completed,100.0,-5.0,District Collectorate
SIH26017-PRJ-000523,7,Compensation Disbursement,2024-07-07,2024-12-21,2024-07-07,2025-01-15,Completed,100.0,25.0,Implementing Agency
SIH26017-PRJ-000523,8,Possession,2025-01-16,2025-03-29,2025-01-16,2025-07-05,Completed,100.0,98.0,LA Branch
SIH26017-PRJ-000523,9,Mutation & Handover,2025-07-08,2025-08-31,2025-07-08,2026-01-22,Completed,100.0,144.0,District Collectorate
SIH26017-PRJ-000524,1,Preliminary Notification (Sec 11),2023-09-23,2023-11-20,2023-09-23,2023-12-06,Completed,100.0,16.0,Implementing Agency
SIH26017-PRJ-000524,2,Social Impact Assessment (SIA),2023-12-09,2024-04-07,2023-12-09,2024-12-06,Completed,100.0,243.0,Revenue Dept
SIH26017-PRJ-000524,3,Survey & Measurement,2024-12-11,2025-03-02,2024-12-11,2026-04-19,Completed,100.0,413.0,Revenue Dept
SIH26017-PRJ-000524,4,Draft Declaration,2026-04-20,2026-06-30,2026-04-20,,In Progress,100.0,,LA Branch
SIH26017-PRJ-000524,5,Final Declaration (Sec 19),2026-11-27,2027-02-08,,,Not Started,0.0,,LA Branch
SIH26017-PRJ-000524,6,Award Declaration (Sec 23),2027-05-24,2027-09-01,,,Not Started,0.0,,District Collectorate
SIH26017-PRJ-000524,7,Compensation Disbursement,2028-01-11,2028-06-18,,,Not Started,0.0,,LA Branch
SIH26017-PRJ-000524,8,Possession,2029-01-29,2029-04-15,,,Not Started,0.0,,LA Branch
SIH26017-PRJ-000524,9,Mutation & Handover,2029-11-09,2030-01-12,,,Not Started,0.0,,Revenue Dept
SIH26017-PRJ-000525,1,Preliminary Notification (Sec 11),2021-08-29,2021-10-25,2021-08-29,2021-10-17,Completed,100.0,-8.0,District Collectorate
SIH26017-PRJ-000525,2,Social Impact Assessment (SIA),2021-10-25,2022-03-02,2021-10-25,2022-04-20,Completed,100.0,49.0,District Collectorate
SIH26017-PRJ-000525,3,Survey & Measurement,2022-04-23,2022-07-13,2022-04-23,2022-07-05,Completed,100.0,-8.0,LA Branch
SIH26017-PRJ-000525,4,Draft Declaration,2022-07-08,2022-09-12,2022-07-08,2022-11-25,Completed,100.0,74.0,LA Branch
SIH26017-PRJ-000525,5,Final Declaration (Sec 19),2022-11-30,2023-02-15,2022-11-30,2023-05-16,Completed,100.0,90.0,Revenue Dept
SIH26017-PRJ-000525,6,Award Declaration (Sec 23),2023-05-17,2023-08-22,2023-05-17,2024-06-25,Completed,100.0,308.0,Implementing Agency
SIH26017-PRJ-000525,7,Compensation Disbursement,2024-06-28,2024-12-02,2024-06-28,2025-12-16,Completed,100.0,379.0,District Collectorate
SIH26017-PRJ-000525,8,Possession,2025-12-18,2026-03-15,2025-12-18,2026-05-30,Completed,100.0,76.0,District Collectorate
SIH26017-PRJ-000525,9,Mutation & Handover,2026-06-05,2026-07-29,2026-06-05,2026-08-01,Completed,100.0,3.0,District Collectorate
SIH26017-PRJ-000526,1,Preliminary Notification (Sec 11),2017-01-01,2017-02-26,2017-01-01,2017-02-19,Completed,100.0,-7.0,LA Branch
SIH26017-PRJ-000526,2,Social Impact Assessment (SIA),2017-02-23,2017-06-19,2017-02-23,2017-08-16,Completed,100.0,58.0,District Collectorate
SIH26017-PRJ-000526,3,Survey & Measurement,2017-08-20,2017-10-28,,,Stalled,0.0,,Revenue Dept
SIH26017-PRJ-000526,4,Draft Declaration,2017-08-20,2017-10-06,,,Stalled,0.0,,Revenue Dept
SIH26017-PRJ-000526,5,Final Declaration (Sec 19),2017-08-20,2017-11-02,,,Stalled,0.0,,Implementing Agency
SIH26017-PRJ-000526,6,Award Declaration (Sec 23),2017-08-20,2017-11-26,,,Stalled,0.0,,LA Branch
SIH26017-PRJ-000526,7,Compensation Disbursement,2017-08-20,2018-01-12,,,Stalled,0.0,,LA Branch
SIH26017-PRJ-000526,8,Possession,2017-08-20,2017-10-30,,,Stalled,0.0,,District Collectorate
SIH26017-PRJ-000526,9,Mutation & Handover,2017-08-20,2017-10-15,,,Stalled,0.0,,Revenue Dept
SIH26017-PRJ-000527,1,Preliminary Notification (Sec 11),2019-03-29,2019-05-23,2019-03-29,2019-05-23,Completed,100.0,0.0,District Collectorate
SIH26017-PRJ-000527,2,Social Impact Assessment (SIA),2019-05-26,2019-09-15,2019-05-26,2020-03-15,Completed,100.0,182.0,District Collectorate
SIH26017-PRJ-000527,3,Survey & Measurement,2020-03-18,2020-05-30,2020-03-18,2020-12-16,Completed,100.0,200.0,LA Branch
SIH26017-PRJ-000527,4,Draft Declaration,2020-12-19,2021-02-09,2020-12-19,2021-03-24,Completed,100.0,43.0,District Collectorate
SIH26017-PRJ-000527,5,Final Declaration (Sec 19),2021-03-29,2021-06-08,2021-03-29,2021-07-16,Completed,100.0,38.0,District Collectorate
SIH26017-PRJ-000527,6,Award Declaration (Sec 23),2021-07-19,2021-10-25,2021-07-19,2022-05-09,Completed,100.0,196.0,Implementing Agency
SIH26017-PRJ-000527,7,Compensation Disbursement,2022-05-12,2022-09-21,2022-05-12,2023-08-25,Completed,100.0,338.0,LA Branch
SIH26017-PRJ-000527,8,Possession,2023-08-29,2023-11-14,2023-08-29,2024-03-29,Completed,100.0,136.0,District Collectorate
SIH26017-PRJ-000527,9,Mutation & Handover,2024-03-31,2024-05-25,2024-03-31,2024-09-30,Completed,100.0,128.0,LA Branch
SIH26017-PRJ-000528,1,Preliminary Notification (Sec 11),2015-12-29,2016-02-19,2015-12-29,2016-02-24,Completed,100.0,5.0,LA Branch
SIH26017-PRJ-000528,2,Social Impact Assessment (SIA),2016-02-28,2016-07-21,2016-02-28,2017-01-27,Completed,100.0,190.0,LA Branch
SIH26017-PRJ-000528,3,Survey & Measurement,2017-01-29,2017-04-23,2017-01-29,2018-04-10,Completed,100.0,352.0,Implementing Agency
SIH26017-PRJ-000528,4,Draft Declaration,2018-04-13,2018-06-13,2018-04-13,2018-12-24,Completed,100.0,194.0,LA Branch
SIH26017-PRJ-000528,5,Final Declaration (Sec 19),2018-12-28,2019-03-26,2018-12-28,2019-07-03,Completed,100.0,99.0,District Collectorate
SIH26017-PRJ-000528,6,Award Declaration (Sec 23),2019-07-09,2019-10-24,2019-07-09,2020-08-30,Completed,100.0,311.0,District Collectorate
SIH26017-PRJ-000528,7,Compensation Disbursement,2020-09-07,2021-03-13,2020-09-07,2021-12-04,Completed,100.0,266.0,District Collectorate
SIH26017-PRJ-000528,8,Possession,2021-12-08,2022-03-06,2021-12-08,2022-07-19,Completed,100.0,135.0,LA Branch
SIH26017-PRJ-000528,9,Mutation & Handover,2022-07-20,2022-10-01,2022-07-20,2023-05-23,Completed,100.0,234.0,District Collectorate
SIH26017-PRJ-000529,1,Preliminary Notification (Sec 11),2024-06-20,2024-08-16,2024-06-20,2024-08-30,Completed,100.0,14.0,Implementing Agency
SIH26017-PRJ-000529,2,Social Impact Assessment (SIA),2024-09-06,2024-12-24,2024-09-06,2025-06-14,Completed,100.0,172.0,LA Branch
SIH26017-PRJ-000529,3,Survey & Measurement,2025-06-19,2025-08-27,2025-06-19,2025-09-17,Completed,100.0,21.0,District Collectorate
SIH26017-PRJ-000529,4,Draft Declaration,2025-09-21,2025-11-07,2025-09-21,2025-12-24,Completed,100.0,47.0,Implementing Agency
SIH26017-PRJ-000529,5,Final Declaration (Sec 19),2025-12-27,2026-03-05,2025-12-27,2026-06-16,Completed,100.0,103.0,LA Branch
SIH26017-PRJ-000529,6,Award Declaration (Sec 23),2026-06-19,2026-09-18,2026-06-19,,In Progress,62.6,,LA Branch
SIH26017-PRJ-000529,7,Compensation Disbursement,2027-03-11,2027-08-05,,,Not Started,0.0,,Revenue Dept
SIH26017-PRJ-000529,8,Possession,2028-04-04,2028-06-10,,,Not Started,0.0,,Revenue Dept
SIH26017-PRJ-000529,9,Mutation & Handover,2028-10-26,2028-12-16,,,Not Started,0.0,,LA Branch
SIH26017-PRJ-000530,1,Preliminary Notification (Sec 11),2018-03-27,2018-05-20,2018-03-27,2018-06-02,Completed,100.0,13.0,District Collectorate
SIH26017-PRJ-000530,2,Social Impact Assessment (SIA),2018-06-08,2018-10-04,2018-06-08,2018-10-17,Completed,100.0,13.0,LA Branch
SIH26017-PRJ-000530,3,Survey & Measurement,2018-10-21,2019-01-06,2018-10-21,2019-05-04,Completed,100.0,118.0,District Collectorate
SIH26017-PRJ-000530,4,Draft Declaration,2019-05-10,2019-07-04,2019-05-10,2019-07-19,Completed,100.0,15.0,District Collectorate
SIH26017-PRJ-000530,5,Final Declaration (Sec 19),2019-07-24,2019-10-15,2019-07-24,2019-12-18,Completed,100.0,64.0,Implementing Agency
SIH26017-PRJ-000530,6,Award Declaration (Sec 23),2019-12-22,2020-04-20,2019-12-22,2020-10-05,Completed,100.0,168.0,District Collectorate
SIH26017-PRJ-000530,7,Compensation Disbursement,2020-10-08,2021-03-16,2020-10-08,2021-03-27,Completed,100.0,11.0,LA Branch
SIH26017-PRJ-000530,8,Possession,2021-03-28,2021-06-07,2021-03-28,2021-09-04,Completed,100.0,89.0,Revenue Dept
SIH26017-PRJ-000530,9,Mutation & Handover,2021-09-09,2021-11-12,2021-09-09,2022-01-23,Completed,100.0,72.0,LA Branch
SIH26017-PRJ-000531,1,Preliminary Notification (Sec 11),2020-08-03,2020-10-08,2020-08-03,2020-11-06,Completed,100.0,29.0,District Collectorate
SIH26017-PRJ-000531,2,Social Impact Assessment (SIA),2020-11-10,2021-03-04,2020-11-10,2021-04-30,Completed,100.0,57.0,District Collectorate
SIH26017-PRJ-000531,3,Survey & Measurement,2021-05-04,2021-07-20,2021-05-04,2021-08-10,Completed,100.0,21.0,District Collectorate
SIH26017-PRJ-000531,4,Draft Declaration,2021-08-14,2021-10-13,2021-08-14,2021-12-24,Completed,100.0,72.0,District Collectorate
SIH26017-PRJ-000531,5,Final Declaration (Sec 19),2021-12-26,2022-03-21,2021-12-26,2022-07-08,Completed,100.0,109.0,District Collectorate
SIH26017-PRJ-000531,6,Award Declaration (Sec 23),2022-07-12,2022-10-30,2022-07-12,2023-02-19,Completed,100.0,112.0,District Collectorate
SIH26017-PRJ-000531,7,Compensation Disbursement,2023-02-23,2023-08-15,2023-02-23,2024-09-18,Completed,100.0,400.0,District Collectorate
SIH26017-PRJ-000531,8,Possession,2024-09-25,2024-12-06,2024-09-25,2025-06-09,Completed,100.0,185.0,LA Branch
SIH26017-PRJ-000531,9,Mutation & Handover,2025-06-12,2025-08-17,2025-06-12,2026-03-27,Completed,100.0,222.0,District Collectorate
SIH26017-PRJ-000532,1,Preliminary Notification (Sec 11),2015-10-25,2015-12-19,2015-10-25,2016-02-09,Completed,100.0,52.0,LA Branch
SIH26017-PRJ-000532,2,Social Impact Assessment (SIA),2016-02-11,2016-05-20,2016-02-11,2016-09-06,Completed,100.0,109.0,District Collectorate
SIH26017-PRJ-000532,3,Survey & Measurement,2016-09-12,2016-11-18,2016-09-12,2017-06-27,Completed,100.0,221.0,Revenue Dept
SIH26017-PRJ-000532,4,Draft Declaration,2017-07-04,2017-09-04,2017-07-04,2018-04-27,Completed,100.0,235.0,District Collectorate
SIH26017-PRJ-000532,5,Final Declaration (Sec 19),2018-04-30,2018-07-05,2018-04-30,2018-12-29,Completed,100.0,177.0,Revenue Dept
SIH26017-PRJ-000532,6,Award Declaration (Sec 23),2019-01-04,2019-04-06,2019-01-04,2019-10-25,Completed,100.0,202.0,LA Branch
SIH26017-PRJ-000532,7,Compensation Disbursement,2019-10-30,2020-04-05,2019-10-30,2021-04-11,Completed,100.0,371.0,District Collectorate
SIH26017-PRJ-000532,8,Possession,2021-04-19,2021-07-01,2021-04-19,2022-01-20,Completed,100.0,203.0,LA Branch
SIH26017-PRJ-000532,9,Mutation & Handover,2022-01-21,2022-03-24,2022-01-21,2022-08-04,Completed,100.0,133.0,Revenue Dept
SIH26017-PRJ-000533,1,Preliminary Notification (Sec 11),2019-03-22,2019-05-20,2019-03-22,2019-04-28,Completed,100.0,-22.0,District Collectorate
SIH26017-PRJ-000533,2,Social Impact Assessment (SIA),2019-05-03,2019-09-01,2019-05-03,2019-10-27,Completed,100.0,56.0,District Collectorate
SIH26017-PRJ-000533,3,Survey & Measurement,2019-11-01,2020-01-29,2019-11-01,2020-04-20,Completed,100.0,82.0,Implementing Agency
SIH26017-PRJ-000533,4,Draft Declaration,2020-04-24,2020-06-25,2020-04-24,2020-09-16,Completed,100.0,83.0,District Collectorate
SIH26017-PRJ-000533,5,Final Declaration (Sec 19),2020-09-19,2020-12-15,2020-09-19,2021-02-04,Completed,100.0,51.0,Revenue Dept
SIH26017-PRJ-000533,6,Award Declaration (Sec 23),2021-02-10,2021-05-31,2021-02-10,2021-06-06,Completed,100.0,6.0,District Collectorate
SIH26017-PRJ-000533,7,Compensation Disbursement,2021-06-10,2021-12-06,2021-06-10,2023-12-25,Completed,100.0,749.0,District Collectorate
SIH26017-PRJ-000533,8,Possession,2023-12-29,2024-03-19,2023-12-29,2024-07-19,Completed,100.0,122.0,District Collectorate
SIH26017-PRJ-000533,9,Mutation & Handover,2024-07-22,2024-09-24,2024-07-22,2025-03-18,Completed,100.0,175.0,Revenue Dept
SIH26017-PRJ-000534,1,Preliminary Notification (Sec 11),2024-07-14,2024-09-04,2024-07-14,2024-12-01,Completed,100.0,88.0,LA Branch
SIH26017-PRJ-000534,2,Social Impact Assessment (SIA),2024-12-02,2025-04-15,2024-12-02,2025-08-16,Completed,100.0,123.0,Implementing Agency
SIH26017-PRJ-000534,3,Survey & Measurement,2025-08-19,2025-11-17,2025-08-19,2026-01-29,Completed,100.0,73.0,District Collectorate
SIH26017-PRJ-000534,4,Draft Declaration,2026-02-04,2026-04-07,2026-02-04,,In Progress,100.0,,Revenue Dept
SIH26017-PRJ-000534,5,Final Declaration (Sec 19),2026-08-22,2026-11-18,,,Not Started,0.0,,Revenue Dept
SIH26017-PRJ-000534,6,Award Declaration (Sec 23),2027-08-17,2027-11-30,,,Not Started,0.0,,LA Branch
SIH26017-PRJ-000534,7,Compensation Disbursement,2028-02-16,2028-08-04,,,Not Started,0.0,,District Collectorate
SIH26017-PRJ-000534,8,Possession,2028-09-11,2028-11-24,,,Not Started,0.0,,Revenue Dept
SIH26017-PRJ-000534,9,Mutation & Handover,2028-11-29,2029-01-31,,,Not Started,0.0,,Implementing Agency
SIH26017-PRJ-000535,1,Preliminary Notification (Sec 11),2023-09-09,2023-11-06,2023-09-09,2023-11-08,Completed,100.0,2.0,Revenue Dept
SIH26017-PRJ-000535,2,Social Impact Assessment (SIA),2023-11-12,2024-03-09,2023-11-12,2024-05-09,Completed,100.0,61.0,LA Branch
SIH26017-PRJ-000535,3,Survey & Measurement,2024-05-14,2024-07-26,2024-05-14,2024-09-11,Completed,100.0,47.0,District Collectorate
SIH26017-PRJ-000535,4,Draft Declaration,2024-09-16,2024-11-12,,,Stalled,0.0,,LA Branch
SIH26017-PRJ-000535,5,Final Declaration (Sec 19),2024-09-16,2024-11-23,,,Stalled,0.0,,Implementing Agency
SIH26017-PRJ-000535,6,Award Declaration (Sec 23),2024-09-16,2024-12-12,,,Stalled,0.0,,District Collectorate
SIH26017-PRJ-000535,7,Compensation Disbursement,2024-09-16,2025-01-27,,,Stalled,0.0,,District Collectorate
SIH26017-PRJ-000535,8,Possession,2024-09-16,2024-11-25,,,Stalled,0.0,,District Collectorate
SIH26017-PRJ-000535,9,Mutation & Handover,2024-09-16,2024-11-12,,,Stalled,0.0,,Revenue Dept
SIH26017-PRJ-000536,1,Preliminary Notification (Sec 11),2021-08-16,2021-10-17,2021-08-16,2021-12-18,Completed,100.0,62.0,District Collectorate
SIH26017-PRJ-000536,2,Social Impact Assessment (SIA),2021-12-22,2022-04-21,2021-12-22,2022-09-03,Completed,100.0,135.0,LA Branch
SIH26017-PRJ-000536,3,Survey & Measurement,2022-09-04,2022-11-24,2022-09-04,2023-05-02,Completed,100.0,159.0,LA Branch
SIH26017-PRJ-000536,4,Draft Declaration,2023-05-04,2023-07-06,2023-05-04,2023-10-31,Completed,100.0,117.0,LA Branch
SIH26017-PRJ-000536,5,Final Declaration (Sec 19),2023-11-05,2024-01-27,2023-11-05,2024-04-17,Completed,100.0,81.0,Implementing Agency
SIH26017-PRJ-000536,6,Award Declaration (Sec 23),2024-04-25,2024-08-10,2024-04-25,2025-01-26,Completed,100.0,169.0,Revenue Dept
SIH26017-PRJ-000536,7,Compensation Disbursement,2025-01-31,2025-08-02,2025-01-31,2026-01-14,Completed,100.0,165.0,LA Branch
SIH26017-PRJ-000536,8,Possession,2026-01-17,2026-04-05,2026-01-17,2026-07-11,Completed,100.0,97.0,District Collectorate
SIH26017-PRJ-000536,9,Mutation & Handover,2026-07-14,2026-09-13,2026-07-14,,In Progress,52.5,,District Collectorate
SIH26017-PRJ-000537,1,Preliminary Notification (Sec 11),2020-03-17,2020-05-11,2020-03-17,2020-05-15,Completed,100.0,4.0,District Collectorate
SIH26017-PRJ-000537,2,Social Impact Assessment (SIA),2020-05-16,2020-09-20,2020-05-16,2020-10-01,Completed,100.0,11.0,Implementing Agency
SIH26017-PRJ-000537,3,Survey & Measurement,2020-10-08,2020-12-28,2020-10-08,2021-04-05,Completed,100.0,98.0,LA Branch
SIH26017-PRJ-000537,4,Draft Declaration,2021-04-09,2021-05-30,2021-04-09,2021-08-31,Completed,100.0,93.0,LA Branch
SIH26017-PRJ-000537,5,Final Declaration (Sec 19),2021-09-03,2021-11-25,2021-09-03,2022-02-09,Completed,100.0,76.0,Revenue Dept
SIH26017-PRJ-000537,6,Award Declaration (Sec 23),2022-02-13,2022-05-22,2022-02-13,2022-07-17,Completed,100.0,56.0,District Collectorate
SIH26017-PRJ-000537,7,Compensation Disbursement,2022-07-20,2022-12-09,2022-07-20,2023-02-20,Completed,100.0,73.0,District Collectorate
SIH26017-PRJ-000537,8,Possession,2023-02-22,2023-05-19,2023-02-22,2023-09-07,Completed,100.0,111.0,Revenue Dept
SIH26017-PRJ-000537,9,Mutation & Handover,2023-09-12,2023-11-18,2023-09-12,2024-02-26,Completed,100.0,100.0,LA Branch
SIH26017-PRJ-000538,1,Preliminary Notification (Sec 11),2022-12-23,2023-02-27,2022-12-23,2023-06-02,Completed,100.0,95.0,LA Branch
SIH26017-PRJ-000538,2,Social Impact Assessment (SIA),2023-06-04,2023-10-15,2023-06-04,2024-03-11,Completed,100.0,148.0,Implementing Agency
SIH26017-PRJ-000538,3,Survey & Measurement,2024-03-18,2024-06-12,2024-03-18,2024-11-10,Completed,100.0,151.0,LA Branch
SIH26017-PRJ-000538,4,Draft Declaration,2024-11-13,2025-01-13,2024-11-13,2025-11-01,Completed,100.0,292.0,LA Branch
SIH26017-PRJ-000538,5,Final Declaration (Sec 19),2025-11-03,2026-02-03,2025-11-03,,In Progress,100.0,,LA Branch
SIH26017-PRJ-000538,6,Award Declaration (Sec 23),2027-05-13,2027-08-18,,,Not Started,0.0,,Implementing Agency
SIH26017-PRJ-000538,7,Compensation Disbursement,2029-07-03,2030-01-06,,,Not Started,0.0,,District Collectorate
SIH26017-PRJ-000538,8,Possession,2033-03-03,2033-05-28,,,Not Started,0.0,,Implementing Agency
SIH26017-PRJ-000538,9,Mutation & Handover,2034-03-07,2034-05-06,,,Not Started,0.0,,Revenue Dept
SIH26017-PRJ-000539,1,Preliminary Notification (Sec 11),2017-12-06,2018-02-01,2017-12-06,2018-02-23,Completed,100.0,22.0,District Collectorate
SIH26017-PRJ-000539,2,Social Impact Assessment (SIA),2018-02-27,2018-06-19,2018-02-27,2018-10-05,Completed,100.0,108.0,District Collectorate
SIH26017-PRJ-000539,3,Survey & Measurement,2018-10-08,2018-12-26,2018-10-08,2019-02-21,Completed,100.0,57.0,Implementing Agency
SIH26017-PRJ-000539,4,Draft Declaration,2019-02-23,2019-04-14,2019-02-23,2019-07-10,Completed,100.0,87.0,LA Branch
SIH26017-PRJ-000539,5,Final Declaration (Sec 19),2019-07-14,2019-09-30,2019-07-14,2020-11-18,Completed,100.0,415.0,District Collectorate
SIH26017-PRJ-000539,6,Award Declaration (Sec 23),2020-11-22,2021-02-23,2020-11-22,2022-12-07,Completed,100.0,652.0,LA Branch
SIH26017-PRJ-000539,7,Compensation Disbursement,2022-12-08,2023-05-03,2022-12-08,2024-09-02,Completed,100.0,488.0,Revenue Dept
SIH26017-PRJ-000539,8,Possession,2024-09-07,2024-11-24,2024-09-07,2025-03-30,Completed,100.0,126.0,Implementing Agency
SIH26017-PRJ-000539,9,Mutation & Handover,2025-04-07,2025-06-06,2025-04-07,2025-08-19,Completed,100.0,74.0,Implementing Agency
SIH26017-PRJ-000540,1,Preliminary Notification (Sec 11),2017-04-27,2017-06-16,2017-04-27,2017-10-25,Completed,100.0,131.0,District Collectorate
SIH26017-PRJ-000540,2,Social Impact Assessment (SIA),2017-10-27,2018-02-17,2017-10-27,2018-03-27,Completed,100.0,38.0,Revenue Dept
SIH26017-PRJ-000540,3,Survey & Measurement,2018-03-30,2018-06-17,2018-03-30,2018-08-12,Completed,100.0,56.0,Implementing Agency
SIH26017-PRJ-000540,4,Draft Declaration,2018-08-18,2018-10-08,2018-08-18,2018-12-04,Completed,100.0,57.0,Implementing Agency
SIH26017-PRJ-000540,5,Final Declaration (Sec 19),2018-12-06,2019-02-09,2018-12-06,2019-03-21,Completed,100.0,40.0,Implementing Agency
SIH26017-PRJ-000540,6,Award Declaration (Sec 23),2019-03-24,2019-06-25,2019-03-24,2019-05-27,Completed,100.0,-29.0,Implementing Agency
SIH26017-PRJ-000540,7,Compensation Disbursement,2019-05-31,2019-10-22,2019-05-31,2019-12-09,Completed,100.0,48.0,District Collectorate
SIH26017-PRJ-000540,8,Possession,2019-12-14,2020-02-21,2019-12-14,2020-02-09,Completed,100.0,-12.0,Implementing Agency
SIH26017-PRJ-000540,9,Mutation & Handover,2020-02-13,2020-04-07,2020-02-13,2020-04-02,Completed,100.0,-5.0,LA Branch
SIH26017-PRJ-000541,1,Preliminary Notification (Sec 11),2018-07-18,2018-09-07,2018-07-18,2018-10-16,Completed,100.0,39.0,District Collectorate
SIH26017-PRJ-000541,2,Social Impact Assessment (SIA),2018-10-18,2019-02-06,2018-10-18,2019-05-17,Completed,100.0,100.0,District Collectorate
SIH26017-PRJ-000541,3,Survey & Measurement,2019-05-18,2019-07-27,2019-05-18,2019-10-13,Completed,100.0,78.0,District Collectorate
SIH26017-PRJ-000541,4,Draft Declaration,2019-10-18,2019-12-09,2019-10-18,2020-03-07,Completed,100.0,89.0,LA Branch
SIH26017-PRJ-000541,5,Final Declaration (Sec 19),2020-03-14,2020-05-23,2020-03-14,2020-12-15,Completed,100.0,206.0,LA Branch
SIH26017-PRJ-000541,6,Award Declaration (Sec 23),2020-12-19,2021-03-24,2020-12-19,2021-12-08,Completed,100.0,259.0,District Collectorate
SIH26017-PRJ-000541,7,Compensation Disbursement,2021-12-11,2022-04-16,2021-12-11,2023-06-10,Completed,100.0,420.0,Implementing Agency
SIH26017-PRJ-000541,8,Possession,2023-06-15,2023-08-31,2023-06-15,2024-03-09,Completed,100.0,191.0,Implementing Agency
SIH26017-PRJ-000541,9,Mutation & Handover,2024-03-10,2024-04-28,2024-03-10,2024-07-04,Completed,100.0,67.0,LA Branch
SIH26017-PRJ-000542,1,Preliminary Notification (Sec 11),2017-12-22,2018-02-20,2017-12-22,2018-03-25,Completed,100.0,33.0,Revenue Dept
SIH26017-PRJ-000542,2,Social Impact Assessment (SIA),2018-03-30,2018-08-04,2018-03-30,2019-01-12,Completed,100.0,161.0,Revenue Dept
SIH26017-PRJ-000542,3,Survey & Measurement,2019-01-16,2019-04-09,2019-01-16,2019-09-30,Completed,100.0,174.0,District Collectorate
SIH26017-PRJ-000542,4,Draft Declaration,2019-10-05,2019-12-08,2019-10-05,2020-01-29,Completed,100.0,52.0,LA Branch
SIH26017-PRJ-000542,5,Final Declaration (Sec 19),2020-01-31,2020-04-23,2020-01-31,2020-09-16,Completed,100.0,146.0,LA Branch
SIH26017-PRJ-000542,6,Award Declaration (Sec 23),2020-09-20,2020-12-29,,,Stalled,0.0,,District Collectorate
SIH26017-PRJ-000542,7,Compensation Disbursement,2020-09-20,2021-03-14,,,Stalled,0.0,,LA Branch
SIH26017-PRJ-000542,8,Possession,2020-09-20,2020-12-09,,,Stalled,0.0,,Revenue Dept
SIH26017-PRJ-000542,9,Mutation & Handover,2020-09-20,2020-11-14,,,Stalled,0.0,,Revenue Dept
SIH26017-PRJ-000543,1,Preliminary Notification (Sec 11),2020-11-07,2021-01-08,2020-11-07,2021-03-02,Completed,100.0,53.0,Revenue Dept
SIH26017-PRJ-000543,2,Social Impact Assessment (SIA),2021-03-03,2021-06-27,2021-03-03,2021-11-01,Completed,100.0,127.0,Implementing Agency
SIH26017-PRJ-000543,3,Survey & Measurement,2021-11-03,2022-01-26,2021-11-03,2022-06-05,Completed,100.0,130.0,Implementing Agency
SIH26017-PRJ-000543,4,Draft Declaration,2022-06-08,2022-08-09,2022-06-08,2022-12-23,Completed,100.0,136.0,District Collectorate
SIH26017-PRJ-000543,5,Final Declaration (Sec 19),2022-12-30,2023-03-24,2022-12-30,2023-12-05,Completed,100.0,256.0,Implementing Agency
SIH26017-PRJ-000543,6,Award Declaration (Sec 23),2023-12-06,2024-03-15,2023-12-06,2025-06-03,Completed,100.0,445.0,District Collectorate
SIH26017-PRJ-000543,7,Compensation Disbursement,2025-06-07,2025-11-23,2025-06-07,,In Progress,100.0,,LA Branch
SIH26017-PRJ-000543,8,Possession,2029-02-21,2029-05-06,,,Not Started,0.0,,LA Branch
SIH26017-PRJ-000543,9,Mutation & Handover,2029-09-12,2029-11-11,,,Not Started,0.0,,LA Branch
SIH26017-PRJ-000544,1,Preliminary Notification (Sec 11),2021-05-29,2021-07-26,2021-05-29,2021-08-06,Completed,100.0,11.0,LA Branch
SIH26017-PRJ-000544,2,Social Impact Assessment (SIA),2021-08-07,2021-11-20,2021-08-07,2021-10-31,Completed,100.0,-20.0,LA Branch
SIH26017-PRJ-000544,3,Survey & Measurement,2021-11-01,2022-01-03,2021-11-01,2022-02-11,Completed,100.0,39.0,District Collectorate
SIH26017-PRJ-000544,4,Draft Declaration,2022-02-17,2022-04-18,2022-02-17,2022-04-05,Completed,100.0,-13.0,Revenue Dept
SIH26017-PRJ-000544,5,Final Declaration (Sec 19),2022-04-11,2022-06-23,2022-04-11,2023-01-24,Completed,100.0,215.0,District Collectorate
SIH26017-PRJ-000544,6,Award Declaration (Sec 23),2023-01-28,2023-04-27,2023-01-28,2023-10-11,Completed,100.0,167.0,Revenue Dept
SIH26017-PRJ-000544,7,Compensation Disbursement,2023-10-15,2024-04-08,2023-10-15,2024-07-31,Completed,100.0,114.0,Revenue Dept
SIH26017-PRJ-000544,8,Possession,2024-08-04,2024-10-11,2024-08-04,2024-11-02,Completed,100.0,22.0,District Collectorate
SIH26017-PRJ-000544,9,Mutation & Handover,2024-11-11,2025-01-08,2024-11-11,2025-02-04,Completed,100.0,27.0,LA Branch
SIH26017-PRJ-000545,1,Preliminary Notification (Sec 11),2015-06-30,2015-08-29,2015-06-30,2015-11-09,Completed,100.0,72.0,District Collectorate
SIH26017-PRJ-000545,2,Social Impact Assessment (SIA),2015-11-17,2016-03-19,2015-11-17,2016-08-21,Completed,100.0,155.0,LA Branch
SIH26017-PRJ-000545,3,Survey & Measurement,2016-08-22,2016-11-19,2016-08-22,2017-03-10,Completed,100.0,111.0,District Collectorate
SIH26017-PRJ-000545,4,Draft Declaration,2017-03-12,2017-05-27,2017-03-12,2017-08-11,Completed,100.0,76.0,District Collectorate
SIH26017-PRJ-000545,5,Final Declaration (Sec 19),2017-08-15,2017-11-14,2017-08-15,2018-03-31,Completed,100.0,137.0,Revenue Dept
SIH26017-PRJ-000545,6,Award Declaration (Sec 23),2018-04-05,2018-08-17,2018-04-05,2019-01-27,Completed,100.0,163.0,Implementing Agency
SIH26017-PRJ-000545,7,Compensation Disbursement,2019-01-31,2019-07-30,2019-01-31,2020-04-23,Completed,100.0,268.0,District Collectorate
SIH26017-PRJ-000545,8,Possession,2020-04-28,2020-07-07,,,Stalled,0.0,,LA Branch
SIH26017-PRJ-000545,9,Mutation & Handover,2020-04-28,2020-07-01,,,Stalled,0.0,,LA Branch
SIH26017-PRJ-000546,1,Preliminary Notification (Sec 11),2022-04-02,2022-05-20,2022-04-02,2022-05-15,Completed,100.0,-5.0,Implementing Agency
SIH26017-PRJ-000546,2,Social Impact Assessment (SIA),2022-05-19,2022-08-25,2022-05-19,2022-07-24,Completed,100.0,-32.0,Revenue Dept
SIH26017-PRJ-000546,3,Survey & Measurement,2022-07-28,2022-10-06,2022-07-28,2022-12-01,Completed,100.0,56.0,District Collectorate
SIH26017-PRJ-000546,4,Draft Declaration,2022-12-06,2023-01-28,2022-12-06,2023-04-06,Completed,100.0,68.0,District Collectorate
SIH26017-PRJ-000546,5,Final Declaration (Sec 19),2023-04-09,2023-06-24,2023-04-09,2024-01-05,Completed,100.0,195.0,Revenue Dept
SIH26017-PRJ-000546,6,Award Declaration (Sec 23),2024-01-11,2024-04-11,2024-01-11,2025-06-04,Completed,100.0,419.0,Revenue Dept
SIH26017-PRJ-000546,7,Compensation Disbursement,2025-06-05,2025-11-08,2025-06-05,2026-04-01,Completed,100.0,144.0,District Collectorate
SIH26017-PRJ-000546,8,Possession,2026-04-03,2026-06-03,2026-04-03,,In Progress,100.0,,Implementing Agency
SIH26017-PRJ-000546,9,Mutation & Handover,2026-10-31,2026-12-19,,,Not Started,0.0,,LA Branch
SIH26017-PRJ-000547,1,Preliminary Notification (Sec 11),2016-03-16,2016-05-09,2016-03-16,2016-07-10,Completed,100.0,62.0,LA Branch
SIH26017-PRJ-000547,2,Social Impact Assessment (SIA),2016-07-12,2016-11-04,2016-07-12,2016-12-01,Completed,100.0,27.0,LA Branch
SIH26017-PRJ-000547,3,Survey & Measurement,2016-12-07,2017-03-03,,,Stalled,0.0,,LA Branch
SIH26017-PRJ-000547,4,Draft Declaration,2016-12-07,2017-01-31,,,Stalled,0.0,,District Collectorate
SIH26017-PRJ-000547,5,Final Declaration (Sec 19),2016-12-07,2017-02-22,,,Stalled,0.0,,Implementing Agency
SIH26017-PRJ-000547,6,Award Declaration (Sec 23),2016-12-07,2017-03-11,,,Stalled,0.0,,District Collectorate
SIH26017-PRJ-000547,7,Compensation Disbursement,2016-12-07,2017-05-12,,,Stalled,0.0,,District Collectorate
SIH26017-PRJ-000547,8,Possession,2016-12-07,2017-02-21,,,Stalled,0.0,,District Collectorate
SIH26017-PRJ-000547,9,Mutation & Handover,2016-12-07,2017-01-30,,,Stalled,0.0,,Implementing Agency
SIH26017-PRJ-000548,1,Preliminary Notification (Sec 11),2017-10-20,2017-12-14,2017-10-20,2017-12-09,Completed,100.0,-5.0,District Collectorate
SIH26017-PRJ-000548,2,Social Impact Assessment (SIA),2017-12-14,2018-04-09,2017-12-14,2018-02-22,Completed,100.0,-46.0,LA Branch
SIH26017-PRJ-000548,3,Survey & Measurement,2018-02-26,2018-05-03,2018-02-26,2018-04-28,Completed,100.0,-5.0,Implementing Agency
SIH26017-PRJ-000548,4,Draft Declaration,2018-05-03,2018-06-28,2018-05-03,2018-06-27,Completed,100.0,-1.0,LA Branch
SIH26017-PRJ-000548,5,Final Declaration (Sec 19),2018-06-30,2018-09-16,2018-06-30,2018-09-04,Completed,100.0,-12.0,Implementing Agency
SIH26017-PRJ-000548,6,Award Declaration (Sec 23),2018-09-10,2018-12-04,2018-09-10,2018-12-28,Completed,100.0,24.0,District Collectorate
SIH26017-PRJ-000548,7,Compensation Disbursement,2018-12-30,2019-06-15,2018-12-30,2019-05-03,Completed,100.0,-43.0,LA Branch
SIH26017-PRJ-000548,8,Possession,2019-05-07,2019-07-21,2019-05-07,2019-08-20,Completed,100.0,30.0,Implementing Agency
SIH26017-PRJ-000548,9,Mutation & Handover,2019-08-24,2019-10-18,2019-08-24,2019-09-28,Completed,100.0,-20.0,LA Branch
SIH26017-PRJ-000549,1,Preliminary Notification (Sec 11),2019-06-21,2019-08-28,2019-06-21,2019-12-04,Completed,100.0,98.0,Implementing Agency
SIH26017-PRJ-000549,2,Social Impact Assessment (SIA),2019-12-07,2020-04-09,2019-12-07,2020-10-16,Completed,100.0,190.0,District Collectorate
SIH26017-PRJ-000549,3,Survey & Measurement,2020-10-21,2021-01-27,2020-10-21,2021-03-17,Completed,100.0,49.0,District Collectorate
SIH26017-PRJ-000549,4,Draft Declaration,2021-03-18,2021-05-25,2021-03-18,2021-08-20,Completed,100.0,87.0,Revenue Dept
SIH26017-PRJ-000549,5,Final Declaration (Sec 19),2021-08-23,2021-11-15,2021-08-23,2022-02-07,Completed,100.0,84.0,Revenue Dept
SIH26017-PRJ-000549,6,Award Declaration (Sec 23),2022-02-13,2022-06-11,2022-02-13,2024-04-04,Completed,100.0,663.0,District Collectorate
SIH26017-PRJ-000549,7,Compensation Disbursement,2024-04-05,2024-09-20,2024-04-05,,In Progress,100.0,,Revenue Dept
SIH26017-PRJ-000549,8,Possession,2027-02-09,2027-05-10,,,Not Started,0.0,,Revenue Dept
SIH26017-PRJ-000549,9,Mutation & Handover,2028-07-18,2028-09-14,,,Not Started,0.0,,District Collectorate
SIH26017-PRJ-000550,1,Preliminary Notification (Sec 11),2023-02-08,2023-04-01,2023-02-08,2023-05-07,Completed,100.0,36.0,District Collectorate
SIH26017-PRJ-000550,2,Social Impact Assessment (SIA),2023-05-10,2023-08-30,2023-05-10,2025-05-22,Completed,100.0,631.0,Implementing Agency
SIH26017-PRJ-000550,3,Survey & Measurement,2025-05-26,2025-08-09,2025-05-26,,In Progress,100.0,,LA Branch
SIH26017-PRJ-000550,4,Draft Declaration,2026-12-09,2027-02-06,,,Not Started,0.0,,Revenue Dept
SIH26017-PRJ-000550,5,Final Declaration (Sec 19),2027-07-18,2027-09-30,,,Stalled,0.0,,District Collectorate
SIH26017-PRJ-000550,6,Award Declaration (Sec 23),2027-07-18,2027-10-07,,,Stalled,0.0,,LA Branch
SIH26017-PRJ-000550,7,Compensation Disbursement,2027-07-18,2027-12-02,,,Stalled,0.0,,Implementing Agency
SIH26017-PRJ-000550,8,Possession,2027-07-18,2027-09-27,,,Stalled,0.0,,District Collectorate
SIH26017-PRJ-000550,9,Mutation & Handover,2027-07-18,2027-09-13,,,Stalled,0.0,,LA Branch
SIH26017-PRJ-000551,1,Preliminary Notification (Sec 11),2023-04-05,2023-05-27,2023-04-05,2023-06-01,Completed,100.0,5.0,Implementing Agency
SIH26017-PRJ-000551,2,Social Impact Assessment (SIA),2023-06-07,2023-09-30,2023-06-07,2024-03-08,Completed,100.0,160.0,District Collectorate
SIH26017-PRJ-000551,3,Survey & Measurement,2024-03-10,2024-05-27,2024-03-10,2024-09-09,Completed,100.0,105.0,District Collectorate
SIH26017-PRJ-000551,4,Draft Declaration,2024-09-12,2024-11-04,2024-09-12,2025-01-20,Completed,100.0,77.0,Revenue Dept
SIH26017-PRJ-000551,5,Final Declaration (Sec 19),2025-01-25,2025-04-12,2025-01-25,2025-10-23,Completed,100.0,194.0,LA Branch
SIH26017-PRJ-000551,6,Award Declaration (Sec 23),2025-10-26,2026-01-25,2025-10-26,,In Progress,100.0,,LA Branch
SIH26017-PRJ-000551,7,Compensation Disbursement,2027-10-30,2028-04-04,,,Not Started,0.0,,Revenue Dept
SIH26017-PRJ-000551,8,Possession,2029-03-24,2029-06-12,,,Stalled,0.0,,District Collectorate
SIH26017-PRJ-000551,9,Mutation & Handover,2029-03-24,2029-05-16,,,Stalled,0.0,,LA Branch
SIH26017-PRJ-000552,1,Preliminary Notification (Sec 11),2017-09-27,2017-12-01,2017-09-27,2017-10-30,Completed,100.0,-32.0,District Collectorate
SIH26017-PRJ-000552,2,Social Impact Assessment (SIA),2017-11-02,2018-02-22,2017-11-02,2017-12-28,Completed,100.0,-56.0,District Collectorate
SIH26017-PRJ-000552,3,Survey & Measurement,2017-12-30,2018-03-14,2017-12-30,2018-02-18,Completed,100.0,-24.0,District Collectorate
SIH26017-PRJ-000552,4,Draft Declaration,2018-02-19,2018-04-17,2018-02-19,2018-04-08,Completed,100.0,-9.0,Implementing Agency
SIH26017-PRJ-000552,5,Final Declaration (Sec 19),2018-04-12,2018-07-10,2018-04-12,2018-06-04,Completed,100.0,-36.0,District Collectorate
SIH26017-PRJ-000552,6,Award Declaration (Sec 23),2018-06-07,2018-09-11,2018-06-07,2018-07-30,Completed,100.0,-43.0,Implementing Agency
SIH26017-PRJ-000552,7,Compensation Disbursement,2018-08-02,2019-01-09,2018-08-02,2018-12-30,Completed,100.0,-10.0,LA Branch
SIH26017-PRJ-000552,8,Possession,2019-01-02,2019-03-15,2019-01-02,2019-02-07,Completed,100.0,-36.0,LA Branch
SIH26017-PRJ-000552,9,Mutation & Handover,2019-02-11,2019-04-10,2019-02-11,2019-03-12,Completed,100.0,-29.0,Revenue Dept
SIH26017-PRJ-000553,1,Preliminary Notification (Sec 11),2020-11-08,2021-01-02,2020-11-08,2021-03-22,Completed,100.0,79.0,LA Branch
SIH26017-PRJ-000553,2,Social Impact Assessment (SIA),2021-03-26,2021-07-17,2021-03-26,2022-01-16,Completed,100.0,183.0,District Collectorate
SIH26017-PRJ-000553,3,Survey & Measurement,2022-01-21,2022-04-09,2022-01-21,2022-05-16,Completed,100.0,37.0,District Collectorate
SIH26017-PRJ-000553,4,Draft Declaration,2022-05-19,2022-07-04,2022-05-19,2022-07-24,Completed,100.0,20.0,LA Branch
SIH26017-PRJ-000553,5,Final Declaration (Sec 19),2022-07-30,2022-10-11,2022-07-30,2022-12-18,Completed,100.0,68.0,District Collectorate
SIH26017-PRJ-000553,6,Award Declaration (Sec 23),2022-12-19,2023-03-30,2022-12-19,2023-03-11,Completed,100.0,-19.0,LA Branch
SIH26017-PRJ-000553,7,Compensation Disbursement,2023-03-16,2023-08-28,2023-03-16,2023-07-22,Completed,100.0,-37.0,District Collectorate
SIH26017-PRJ-000553,8,Possession,2023-07-28,2023-10-09,2023-07-28,2023-12-15,Completed,100.0,67.0,Implementing Agency
SIH26017-PRJ-000553,9,Mutation & Handover,2023-12-20,2024-02-19,2023-12-20,2024-03-31,Completed,100.0,41.0,District Collectorate
SIH26017-PRJ-000554,1,Preliminary Notification (Sec 11),2015-08-30,2015-10-22,2015-08-30,2016-02-25,Completed,100.0,126.0,Revenue Dept
SIH26017-PRJ-000554,2,Social Impact Assessment (SIA),2016-02-26,2016-06-10,2016-02-26,2016-12-13,Completed,100.0,186.0,LA Branch
SIH26017-PRJ-000554,3,Survey & Measurement,2016-12-14,2017-02-23,2016-12-14,2017-06-03,Completed,100.0,100.0,Implementing Agency
SIH26017-PRJ-000554,4,Draft Declaration,2017-06-04,2017-07-30,2017-06-04,2018-05-03,Completed,100.0,277.0,Revenue Dept
SIH26017-PRJ-000554,5,Final Declaration (Sec 19),2018-05-06,2018-07-12,2018-05-06,2018-10-01,Completed,100.0,81.0,District Collectorate
SIH26017-PRJ-000554,6,Award Declaration (Sec 23),2018-10-07,2018-12-27,2018-10-07,2019-06-19,Completed,100.0,174.0,LA Branch
SIH26017-PRJ-000554,7,Compensation Disbursement,2019-06-23,2019-11-14,2019-06-23,2021-04-02,Completed,100.0,505.0,District Collectorate
SIH26017-PRJ-000554,8,Possession,2021-04-04,2021-06-04,,,Stalled,0.0,,District Collectorate
SIH26017-PRJ-000554,9,Mutation & Handover,2021-04-04,2021-05-26,,,Stalled,0.0,,Implementing Agency
SIH26017-PRJ-000555,1,Preliminary Notification (Sec 11),2024-04-21,2024-06-18,2024-04-21,2024-06-21,Completed,100.0,3.0,Revenue Dept
SIH26017-PRJ-000555,2,Social Impact Assessment (SIA),2024-06-29,2024-10-14,2024-06-29,2024-11-16,Completed,100.0,33.0,LA Branch
SIH26017-PRJ-000555,3,Survey & Measurement,2024-11-17,2025-02-09,2024-11-17,2025-04-13,Completed,100.0,63.0,Revenue Dept
SIH26017-PRJ-000555,4,Draft Declaration,2025-04-16,2025-06-16,2025-04-16,2025-08-29,Completed,100.0,74.0,District Collectorate
SIH26017-PRJ-000555,5,Final Declaration (Sec 19),2025-09-05,2025-11-07,2025-09-05,2026-07-27,Completed,100.0,262.0,Revenue Dept
SIH26017-PRJ-000555,6,Award Declaration (Sec 23),2026-08-03,2026-11-15,2026-08-03,,In Progress,11.5,,District Collectorate
SIH26017-PRJ-000555,7,Compensation Disbursement,2027-04-08,2027-09-09,,,Not Started,0.0,,LA Branch
SIH26017-PRJ-000555,8,Possession,2028-10-18,2028-12-23,,,Not Started,0.0,,Revenue Dept
SIH26017-PRJ-000555,9,Mutation & Handover,2029-05-21,2029-07-17,,,Not Started,0.0,,LA Branch
SIH26017-PRJ-000556,1,Preliminary Notification (Sec 11),2021-12-25,2022-02-25,2021-12-25,2022-02-22,Completed,100.0,-3.0,District Collectorate
SIH26017-PRJ-000556,2,Social Impact Assessment (SIA),2022-02-28,2022-06-30,2022-02-28,2022-11-22,Completed,100.0,145.0,Implementing Agency
SIH26017-PRJ-000556,3,Survey & Measurement,2022-11-29,2023-02-19,2022-11-29,2023-03-19,Completed,100.0,28.0,LA Branch
SIH26017-PRJ-000556,4,Draft Declaration,2023-03-24,2023-05-25,2023-03-24,2023-06-14,Completed,100.0,20.0,Implementing Agency
SIH26017-PRJ-000556,5,Final Declaration (Sec 19),2023-06-18,2023-09-05,2023-06-18,2023-10-16,Completed,100.0,41.0,District Collectorate
SIH26017-PRJ-000556,6,Award Declaration (Sec 23),2023-10-17,2024-02-09,2023-10-17,2024-01-25,Completed,100.0,-15.0,District Collectorate
SIH26017-PRJ-000556,7,Compensation Disbursement,2024-01-30,2024-07-20,2024-01-30,2024-10-06,Completed,100.0,78.0,Revenue Dept
SIH26017-PRJ-000556,8,Possession,2024-10-13,2025-01-08,2024-10-13,2025-05-21,Completed,100.0,133.0,District Collectorate
SIH26017-PRJ-000556,9,Mutation & Handover,2025-05-25,2025-07-24,,,Stalled,0.0,,LA Branch
SIH26017-PRJ-000557,1,Preliminary Notification (Sec 11),2018-07-15,2018-09-20,2018-07-15,2018-11-03,Completed,100.0,44.0,District Collectorate
SIH26017-PRJ-000557,2,Social Impact Assessment (SIA),2018-11-05,2019-03-13,,,Stalled,0.0,,Revenue Dept
SIH26017-PRJ-000557,3,Survey & Measurement,2018-11-05,2019-02-09,,,Stalled,0.0,,Revenue Dept
SIH26017-PRJ-000557,4,Draft Declaration,2018-11-05,2019-01-16,,,Stalled,0.0,,District Collectorate
SIH26017-PRJ-000557,5,Final Declaration (Sec 19),2018-11-05,2019-02-06,,,Stalled,0.0,,District Collectorate
SIH26017-PRJ-000557,6,Award Declaration (Sec 23),2018-11-05,2019-02-17,,,Stalled,0.0,,District Collectorate
SIH26017-PRJ-000557,7,Compensation Disbursement,2018-11-05,2019-04-27,,,Stalled,0.0,,LA Branch
SIH26017-PRJ-000557,8,Possession,2018-11-05,2019-01-31,,,Stalled,0.0,,LA Branch
SIH26017-PRJ-000557,9,Mutation & Handover,2018-11-05,2019-01-08,,,Stalled,0.0,,District Collectorate
SIH26017-PRJ-000558,1,Preliminary Notification (Sec 11),2020-01-30,2020-04-03,2020-01-30,2020-04-19,Completed,100.0,16.0,District Collectorate
SIH26017-PRJ-000558,2,Social Impact Assessment (SIA),2020-04-24,2020-09-01,2020-04-24,2020-09-27,Completed,100.0,26.0,District Collectorate
SIH26017-PRJ-000558,3,Survey & Measurement,2020-09-29,2020-12-13,2020-09-29,2020-11-24,Completed,100.0,-19.0,Implementing Agency
SIH26017-PRJ-000558,4,Draft Declaration,2020-12-03,2021-02-04,2020-12-03,2021-02-15,Completed,100.0,11.0,District Collectorate
SIH26017-PRJ-000558,5,Final Declaration (Sec 19),2021-02-16,2021-04-27,2021-02-16,2021-09-16,Completed,100.0,142.0,District Collectorate
SIH26017-PRJ-000558,6,Award Declaration (Sec 23),2021-09-17,2022-01-05,2021-09-17,2022-08-05,Completed,100.0,212.0,District Collectorate
SIH26017-PRJ-000558,7,Compensation Disbursement,2022-08-09,2023-01-25,2022-08-09,2023-08-03,Completed,100.0,190.0,LA Branch
SIH26017-PRJ-000558,8,Possession,2023-08-08,2023-11-04,2023-08-08,2023-12-20,Completed,100.0,46.0,District Collectorate
SIH26017-PRJ-000558,9,Mutation & Handover,2023-12-24,2024-02-17,2023-12-24,2024-04-07,Completed,100.0,50.0,District Collectorate
SIH26017-PRJ-000559,1,Preliminary Notification (Sec 11),2024-08-21,2024-10-26,2024-08-21,2024-11-20,Completed,100.0,25.0,District Collectorate
SIH26017-PRJ-000559,2,Social Impact Assessment (SIA),2024-11-22,2025-03-31,2024-11-22,2025-06-15,Completed,100.0,76.0,District Collectorate
SIH26017-PRJ-000559,3,Survey & Measurement,2025-06-22,2025-09-14,2025-06-22,2026-01-15,Completed,100.0,123.0,District Collectorate
SIH26017-PRJ-000559,4,Draft Declaration,2026-01-19,2026-03-28,2026-01-19,2026-07-14,Completed,100.0,108.0,District Collectorate
SIH26017-PRJ-000559,5,Final Declaration (Sec 19),2026-07-18,2026-10-17,2026-07-18,,In Progress,30.8,,LA Branch
SIH26017-PRJ-000559,6,Award Declaration (Sec 23),2026-12-08,2027-04-07,,,Not Started,0.0,,District Collectorate
SIH26017-PRJ-000559,7,Compensation Disbursement,2028-02-21,2028-08-05,,,Not Started,0.0,,LA Branch
SIH26017-PRJ-000559,8,Possession,2030-07-23,2030-10-21,,,Not Started,0.0,,District Collectorate
SIH26017-PRJ-000559,9,Mutation & Handover,2031-09-28,2031-12-01,,,Not Started,0.0,,LA Branch
SIH26017-PRJ-000560,1,Preliminary Notification (Sec 11),2016-11-25,2017-01-17,2016-11-25,2017-04-16,Completed,100.0,89.0,LA Branch
SIH26017-PRJ-000560,2,Social Impact Assessment (SIA),2017-04-19,2017-07-31,2017-04-19,2017-09-25,Completed,100.0,56.0,LA Branch
SIH26017-PRJ-000560,3,Survey & Measurement,2017-09-29,2017-12-22,2017-09-29,2018-03-14,Completed,100.0,82.0,District Collectorate
SIH26017-PRJ-000560,4,Draft Declaration,2018-03-20,2018-05-09,2018-03-20,2018-06-29,Completed,100.0,51.0,LA Branch
SIH26017-PRJ-000560,5,Final Declaration (Sec 19),2018-07-06,2018-09-25,2018-07-06,2018-09-19,Completed,100.0,-6.0,Revenue Dept
SIH26017-PRJ-000560,6,Award Declaration (Sec 23),2018-09-24,2019-01-01,2018-09-24,2019-05-27,Completed,100.0,146.0,District Collectorate
SIH26017-PRJ-000560,7,Compensation Disbursement,2019-06-01,2019-10-22,2019-06-01,2020-09-11,Completed,100.0,325.0,LA Branch
SIH26017-PRJ-000560,8,Possession,2020-09-15,2020-12-01,2020-09-15,2021-06-04,Completed,100.0,185.0,District Collectorate
SIH26017-PRJ-000560,9,Mutation & Handover,2021-06-08,2021-07-30,2021-06-08,2022-03-06,Completed,100.0,219.0,Implementing Agency
SIH26017-PRJ-000561,1,Preliminary Notification (Sec 11),2023-11-22,2024-01-19,2023-11-22,2024-02-04,Completed,100.0,16.0,District Collectorate
SIH26017-PRJ-000561,2,Social Impact Assessment (SIA),2024-02-05,2024-06-18,2024-02-05,2024-07-14,Completed,100.0,26.0,District Collectorate
SIH26017-PRJ-000561,3,Survey & Measurement,2024-07-17,2024-09-28,2024-07-17,2024-10-10,Completed,100.0,12.0,Implementing Agency
SIH26017-PRJ-000561,4,Draft Declaration,2024-10-15,2024-12-16,,,Stalled,0.0,,Implementing Agency
SIH26017-PRJ-000561,5,Final Declaration (Sec 19),2024-10-15,2025-01-11,,,Stalled,0.0,,LA Branch
SIH26017-PRJ-000561,6,Award Declaration (Sec 23),2024-10-15,2025-01-20,,,Stalled,0.0,,District Collectorate
SIH26017-PRJ-000561,7,Compensation Disbursement,2024-10-15,2025-03-24,,,Stalled,0.0,,Revenue Dept
SIH26017-PRJ-000561,8,Possession,2024-10-15,2024-12-26,,,Stalled,0.0,,Revenue Dept
SIH26017-PRJ-000561,9,Mutation & Handover,2024-10-15,2024-12-02,,,Stalled,0.0,,District Collectorate
SIH26017-PRJ-000562,1,Preliminary Notification (Sec 11),2020-08-31,2020-10-24,2020-08-31,2020-12-09,Completed,100.0,46.0,Revenue Dept
SIH26017-PRJ-000562,2,Social Impact Assessment (SIA),2020-12-10,2021-04-09,,,Stalled,0.0,,LA Branch
SIH26017-PRJ-000562,3,Survey & Measurement,2020-12-10,2021-02-26,,,Stalled,0.0,,LA Branch
SIH26017-PRJ-000562,4,Draft Declaration,2020-12-10,2021-02-01,,,Stalled,0.0,,District Collectorate
SIH26017-PRJ-000562,5,Final Declaration (Sec 19),2020-12-10,2021-02-20,,,Stalled,0.0,,Revenue Dept
SIH26017-PRJ-000562,6,Award Declaration (Sec 23),2020-12-10,2021-03-17,,,Stalled,0.0,,Implementing Agency
SIH26017-PRJ-000562,7,Compensation Disbursement,2020-12-10,2021-04-13,,,Stalled,0.0,,Revenue Dept
SIH26017-PRJ-000562,8,Possession,2020-12-10,2021-02-28,,,Stalled,0.0,,Implementing Agency
SIH26017-PRJ-000562,9,Mutation & Handover,2020-12-10,2021-02-10,,,Stalled,0.0,,Revenue Dept
SIH26017-PRJ-000563,1,Preliminary Notification (Sec 11),2022-06-16,2022-08-20,2022-06-16,2022-08-12,Completed,100.0,-8.0,District Collectorate
SIH26017-PRJ-000563,2,Social Impact Assessment (SIA),2022-08-18,2022-12-27,,,Stalled,0.0,,Revenue Dept
SIH26017-PRJ-000563,3,Survey & Measurement,2022-08-18,2022-11-13,,,Stalled,0.0,,District Collectorate
SIH26017-PRJ-000563,4,Draft Declaration,2022-08-18,2022-10-28,,,Stalled,0.0,,LA Branch
SIH26017-PRJ-000563,5,Final Declaration (Sec 19),2022-08-18,2022-11-16,,,Stalled,0.0,,Implementing Agency
SIH26017-PRJ-000563,6,Award Declaration (Sec 23),2022-08-18,2022-12-19,,,Stalled,0.0,,Revenue Dept
SIH26017-PRJ-000563,7,Compensation Disbursement,2022-08-18,2023-02-16,,,Stalled,0.0,,LA Branch
SIH26017-PRJ-000563,8,Possession,2022-08-18,2022-10-29,,,Stalled,0.0,,LA Branch
SIH26017-PRJ-000563,9,Mutation & Handover,2022-08-18,2022-10-27,,,Stalled,0.0,,District Collectorate
SIH26017-PRJ-000564,1,Preliminary Notification (Sec 11),2020-04-27,2020-06-22,2020-04-27,2020-09-30,Completed,100.0,100.0,Revenue Dept
SIH26017-PRJ-000564,2,Social Impact Assessment (SIA),2020-10-02,2021-02-21,2020-10-02,2021-07-10,Completed,100.0,139.0,LA Branch
SIH26017-PRJ-000564,3,Survey & Measurement,2021-07-11,2021-09-29,,,Stalled,0.0,,District Collectorate
SIH26017-PRJ-000564,4,Draft Declaration,2021-07-11,2021-09-09,,,Stalled,0.0,,Implementing Agency
SIH26017-PRJ-000564,5,Final Declaration (Sec 19),2021-07-11,2021-10-01,,,Stalled,0.0,,Revenue Dept
SIH26017-PRJ-000564,6,Award Declaration (Sec 23),2021-07-11,2021-11-01,,,Stalled,0.0,,District Collectorate
SIH26017-PRJ-000564,7,Compensation Disbursement,2021-07-11,2021-12-29,,,Stalled,0.0,,LA Branch
SIH26017-PRJ-000564,8,Possession,2021-07-11,2021-10-02,,,Stalled,0.0,,Implementing Agency
SIH26017-PRJ-000564,9,Mutation & Handover,2021-07-11,2021-09-16,,,Stalled,0.0,,Revenue Dept
SIH26017-PRJ-000565,1,Preliminary Notification (Sec 11),2015-12-12,2016-02-01,2015-12-12,2016-03-01,Completed,100.0,29.0,LA Branch
SIH26017-PRJ-000565,2,Social Impact Assessment (SIA),2016-03-07,2016-07-11,2016-03-07,2017-03-31,Completed,100.0,263.0,District Collectorate
SIH26017-PRJ-000565,3,Survey & Measurement,2017-04-03,2017-06-25,2017-04-03,2017-09-28,Completed,100.0,95.0,LA Branch
SIH26017-PRJ-000565,4,Draft Declaration,2017-10-04,2017-12-04,2017-10-04,2017-12-16,Completed,100.0,12.0,LA Branch
SIH26017-PRJ-000565,5,Final Declaration (Sec 19),2017-12-22,2018-03-14,2017-12-22,2018-06-05,Completed,100.0,83.0,Implementing Agency
SIH26017-PRJ-000565,6,Award Declaration (Sec 23),2018-06-11,2018-09-11,2018-06-11,2018-11-21,Completed,100.0,71.0,District Collectorate
SIH26017-PRJ-000565,7,Compensation Disbursement,2018-11-22,2019-05-01,2018-11-22,2020-01-02,Completed,100.0,246.0,District Collectorate
SIH26017-PRJ-000565,8,Possession,2020-01-07,2020-03-31,2020-01-07,2020-04-30,Completed,100.0,30.0,Revenue Dept
SIH26017-PRJ-000565,9,Mutation & Handover,2020-05-04,2020-06-24,2020-05-04,2020-06-19,Completed,100.0,-5.0,LA Branch
SIH26017-PRJ-000566,1,Preliminary Notification (Sec 11),2015-08-03,2015-09-28,2015-08-03,2015-09-26,Completed,100.0,-2.0,LA Branch
SIH26017-PRJ-000566,2,Social Impact Assessment (SIA),2015-10-01,2016-02-06,2015-10-01,2016-08-25,Completed,100.0,201.0,LA Branch
SIH26017-PRJ-000566,3,Survey & Measurement,2016-09-02,2016-11-21,2016-09-02,2017-07-28,Completed,100.0,249.0,District Collectorate
SIH26017-PRJ-000566,4,Draft Declaration,2017-08-01,2017-09-28,2017-08-01,2018-04-30,Completed,100.0,214.0,Implementing Agency
SIH26017-PRJ-000566,5,Final Declaration (Sec 19),2018-05-02,2018-07-13,2018-05-02,2019-01-11,Completed,100.0,182.0,Implementing Agency
SIH26017-PRJ-000566,6,Award Declaration (Sec 23),2019-01-12,2019-05-11,2019-01-12,2020-02-23,Completed,100.0,288.0,District Collectorate
SIH26017-PRJ-000566,7,Compensation Disbursement,2020-02-26,2020-07-24,2020-02-26,2023-05-23,Completed,100.0,1033.0,Revenue Dept
SIH26017-PRJ-000566,8,Possession,2023-05-27,2023-08-03,2023-05-27,2024-09-02,Completed,100.0,396.0,Implementing Agency
SIH26017-PRJ-000566,9,Mutation & Handover,2024-09-05,2024-11-01,2024-09-05,2025-05-30,Completed,100.0,210.0,Implementing Agency
SIH26017-PRJ-000567,1,Preliminary Notification (Sec 11),2017-06-10,2017-08-07,2017-06-10,2017-10-11,Completed,100.0,65.0,District Collectorate
SIH26017-PRJ-000567,2,Social Impact Assessment (SIA),2017-10-14,2018-01-26,2017-10-14,2019-03-23,Completed,100.0,421.0,Implementing Agency
SIH26017-PRJ-000567,3,Survey & Measurement,2019-03-27,2019-06-14,2019-03-27,2020-04-13,Completed,100.0,304.0,District Collectorate
SIH26017-PRJ-000567,4,Draft Declaration,2020-04-19,2020-06-12,2020-04-19,2020-10-11,Completed,100.0,121.0,Implementing Agency
SIH26017-PRJ-000567,5,Final Declaration (Sec 19),2020-10-16,2021-01-02,2020-10-16,2021-09-27,Completed,100.0,268.0,Implementing Agency
SIH26017-PRJ-000567,6,Award Declaration (Sec 23),2021-09-30,2021-12-23,2021-09-30,2022-08-18,Completed,100.0,238.0,LA Branch
SIH26017-PRJ-000567,7,Compensation Disbursement,2022-08-24,2023-01-06,2022-08-24,2024-05-06,Completed,100.0,486.0,District Collectorate
SIH26017-PRJ-000567,8,Possession,2024-05-09,2024-07-18,2024-05-09,2025-01-12,Completed,100.0,178.0,Implementing Agency
SIH26017-PRJ-000567,9,Mutation & Handover,2025-01-15,2025-03-10,2025-01-15,2026-03-19,Completed,100.0,374.0,Revenue Dept
SIH26017-PRJ-000568,1,Preliminary Notification (Sec 11),2017-06-25,2017-08-25,2017-06-25,2017-09-28,Completed,100.0,34.0,LA Branch
SIH26017-PRJ-000568,2,Social Impact Assessment (SIA),2017-10-05,2018-02-01,2017-10-05,2018-04-29,Completed,100.0,87.0,LA Branch
SIH26017-PRJ-000568,3,Survey & Measurement,2018-05-05,2018-08-04,2018-05-05,2019-04-27,Completed,100.0,266.0,District Collectorate
SIH26017-PRJ-000568,4,Draft Declaration,2019-05-02,2019-06-23,2019-05-02,2020-01-13,Completed,100.0,204.0,Revenue Dept
SIH26017-PRJ-000568,5,Final Declaration (Sec 19),2020-01-17,2020-04-06,2020-01-17,2021-06-06,Completed,100.0,426.0,District Collectorate
SIH26017-PRJ-000568,6,Award Declaration (Sec 23),2021-06-13,2021-09-19,,,Stalled,0.0,,Revenue Dept
SIH26017-PRJ-000568,7,Compensation Disbursement,2021-06-13,2021-12-06,,,Stalled,0.0,,District Collectorate
SIH26017-PRJ-000568,8,Possession,2021-06-13,2021-09-07,,,Stalled,0.0,,District Collectorate
SIH26017-PRJ-000568,9,Mutation & Handover,2021-06-13,2021-08-04,,,Stalled,0.0,,LA Branch
SIH26017-PRJ-000569,1,Preliminary Notification (Sec 11),2022-02-08,2022-04-10,2022-02-08,2022-04-04,Completed,100.0,-6.0,LA Branch
SIH26017-PRJ-000569,2,Social Impact Assessment (SIA),2022-04-11,2022-08-06,2022-04-11,2022-09-29,Completed,100.0,54.0,Revenue Dept
SIH26017-PRJ-000569,3,Survey & Measurement,2022-10-03,2022-12-18,2022-10-03,2023-03-04,Completed,100.0,76.0,District Collectorate
SIH26017-PRJ-000569,4,Draft Declaration,2023-03-08,2023-05-06,2023-03-08,2023-08-28,Completed,100.0,114.0,District Collectorate
SIH26017-PRJ-000569,5,Final Declaration (Sec 19),2023-08-29,2023-11-16,2023-08-29,2024-09-16,Completed,100.0,305.0,Revenue Dept
SIH26017-PRJ-000569,6,Award Declaration (Sec 23),2024-09-22,2025-01-07,2024-09-22,2025-09-09,Completed,100.0,245.0,LA Branch
SIH26017-PRJ-000569,7,Compensation Disbursement,2025-09-12,2026-02-21,2025-09-12,,In Progress,100.0,,LA Branch
SIH26017-PRJ-000569,8,Possession,2028-06-29,2028-09-21,,,Not Started,0.0,,District Collectorate
SIH26017-PRJ-000569,9,Mutation & Handover,2029-12-03,2030-01-29,,,Not Started,0.0,,District Collectorate
SIH26017-PRJ-000570,1,Preliminary Notification (Sec 11),2019-10-15,2019-12-20,2019-10-15,2020-02-22,Completed,100.0,64.0,District Collectorate
SIH26017-PRJ-000570,2,Social Impact Assessment (SIA),2020-02-25,2020-06-20,2020-02-25,2020-08-06,Completed,100.0,47.0,LA Branch
SIH26017-PRJ-000570,3,Survey & Measurement,2020-08-09,2020-11-14,2020-08-09,2021-03-30,Completed,100.0,136.0,District Collectorate
SIH26017-PRJ-000570,4,Draft Declaration,2021-04-02,2021-05-28,,,Stalled,0.0,,LA Branch
SIH26017-PRJ-000570,5,Final Declaration (Sec 19),2021-04-02,2021-06-30,,,Stalled,0.0,,LA Branch
SIH26017-PRJ-000570,6,Award Declaration (Sec 23),2021-04-02,2021-07-24,,,Stalled,0.0,,LA Branch
SIH26017-PRJ-000570,7,Compensation Disbursement,2021-04-02,2021-09-14,,,Stalled,0.0,,Revenue Dept
SIH26017-PRJ-000570,8,Possession,2021-04-02,2021-06-23,,,Stalled,0.0,,District Collectorate
SIH26017-PRJ-000570,9,Mutation & Handover,2021-04-02,2021-06-08,,,Stalled,0.0,,LA Branch
SIH26017-PRJ-000571,1,Preliminary Notification (Sec 11),2018-06-03,2018-08-05,2018-06-03,2018-08-13,Completed,100.0,8.0,District Collectorate
SIH26017-PRJ-000571,2,Social Impact Assessment (SIA),2018-08-18,2018-12-28,2018-08-18,2019-03-08,Completed,100.0,70.0,Implementing Agency
SIH26017-PRJ-000571,3,Survey & Measurement,2019-03-13,2019-05-28,2019-03-13,2019-10-20,Completed,100.0,145.0,District Collectorate
SIH26017-PRJ-000571,4,Draft Declaration,2019-10-22,2020-01-01,2019-10-22,2020-05-03,Completed,100.0,123.0,District Collectorate
SIH26017-PRJ-000571,5,Final Declaration (Sec 19),2020-05-10,2020-07-24,2020-05-10,2020-08-07,Completed,100.0,14.0,District Collectorate
SIH26017-PRJ-000571,6,Award Declaration (Sec 23),2020-08-13,2020-11-16,2020-08-13,2021-03-22,Completed,100.0,126.0,LA Branch
SIH26017-PRJ-000571,7,Compensation Disbursement,2021-03-28,2021-09-12,2021-03-28,2024-05-26,Completed,100.0,987.0,District Collectorate
SIH26017-PRJ-000571,8,Possession,2024-05-28,2024-08-16,2024-05-28,2025-07-13,Completed,100.0,331.0,Implementing Agency
SIH26017-PRJ-000571,9,Mutation & Handover,2025-07-20,2025-09-16,2025-07-20,2025-12-27,Completed,100.0,102.0,District Collectorate
SIH26017-PRJ-000572,1,Preliminary Notification (Sec 11),2024-06-23,2024-08-10,2024-06-23,2024-07-27,Completed,100.0,-14.0,Revenue Dept
SIH26017-PRJ-000572,2,Social Impact Assessment (SIA),2024-08-03,2024-12-05,2024-08-03,2025-01-06,Completed,100.0,32.0,Implementing Agency
SIH26017-PRJ-000572,3,Survey & Measurement,2025-01-07,2025-03-30,2025-01-07,2025-09-22,Completed,100.0,176.0,Implementing Agency
SIH26017-PRJ-000572,4,Draft Declaration,2025-09-25,2025-11-16,2025-09-25,2026-02-28,Completed,100.0,104.0,District Collectorate
SIH26017-PRJ-000572,5,Final Declaration (Sec 19),2026-03-06,2026-05-23,,,Stalled,0.0,,District Collectorate
SIH26017-PRJ-000572,6,Award Declaration (Sec 23),2026-03-06,2026-06-12,,,Stalled,0.0,,District Collectorate
SIH26017-PRJ-000572,7,Compensation Disbursement,2026-03-06,2026-08-24,,,Stalled,0.0,,District Collectorate
SIH26017-PRJ-000572,8,Possession,2026-03-06,2026-05-22,,,Stalled,0.0,,District Collectorate
SIH26017-PRJ-000572,9,Mutation & Handover,2026-03-06,2026-04-26,,,Stalled,0.0,,District Collectorate
SIH26017-PRJ-000573,1,Preliminary Notification (Sec 11),2017-05-07,2017-06-28,2017-05-07,2017-06-02,Completed,100.0,-26.0,District Collectorate
SIH26017-PRJ-000573,2,Social Impact Assessment (SIA),2017-06-04,2017-10-09,2017-06-04,2017-09-04,Completed,100.0,-35.0,District Collectorate
SIH26017-PRJ-000573,3,Survey & Measurement,2017-09-06,2017-11-15,2017-09-06,2017-10-30,Completed,100.0,-16.0,District Collectorate
SIH26017-PRJ-000573,4,Draft Declaration,2017-11-01,2017-12-27,2017-11-01,2017-12-01,Completed,100.0,-26.0,LA Branch
SIH26017-PRJ-000573,5,Final Declaration (Sec 19),2017-12-07,2018-02-24,2017-12-07,2018-01-20,Completed,100.0,-35.0,Implementing Agency
SIH26017-PRJ-000573,6,Award Declaration (Sec 23),2018-01-24,2018-05-07,2018-01-24,2018-03-31,Completed,100.0,-37.0,District Collectorate
SIH26017-PRJ-000573,7,Compensation Disbursement,2018-04-02,2018-08-14,2018-04-02,2018-08-17,Completed,100.0,3.0,District Collectorate
SIH26017-PRJ-000573,8,Possession,2018-08-22,2018-11-06,2018-08-22,2018-09-29,Completed,100.0,-38.0,Revenue Dept
SIH26017-PRJ-000573,9,Mutation & Handover,2018-10-05,2018-11-25,2018-10-05,2018-11-09,Completed,100.0,-16.0,LA Branch
SIH26017-PRJ-000574,1,Preliminary Notification (Sec 11),2017-10-16,2017-12-06,2017-10-16,2017-12-25,Completed,100.0,19.0,LA Branch
SIH26017-PRJ-000574,2,Social Impact Assessment (SIA),2017-12-29,2018-03-28,2017-12-29,2018-04-01,Completed,100.0,4.0,District Collectorate
SIH26017-PRJ-000574,3,Survey & Measurement,2018-04-04,2018-06-16,2018-04-04,2018-08-01,Completed,100.0,46.0,LA Branch
SIH26017-PRJ-000574,4,Draft Declaration,2018-08-07,2018-09-20,2018-08-07,2018-10-18,Completed,100.0,28.0,LA Branch
SIH26017-PRJ-000574,5,Final Declaration (Sec 19),2018-10-21,2019-01-03,2018-10-21,2019-01-17,Completed,100.0,14.0,District Collectorate
SIH26017-PRJ-000574,6,Award Declaration (Sec 23),2019-01-24,2019-05-03,2019-01-24,2019-04-11,Completed,100.0,-22.0,District Collectorate
SIH26017-PRJ-000574,7,Compensation Disbursement,2019-04-19,2019-09-15,2019-04-19,2019-09-17,Completed,100.0,2.0,LA Branch
SIH26017-PRJ-000574,8,Possession,2019-09-21,2019-12-06,2019-09-21,2020-01-02,Completed,100.0,27.0,District Collectorate
SIH26017-PRJ-000574,9,Mutation & Handover,2020-01-04,2020-03-03,2020-01-04,2020-03-05,Completed,100.0,2.0,Revenue Dept
SIH26017-PRJ-000575,1,Preliminary Notification (Sec 11),2023-10-24,2023-12-12,2023-10-24,2023-12-04,Completed,100.0,-8.0,District Collectorate
SIH26017-PRJ-000575,2,Social Impact Assessment (SIA),2023-12-08,2024-03-20,2023-12-08,2024-03-11,Completed,100.0,-9.0,LA Branch
SIH26017-PRJ-000575,3,Survey & Measurement,2024-03-17,2024-05-25,,,Stalled,0.0,,Implementing Agency
SIH26017-PRJ-000575,4,Draft Declaration,2024-03-17,2024-05-12,,,Stalled,0.0,,LA Branch
SIH26017-PRJ-000575,5,Final Declaration (Sec 19),2024-03-17,2024-05-26,,,Stalled,0.0,,Implementing Agency
SIH26017-PRJ-000575,6,Award Declaration (Sec 23),2024-03-17,2024-06-10,,,Stalled,0.0,,District Collectorate
SIH26017-PRJ-000575,7,Compensation Disbursement,2024-03-17,2024-08-05,,,Stalled,0.0,,LA Branch
SIH26017-PRJ-000575,8,Possession,2024-03-17,2024-06-01,,,Stalled,0.0,,District Collectorate
SIH26017-PRJ-000575,9,Mutation & Handover,2024-03-17,2024-05-11,,,Stalled,0.0,,Revenue Dept
SIH26017-PRJ-000576,1,Preliminary Notification (Sec 11),2018-06-22,2018-08-22,2018-06-22,2018-09-06,Completed,100.0,15.0,Implementing Agency
SIH26017-PRJ-000576,2,Social Impact Assessment (SIA),2018-09-13,2019-01-04,2018-09-13,2018-12-11,Completed,100.0,-24.0,District Collectorate
SIH26017-PRJ-000576,3,Survey & Measurement,2018-12-15,2019-03-05,2018-12-15,2019-03-30,Completed,100.0,25.0,Revenue Dept
SIH26017-PRJ-000576,4,Draft Declaration,2019-04-06,2019-05-23,2019-04-06,2019-06-21,Completed,100.0,29.0,District Collectorate
SIH26017-PRJ-000576,5,Final Declaration (Sec 19),2019-06-26,2019-08-28,2019-06-26,2019-08-06,Completed,100.0,-22.0,Revenue Dept
SIH26017-PRJ-000576,6,Award Declaration (Sec 23),2019-08-07,2019-11-12,2019-08-07,2020-01-13,Completed,100.0,62.0,LA Branch
SIH26017-PRJ-000576,7,Compensation Disbursement,2020-01-19,2020-05-30,2020-01-19,2020-04-15,Completed,100.0,-45.0,LA Branch
SIH26017-PRJ-000576,8,Possession,2020-04-20,2020-07-04,2020-04-20,2020-06-02,Completed,100.0,-32.0,District Collectorate
SIH26017-PRJ-000576,9,Mutation & Handover,2020-06-03,2020-08-08,2020-06-03,2020-08-05,Completed,100.0,-3.0,District Collectorate
SIH26017-PRJ-000577,1,Preliminary Notification (Sec 11),2016-01-17,2016-03-15,2016-01-17,2016-08-18,Completed,100.0,156.0,Revenue Dept
SIH26017-PRJ-000577,2,Social Impact Assessment (SIA),2016-08-19,2016-11-19,2016-08-19,2017-11-12,Completed,100.0,358.0,LA Branch
SIH26017-PRJ-000577,3,Survey & Measurement,2017-11-16,2018-01-15,2017-11-16,2018-06-15,Completed,100.0,151.0,District Collectorate
SIH26017-PRJ-000577,4,Draft Declaration,2018-06-20,2018-08-12,2018-06-20,2019-01-13,Completed,100.0,154.0,LA Branch
SIH26017-PRJ-000577,5,Final Declaration (Sec 19),2019-01-19,2019-03-26,2019-01-19,2020-05-02,Completed,100.0,403.0,LA Branch
SIH26017-PRJ-000577,6,Award Declaration (Sec 23),2020-05-04,2020-07-29,2020-05-04,2020-12-05,Completed,100.0,129.0,LA Branch
SIH26017-PRJ-000577,7,Compensation Disbursement,2020-12-07,2021-04-27,2020-12-07,2022-06-15,Completed,100.0,414.0,District Collectorate
SIH26017-PRJ-000577,8,Possession,2022-06-17,2022-08-29,2022-06-17,2023-10-02,Completed,100.0,399.0,LA Branch
SIH26017-PRJ-000577,9,Mutation & Handover,2023-10-06,2023-11-30,2023-10-06,2024-06-23,Completed,100.0,206.0,Revenue Dept
SIH26017-PRJ-000578,1,Preliminary Notification (Sec 11),2015-11-20,2016-01-16,2015-11-20,2016-02-18,Completed,100.0,33.0,District Collectorate
SIH26017-PRJ-000578,2,Social Impact Assessment (SIA),2016-02-19,2016-06-09,2016-02-19,2016-09-06,Completed,100.0,89.0,LA Branch
SIH26017-PRJ-000578,3,Survey & Measurement,2016-09-11,2016-11-25,2016-09-11,2017-02-10,Completed,100.0,77.0,LA Branch
SIH26017-PRJ-000578,4,Draft Declaration,2017-02-17,2017-04-10,2017-02-17,2017-06-10,Completed,100.0,61.0,LA Branch
SIH26017-PRJ-000578,5,Final Declaration (Sec 19),2017-06-11,2017-08-15,2017-06-11,2017-10-09,Completed,100.0,55.0,LA Branch
SIH26017-PRJ-000578,6,Award Declaration (Sec 23),2017-10-13,2018-01-03,2017-10-13,2018-01-20,Completed,100.0,17.0,District Collectorate
SIH26017-PRJ-000578,7,Compensation Disbursement,2018-01-21,2018-06-26,2018-01-21,2018-07-18,Completed,100.0,22.0,Implementing Agency
SIH26017-PRJ-000578,8,Possession,2018-07-19,2018-09-25,2018-07-19,2018-11-19,Completed,100.0,55.0,District Collectorate
SIH26017-PRJ-000578,9,Mutation & Handover,2018-11-23,2019-01-12,2018-11-23,2019-02-26,Completed,100.0,45.0,LA Branch
SIH26017-PRJ-000579,1,Preliminary Notification (Sec 11),2015-09-25,2015-11-15,2015-09-25,2016-01-02,Completed,100.0,48.0,District Collectorate
SIH26017-PRJ-000579,2,Social Impact Assessment (SIA),2016-01-07,2016-04-27,2016-01-07,2016-05-17,Completed,100.0,20.0,LA Branch
SIH26017-PRJ-000579,3,Survey & Measurement,2016-05-19,2016-08-06,2016-05-19,2016-09-24,Completed,100.0,49.0,District Collectorate
SIH26017-PRJ-000579,4,Draft Declaration,2016-09-28,2016-11-18,2016-09-28,2017-01-01,Completed,100.0,44.0,District Collectorate
SIH26017-PRJ-000579,5,Final Declaration (Sec 19),2017-01-03,2017-03-12,2017-01-03,2017-05-03,Completed,100.0,52.0,District Collectorate
SIH26017-PRJ-000579,6,Award Declaration (Sec 23),2017-05-04,2017-08-03,2017-05-04,2018-01-17,Completed,100.0,167.0,Implementing Agency
SIH26017-PRJ-000579,7,Compensation Disbursement,2018-01-21,2018-06-10,2018-01-21,2019-08-24,Completed,100.0,440.0,District Collectorate
SIH26017-PRJ-000579,8,Possession,2019-08-25,2019-11-02,2019-08-25,2020-02-04,Completed,100.0,94.0,Revenue Dept
SIH26017-PRJ-000579,9,Mutation & Handover,2020-02-11,2020-03-31,2020-02-11,2020-06-10,Completed,100.0,71.0,District Collectorate
SIH26017-PRJ-000580,1,Preliminary Notification (Sec 11),2024-05-05,2024-07-05,2024-05-05,2024-08-21,Completed,100.0,47.0,LA Branch
SIH26017-PRJ-000580,2,Social Impact Assessment (SIA),2024-08-29,2024-12-28,2024-08-29,2026-02-27,Completed,100.0,426.0,LA Branch
SIH26017-PRJ-000580,3,Survey & Measurement,2026-02-28,2026-05-10,2026-02-28,2026-08-09,Completed,100.0,91.0,District Collectorate
SIH26017-PRJ-000580,4,Draft Declaration,2026-08-15,2026-10-16,2026-08-15,,In Progress,0.0,,Implementing Agency
SIH26017-PRJ-000580,5,Final Declaration (Sec 19),2026-12-16,2027-03-12,,,Not Started,0.0,,Implementing Agency
SIH26017-PRJ-000580,6,Award Declaration (Sec 23),2027-12-06,2028-03-23,,,Stalled,0.0,,Implementing Agency
SIH26017-PRJ-000580,7,Compensation Disbursement,2027-12-06,2028-04-21,,,Stalled,0.0,,District Collectorate
SIH26017-PRJ-000580,8,Possession,2027-12-06,2028-02-20,,,Stalled,0.0,,District Collectorate
SIH26017-PRJ-000580,9,Mutation & Handover,2027-12-06,2028-02-02,,,Stalled,0.0,,Revenue Dept
SIH26017-PRJ-000581,1,Preliminary Notification (Sec 11),2022-12-30,2023-02-14,2022-12-30,2023-02-22,Completed,100.0,8.0,District Collectorate
SIH26017-PRJ-000581,2,Social Impact Assessment (SIA),2023-02-27,2023-06-15,2023-02-27,2023-05-07,Completed,100.0,-39.0,District Collectorate
SIH26017-PRJ-000581,3,Survey & Measurement,2023-05-13,2023-07-25,2023-05-13,2023-09-01,Completed,100.0,38.0,LA Branch
SIH26017-PRJ-000581,4,Draft Declaration,2023-09-04,2023-10-28,2023-09-04,2023-11-22,Completed,100.0,25.0,Revenue Dept
SIH26017-PRJ-000581,5,Final Declaration (Sec 19),2023-11-23,2024-02-14,2023-11-23,2024-01-22,Completed,100.0,-23.0,LA Branch
SIH26017-PRJ-000581,6,Award Declaration (Sec 23),2024-01-26,2024-04-27,2024-01-26,2024-03-12,Completed,100.0,-46.0,Implementing Agency
SIH26017-PRJ-000581,7,Compensation Disbursement,2024-03-17,2024-08-15,2024-03-17,2024-07-08,Completed,100.0,-38.0,District Collectorate
SIH26017-PRJ-000581,8,Possession,2024-07-12,2024-09-24,2024-07-12,2024-08-30,Completed,100.0,-25.0,District Collectorate
SIH26017-PRJ-000581,9,Mutation & Handover,2024-09-01,2024-10-30,2024-09-01,2024-11-02,Completed,100.0,3.0,District Collectorate
SIH26017-PRJ-000582,1,Preliminary Notification (Sec 11),2019-01-31,2019-04-06,2019-01-31,2019-07-15,Completed,100.0,100.0,LA Branch
SIH26017-PRJ-000582,2,Social Impact Assessment (SIA),2019-07-22,2019-11-21,2019-07-22,2020-03-30,Completed,100.0,130.0,Revenue Dept
SIH26017-PRJ-000582,3,Survey & Measurement,2020-04-03,2020-07-01,2020-04-03,2020-10-21,Completed,100.0,112.0,District Collectorate
SIH26017-PRJ-000582,4,Draft Declaration,2020-10-22,2020-12-30,2020-10-22,2021-04-14,Completed,100.0,105.0,Revenue Dept
SIH26017-PRJ-000582,5,Final Declaration (Sec 19),2021-04-17,2021-07-18,2021-04-17,2021-09-28,Completed,100.0,72.0,Implementing Agency
SIH26017-PRJ-000582,6,Award Declaration (Sec 23),2021-10-02,2022-01-10,2021-10-02,2022-08-09,Completed,100.0,211.0,Revenue Dept
SIH26017-PRJ-000582,7,Compensation Disbursement,2022-08-13,2023-02-09,2022-08-13,2023-09-13,Completed,100.0,216.0,LA Branch
SIH26017-PRJ-000582,8,Possession,2023-09-16,2023-11-29,,,Stalled,0.0,,Revenue Dept
SIH26017-PRJ-000582,9,Mutation & Handover,2023-09-16,2023-11-17,,,Stalled,0.0,,District Collectorate
SIH26017-PRJ-000583,1,Preliminary Notification (Sec 11),2018-10-23,2018-12-23,2018-10-23,2019-01-19,Completed,100.0,27.0,LA Branch
SIH26017-PRJ-000583,2,Social Impact Assessment (SIA),2019-01-20,2019-05-08,2019-01-20,2019-06-18,Completed,100.0,41.0,LA Branch
SIH26017-PRJ-000583,3,Survey & Measurement,2019-06-22,2019-09-06,2019-06-22,2019-11-15,Completed,100.0,70.0,Revenue Dept
SIH26017-PRJ-000583,4,Draft Declaration,2019-11-17,2020-01-13,2019-11-17,2020-02-20,Completed,100.0,38.0,LA Branch
SIH26017-PRJ-000583,5,Final Declaration (Sec 19),2020-02-24,2020-05-07,2020-02-24,2020-07-18,Completed,100.0,72.0,District Collectorate
SIH26017-PRJ-000583,6,Award Declaration (Sec 23),2020-07-20,2020-10-08,2020-07-20,2021-01-25,Completed,100.0,109.0,District Collectorate
SIH26017-PRJ-000583,7,Compensation Disbursement,2021-02-01,2021-06-25,2021-02-01,2022-02-06,Completed,100.0,226.0,District Collectorate
SIH26017-PRJ-000583,8,Possession,2022-02-07,2022-04-11,2022-02-07,2022-07-14,Completed,100.0,94.0,District Collectorate
SIH26017-PRJ-000583,9,Mutation & Handover,2022-07-21,2022-09-21,2022-07-21,2022-11-12,Completed,100.0,52.0,District Collectorate
SIH26017-PRJ-000584,1,Preliminary Notification (Sec 11),2018-07-13,2018-09-09,2018-07-13,2018-09-04,Completed,100.0,-5.0,District Collectorate
SIH26017-PRJ-000584,2,Social Impact Assessment (SIA),2018-09-09,2018-12-31,2018-09-09,2018-12-30,Completed,100.0,-1.0,LA Branch
SIH26017-PRJ-000584,3,Survey & Measurement,2019-01-03,2019-03-30,2019-01-03,2019-04-13,Completed,100.0,14.0,District Collectorate
SIH26017-PRJ-000584,4,Draft Declaration,2019-04-17,2019-06-14,2019-04-17,2019-06-20,Completed,100.0,6.0,District Collectorate
SIH26017-PRJ-000584,5,Final Declaration (Sec 19),2019-06-25,2019-09-25,2019-06-25,2019-11-05,Completed,100.0,41.0,LA Branch
SIH26017-PRJ-000584,6,Award Declaration (Sec 23),2019-11-09,2020-02-18,2019-11-09,2020-07-24,Completed,100.0,157.0,District Collectorate
SIH26017-PRJ-000584,7,Compensation Disbursement,2020-07-25,2020-12-20,2020-07-25,2022-01-15,Completed,100.0,391.0,Implementing Agency
SIH26017-PRJ-000584,8,Possession,2022-01-23,2022-04-17,2022-01-23,2022-05-18,Completed,100.0,31.0,Implementing Agency
SIH26017-PRJ-000584,9,Mutation & Handover,2022-05-22,2022-07-25,2022-05-22,2022-08-18,Completed,100.0,24.0,Implementing Agency
SIH26017-PRJ-000585,1,Preliminary Notification (Sec 11),2019-03-18,2019-05-11,2019-03-18,2019-09-05,Completed,100.0,117.0,District Collectorate
SIH26017-PRJ-000585,2,Social Impact Assessment (SIA),2019-09-10,2019-12-26,2019-09-10,2020-02-19,Completed,100.0,55.0,Revenue Dept
SIH26017-PRJ-000585,3,Survey & Measurement,2020-02-22,2020-05-02,2020-02-22,2020-07-06,Completed,100.0,65.0,LA Branch
SIH26017-PRJ-000585,4,Draft Declaration,2020-07-11,2020-09-04,2020-07-11,2021-05-21,Completed,100.0,259.0,LA Branch
SIH26017-PRJ-000585,5,Final Declaration (Sec 19),2021-05-24,2021-08-08,2021-05-24,2022-11-13,Completed,100.0,462.0,District Collectorate
SIH26017-PRJ-000585,6,Award Declaration (Sec 23),2022-11-14,2023-02-27,2022-11-14,2024-01-05,Completed,100.0,312.0,Revenue Dept
SIH26017-PRJ-000585,7,Compensation Disbursement,2024-01-10,2024-05-19,2024-01-10,,In Progress,100.0,,LA Branch
SIH26017-PRJ-000585,8,Possession,2026-10-03,2026-12-15,,,Not Started,0.0,,District Collectorate
SIH26017-PRJ-000585,9,Mutation & Handover,2028-05-10,2028-06-25,,,Not Started,0.0,,Revenue Dept
SIH26017-PRJ-000586,1,Preliminary Notification (Sec 11),2021-08-12,2021-10-10,2021-08-12,2021-11-28,Completed,100.0,49.0,District Collectorate
SIH26017-PRJ-000586,2,Social Impact Assessment (SIA),2021-11-29,2022-04-20,2021-11-29,2023-07-26,Completed,100.0,462.0,District Collectorate
SIH26017-PRJ-000586,3,Survey & Measurement,2023-07-28,2023-10-18,2023-07-28,2024-06-11,Completed,100.0,237.0,LA Branch
SIH26017-PRJ-000586,4,Draft Declaration,2024-06-12,2024-08-14,2024-06-12,2025-01-03,Completed,100.0,142.0,Implementing Agency
SIH26017-PRJ-000586,5,Final Declaration (Sec 19),2025-01-04,2025-03-20,2025-01-04,2025-06-17,Completed,100.0,89.0,Revenue Dept
SIH26017-PRJ-000586,6,Award Declaration (Sec 23),2025-06-21,2025-09-22,2025-06-21,2026-01-12,Completed,100.0,112.0,District Collectorate
SIH26017-PRJ-000586,7,Compensation Disbursement,2026-01-13,2026-06-24,2026-01-13,,In Progress,100.0,,District Collectorate
SIH26017-PRJ-000586,8,Possession,2027-06-29,2027-09-13,,,Not Started,0.0,,District Collectorate
SIH26017-PRJ-000586,9,Mutation & Handover,2028-04-05,2028-06-09,,,Not Started,0.0,,Implementing Agency
SIH26017-PRJ-000587,1,Preliminary Notification (Sec 11),2021-04-17,2021-06-09,2021-04-17,2021-06-08,Completed,100.0,-1.0,Implementing Agency
SIH26017-PRJ-000587,2,Social Impact Assessment (SIA),2021-06-16,2021-10-04,2021-06-16,2021-10-02,Completed,100.0,-2.0,District Collectorate
SIH26017-PRJ-000587,3,Survey & Measurement,2021-10-03,2021-12-21,2021-10-03,2022-01-14,Completed,100.0,24.0,District Collectorate
SIH26017-PRJ-000587,4,Draft Declaration,2022-01-18,2022-03-16,2022-01-18,2022-04-09,Completed,100.0,24.0,LA Branch
SIH26017-PRJ-000587,5,Final Declaration (Sec 19),2022-04-13,2022-06-24,2022-04-13,2022-08-06,Completed,100.0,43.0,LA Branch
SIH26017-PRJ-000587,6,Award Declaration (Sec 23),2022-08-09,2022-11-17,2022-08-09,2023-02-13,Completed,100.0,88.0,District Collectorate
SIH26017-PRJ-000587,7,Compensation Disbursement,2023-02-14,2023-07-24,2023-02-14,2024-01-23,Completed,100.0,183.0,District Collectorate
SIH26017-PRJ-000587,8,Possession,2024-01-30,2024-04-16,2024-01-30,2024-04-24,Completed,100.0,8.0,District Collectorate
SIH26017-PRJ-000587,9,Mutation & Handover,2024-04-28,2024-06-20,2024-04-28,2024-06-02,Completed,100.0,-18.0,District Collectorate
SIH26017-PRJ-000588,1,Preliminary Notification (Sec 11),2023-06-03,2023-07-18,2023-06-03,2023-07-20,Completed,100.0,2.0,District Collectorate
SIH26017-PRJ-000588,2,Social Impact Assessment (SIA),2023-07-26,2023-10-28,2023-07-26,2023-10-09,Completed,100.0,-19.0,Implementing Agency
SIH26017-PRJ-000588,3,Survey & Measurement,2023-10-12,2023-12-13,2023-10-12,2023-11-22,Completed,100.0,-21.0,District Collectorate
SIH26017-PRJ-000588,4,Draft Declaration,2023-11-26,2024-01-21,2023-11-26,2024-02-14,Completed,100.0,24.0,District Collectorate
SIH26017-PRJ-000588,5,Final Declaration (Sec 19),2024-02-18,2024-04-28,,,Stalled,0.0,,Implementing Agency
SIH26017-PRJ-000588,6,Award Declaration (Sec 23),2024-02-18,2024-05-19,,,Stalled,0.0,,Implementing Agency
SIH26017-PRJ-000588,7,Compensation Disbursement,2024-02-18,2024-06-26,,,Stalled,0.0,,District Collectorate
SIH26017-PRJ-000588,8,Possession,2024-02-18,2024-04-27,,,Stalled,0.0,,Implementing Agency
SIH26017-PRJ-000588,9,Mutation & Handover,2024-02-18,2024-04-20,,,Stalled,0.0,,Revenue Dept
SIH26017-PRJ-000589,1,Preliminary Notification (Sec 11),2023-12-25,2024-02-18,2023-12-25,2024-02-29,Completed,100.0,11.0,Revenue Dept
SIH26017-PRJ-000589,2,Social Impact Assessment (SIA),2024-03-05,2024-06-18,,,Stalled,0.0,,Implementing Agency
SIH26017-PRJ-000589,3,Survey & Measurement,2024-03-05,2024-05-08,,,Stalled,0.0,,District Collectorate
SIH26017-PRJ-000589,4,Draft Declaration,2024-03-05,2024-05-01,,,Stalled,0.0,,LA Branch
SIH26017-PRJ-000589,5,Final Declaration (Sec 19),2024-03-05,2024-05-19,,,Stalled,0.0,,Revenue Dept
SIH26017-PRJ-000589,6,Award Declaration (Sec 23),2024-03-05,2024-06-06,,,Stalled,0.0,,Implementing Agency
SIH26017-PRJ-000589,7,Compensation Disbursement,2024-03-05,2024-08-21,,,Stalled,0.0,,Implementing Agency
SIH26017-PRJ-000589,8,Possession,2024-03-05,2024-05-27,,,Stalled,0.0,,Revenue Dept
SIH26017-PRJ-000589,9,Mutation & Handover,2024-03-05,2024-05-04,,,Stalled,0.0,,District Collectorate
SIH26017-PRJ-000590,1,Preliminary Notification (Sec 11),2021-11-12,2021-12-30,2021-11-12,2022-01-14,Completed,100.0,15.0,District Collectorate
SIH26017-PRJ-000590,2,Social Impact Assessment (SIA),2022-01-17,2022-05-07,2022-01-17,2022-06-29,Completed,100.0,53.0,District Collectorate
SIH26017-PRJ-000590,3,Survey & Measurement,2022-07-06,2022-09-24,2022-07-06,2022-12-17,Completed,100.0,84.0,Revenue Dept
SIH26017-PRJ-000590,4,Draft Declaration,2022-12-20,2023-02-11,2022-12-20,2023-06-15,Completed,100.0,124.0,Implementing Agency
SIH26017-PRJ-000590,5,Final Declaration (Sec 19),2023-06-19,2023-08-25,2023-06-19,2024-04-09,Completed,100.0,228.0,Revenue Dept
SIH26017-PRJ-000590,6,Award Declaration (Sec 23),2024-04-12,2024-07-04,2024-04-12,2025-03-06,Completed,100.0,245.0,LA Branch
SIH26017-PRJ-000590,7,Compensation Disbursement,2025-03-11,2025-07-25,2025-03-11,2026-01-20,Completed,100.0,179.0,Revenue Dept
SIH26017-PRJ-000590,8,Possession,2026-01-23,2026-03-28,2026-01-23,2026-06-05,Completed,100.0,69.0,Revenue Dept
SIH26017-PRJ-000590,9,Mutation & Handover,2026-06-13,2026-08-15,2026-06-13,,In Progress,100.0,,Revenue Dept
SIH26017-PRJ-000591,1,Preliminary Notification (Sec 11),2021-05-22,2021-07-13,2021-05-22,2022-03-24,Completed,100.0,254.0,Revenue Dept
SIH26017-PRJ-000591,2,Social Impact Assessment (SIA),2022-03-25,2022-07-17,2022-03-25,2023-09-29,Completed,100.0,439.0,District Collectorate
SIH26017-PRJ-000591,3,Survey & Measurement,2023-10-05,2023-12-13,,,Stalled,0.0,,LA Branch
SIH26017-PRJ-000591,4,Draft Declaration,2023-10-05,2023-12-07,,,Stalled,0.0,,District Collectorate
SIH26017-PRJ-000591,5,Final Declaration (Sec 19),2023-10-05,2023-12-15,,,Stalled,0.0,,Revenue Dept
SIH26017-PRJ-000591,6,Award Declaration (Sec 23),2023-10-05,2023-12-31,,,Stalled,0.0,,LA Branch
SIH26017-PRJ-000591,7,Compensation Disbursement,2023-10-05,2024-03-13,,,Stalled,0.0,,Revenue Dept
SIH26017-PRJ-000591,8,Possession,2023-10-05,2023-12-22,,,Stalled,0.0,,Revenue Dept
SIH26017-PRJ-000591,9,Mutation & Handover,2023-10-05,2023-11-22,,,Stalled,0.0,,Revenue Dept
SIH26017-PRJ-000592,1,Preliminary Notification (Sec 11),2024-07-17,2024-09-24,2024-07-17,2024-10-31,Completed,100.0,37.0,Revenue Dept
SIH26017-PRJ-000592,2,Social Impact Assessment (SIA),2024-11-03,2025-03-04,2024-11-03,2025-01-28,Completed,100.0,-35.0,Revenue Dept
SIH26017-PRJ-000592,3,Survey & Measurement,2025-02-04,2025-04-30,2025-02-04,2025-06-28,Completed,100.0,59.0,District Collectorate
SIH26017-PRJ-000592,4,Draft Declaration,2025-06-30,2025-08-30,2025-06-30,2025-11-15,Completed,100.0,77.0,LA Branch
SIH26017-PRJ-000592,5,Final Declaration (Sec 19),2025-11-19,2026-02-10,2025-11-19,2026-06-15,Completed,100.0,125.0,LA Branch
SIH26017-PRJ-000592,6,Award Declaration (Sec 23),2026-06-20,2026-10-17,2026-06-20,,In Progress,47.1,,District Collectorate
SIH26017-PRJ-000592,7,Compensation Disbursement,2027-02-07,2027-07-23,,,Not Started,0.0,,Revenue Dept
SIH26017-PRJ-000592,8,Possession,2028-09-21,2028-12-20,,,Not Started,0.0,,District Collectorate
SIH26017-PRJ-000592,9,Mutation & Handover,2029-05-23,2029-07-23,,,Not Started,0.0,,Revenue Dept
SIH26017-PRJ-000593,1,Preliminary Notification (Sec 11),2020-05-21,2020-07-15,2020-05-21,2020-06-25,Completed,100.0,-20.0,District Collectorate
SIH26017-PRJ-000593,2,Social Impact Assessment (SIA),2020-07-01,2020-10-19,2020-07-01,2020-08-25,Completed,100.0,-55.0,District Collectorate
SIH26017-PRJ-000593,3,Survey & Measurement,2020-08-28,2020-10-31,2020-08-28,2020-10-06,Completed,100.0,-25.0,District Collectorate
SIH26017-PRJ-000593,4,Draft Declaration,2020-10-11,2020-12-05,2020-10-11,2020-11-15,Completed,100.0,-20.0,District Collectorate
SIH26017-PRJ-000593,5,Final Declaration (Sec 19),2020-11-18,2021-02-02,2020-11-18,2021-02-16,Completed,100.0,14.0,District Collectorate
SIH26017-PRJ-000593,6,Award Declaration (Sec 23),2021-02-23,2021-05-22,2021-02-23,2021-04-13,Completed,100.0,-39.0,District Collectorate
SIH26017-PRJ-000593,7,Compensation Disbursement,2021-04-18,2021-09-05,2021-04-18,2021-09-23,Completed,100.0,18.0,District Collectorate
SIH26017-PRJ-000593,8,Possession,2021-09-29,2021-12-03,2021-09-29,2021-12-08,Completed,100.0,5.0,District Collectorate
SIH26017-PRJ-000593,9,Mutation & Handover,2021-12-15,2022-02-05,2021-12-15,2022-02-09,Completed,100.0,4.0,Implementing Agency
SIH26017-PRJ-000594,1,Preliminary Notification (Sec 11),2018-03-21,2018-06-01,2018-03-21,2018-05-16,Completed,100.0,-16.0,District Collectorate
SIH26017-PRJ-000594,2,Social Impact Assessment (SIA),2018-05-20,2018-09-27,2018-05-20,2018-11-05,Completed,100.0,39.0,LA Branch
SIH26017-PRJ-000594,3,Survey & Measurement,2018-11-08,2019-02-04,2018-11-08,2019-05-09,Completed,100.0,94.0,District Collectorate
SIH26017-PRJ-000594,4,Draft Declaration,2019-05-15,2019-07-23,2019-05-15,2019-10-28,Completed,100.0,97.0,Implementing Agency
SIH26017-PRJ-000594,5,Final Declaration (Sec 19),2019-11-02,2020-01-23,2019-11-02,2020-03-06,Completed,100.0,43.0,Revenue Dept
SIH26017-PRJ-000594,6,Award Declaration (Sec 23),2020-03-12,2020-07-18,2020-03-12,2021-02-24,Completed,100.0,221.0,Revenue Dept
SIH26017-PRJ-000594,7,Compensation Disbursement,2021-03-03,2021-08-08,2021-03-03,2023-08-23,Completed,100.0,745.0,District Collectorate
SIH26017-PRJ-000594,8,Possession,2023-08-27,2023-11-22,2023-08-27,2024-07-09,Completed,100.0,230.0,LA Branch
SIH26017-PRJ-000594,9,Mutation & Handover,2024-07-12,2024-09-14,2024-07-12,2025-06-17,Completed,100.0,276.0,District Collectorate
SIH26017-PRJ-000595,1,Preliminary Notification (Sec 11),2016-10-05,2016-12-01,2016-10-05,2016-12-05,Completed,100.0,4.0,Revenue Dept
SIH26017-PRJ-000595,2,Social Impact Assessment (SIA),2016-12-11,2017-03-25,2016-12-11,2017-08-20,Completed,100.0,148.0,District Collectorate
SIH26017-PRJ-000595,3,Survey & Measurement,2017-08-21,2017-11-01,2017-08-21,2017-12-03,Completed,100.0,32.0,Implementing Agency
SIH26017-PRJ-000595,4,Draft Declaration,2017-12-10,2018-01-31,2017-12-10,2018-01-29,Completed,100.0,-2.0,District Collectorate
SIH26017-PRJ-000595,5,Final Declaration (Sec 19),2018-02-03,2018-04-08,2018-02-03,2018-04-06,Completed,100.0,-2.0,LA Branch
SIH26017-PRJ-000595,6,Award Declaration (Sec 23),2018-04-09,2018-06-25,2018-04-09,2018-06-13,Completed,100.0,-12.0,District Collectorate
SIH26017-PRJ-000595,7,Compensation Disbursement,2018-06-18,2018-10-11,2018-06-18,2018-12-09,Completed,100.0,59.0,Revenue Dept
SIH26017-PRJ-000595,8,Possession,2018-12-10,2019-02-28,2018-12-10,2019-03-11,Completed,100.0,11.0,LA Branch
SIH26017-PRJ-000595,9,Mutation & Handover,2019-03-15,2019-05-02,2019-03-15,2019-05-10,Completed,100.0,8.0,District Collectorate
SIH26017-PRJ-000596,1,Preliminary Notification (Sec 11),2020-12-14,2021-02-10,2020-12-14,2021-02-05,Completed,100.0,-5.0,Implementing Agency
SIH26017-PRJ-000596,2,Social Impact Assessment (SIA),2021-02-10,2021-06-21,2021-02-10,2021-10-29,Completed,100.0,130.0,District Collectorate
SIH26017-PRJ-000596,3,Survey & Measurement,2021-11-05,2022-01-26,2021-11-05,2022-04-30,Completed,100.0,94.0,Implementing Agency
SIH26017-PRJ-000596,4,Draft Declaration,2022-05-01,2022-06-25,2022-05-01,2022-09-07,Completed,100.0,74.0,District Collectorate
SIH26017-PRJ-000596,5,Final Declaration (Sec 19),2022-09-09,2022-11-28,2022-09-09,2023-01-11,Completed,100.0,44.0,LA Branch
SIH26017-PRJ-000596,6,Award Declaration (Sec 23),2023-01-16,2023-04-03,2023-01-16,2023-09-29,Completed,100.0,179.0,Revenue Dept
SIH26017-PRJ-000596,7,Compensation Disbursement,2023-10-01,2024-02-27,2023-10-01,2024-04-06,Completed,100.0,39.0,LA Branch
SIH26017-PRJ-000596,8,Possession,2024-04-08,2024-06-25,2024-04-08,2024-10-14,Completed,100.0,111.0,District Collectorate
SIH26017-PRJ-000596,9,Mutation & Handover,2024-10-17,2024-12-14,2024-10-17,2025-04-26,Completed,100.0,133.0,Revenue Dept
SIH26017-PRJ-000597,1,Preliminary Notification (Sec 11),2017-09-23,2017-11-15,2017-09-23,2017-10-24,Completed,100.0,-22.0,Revenue Dept
SIH26017-PRJ-000597,2,Social Impact Assessment (SIA),2017-10-28,2018-02-26,2017-10-28,2018-05-22,Completed,100.0,85.0,LA Branch
SIH26017-PRJ-000597,3,Survey & Measurement,2018-05-24,2018-08-06,2018-05-24,2018-09-25,Completed,100.0,50.0,LA Branch
SIH26017-PRJ-000597,4,Draft Declaration,2018-10-01,2018-12-03,2018-10-01,2018-11-25,Completed,100.0,-8.0,LA Branch
SIH26017-PRJ-000597,5,Final Declaration (Sec 19),2018-11-30,2019-02-11,2018-11-30,2019-03-03,Completed,100.0,20.0,District Collectorate
SIH26017-PRJ-000597,6,Award Declaration (Sec 23),2019-03-08,2019-06-06,2019-03-08,2019-08-08,Completed,100.0,63.0,Revenue Dept
SIH26017-PRJ-000597,7,Compensation Disbursement,2019-08-13,2020-01-19,2019-08-13,2020-03-06,Completed,100.0,47.0,Revenue Dept
SIH26017-PRJ-000597,8,Possession,2020-03-10,2020-05-22,2020-03-10,2020-05-28,Completed,100.0,6.0,District Collectorate
SIH26017-PRJ-000597,9,Mutation & Handover,2020-06-02,2020-07-30,2020-06-02,2020-07-24,Completed,100.0,-6.0,Implementing Agency
SIH26017-PRJ-000598,1,Preliminary Notification (Sec 11),2018-12-08,2019-01-28,2018-12-08,2019-03-14,Completed,100.0,45.0,District Collectorate
SIH26017-PRJ-000598,2,Social Impact Assessment (SIA),2019-03-18,2019-06-24,2019-03-18,2019-07-06,Completed,100.0,12.0,District Collectorate
SIH26017-PRJ-000598,3,Survey & Measurement,2019-07-10,2019-09-19,2019-07-10,2019-11-25,Completed,100.0,67.0,District Collectorate
SIH26017-PRJ-000598,4,Draft Declaration,2019-11-28,2020-01-19,2019-11-28,2020-03-04,Completed,100.0,45.0,District Collectorate
SIH26017-PRJ-000598,5,Final Declaration (Sec 19),2020-03-08,2020-05-18,2020-03-08,2020-10-13,Completed,100.0,148.0,LA Branch
SIH26017-PRJ-000598,6,Award Declaration (Sec 23),2020-10-16,2021-01-18,2020-10-16,2021-04-13,Completed,100.0,85.0,LA Branch
SIH26017-PRJ-000598,7,Compensation Disbursement,2021-04-20,2021-08-23,2021-04-20,2021-11-13,Completed,100.0,82.0,District Collectorate
SIH26017-PRJ-000598,8,Possession,2021-11-15,2022-01-24,2021-11-15,2022-09-07,Completed,100.0,226.0,Implementing Agency
SIH26017-PRJ-000598,9,Mutation & Handover,2022-09-09,2022-11-01,2022-09-09,2023-03-02,Completed,100.0,121.0,District Collectorate
SIH26017-PRJ-000599,1,Preliminary Notification (Sec 11),2020-01-18,2020-03-17,2020-01-18,2020-04-27,Completed,100.0,41.0,District Collectorate
SIH26017-PRJ-000599,2,Social Impact Assessment (SIA),2020-04-28,2020-09-05,2020-04-28,2021-02-02,Completed,100.0,150.0,LA Branch
SIH26017-PRJ-000599,3,Survey & Measurement,2021-02-03,2021-04-12,2021-02-03,2021-05-15,Completed,100.0,33.0,LA Branch
SIH26017-PRJ-000599,4,Draft Declaration,2021-05-20,2021-07-22,2021-05-20,2021-10-05,Completed,100.0,75.0,District Collectorate
SIH26017-PRJ-000599,5,Final Declaration (Sec 19),2021-10-07,2022-01-01,2021-10-07,2022-05-17,Completed,100.0,136.0,LA Branch
SIH26017-PRJ-000599,6,Award Declaration (Sec 23),2022-05-24,2022-09-09,2022-05-24,2023-07-19,Completed,100.0,313.0,LA Branch
SIH26017-PRJ-000599,7,Compensation Disbursement,2023-07-24,2023-12-14,2023-07-24,2025-01-28,Completed,100.0,411.0,LA Branch
SIH26017-PRJ-000599,8,Possession,2025-02-04,2025-04-21,2025-02-04,2025-09-20,Completed,100.0,152.0,Revenue Dept
SIH26017-PRJ-000599,9,Mutation & Handover,2025-09-26,2025-11-24,2025-09-26,2026-07-21,Completed,100.0,239.0,Revenue Dept
SIH26017-PRJ-000600,1,Preliminary Notification (Sec 11),2024-09-07,2024-10-31,2024-09-07,2024-10-18,Completed,100.0,-13.0,Implementing Agency
SIH26017-PRJ-000600,2,Social Impact Assessment (SIA),2024-10-24,2025-02-13,2024-10-24,2025-03-03,Completed,100.0,18.0,Implementing Agency
SIH26017-PRJ-000600,3,Survey & Measurement,2025-03-10,2025-05-26,2025-03-10,2025-07-01,Completed,100.0,36.0,District Collectorate
SIH26017-PRJ-000600,4,Draft Declaration,2025-07-04,2025-08-29,2025-07-04,2025-10-01,Completed,100.0,33.0,Revenue Dept
SIH26017-PRJ-000600,5,Final Declaration (Sec 19),2025-10-03,2025-12-13,2025-10-03,2026-01-11,Completed,100.0,29.0,LA Branch
SIH26017-PRJ-000600,6,Award Declaration (Sec 23),2026-01-17,2026-04-11,2026-01-17,2026-05-21,Completed,100.0,40.0,LA Branch
SIH26017-PRJ-000600,7,Compensation Disbursement,2026-05-26,2026-10-07,2026-05-26,2026-08-01,Completed,100.0,-67.0,District Collectorate
SIH26017-PRJ-000600,8,Possession,2026-08-05,2026-10-16,2026-08-05,,In Progress,13.9,,LA Branch
SIH26017-PRJ-000600,9,Mutation & Handover,2026-10-20,2026-12-10,,,Not Started,0.0,,LA Branch
